rainfall_24h,rainfall_3d,rainfall_7d,soil_moisture,elevation,slope,aspect,landslide,sample_source,data_type,State,Latitude,Longitude,event_date
7.1,31.7,149.0,0.425917,3519.0,37.6621,75.4399,0,spatial_background_sample,spatial_background_reference,Sikkim,27.447096,88.200731,2024-07-21
42.5,100.3,170.4,0.427369,2072.0,38.6433,288.8798,0,spatial_background_sample,spatial_background_reference,Arunachal Pradesh,28.797227,95.192353,2016-07-17
22.4,46.5,74.1,0.488076,127.0,8.6236,251.3457,0,spatial_background_sample,spatial_background_reference,Meghalaya,25.809219,90.538606,2007-07-19
4.2,50.2,67.3,0.483104,693.0,8.8797,223.5744,0,spatial_background_sample,spatial_background_reference,Meghalaya,25.723973,90.944825,2007-09-15
4.4,82.1,137.0,0.485728,372.0,21.591,222.6545,0,spatial_background_sample,spatial_background_reference,Meghalaya,25.242145,90.851395,2014-09-23
19.0,46.2,149.1,0.425429,1227.0,10.2928,191.6401,0,spatial_background_sample,spatial_background_reference,Arunachal Pradesh,28.041211,93.619476,2016-07-16
37.1,38.4,49.5,0.48965,872.0,14.9726,147.8286,0,spatial_background_sample,spatial_background_reference,Manipur,24.712238,93.985573,2024-07-29
7.2,36.6,96.8,0.3985,897.0,25.3925,72.6384,1,GSI_field_inventory,observed_landslide,Mizoram,23.063838,92.769004,
21.8,66.9,85.6,0.456286,92.0,10.1486,280.4084,0,spatial_background_sample,spatial_background_reference,Tripura,23.302846,91.714457,2018-05-18
27.6,50.6,126.0,0.425443,2832.0,16.5439,247.6017,0,spatial_background_sample,spatial_background_reference,Arunachal Pradesh,27.97574,92.937289,2016-07-16
2.2,7.0,11.9,0.415426,4961.0,33.3042,257.2024,0,spatial_background_sample,spatial_background_reference,Sikkim,27.949437,88.486539,2015-07-08
21.0,56.1,108.9,0.496022,754.0,4.164,311.7817,0,spatial_background_sample,spatial_background_reference,Nagaland,26.679981,94.879977,2022-09-25
85.4,169.1,263.2,0.466426,145.0,2.1277,330.5089,0,spatial_background_sample,spatial_background_reference,Assam,27.863008,95.877256,2022-05-14
13.4,30.6,88.5,0.427787,3797.0,20.848,112.4661,0,spatial_background_sample,spatial_background_reference,Arunachal Pradesh,29.192196,96.117071,2016-07-16
5.9,51.2,127.8,0.421923,62.0,4.9727,123.8844,0,spatial_background_sample,spatial_background_reference,Assam,26.435575,92.284272,2010-04-02
0.7,22.6,41.7,0.413385,756.0,6.8305,227.4901,1,GSI_field_inventory,observed_landslide,Mizoram,23.55881111,93.10900556,
6.9,39.5,68.3,0.350089,5235.0,23.5779,38.9183,0,spatial_background_sample,spatial_background_reference,Sikkim,27.792103,88.319793,2012-06-26
6.5,39.5,52.8,0.486058,590.0,7.2207,277.3324,0,spatial_background_sample,spatial_background_reference,Meghalaya,25.744735,90.846718,2007-09-15
23.5,83.2,146.4,0.361277,47.0,3.5672,121.2489,0,spatial_background_sample,spatial_background_reference,Assam,24.469523,92.276716,2022-05-14
4.2,8.5,12.6,0.386482,132.0,3.1733,253.043,0,spatial_background_sample,spatial_background_reference,Tripura,23.832161,91.931542,2009-07-10
21.2,61.2,121.2,0.392781,735.0,31.6228,273.3911,1,GSI_field_inventory,observed_landslide,Mizoram,23.77166667,92.84805556,
18.0,71.5,85.8,0.405372,94.0,12.2276,325.1594,0,spatial_background_sample,spatial_background_reference,Tripura,23.904128,91.822954,2018-05-18
0.3,5.2,11.8,0.378287,61.0,6.6673,294.5181,0,spatial_background_sample,spatial_background_reference,Tripura,24.186694,91.970806,2009-07-10
134.1,220.4,311.9,0.439359,1225.0,28.8516,356.2794,0,spatial_background_sample,spatial_background_reference,Meghalaya,25.231518,92.57692,2020-05-26
0.3,5.2,11.8,0.378287,61.0,4.4569,65.4869,0,spatial_background_sample,spatial_background_reference,Tripura,24.216214,91.993346,2009-07-10
87.9,127.3,145.6,0.466048,44.0,1.3871,131.894,0,spatial_background_sample,spatial_background_reference,Assam,26.225848,91.259702,2022-05-13
11.9,30.5,150.1,0.413557,122.0,1.3953,131.5954,0,spatial_background_sample,spatial_background_reference,Assam,27.414675,94.137505,2016-05-22
0.0,8.9,175.3,0.496899,58.0,5.8324,298.3521,0,spatial_background_sample,spatial_background_reference,Assam,25.925344,90.530257,2016-05-22
32.9,61.6,122.6,0.426921,3791.0,31.1362,129.9706,0,spatial_background_sample,spatial_background_reference,Arunachal Pradesh,29.173136,95.825762,2016-07-17
50.5,118.2,200.4,0.411978,55.0,1.0344,270.0,0,spatial_background_sample,spatial_background_reference,Assam,26.424754,90.351726,2016-05-17
9.2,39.8,62.6,0.414061,4508.0,14.1204,25.858,0,spatial_background_sample,spatial_background_reference,Sikkim,27.839543,88.790433,2013-08-28
61.9,120.9,163.8,0.379417,771.0,27.3416,154.17,1,GSI_field_inventory,observed_landslide,Mizoram,23.62972222,92.72555556,
1.9,24.7,194.0,0.441795,39.0,1.3868,311.9071,0,spatial_background_sample,spatial_background_reference,Assam,26.172375,90.587953,2014-05-10
20.0,156.4,197.7,0.371513,113.0,5.6342,169.5517,0,spatial_background_sample,spatial_background_reference,Meghalaya,25.336926,89.897851,2025-05-31
13.6,29.0,54.3,0.439438,1881.0,34.266,221.0269,1,GSI_field_inventory,observed_landslide,Nagaland,26.37639,94.84056,
9.8,39.2,61.2,0.419094,3786.0,34.0094,147.0071,0,spatial_background_sample,spatial_background_reference,Arunachal Pradesh,28.338044,97.125745,2016-07-16
48.3,138.3,322.1,0.427656,3062.0,37.8961,74.3323,0,spatial_background_sample,spatial_background_reference,Arunachal Pradesh,27.799018,92.780238,2016-07-17
33.7,235.2,356.1,0.372094,950.0,25.4325,234.6403,1,GSI_field_inventory,observed_landslide,Mizoram,23.319412,92.855415,
1.5,11.3,28.0,0.404866,55.0,6.1359,81.3493,0,spatial_background_sample,spatial_background_reference,Tripura,24.098384,91.693586,2009-07-10
59.7,117.8,187.5,0.425807,1440.0,43.3797,270.0,0,spatial_background_sample,spatial_background_reference,Arunachal Pradesh,27.155233,92.880656,2016-07-16
12.6,25.4,38.7,0.471641,84.0,8.9252,294.3207,0,spatial_background_sample,spatial_background_reference,Meghalaya,25.323893,90.172438,2013-08-06
22.3,96.9,136.9,0.463159,164.0,2.1237,330.7026,0,spatial_background_sample,spatial_background_reference,Arunachal Pradesh,26.989993,93.020951,2016-07-17
59.1,147.6,231.1,0.426939,817.0,28.188,43.6049,0,spatial_background_sample,spatial_background_reference,Arunachal Pradesh,28.962562,94.974927,2016-07-17
15.3,65.4,81.7,0.404479,72.0,5.6323,190.34,0,spatial_background_sample,spatial_background_reference,Tripura,24.009202,91.932204,2018-05-18
51.2,77.0,164.9,0.424042,2264.0,30.8791,215.7872,0,spatial_background_sample,spatial_background_reference,Arunachal Pradesh,28.53165,94.768901,2016-07-17
98.1,134.1,141.3,0.362542,184.0,15.466,227.7148,1,GSI_field_inventory,observed_landslide,Mizoram,24.56925833,93.177275,
0.3,14.3,48.6,0.489603,43.0,2.2659,294.1207,0,spatial_background_sample,spatial_background_reference,Assam,26.425938,91.286344,2025-06-06
1.9,12.3,24.2,0.401341,31.0,2.0278,90.0,0,spatial_background_sample,spatial_background_reference,Tripura,24.027029,91.619164,2009-07-10
2.5,4.0,12.8,0.306393,5718.0,11.7173,20.6853,0,spatial_background_sample,spatial_background_reference,Sikkim,28.01472,88.826745,2022-10-10
75.0,138.7,180.9,0.294967,293.0,10.5101,343.4824,0,spatial_background_sample,spatial_background_reference,Mizoram,23.121686,92.411652,2024-05-28
1.9,2.8,21.5,0.31275,5525.0,16.8698,24.9791,0,spatial_background_sample,spatial_background_reference,Sikkim,27.886731,88.620205,2021-05-18
2.5,15.0,30.6,0.427561,132.0,3.8352,344.7563,0,spatial_background_sample,spatial_background_reference,Tripura,23.452973,91.614397,2009-07-10
65.0,128.9,173.2,0.379844,903.0,19.8093,179.2983,1,GSI_field_inventory,observed_landslide,Mizoram,23.45083333,92.6825,
4.3,8.5,63.6,0.37307,5285.0,38.9524,85.411,0,spatial_background_sample,spatial_background_reference,Sikkim,28.00489,88.718424,2014-08-26
16.7,43.3,59.0,0.40742,88.0,4.1096,270.0,0,spatial_background_sample,spatial_background_reference,Meghalaya,25.815573,90.090906,2014-09-20
13.7,77.8,159.8,0.42643,3149.0,29.1147,136.5385,0,spatial_background_sample,spatial_background_reference,Arunachal Pradesh,27.57979,96.882073,2016-07-17
53.0,237.4,429.3,0.484057,131.0,1.3966,228.4546,0,spatial_background_sample,spatial_background_reference,Assam,27.608032,95.552278,2022-05-15
35.5,116.7,201.1,0.427208,2485.0,27.7586,115.4745,0,spatial_background_sample,spatial_background_reference,Arunachal Pradesh,27.773314,96.678397,2016-07-17
37.5,70.1,197.8,0.428397,3797.0,60.5712,242.2761,0,spatial_background_sample,spatial_background_reference,Sikkim,27.598971,88.267099,2012-06-22
8.7,33.7,72.3,0.423743,915.0,28.0971,86.5273,0,spatial_background_sample,spatial_background_reference,Manipur,24.457249,93.475207,2007-08-28
69.7,230.0,373.6,0.470677,66.0,2.2686,245.9103,0,spatial_background_sample,spatial_background_reference,Assam,26.592742,92.347293,2022-05-15
6.3,96.9,163.6,0.413628,88.0,11.6237,288.3263,0,spatial_background_sample,spatial_background_reference,Assam,24.373598,92.376962,2016-05-22
0.7,14.9,48.6,0.492268,781.0,2.7772,0.0,0,spatial_background_sample,spatial_background_reference,Manipur,24.703577,94.028355,2011-07-06
0.3,5.2,11.8,0.379845,38.0,2.7486,227.6543,0,spatial_background_sample,spatial_background_reference,Tripura,24.301919,91.981183,2009-07-10
24.4,82.8,97.7,0.465888,44.0,12.4661,72.9884,0,spatial_background_sample,spatial_background_reference,Tripura,23.385181,91.353689,2018-05-18
37.3,131.6,201.2,0.499107,2055.0,45.0908,2.0801,0,spatial_background_sample,spatial_background_reference,Arunachal Pradesh,27.357487,96.939916,2016-07-16
1.5,11.3,28.0,0.404866,51.0,1.0149,90.0,0,spatial_background_sample,spatial_background_reference,Tripura,24.111995,91.697473,2009-07-10
4.3,28.2,47.4,0.398943,4645.0,33.6528,202.636,0,spatial_background_sample,spatial_background_reference,Sikkim,27.93129,88.620172,2012-06-26
3.0,5.0,50.0,0.471853,107.0,3.4597,36.6425,0,spatial_background_sample,spatial_background_reference,Assam,26.326835,94.001621,2020-06-02
14.3,35.3,128.7,0.41922,32.0,2.1201,150.8781,0,spatial_background_sample,spatial_background_reference,Assam,26.166773,89.773491,2010-06-20
13.8,78.6,135.9,0.425656,134.0,22.4962,269.4401,1,GSI_field_inventory,observed_landslide,Mizoram,24.65409167,93.204625,
1.5,11.3,28.0,0.402128,70.0,3.7006,0.0,0,spatial_background_sample,spatial_background_reference,Tripura,23.967302,91.823127,2009-07-10
226.1,349.6,388.4,0.499479,1713.0,33.526,61.5467,1,GSI_field_inventory,observed_landslide,Meghalaya,25.422278,91.867694,
25.0,105.8,187.0,0.427875,4437.0,40.5057,29.4594,0,spatial_background_sample,spatial_background_reference,Arunachal Pradesh,27.722608,92.499814,2016-07-16
36.9,133.2,201.7,0.491711,210.0,6.8899,311.9959,0,spatial_background_sample,spatial_background_reference,Meghalaya,25.805836,90.640238,2024-06-30
2.3,19.0,87.4,0.404682,99.0,15.2068,276.8328,0,spatial_background_sample,spatial_background_reference,Assam,26.015605,90.967269,2010-04-02
16.9,27.6,33.0,0.422128,3883.0,36.4774,344.2127,0,spatial_background_sample,spatial_background_reference,Sikkim,27.843388,88.534778,2023-10-04
1.1,3.9,7.3,0.306393,5214.0,2.7973,48.5584,0,spatial_background_sample,spatial_background_reference,Sikkim,28.004525,88.780033,2022-10-10
2.7,80.7,128.7,0.424804,1886.0,22.0739,76.1584,0,spatial_background_sample,spatial_background_reference,Manipur,25.385673,93.854934,2018-08-02
28.4,126.7,213.2,0.490463,121.0,3.4747,143.0252,0,spatial_background_sample,spatial_background_reference,Assam,27.686216,95.425719,2020-06-26
33.3,130.7,236.4,0.427597,2959.0,35.4393,178.5319,0,spatial_background_sample,spatial_background_reference,Arunachal Pradesh,27.528874,92.400464,2016-07-16
49.4,108.6,154.4,0.377302,893.0,36.5198,316.1705,1,GSI_field_inventory,observed_landslide,Mizoram,23.73055556,92.75861111,
9.3,123.7,182.4,0.388762,176.0,11.956,85.6206,0,spatial_background_sample,spatial_background_reference,Mizoram,23.218732,92.374232,2024-07-02
12.4,54.6,66.3,0.482153,288.0,13.3989,281.7497,0,spatial_background_sample,spatial_background_reference,Meghalaya,25.668996,90.614252,2019-06-27
54.1,313.9,433.5,0.379885,611.0,22.3515,192.9963,1,GSI_field_inventory,observed_landslide,Mizoram,23.209857,92.500587,
17.8,28.6,50.9,0.484734,424.0,20.7026,64.6684,0,spatial_background_sample,spatial_background_reference,Meghalaya,25.919435,90.937945,2019-06-27
7.6,9.3,30.2,0.390104,5129.0,26.4405,321.2951,0,spatial_background_sample,spatial_background_reference,Sikkim,27.872391,88.79794,2012-06-22
22.9,64.0,86.7,0.424607,2984.0,34.9541,193.7016,0,spatial_background_sample,spatial_background_reference,Arunachal Pradesh,28.486915,96.075268,2016-04-22
28.1,56.6,124.2,0.482182,223.0,2.9688,339.2858,0,spatial_background_sample,spatial_background_reference,Arunachal Pradesh,28.178591,95.661151,2016-07-17
67.8,120.5,158.2,0.379417,822.0,19.0505,283.5558,1,GSI_field_inventory,observed_landslide,Mizoram,23.62083333,92.7225,
2.7,12.2,20.0,0.392527,107.0,4.1464,257.1119,0,spatial_background_sample,spatial_background_reference,Tripura,23.759304,91.816095,2009-07-10
31.7,109.9,299.7,0.427524,2939.0,40.1544,130.6632,0,spatial_background_sample,spatial_background_reference,Arunachal Pradesh,27.836322,97.170369,2016-07-17
27.1,41.9,82.2,0.425488,3016.0,26.3596,51.6843,0,spatial_background_sample,spatial_background_reference,Arunachal Pradesh,29.146598,94.566705,2016-07-17
5.7,15.6,38.0,0.484674,27.0,5.1235,79.6103,0,spatial_background_sample,spatial_background_reference,Tripura,23.545702,91.288018,2009-07-10
4.8,15.9,31.7,0.482661,37.0,2.2172,65.314,0,spatial_background_sample,spatial_background_reference,Tripura,23.175565,91.595351,2009-07-10
16.1,23.5,92.7,0.386412,4761.0,13.7814,351.4357,0,spatial_background_sample,spatial_background_reference,Sikkim,27.704814,88.362213,2012-06-22
1.8,94.5,196.0,0.496823,85.0,18.6097,339.6266,1,GSI_field_inventory,observed_landslide,Assam,26.15805556,91.71258333,
23.4,42.9,166.2,0.489222,351.0,22.129,283.8027,0,spatial_background_sample,spatial_background_reference,Meghalaya,25.736576,90.763,2007-08-18
15.5,62.2,78.2,0.398804,131.0,16.6328,225.2799,0,spatial_background_sample,spatial_background_reference,Tripura,23.921341,91.947797,2018-05-18
31.8,60.9,90.4,0.348969,1020.0,28.151,71.0216,1,GSI_field_inventory,observed_landslide,Mizoram,23.110975,93.21260278,
2.3,10.6,25.0,0.398341,64.0,1.8523,0.0,0,spatial_background_sample,spatial_background_reference,Tripura,23.863933,91.590954,2009-07-10
5.6,9.9,28.6,0.370604,6114.0,19.9492,152.9953,0,spatial_background_sample,spatial_background_reference,Sikkim,27.994198,88.649314,2025-09-11
45.8,91.7,169.8,0.424967,1815.0,28.7604,166.4581,0,spatial_background_sample,spatial_background_reference,Arunachal Pradesh,28.271611,96.131224,2016-07-17
15.9,51.8,157.7,0.493365,101.0,14.1744,90.0,1,GSI_field_inventory,observed_landslide,Assam,26.19244444,91.76422222,
25.3,98.6,119.6,0.409088,55.0,3.4349,323.9188,0,spatial_background_sample,spatial_background_reference,Tripura,23.814496,91.490013,2018-05-18
4.8,15.9,31.7,0.482631,33.0,5.0392,156.4734,0,spatial_background_sample,spatial_background_reference,Tripura,23.253167,91.60208,2009-07-10
6.3,13.4,23.3,0.417177,4714.0,32.5069,289.2607,0,spatial_background_sample,spatial_background_reference,Sikkim,27.500946,88.292718,2014-07-08
61.7,241.3,357.7,0.381208,1037.0,38.2635,98.5574,1,GSI_field_inventory,observed_landslide,Mizoram,23.303906,92.853173,
30.0,118.7,123.4,0.498521,87.0,18.7213,286.6543,1,GSI_field_inventory,observed_landslide,Assam,26.17672,91.76525,
29.4,144.4,203.8,0.426479,1517.0,39.2272,212.0388,1,GSI_field_inventory,observed_landslide,Sikkim,27.4097,88.54371,
94.8,226.3,280.1,0.489951,600.0,4.6222,180.0,0,spatial_background_sample,spatial_background_reference,Meghalaya,25.528579,90.488072,2025-05-30
31.2,63.2,158.8,0.425751,2130.0,55.0596,30.8432,0,spatial_background_sample,spatial_background_reference,Arunachal Pradesh,28.189521,93.220539,2016-07-17
7.7,32.8,158.5,0.495281,1452.0,14.9839,169.3659,1,GSI_field_inventory,observed_landslide,Nagaland,25.66917,94.10722,
0.0,0.0,11.4,0.307871,5769.0,7.6746,32.8642,0,spatial_background_sample,spatial_background_reference,Sikkim,27.809448,88.304346,2022-05-29
1.2,24.0,184.4,0.418772,85.0,1.3905,131.7686,0,spatial_background_sample,spatial_background_reference,Assam,26.732234,92.511709,2016-05-22
12.4,26.2,71.2,0.428116,4235.0,37.3935,52.1596,0,spatial_background_sample,spatial_background_reference,Sikkim,27.876624,88.546813,2021-06-18
11.3,67.1,77.7,0.389427,22.0,2.1129,28.7727,0,spatial_background_sample,spatial_background_reference,Tripura,24.422379,92.177901,2018-05-18
21.4,54.9,210.0,0.425634,2012.0,41.357,346.7887,0,spatial_background_sample,spatial_background_reference,Arunachal Pradesh,27.859209,93.229219,2016-07-17
8.4,35.1,51.1,0.416092,1241.0,44.3149,173.5436,0,spatial_background_sample,spatial_background_reference,Arunachal Pradesh,27.911409,94.478957,2016-04-22
2.5,16.9,35.6,0.39474,5468.0,11.7071,242.0832,0,spatial_background_sample,spatial_background_reference,Sikkim,27.983789,88.728412,2012-07-17
4.8,15.9,31.7,0.482631,33.0,4.7738,320.7586,0,spatial_background_sample,spatial_background_reference,Tripura,23.330455,91.568927,2009-07-10
1.9,12.3,24.2,0.406494,17.0,2.2301,294.5327,0,spatial_background_sample,spatial_background_reference,Tripura,24.100315,91.376849,2009-07-10
41.3,64.3,115.9,0.424192,3593.0,27.4928,353.8655,0,spatial_background_sample,spatial_background_reference,Arunachal Pradesh,29.275694,94.662581,2016-07-17
58.7,127.1,139.7,0.320679,687.0,20.7395,77.6717,0,spatial_background_sample,spatial_background_reference,Mizoram,23.37574,92.520032,2024-05-28
35.5,116.7,201.1,0.427208,3084.0,46.2312,273.5521,0,spatial_background_sample,spatial_background_reference,Arunachal Pradesh,27.799541,96.720154,2016-07-17
17.6,34.6,60.2,0.481198,60.0,21.1843,267.6088,0,spatial_background_sample,spatial_background_reference,Tripura,23.266781,91.688142,2009-07-10
38.4,59.9,158.1,0.490272,68.0,0.9264,0.0,0,spatial_background_sample,spatial_background_reference,Assam,26.496643,92.961271,2018-08-24
0.5,12.3,17.5,0.396106,5202.0,10.5421,100.0073,0,spatial_background_sample,spatial_background_reference,Sikkim,28.080022,88.638216,2022-08-25
71.4,104.1,233.9,0.435668,101.0,2.247,65.6638,0,spatial_background_sample,spatial_background_reference,Meghalaya,25.236189,90.481871,2007-07-25
13.5,166.1,216.4,0.480988,70.0,2.7782,228.2083,0,spatial_background_sample,spatial_background_reference,Assam,26.639965,92.533707,2025-05-31
6.3,27.0,50.9,0.417454,420.0,21.1529,343.979,0,spatial_background_sample,spatial_background_reference,Manipur,24.700442,94.514095,2007-08-28
12.6,185.5,216.4,0.489374,156.0,1.3962,48.4395,0,spatial_background_sample,spatial_background_reference,Arunachal Pradesh,27.549876,95.888663,2016-07-17
8.4,59.7,124.8,0.363006,40.0,1.0338,270.0,0,spatial_background_sample,spatial_background_reference,Assam,26.359393,91.095551,2016-04-18
2.9,13.1,65.5,0.461391,177.0,22.8065,337.3521,0,spatial_background_sample,spatial_background_reference,Assam,26.004068,90.622697,2016-07-14
8.2,18.8,42.2,0.454188,735.0,9.7883,72.2448,1,GSI_field_inventory,observed_landslide,Mizoram,24.30768611,93.58120556,
58.2,143.6,184.9,0.489896,107.0,7.2608,157.0956,1,GSI_field_inventory,observed_landslide,Assam,26.13441667,91.74875,
44.8,115.2,284.7,0.427896,741.0,44.6624,86.2476,0,spatial_background_sample,spatial_background_reference,Arunachal Pradesh,27.698397,93.031205,2016-07-17
17.6,34.6,60.2,0.482278,97.0,6.835,324.0381,0,spatial_background_sample,spatial_background_reference,Tripura,23.238166,91.711113,2009-07-10
44.8,115.2,284.7,0.426734,1625.0,24.7333,140.5549,0,spatial_background_sample,spatial_background_reference,Arunachal Pradesh,27.874257,93.03406,2016-07-17
0.0,0.0,2.8,0.341164,5081.0,12.3891,270.0,0,spatial_background_sample,spatial_background_reference,Sikkim,27.954014,88.742102,2022-11-20
8.0,18.8,36.7,0.412205,3390.0,52.4713,298.9725,0,spatial_background_sample,spatial_background_reference,Arunachal Pradesh,28.331889,93.681537,2016-04-22
0.0,0.0,1.5,0.375115,5014.0,7.4433,8.0577,0,spatial_background_sample,spatial_background_reference,Sikkim,27.997686,88.568209,2022-11-20
9.9,23.0,71.9,0.425923,4188.0,24.7238,261.9251,0,spatial_background_sample,spatial_background_reference,Sikkim,27.537333,88.183714,2021-05-18
19.0,77.5,102.3,0.443469,25.0,5.894,19.9857,0,spatial_background_sample,spatial_background_reference,Tripura,23.575167,91.203651,2018-05-18
49.2,208.7,239.7,0.494568,92.0,6.4577,0.0,0,spatial_background_sample,spatial_background_reference,Meghalaya,25.834928,90.543945,2025-05-30
6.3,13.1,32.9,0.480016,46.0,2.1103,28.6413,0,spatial_background_sample,spatial_background_reference,Tripura,23.723916,91.298603,2009-07-10
3.6,36.3,54.9,0.372004,5392.0,28.2462,293.0337,0,spatial_background_sample,spatial_background_reference,Sikkim,27.988443,88.755842,2014-07-01
11.5,139.3,201.3,0.490891,1237.0,27.5868,187.986,0,spatial_background_sample,spatial_background_reference,Arunachal Pradesh,27.000028,92.189062,2016-07-17
49.4,108.6,154.4,0.376667,855.0,17.1407,60.9548,1,GSI_field_inventory,observed_landslide,Mizoram,23.71444444,92.72861111,
102.3,237.3,359.9,0.494765,548.0,27.5984,97.1072,0,spatial_background_sample,spatial_background_reference,Meghalaya,25.31583,90.81888,2022-06-17
1.5,11.3,28.0,0.402128,83.0,8.944,51.9432,0,spatial_background_sample,spatial_background_reference,Tripura,24.025736,91.836622,2009-07-10
50.7,165.7,247.2,0.459268,2474.0,30.366,34.1124,0,spatial_background_sample,spatial_background_reference,Arunachal Pradesh,27.652053,96.442914,2016-07-17
0.1,0.1,0.6,0.358844,834.0,19.7208,273.236,1,GSI_field_inventory,observed_landslide,Mizoram,23.66194444,92.85416667,
26.0,112.0,202.6,0.426723,1639.0,24.4395,148.642,0,spatial_background_sample,spatial_background_reference,Arunachal Pradesh,27.270183,93.325971,2016-07-17
17.1,86.3,158.3,0.482379,103.0,2.1238,150.6991,0,spatial_background_sample,spatial_background_reference,Assam,27.006137,94.891889,2016-05-17
26.6,52.6,123.6,0.425051,2062.0,25.1487,69.8535,0,spatial_background_sample,spatial_background_reference,Arunachal Pradesh,28.299024,93.689777,2016-07-17
18.1,81.5,131.1,0.40499,1126.0,19.2309,50.3527,1,GSI_field_inventory,observed_landslide,Mizoram,23.21068583,93.1212325,
7.1,39.7,84.1,0.449219,1019.0,12.5727,202.2676,1,GSI_field_inventory,observed_landslide,Mizoram,24.51785556,93.55086944,
2.5,15.0,30.6,0.484092,26.0,1.0105,90.0,0,spatial_background_sample,spatial_background_reference,Tripura,23.546951,91.520334,2009-07-10
6.1,12.6,55.4,0.3691,5171.0,31.5748,280.6124,0,spatial_background_sample,spatial_background_reference,Sikkim,27.955484,88.681124,2025-07-19
7.0,40.5,168.1,0.48899,90.0,4.1275,90.0,1,GSI_field_inventory,observed_landslide,Assam,26.19622222,91.76336111,
3.9,16.6,35.0,0.411863,4629.0,14.762,123.5234,0,spatial_background_sample,spatial_background_reference,Sikkim,27.957078,88.460014,2013-08-28
13.9,60.8,122.6,0.424682,2221.0,43.6569,178.9007,0,spatial_background_sample,spatial_background_reference,Arunachal Pradesh,27.95817,97.03054,2016-07-17
17.0,44.1,131.3,0.389156,4668.0,7.1681,154.1583,0,spatial_background_sample,spatial_background_reference,Sikkim,27.761026,88.308838,2021-05-18
49.4,108.6,154.4,0.376667,1012.0,15.5864,199.4367,1,GSI_field_inventory,observed_landslide,Mizoram,23.71523056,92.71529167,
7.0,39.2,84.1,0.301132,5037.0,14.9052,24.3264,0,spatial_background_sample,spatial_background_reference,Sikkim,27.771463,88.242944,2014-08-26
18.5,36.3,43.7,0.420674,4696.0,32.7656,154.7485,0,spatial_background_sample,spatial_background_reference,Sikkim,27.944617,88.451899,2023-10-04
49.6,190.0,242.6,0.42625,46.0,1.3894,131.8118,0,spatial_background_sample,spatial_background_reference,Assam,26.558904,91.186477,2020-07-12
1.2,4.9,15.3,0.49482,606.0,4.2302,209.0206,0,spatial_background_sample,spatial_background_reference,Meghalaya,25.675957,90.892008,2025-07-02
13.2,100.7,150.3,0.489323,679.0,2.9609,159.6952,0,spatial_background_sample,spatial_background_reference,Meghalaya,25.725112,90.924793,2014-09-23
11.2,116.2,183.5,0.427268,2593.0,33.261,350.4343,0,spatial_background_sample,spatial_background_reference,Arunachal Pradesh,27.115186,92.306161,2016-07-17
13.7,77.8,159.8,0.426055,4331.0,3.6406,120.5487,0,spatial_background_sample,spatial_background_reference,Arunachal Pradesh,27.713245,96.956917,2016-07-17
28.1,57.0,80.6,0.416827,4394.0,30.3059,54.4824,0,spatial_background_sample,spatial_background_reference,Sikkim,27.908231,88.544197,2014-07-08
0.0,6.3,185.0,0.478814,54.0,2.0693,90.0,0,spatial_background_sample,spatial_background_reference,Assam,26.484634,90.431542,2016-05-22
61.9,120.9,163.8,0.376667,997.0,25.326,267.5495,1,GSI_field_inventory,observed_landslide,Mizoram,23.67583333,92.715,
8.4,23.6,59.8,0.426976,3837.0,21.1493,250.4652,0,spatial_background_sample,spatial_background_reference,Sikkim,27.500563,88.133448,2022-10-10
6.3,13.1,32.9,0.446201,30.0,7.0758,238.5962,0,spatial_background_sample,spatial_background_reference,Tripura,23.688755,91.234128,2009-07-10
5.0,14.9,34.7,0.396973,160.0,6.7615,197.3162,0,spatial_background_sample,spatial_background_reference,Tripura,23.593061,91.757757,2009-07-10
15.3,100.9,216.6,0.425917,3975.0,43.8022,167.9295,0,spatial_background_sample,spatial_background_reference,Sikkim,27.515388,88.374025,2021-08-27
0.3,5.2,11.8,0.379845,33.0,0.9264,180.0,0,spatial_background_sample,spatial_background_reference,Tripura,24.284568,92.017045,2009-07-10
1.5,6.1,17.3,0.410801,45.0,12.0665,292.2224,0,spatial_background_sample,spatial_background_reference,Meghalaya,25.998403,90.401696,2025-07-02
25.0,74.8,115.3,0.424802,3817.0,35.7533,340.604,0,spatial_background_sample,spatial_background_reference,Arunachal Pradesh,28.461757,96.263541,2016-04-22
19.0,46.2,149.1,0.425723,1788.0,39.4333,69.2731,0,spatial_background_sample,spatial_background_reference,Arunachal Pradesh,28.00039,93.423401,2016-07-16
37.4,62.6,182.4,0.424443,26.0,1.3851,48.0289,0,spatial_background_sample,spatial_background_reference,Meghalaya,25.908552,90.06525,2007-07-25
4.7,35.6,230.3,0.493793,76.0,6.9185,311.7814,0,spatial_background_sample,spatial_background_reference,Assam,26.68112,93.382715,2016-05-22
10.1,14.6,43.7,0.396214,5351.0,23.2798,12.2778,0,spatial_background_sample,spatial_background_reference,Sikkim,27.914048,88.38093,2012-06-22
41.1,111.6,151.4,0.424168,1631.0,33.2757,324.3974,0,spatial_background_sample,spatial_background_reference,Arunachal Pradesh,27.280081,93.327442,2016-04-22
76.9,149.1,183.0,0.376667,1017.0,16.6041,148.7614,1,GSI_field_inventory,observed_landslide,Mizoram,23.66055556,92.67277778,
19.4,41.4,94.2,0.390948,37.0,2.1207,150.8472,0,spatial_background_sample,spatial_background_reference,Assam,26.31424,89.781642,2017-05-20
54.9,118.1,157.5,0.379417,836.0,31.2154,232.5751,1,GSI_field_inventory,observed_landslide,Mizoram,23.56388889,92.70805556,
14.2,32.7,110.7,0.42649,4080.0,34.8419,154.9475,0,spatial_background_sample,spatial_background_reference,Arunachal Pradesh,28.633982,93.865556,2016-07-16
22.8,140.0,351.8,0.42675,1416.0,28.1733,349.197,1,GSI_field_inventory,observed_landslide,Sikkim,27.51491667,88.56313889,
85.5,142.7,205.6,0.377844,928.0,15.3435,158.3103,1,GSI_field_inventory,observed_landslide,Mizoram,23.38151,92.844938,
21.5,42.6,121.1,0.389156,4560.0,43.4315,62.5379,0,spatial_background_sample,spatial_background_reference,Sikkim,27.691993,88.39344,2021-05-18
27.2,56.2,138.4,0.424612,2064.0,39.6335,92.2377,0,spatial_background_sample,spatial_background_reference,Arunachal Pradesh,28.456546,93.468456,2016-07-17
58.1,81.4,298.5,0.371292,61.0,15.338,73.7196,1,GSI_field_inventory,observed_landslide,Assam,24.92097,93.07306,
8.2,110.2,181.6,0.389003,135.0,9.0374,95.8348,0,spatial_background_sample,spatial_background_reference,Mizoram,23.11597,92.390377,2024-07-02
6.8,59.2,121.5,0.399999,5227.0,22.8976,72.1656,0,spatial_background_sample,spatial_background_reference,Arunachal Pradesh,27.779246,92.370147,2016-07-17
6.7,66.4,92.7,0.426347,4509.0,26.998,349.6918,0,spatial_background_sample,spatial_background_reference,Sikkim,27.525457,88.176297,2014-07-01
23.3,181.9,323.3,0.493762,80.0,7.6505,164.3683,0,spatial_background_sample,spatial_background_reference,Assam,26.685122,93.30923,2016-05-18
16.1,23.5,92.7,0.323001,5416.0,7.7608,233.6139,0,spatial_background_sample,spatial_background_reference,Sikkim,27.838548,88.247385,2012-06-22
2.3,10.6,25.0,0.415516,50.0,5.632,10.3242,0,spatial_background_sample,spatial_background_reference,Tripura,23.807563,91.486356,2009-07-10
0.0,8.0,176.2,0.463874,67.0,1.8523,0.0,0,spatial_background_sample,spatial_background_reference,Assam,26.563534,90.269525,2016-05-22
41.1,111.6,151.4,0.424168,2208.0,18.2445,326.4991,0,spatial_background_sample,spatial_background_reference,Arunachal Pradesh,27.290142,93.25671,2016-04-22
7.6,9.3,30.2,0.286686,5572.0,51.1803,119.6285,0,spatial_background_sample,spatial_background_reference,Sikkim,27.988794,88.788642,2012-06-22
1.7,3.1,13.6,0.252522,5359.0,20.6829,324.4664,0,spatial_background_sample,spatial_background_reference,Sikkim,27.829066,88.265505,2025-07-19
18.2,46.3,95.5,0.423305,2978.0,29.0152,7.6131,0,spatial_background_sample,spatial_background_reference,Arunachal Pradesh,28.335122,96.907108,2016-07-17
43.5,107.7,139.5,0.423268,2044.0,21.0216,337.7694,0,spatial_background_sample,spatial_background_reference,Arunachal Pradesh,27.163591,93.449044,2016-04-22
5.7,36.5,100.3,0.423757,1545.0,20.4908,5.6277,0,spatial_background_sample,spatial_background_reference,Arunachal Pradesh,28.059076,94.028576,2016-07-16
1.3,10.0,56.9,0.412135,514.0,30.8791,236.7583,1,GSI_field_inventory,observed_landslide,Mizoram,23.88583333,92.85055556,
21.8,83.4,120.3,0.49426,1262.0,24.4127,239.4544,1,GSI_field_inventory,observed_landslide,Nagaland,25.7491204,94.0804548,
25.6,53.9,180.2,0.348683,32.0,2.7714,311.9168,0,spatial_background_sample,spatial_background_reference,Assam,26.132444,90.364359,2014-06-27
21.7,73.4,91.9,0.460333,48.0,9.6547,341.894,0,spatial_background_sample,spatial_background_reference,Tripura,23.433007,91.505422,2018-05-18
0.6,1.8,18.8,0.37617,5539.0,27.5288,100.7276,0,spatial_background_sample,spatial_background_reference,Sikkim,27.857995,88.641715,2022-05-29
24.5,107.1,203.4,0.361698,431.0,15.23,242.5614,1,GSI_field_inventory,observed_landslide,Mizoram,22.902089,92.879909,
72.0,119.8,205.7,0.496833,1015.0,17.1043,133.1468,1,GSI_field_inventory,observed_landslide,Meghalaya,25.67517222,91.8983,
16.1,23.5,92.7,0.386412,5017.0,33.0093,111.9225,0,spatial_background_sample,spatial_background_reference,Sikkim,27.699421,88.390542,2012-06-22
15.1,58.8,78.2,0.372092,95.0,0.0,180.0,0,spatial_background_sample,spatial_background_reference,Tripura,23.438772,91.869399,2018-05-18
23.2,74.7,91.4,0.386144,114.0,6.129,318.8429,0,spatial_background_sample,spatial_background_reference,Tripura,23.763963,91.874565,2018-05-18
53.8,194.0,273.4,0.4974,798.0,6.7718,162.4042,0,spatial_background_sample,spatial_background_reference,Meghalaya,25.721428,92.320502,2007-09-08
54.6,87.6,204.4,0.494702,48.0,0.9264,0.0,0,spatial_background_sample,spatial_background_reference,Assam,26.114024,91.254558,2014-06-27
5.7,15.6,38.0,0.485208,46.0,0.9264,0.0,0,spatial_background_sample,spatial_background_reference,Tripura,23.403747,91.321055,2009-07-10
28.4,120.9,207.4,0.487589,1732.0,36.7421,58.6786,0,spatial_background_sample,spatial_background_reference,Arunachal Pradesh,27.448324,96.776533,2016-07-17
49.4,126.3,165.8,0.376667,895.0,30.8293,194.147,1,GSI_field_inventory,observed_landslide,Mizoram,23.71595,92.70879444,
10.8,32.7,80.2,0.485497,196.0,11.7562,251.8935,0,spatial_background_sample,spatial_background_reference,Meghalaya,25.948784,90.458307,2018-05-07
15.2,69.8,123.2,0.426341,2498.0,10.9553,318.7463,0,spatial_background_sample,spatial_background_reference,Arunachal Pradesh,27.52991,93.930684,2016-07-16
3.0,105.8,214.3,0.480427,522.0,26.4762,57.5696,1,GSI_field_inventory,observed_landslide,Assam,25.18844444,93.01966667,
0.0,0.0,1.5,0.375115,5090.0,38.1065,106.7765,0,spatial_background_sample,spatial_background_reference,Sikkim,28.008721,88.606955,2022-11-20
63.7,135.0,335.7,0.49499,891.0,7.9735,157.4459,0,spatial_background_sample,spatial_background_reference,Meghalaya,25.455862,90.526609,2020-05-26
76.2,268.2,368.3,0.497771,1459.0,7.9117,312.0504,1,GSI_field_inventory,observed_landslide,Meghalaya,25.57822,91.86545,
9.0,14.5,31.7,0.412394,2008.0,19.6019,342.4592,0,spatial_background_sample,spatial_background_reference,Manipur,25.321366,93.847841,2018-06-22
91.8,133.7,248.0,0.479503,194.0,8.409,28.9495,0,spatial_background_sample,spatial_background_reference,Meghalaya,25.324013,90.230161,2020-05-26
29.1,110.1,190.4,0.426744,4081.0,24.7734,323.6925,0,spatial_background_sample,spatial_background_reference,Sikkim,27.428948,88.125053,2012-06-26
38.0,52.5,126.3,0.424929,183.0,19.8684,116.5803,0,spatial_background_sample,spatial_background_reference,Meghalaya,25.763344,90.170877,2007-07-25
3.6,4.2,23.3,0.407146,4760.0,10.5451,342.8397,0,spatial_background_sample,spatial_background_reference,Sikkim,27.9688,88.453397,2022-05-29
6.2,198.3,260.7,0.498771,974.0,21.7301,193.1727,0,spatial_background_sample,spatial_background_reference,Arunachal Pradesh,27.10869,95.93499,2016-07-17
24.4,91.0,102.8,0.471478,56.0,2.1093,151.4079,0,spatial_background_sample,spatial_background_reference,Tripura,23.455822,91.330223,2018-05-18
43.5,94.6,119.9,0.442818,44.0,5.3529,290.1903,0,spatial_background_sample,spatial_background_reference,Tripura,23.170244,91.362733,2018-05-18
22.1,52.4,137.4,0.424991,3065.0,16.2542,223.8643,0,spatial_background_sample,spatial_background_reference,Arunachal Pradesh,28.311741,93.631316,2016-07-17
51.5,114.9,207.2,0.497283,1279.0,19.6738,185.7606,0,spatial_background_sample,spatial_background_reference,Meghalaya,25.691209,91.405355,2025-05-30
23.3,42.7,108.3,0.424384,2175.0,20.6258,219.3509,0,spatial_background_sample,spatial_background_reference,Arunachal Pradesh,28.262631,94.046601,2016-07-17
15.0,29.0,106.3,0.422789,934.0,31.7483,306.9433,0,spatial_background_sample,spatial_background_reference,Arunachal Pradesh,28.019446,93.985148,2016-07-17
2.7,12.2,20.0,0.392527,159.0,5.6319,10.3215,0,spatial_background_sample,spatial_background_reference,Tripura,23.771726,91.778791,2009-07-10
14.0,27.2,49.7,0.409722,4906.0,15.0798,147.1568,0,spatial_background_sample,spatial_background_reference,Sikkim,27.721766,88.853996,2022-10-10
37.5,70.1,197.8,0.426548,4249.0,28.5536,256.2483,0,spatial_background_sample,spatial_background_reference,Sikkim,27.48329,88.254306,2012-06-22
10.1,14.6,43.7,0.408329,5135.0,44.5916,207.6628,0,spatial_background_sample,spatial_background_reference,Sikkim,27.968481,88.557005,2012-06-22
56.6,86.3,155.3,0.425536,2442.0,23.9627,286.9209,0,spatial_background_sample,spatial_background_reference,Arunachal Pradesh,28.998142,95.694795,2016-07-17
48.7,285.8,420.6,0.494396,1545.0,3.1084,345.6505,1,GSI_field_inventory,observed_landslide,Meghalaya,25.56667,91.90194,
5.3,54.5,155.2,0.488622,991.0,6.868,323.6567,0,spatial_background_sample,spatial_background_reference,Manipur,25.025433,93.916285,2007-09-09
20.6,32.6,128.0,0.422792,1137.0,28.7584,346.478,0,spatial_background_sample,spatial_background_reference,Arunachal Pradesh,28.10855,94.360588,2016-07-17
1.7,4.3,23.9,0.428807,4475.0,46.8608,62.9633,0,spatial_background_sample,spatial_background_reference,Sikkim,27.800594,88.639156,2024-07-21
27.4,180.2,269.9,0.366281,795.0,22.0458,271.1453,1,GSI_field_inventory,observed_landslide,Mizoram,23.134009,92.746247,
20.7,67.9,240.7,0.495323,175.0,17.355,328.7227,1,GSI_field_inventory,observed_landslide,Assam,26.11464,91.83886,
4.1,26.0,56.2,0.428438,5475.0,27.3084,231.2197,0,spatial_background_sample,spatial_background_reference,Sikkim,27.895952,88.445114,2021-08-27
11.0,97.3,170.6,0.427507,2998.0,24.376,357.6943,0,spatial_background_sample,spatial_background_reference,Arunachal Pradesh,27.502048,92.280587,2016-07-17
4.8,45.9,118.5,0.497177,258.0,11.8654,75.4986,1,GSI_field_inventory,observed_landslide,Nagaland,26.45278,94.37526,
2.9,48.5,163.7,0.491001,374.0,26.6339,127.778,0,spatial_background_sample,spatial_background_reference,Assam,26.176135,93.178013,2016-05-22
19.3,39.1,68.4,0.478033,34.0,4.1263,257.0481,0,spatial_background_sample,spatial_background_reference,Tripura,23.083585,91.752085,2009-07-10
5.6,8.6,12.7,0.198798,200.0,3.4641,323.2599,0,spatial_background_sample,spatial_background_reference,Assam,26.734951,90.114343,2016-04-18
12.9,51.3,97.3,0.426121,4232.0,21.3684,62.961,0,spatial_background_sample,spatial_background_reference,Arunachal Pradesh,28.167658,96.822169,2016-07-16
212.0,306.4,448.4,0.487052,1331.0,6.4856,16.0189,1,GSI_field_inventory,observed_landslide,Meghalaya,25.44233333,92.19447222,
30.9,51.4,151.7,0.488043,145.0,2.2827,246.0682,0,spatial_background_sample,spatial_background_reference,Assam,27.425765,95.630792,2016-05-22
12.6,185.5,216.4,0.492437,181.0,7.3707,0.0,0,spatial_background_sample,spatial_background_reference,Arunachal Pradesh,27.427053,96.038943,2016-07-17
49.7,110.7,136.8,0.40772,45.0,6.1865,278.5789,0,spatial_background_sample,spatial_background_reference,Meghalaya,25.156541,90.419533,2007-07-19
2.3,10.6,25.0,0.415516,42.0,4.1105,312.4544,0,spatial_background_sample,spatial_background_reference,Tripura,23.813223,91.461742,2009-07-10
8.6,30.2,47.2,0.489521,505.0,10.2851,348.5747,0,spatial_background_sample,spatial_background_reference,Meghalaya,25.885606,90.81931,2007-09-15
0.5,20.2,66.9,0.423478,41.0,3.4599,36.6464,0,spatial_background_sample,spatial_background_reference,Assam,26.343294,90.758198,2025-06-06
37.5,70.1,197.8,0.428479,3107.0,27.9854,254.1057,0,spatial_background_sample,spatial_background_reference,Sikkim,27.638777,88.308312,2012-06-22
23.1,73.3,86.1,0.484963,200.0,11.7471,148.7969,0,spatial_background_sample,spatial_background_reference,Meghalaya,25.770526,90.613528,2019-06-27
29.7,158.9,235.8,0.475092,98.0,1.8523,180.0,0,spatial_background_sample,spatial_background_reference,Assam,26.67337,94.214596,2016-05-17
11.2,116.2,183.5,0.427268,2515.0,33.5424,192.6788,0,spatial_background_sample,spatial_background_reference,Arunachal Pradesh,27.251312,92.255589,2016-07-17
7.6,9.3,30.2,0.286686,5942.0,8.7683,108.3306,0,spatial_background_sample,spatial_background_reference,Sikkim,27.933126,88.81679,2012-06-22
0.0,12.0,286.7,0.410927,35.0,2.1202,209.1281,0,spatial_background_sample,spatial_background_reference,Assam,26.196232,89.851152,2016-05-22
12.0,72.0,91.0,0.409281,92.0,1.0143,270.0,0,spatial_background_sample,spatial_background_reference,Tripura,24.031941,91.796448,2018-05-18
1.2,5.4,20.3,0.416652,5017.0,46.06,145.6748,0,spatial_background_sample,spatial_background_reference,Sikkim,27.838844,88.499691,2025-09-11
10.1,14.6,43.7,0.404857,4761.0,21.3445,48.5439,0,spatial_background_sample,spatial_background_reference,Sikkim,27.949768,88.45623,2012-06-22
26.1,98.1,119.9,0.435519,49.0,1.3716,312.4777,0,spatial_background_sample,spatial_background_reference,Tripura,23.706733,91.469568,2018-05-18
10.9,28.1,79.0,0.422522,4725.0,23.0798,96.5366,0,spatial_background_sample,spatial_background_reference,Arunachal Pradesh,28.541231,93.555967,2016-07-17
29.7,46.0,151.6,0.423591,1276.0,17.5302,13.4442,0,spatial_background_sample,spatial_background_reference,Arunachal Pradesh,28.275246,94.527082,2016-07-17
20.8,102.8,160.4,0.405708,350.0,36.2796,229.415,1,GSI_field_inventory,observed_landslide,Mizoram,23.83277778,92.8325,
3.9,6.2,56.8,0.373884,4627.0,29.5263,302.8494,0,spatial_background_sample,spatial_background_reference,Sikkim,27.92534,88.574701,2021-05-18
23.7,40.6,134.7,0.423671,708.0,44.1471,268.0907,0,spatial_background_sample,spatial_background_reference,Arunachal Pradesh,27.947241,94.46997,2016-07-17
20.2,52.9,99.7,0.425771,3553.0,42.6664,77.8471,0,spatial_background_sample,spatial_background_reference,Arunachal Pradesh,28.437749,96.109027,2016-07-16
2.3,10.6,25.0,0.442741,64.0,1.3718,47.5281,0,spatial_background_sample,spatial_background_reference,Tripura,23.733367,91.497989,2009-07-10
1.0,47.9,243.6,0.48043,160.0,24.6642,331.682,0,spatial_background_sample,spatial_background_reference,Assam,27.027717,95.251297,2025-06-04
17.7,43.9,107.4,0.420238,4161.0,24.4179,129.8732,0,spatial_background_sample,spatial_background_reference,Arunachal Pradesh,28.146603,92.946837,2016-07-17
10.6,62.2,80.9,0.405714,86.0,5.5414,0.0,0,spatial_background_sample,spatial_background_reference,Tripura,24.171286,91.768483,2018-05-18
2.2,8.3,112.1,0.390802,701.0,19.0795,161.3936,1,GSI_field_inventory,observed_landslide,Mizoram,23.54166667,92.66472222,
1.9,6.4,31.5,0.426049,4034.0,51.2767,55.2174,0,spatial_background_sample,spatial_background_reference,Sikkim,27.871919,88.547869,2025-09-11
13.4,20.5,23.0,0.387908,7578.0,60.521,236.7406,0,spatial_background_sample,spatial_background_reference,Sikkim,27.6973,88.158542,2023-10-04
1.5,11.3,28.0,0.402128,224.0,33.1845,57.048,0,spatial_background_sample,spatial_background_reference,Tripura,24.021105,91.751162,2009-07-10
9.4,67.0,87.1,0.403155,51.0,2.111,28.6774,0,spatial_background_sample,spatial_background_reference,Tripura,23.918389,91.653692,2018-05-18
19.0,77.5,102.3,0.443469,28.0,6.535,351.1384,0,spatial_background_sample,spatial_background_reference,Tripura,23.610808,91.240907,2018-05-18
5.0,14.9,34.7,0.402095,93.0,3.1668,286.9928,0,spatial_background_sample,spatial_background_reference,Tripura,23.540531,91.813407,2009-07-10
0.0,0.0,3.4,0.375115,4887.0,6.532,73.5943,0,spatial_background_sample,spatial_background_reference,Sikkim,27.960245,88.611511,2022-11-20
66.0,257.1,479.3,0.469339,92.0,1.0369,270.0,0,spatial_background_sample,spatial_background_reference,Assam,26.697011,92.16607,2022-05-16
23.2,74.7,91.4,0.386144,152.0,8.8384,65.4207,0,spatial_background_sample,spatial_background_reference,Tripura,23.82323,91.901561,2018-05-18
16.0,40.7,84.2,0.399829,886.0,27.7476,149.3864,0,spatial_background_sample,spatial_background_reference,Manipur,25.12893,93.520515,2018-06-22
30.9,347.8,800.2,0.494579,143.0,2.7772,0.0,0,spatial_background_sample,spatial_background_reference,Assam,26.707559,90.284239,2019-07-16
4.7,6.9,23.9,0.341607,5115.0,40.8266,187.298,0,spatial_background_sample,spatial_background_reference,Sikkim,27.875461,88.814211,2021-05-18
15.1,58.6,71.9,0.378866,68.0,7.3707,180.0,0,spatial_background_sample,spatial_background_reference,Tripura,23.373542,91.773192,2018-05-18
17.1,38.0,107.1,0.425201,1348.0,38.323,295.4425,0,spatial_background_sample,spatial_background_reference,Arunachal Pradesh,27.929304,93.65512,2016-07-17
13.8,62.4,83.1,0.372086,76.0,7.9587,157.7068,0,spatial_background_sample,spatial_background_reference,Tripura,23.843334,91.995554,2018-05-18
25.2,66.6,84.2,0.457341,77.0,15.4895,187.2957,0,spatial_background_sample,spatial_background_reference,Tripura,23.230802,91.723128,2018-05-18
5.0,15.7,25.6,0.26783,778.0,2.7523,312.2752,0,spatial_background_sample,spatial_background_reference,Manipur,24.61344,93.888925,2018-05-03
0.1,3.9,10.9,0.380034,58.0,7.314,104.5935,0,spatial_background_sample,spatial_background_reference,Tripura,24.320573,92.187399,2009-07-10
12.6,59.4,76.6,0.370731,231.0,15.701,305.1145,0,spatial_background_sample,spatial_background_reference,Tripura,23.915265,92.103502,2018-05-18
61.9,120.9,163.8,0.376667,811.0,22.1191,147.8157,1,GSI_field_inventory,observed_landslide,Mizoram,23.65527778,92.72694444,
31.2,63.2,158.8,0.42585,1611.0,40.2972,352.5495,0,spatial_background_sample,spatial_background_reference,Arunachal Pradesh,28.076087,93.339458,2016-07-17
22.0,78.1,92.9,0.385725,155.0,6.8268,312.4794,0,spatial_background_sample,spatial_background_reference,Tripura,23.698844,91.783919,2018-05-18
21.4,75.5,91.2,0.465888,72.0,7.2654,255.3058,0,spatial_background_sample,spatial_background_reference,Tripura,23.388868,91.409626,2018-05-18
10.5,35.0,167.6,0.425699,1367.0,20.5873,222.9618,0,spatial_background_sample,spatial_background_reference,Arunachal Pradesh,27.833418,93.733137,2016-07-17
17.6,91.5,113.9,0.409088,38.0,4.7308,192.3303,0,spatial_background_sample,spatial_background_reference,Tripura,23.800709,91.459591,2018-05-18
18.0,66.3,87.0,0.39574,73.0,12.2297,145.1451,0,spatial_background_sample,spatial_background_reference,Tripura,23.972935,91.965098,2018-05-18
15.3,65.4,81.7,0.404479,93.0,15.3681,134.9083,0,spatial_background_sample,spatial_background_reference,Tripura,23.972924,91.947084,2018-05-18
2.5,15.0,30.6,0.484272,79.0,5.4689,132.4975,0,spatial_background_sample,spatial_background_reference,Tripura,23.615881,91.490204,2009-07-10
17.6,70.3,87.7,0.380412,129.0,10.2017,216.0345,0,spatial_background_sample,spatial_background_reference,Tripura,23.590767,91.7167,2018-05-18
67.8,120.5,158.2,0.379417,906.0,14.7798,29.0351,1,GSI_field_inventory,observed_landslide,Mizoram,23.57694444,92.71305556,
13.6,16.5,45.7,0.396214,5331.0,27.2803,327.8407,0,spatial_background_sample,spatial_background_reference,Sikkim,27.920494,88.225648,2012-06-22
29.7,46.0,151.6,0.423591,1872.0,29.3504,156.9474,0,spatial_background_sample,spatial_background_reference,Arunachal Pradesh,28.21308,94.483969,2016-07-17
35.3,63.1,115.7,0.474729,570.0,20.9694,291.0402,1,GSI_field_inventory,observed_landslide,Assam,25.162667,93.009806,
19.3,39.1,68.4,0.47807,41.0,12.4522,208.5136,0,spatial_background_sample,spatial_background_reference,Tripura,23.020743,91.641274,2009-07-10
12.5,34.3,73.7,0.403438,527.0,23.8334,137.9069,1,GSI_field_inventory,observed_landslide,Mizoram,23.700835,92.877449,
61.9,120.9,163.8,0.376667,1036.0,32.8555,61.9675,1,GSI_field_inventory,observed_landslide,Mizoram,23.68143611,92.72144167,
54.9,118.1,157.5,0.379844,826.0,30.3167,318.3705,1,GSI_field_inventory,observed_landslide,Mizoram,23.53777778,92.69833333,
9.4,75.6,335.9,0.489677,107.0,1.8523,0.0,0,spatial_background_sample,spatial_background_reference,Assam,27.668606,94.968324,2020-06-28
13.7,77.8,159.8,0.426055,3626.0,25.941,355.6972,0,spatial_background_sample,spatial_background_reference,Arunachal Pradesh,27.618272,96.879461,2016-07-17
26.6,52.6,123.6,0.425131,1989.0,29.923,239.6231,0,spatial_background_sample,spatial_background_reference,Arunachal Pradesh,28.450139,93.703413,2016-07-17
21.7,97.8,124.2,0.490295,136.0,2.2899,246.1481,0,spatial_background_sample,spatial_background_reference,Arunachal Pradesh,27.838076,95.196835,2016-07-16
27.6,47.7,93.3,0.421024,4313.0,44.2802,276.6652,0,spatial_background_sample,spatial_background_reference,Sikkim,27.776095,88.699115,2022-10-10
0.8,3.9,9.0,0.405493,5069.0,7.6797,327.0757,0,spatial_background_sample,spatial_background_reference,Sikkim,28.057787,88.737075,2022-06-15
15.4,39.0,169.4,0.490624,242.0,9.7466,112.1195,0,spatial_background_sample,spatial_background_reference,Manipur,23.86213,94.140348,2007-09-09
42.5,100.3,170.4,0.425921,2959.0,27.1705,63.83,0,spatial_background_sample,spatial_background_reference,Arunachal Pradesh,28.655473,95.347272,2016-07-17
12.8,119.4,161.0,0.487972,340.0,23.4753,194.5298,0,spatial_background_sample,spatial_background_reference,Arunachal Pradesh,27.075645,95.425962,2016-07-17
22.8,75.5,95.6,0.410626,34.0,2.0202,270.0,0,spatial_background_sample,spatial_background_reference,Tripura,23.537677,91.578583,2018-05-18
93.3,158.0,173.6,0.379844,552.0,15.1297,236.3714,1,GSI_field_inventory,observed_landslide,Mizoram,23.53944444,92.65888889,
36.6,63.2,75.7,0.492168,80.0,6.3183,234.2575,0,spatial_background_sample,spatial_background_reference,Assam,25.891662,92.849792,2020-06-26
6.3,13.1,32.9,0.452808,30.0,3.5505,58.5872,0,spatial_background_sample,spatial_background_reference,Tripura,23.64282,91.196192,2009-07-10
4.2,8.5,12.6,0.386482,122.0,11.5867,230.8817,0,spatial_background_sample,spatial_background_reference,Tripura,23.81436,91.892719,2009-07-10
13.9,91.2,271.8,0.494173,103.0,2.2718,294.0538,0,spatial_background_sample,spatial_background_reference,Assam,26.784634,94.519135,2024-07-05
57.2,99.4,128.8,0.347841,10.0,0.9264,180.0,0,spatial_background_sample,spatial_background_reference,Tripura,23.122781,91.342667,2018-05-18
2.5,15.0,30.6,0.484272,54.0,14.7526,299.4221,0,spatial_background_sample,spatial_background_reference,Tripura,23.58509,91.533826,2009-07-10
5.7,36.5,100.3,0.422751,2591.0,16.2582,183.5997,0,spatial_background_sample,spatial_background_reference,Arunachal Pradesh,27.980472,93.962935,2016-07-16
30.4,79.8,102.3,0.355208,1382.0,22.353,44.0749,1,GSI_field_inventory,observed_landslide,Mizoram,23.126631,93.064946,
10.9,35.5,76.9,0.425089,3320.0,40.0059,42.9361,0,spatial_background_sample,spatial_background_reference,Arunachal Pradesh,28.743008,96.520918,2016-07-16
2.2,52.5,191.0,0.492293,72.0,2.2674,114.1037,0,spatial_background_sample,spatial_background_reference,Assam,26.517441,92.74065,2016-05-22
20.4,73.1,89.9,0.466682,118.0,17.6199,272.9183,0,spatial_background_sample,spatial_background_reference,Tripura,23.42239,91.638378,2018-05-18
7.0,55.2,114.8,0.425827,4636.0,13.0821,326.6156,0,spatial_background_sample,spatial_background_reference,Arunachal Pradesh,27.724294,92.119015,2016-07-17
18.2,46.3,95.5,0.419554,3093.0,38.1926,189.4035,0,spatial_background_sample,spatial_background_reference,Arunachal Pradesh,28.288699,97.059694,2016-07-17
2.5,15.0,30.6,0.427561,141.0,12.8777,230.4657,0,spatial_background_sample,spatial_background_reference,Tripura,23.501833,91.618369,2009-07-10
0.0,5.5,12.4,0.332943,5516.0,10.3939,243.8471,0,spatial_background_sample,spatial_background_reference,Sikkim,27.886799,88.205258,2022-08-25
49.4,108.6,154.4,0.376667,1029.0,47.6526,1.6159,1,GSI_field_inventory,observed_landslide,Mizoram,23.70666667,92.71444444,
25.7,101.4,163.5,0.427052,3016.0,39.896,201.8157,0,spatial_background_sample,spatial_background_reference,Arunachal Pradesh,27.775789,97.019919,2016-07-16
46.7,79.3,146.8,0.428388,2957.0,21.0332,22.3153,0,spatial_background_sample,spatial_background_reference,Sikkim,27.629622,88.485328,2021-05-18
49.4,126.3,165.8,0.376667,1044.0,25.2673,319.7374,1,GSI_field_inventory,observed_landslide,Mizoram,23.73888889,92.69638889,
41.7,95.2,121.5,0.490926,197.0,6.3335,29.0625,0,spatial_background_sample,spatial_background_reference,Meghalaya,25.880444,90.583128,2009-07-01
54.1,313.9,433.5,0.380031,818.0,18.191,72.0682,1,GSI_field_inventory,observed_landslide,Mizoram,23.214589,92.572672,
6.3,13.4,23.3,0.429586,4195.0,20.6148,292.7595,0,spatial_background_sample,spatial_background_reference,Sikkim,27.665666,88.288061,2014-07-08
36.3,93.0,110.9,0.435519,74.0,7.4728,42.2996,0,spatial_background_sample,spatial_background_reference,Tripura,23.675432,91.532781,2018-05-18
5.0,14.9,34.7,0.402095,92.0,0.0,180.0,0,spatial_background_sample,spatial_background_reference,Tripura,23.535829,91.819784,2009-07-10
4.8,15.9,31.7,0.484531,26.0,7.2625,75.2996,0,spatial_background_sample,spatial_background_reference,Tripura,23.330394,91.497916,2009-07-10
13.3,46.6,118.8,0.485149,83.0,0.0,180.0,0,spatial_background_sample,spatial_background_reference,Assam,26.857845,94.266094,2018-08-31
5.0,14.9,34.7,0.396318,38.0,2.0199,270.0,0,spatial_background_sample,spatial_background_reference,Tripura,23.51544,91.690909,2009-07-10
2.5,7.3,46.9,0.347385,5536.0,8.3807,96.3012,0,spatial_background_sample,spatial_background_reference,Sikkim,27.947098,88.233524,2014-08-26
31.8,65.3,111.8,0.422683,3587.0,15.6634,191.3819,0,spatial_background_sample,spatial_background_reference,Arunachal Pradesh,28.761797,95.389519,2016-04-22
40.5,154.9,252.1,0.472094,44.0,9.8594,136.2071,1,GSI_field_inventory,observed_landslide,Assam,24.70619444,92.28997222,
1.9,12.3,24.2,0.402751,70.0,4.1506,77.1255,0,spatial_background_sample,spatial_background_reference,Tripura,23.900912,91.458174,2009-07-10
17.5,39.4,62.3,0.428243,4649.0,16.3242,228.5084,0,spatial_background_sample,spatial_background_reference,Sikkim,27.814283,88.653002,2014-07-08
67.8,120.5,158.2,0.379417,771.0,31.6087,39.7008,1,GSI_field_inventory,observed_landslide,Mizoram,23.62027778,92.72611111,
5.7,15.6,38.0,0.486573,55.0,4.2138,28.6159,0,spatial_background_sample,spatial_background_reference,Tripura,23.586297,91.374901,2009-07-10
2.4,68.7,155.5,0.421284,1484.0,22.8186,207.8818,0,spatial_background_sample,spatial_background_reference,Manipur,25.314993,93.822446,2010-06-10
6.3,13.1,32.9,0.480016,17.0,5.8945,19.9974,0,spatial_background_sample,spatial_background_reference,Tripura,23.658391,91.260355,2009-07-10
8.3,46.0,69.6,0.375365,191.0,24.8586,278.0248,0,spatial_background_sample,spatial_background_reference,Tripura,23.596856,91.93489,2018-05-18
6.7,66.4,92.7,0.36,5679.0,40.8884,284.0499,0,spatial_background_sample,spatial_background_reference,Sikkim,27.685685,88.210436,2014-07-01
31.1,65.1,80.1,0.450195,46.0,1.3689,132.582,0,spatial_background_sample,spatial_background_reference,Tripura,23.224428,91.640391,2018-05-18
4.3,28.2,47.4,0.398943,4792.0,35.1329,321.3784,0,spatial_background_sample,spatial_background_reference,Sikkim,27.925238,88.56939,2012-06-26
0.8,42.4,90.0,0.469531,79.0,8.9529,145.1947,0,spatial_background_sample,spatial_background_reference,Assam,25.962677,92.936397,2016-05-22
22.0,56.2,139.1,0.421987,3623.0,26.6378,2.0821,0,spatial_background_sample,spatial_background_reference,Sikkim,27.466862,88.138785,2025-09-11
5.0,14.9,34.7,0.402095,92.0,0.0,180.0,0,spatial_background_sample,spatial_background_reference,Tripura,23.509631,91.826397,2009-07-10
1.3,20.2,189.0,0.424287,116.0,3.6184,239.2435,0,spatial_background_sample,spatial_background_reference,Assam,26.793706,92.297312,2016-05-22
11.6,56.2,71.2,0.379405,28.0,6.7648,197.4082,0,spatial_background_sample,spatial_background_reference,Tripura,24.320317,91.991228,2018-05-18
34.2,58.9,119.9,0.425668,3800.0,43.1328,254.9957,0,spatial_background_sample,spatial_background_reference,Arunachal Pradesh,28.888492,94.475339,2016-07-17
20.3,35.6,124.3,0.42367,1338.0,31.9812,275.9455,0,spatial_background_sample,spatial_background_reference,Arunachal Pradesh,27.722195,94.222716,2016-07-17
13.3,64.2,79.3,0.378866,115.0,22.6277,76.5408,0,spatial_background_sample,spatial_background_reference,Tripura,23.4494,91.794585,2018-05-18
31.8,60.9,90.4,0.348969,1000.0,20.6569,356.655,1,GSI_field_inventory,observed_landslide,Mizoram,23.09561111,93.20786389,
14.0,81.7,102.6,0.39176,130.0,21.6394,144.6029,0,spatial_background_sample,spatial_background_reference,Tripura,23.831637,91.729635,2018-05-18
22.3,44.0,125.3,0.416704,3859.0,2.967,200.6229,0,spatial_background_sample,spatial_background_reference,Sikkim,27.656891,88.412918,2021-06-18
13.1,94.5,198.6,0.470091,86.0,0.9264,0.0,0,spatial_background_sample,spatial_background_reference,Assam,26.86302,94.186234,2022-05-14
30.0,94.4,243.6,0.426311,3112.0,28.817,49.7129,0,spatial_background_sample,spatial_background_reference,Arunachal Pradesh,27.599896,93.212921,2016-07-17
1.8,5.3,22.2,0.410235,5321.0,31.7599,218.4096,0,spatial_background_sample,spatial_background_reference,Sikkim,28.008666,88.561466,2025-09-11
22.8,86.9,103.9,0.471478,19.0,9.2342,60.179,0,spatial_background_sample,spatial_background_reference,Tripura,23.493298,91.260068,2018-05-18
2.5,15.0,30.6,0.427561,35.0,10.3634,254.6177,0,spatial_background_sample,spatial_background_reference,Tripura,23.502339,91.570776,2009-07-10
14.5,162.7,185.2,0.492025,916.0,14.0728,334.5617,0,spatial_background_sample,spatial_background_reference,Meghalaya,25.70808,92.384106,2025-05-31
32.9,61.6,122.6,0.426921,3089.0,63.2905,301.9264,0,spatial_background_sample,spatial_background_reference,Arunachal Pradesh,29.270963,95.812319,2016-07-17
136.7,225.9,231.0,0.315525,121.0,13.1193,56.2873,0,spatial_background_sample,spatial_background_reference,Mizoram,23.443714,92.357689,2024-05-28
67.2,187.2,240.1,0.420311,34.0,2.0465,90.0,0,spatial_background_sample,spatial_background_reference,Meghalaya,25.177304,90.410575,2009-07-01
16.6,74.0,110.3,0.408243,4174.0,15.354,207.9544,0,spatial_background_sample,spatial_background_reference,Arunachal Pradesh,28.434529,96.652707,2016-04-22
49.4,126.3,165.8,0.376667,978.0,27.0065,204.057,1,GSI_field_inventory,observed_landslide,Mizoram,23.72428333,92.70737778,
22.8,86.9,103.9,0.441583,16.0,3.548,58.5622,0,spatial_background_sample,spatial_background_reference,Tripura,23.514041,91.213329,2018-05-18
1.8,5.4,16.6,0.396195,5419.0,12.5299,98.367,0,spatial_background_sample,spatial_background_reference,Sikkim,28.05758,88.770432,2025-07-19
17.4,78.2,192.6,0.413406,65.0,3.8415,15.3557,1,GSI_field_inventory,observed_landslide,Mizoram,24.44347778,93.15817778,
6.3,24.6,75.2,0.490223,210.0,13.5981,143.337,0,spatial_background_sample,spatial_background_reference,Nagaland,26.413348,94.236,2013-07-03
52.3,85.0,211.4,0.355865,36.0,12.7916,60.0969,0,spatial_background_sample,spatial_background_reference,Meghalaya,25.347828,89.827108,2020-05-26
37.8,84.9,109.0,0.381251,38.0,3.8391,164.544,0,spatial_background_sample,spatial_background_reference,Meghalaya,25.288734,90.025793,2007-07-19
17.9,43.7,121.8,0.42507,3426.0,27.075,69.6377,0,spatial_background_sample,spatial_background_reference,Arunachal Pradesh,28.6867,94.472377,2016-07-16
7.6,20.7,39.8,0.419926,31.0,4.0998,132.5908,0,spatial_background_sample,spatial_background_reference,Tripura,23.183229,91.344577,2009-07-10
0.9,2.6,26.1,0.342647,5181.0,28.7606,19.4848,0,spatial_background_sample,spatial_background_reference,Sikkim,27.966791,88.328825,2021-05-18
10.1,22.5,32.8,0.405122,1344.0,46.9942,231.805,0,spatial_background_sample,spatial_background_reference,Arunachal Pradesh,28.026457,93.967901,2016-04-22
7.0,40.5,168.1,0.48899,105.0,11.8299,14.9694,1,GSI_field_inventory,observed_landslide,Assam,26.15477778,91.77411111,
26.6,107.2,179.4,0.42604,948.0,23.9982,340.7929,0,spatial_background_sample,spatial_background_reference,Arunachal Pradesh,27.966839,96.70976,2016-07-17
49.4,108.6,154.4,0.377302,529.0,30.9353,106.4755,1,GSI_field_inventory,observed_landslide,Mizoram,23.73555556,92.78833333,
54.1,313.9,433.5,0.379885,725.0,12.6101,67.6731,1,GSI_field_inventory,observed_landslide,Mizoram,23.199961,92.488796,
13.9,60.8,122.6,0.424682,2459.0,23.6778,61.3561,0,spatial_background_sample,spatial_background_reference,Arunachal Pradesh,28.073746,97.062527,2016-07-17
67.8,120.5,158.2,0.379417,785.0,21.9405,35.5338,1,GSI_field_inventory,observed_landslide,Mizoram,23.62611111,92.72638889,
49.4,108.6,154.4,0.377302,256.0,20.2488,28.6418,1,GSI_field_inventory,observed_landslide,Mizoram,23.72694444,92.79527778,
37.5,70.1,197.8,0.428479,3161.0,40.2544,262.3176,0,spatial_background_sample,spatial_background_reference,Sikkim,27.571443,88.310705,2012-06-22
21.1,89.2,198.7,0.492153,99.0,1.3917,228.2739,0,spatial_background_sample,spatial_background_reference,Assam,26.901611,94.762093,2016-05-22
2.8,50.4,114.6,0.415437,1196.0,13.4285,296.1485,1,GSI_field_inventory,observed_landslide,Manipur,24.99306,93.4975,
0.0,0.0,4.4,0.396338,3810.0,30.1267,329.7443,0,spatial_background_sample,spatial_background_reference,Sikkim,27.770849,88.430105,2022-11-20
18.3,156.5,177.6,0.455277,141.0,3.2585,73.5,0,spatial_background_sample,spatial_background_reference,Assam,27.297356,95.648988,2025-05-31
3.3,26.9,115.8,0.426004,265.0,11.3853,256.0605,0,spatial_background_sample,spatial_background_reference,Manipur,24.482385,94.398322,2011-07-06
30.2,60.9,166.5,0.425728,1650.0,12.6979,77.5676,0,spatial_background_sample,spatial_background_reference,Arunachal Pradesh,28.13601,93.609249,2016-07-17
3.7,24.1,68.7,0.489935,101.0,3.623,120.7138,0,spatial_background_sample,spatial_background_reference,Assam,26.985197,94.78324,2020-06-28
26.5,242.4,306.8,0.382202,78.0,3.6179,300.7613,0,spatial_background_sample,spatial_background_reference,Assam,26.771989,92.843113,2025-05-31
59.1,112.4,143.7,0.377302,676.0,37.4133,235.1528,1,GSI_field_inventory,observed_landslide,Mizoram,23.73361111,92.84305556,
101.2,222.7,235.8,0.488975,43.0,3.8408,164.4504,0,spatial_background_sample,spatial_background_reference,Assam,26.044809,90.877524,2020-06-26
0.9,9.4,20.4,0.398661,82.0,6.3135,331.2682,0,spatial_background_sample,spatial_background_reference,Tripura,24.207554,91.788367,2009-07-10
67.8,120.5,158.2,0.379417,908.0,0.4637,180.0,1,GSI_field_inventory,observed_landslide,Mizoram,23.57722222,92.71222222,
5.7,17.2,48.0,0.414923,4486.0,14.4461,231.1216,0,spatial_background_sample,spatial_background_reference,Sikkim,27.513489,88.115502,2022-08-25
66.5,99.9,174.1,0.425991,2875.0,24.2426,259.6571,0,spatial_background_sample,spatial_background_reference,Arunachal Pradesh,28.834329,95.459699,2016-07-17
3.9,80.0,292.5,0.376634,189.0,13.7018,30.4381,0,spatial_background_sample,spatial_background_reference,Mizoram,23.596185,92.305578,2025-06-02
8.3,63.3,135.3,0.418792,4946.0,27.6712,257.5344,0,spatial_background_sample,spatial_background_reference,Sikkim,27.839327,88.671217,2014-07-01
6.3,13.4,23.3,0.341527,5183.0,13.713,311.5021,0,spatial_background_sample,spatial_background_reference,Sikkim,27.7741,88.249235,2014-07-08
12.6,35.1,51.4,0.421949,3311.0,47.0039,74.254,0,spatial_background_sample,spatial_background_reference,Arunachal Pradesh,28.694584,96.245224,2016-04-22
3.0,13.8,40.8,0.483932,264.0,14.1567,262.6338,0,spatial_background_sample,spatial_background_reference,Meghalaya,25.184266,90.919498,2009-07-17
2.3,10.6,25.0,0.415516,74.0,1.8523,0.0,0,spatial_background_sample,spatial_background_reference,Tripura,23.788435,91.497445,2009-07-10
23.1,59.1,113.0,0.422374,4049.0,23.2764,283.0339,0,spatial_background_sample,spatial_background_reference,Sikkim,27.453457,88.079366,2021-06-18
16.6,63.7,206.4,0.427143,2495.0,24.1267,223.776,0,spatial_background_sample,spatial_background_reference,Arunachal Pradesh,27.487039,93.391919,2016-07-17
10.4,47.0,109.7,0.417042,307.0,36.5962,28.6644,1,GSI_field_inventory,observed_landslide,Mizoram,23.03016667,92.67336111,
8.8,16.9,38.5,0.423329,4116.0,70.9475,262.298,0,spatial_background_sample,spatial_background_reference,Sikkim,27.784815,88.812354,2022-06-15
9.2,12.9,13.1,0.34229,5165.0,19.9494,159.3101,0,spatial_background_sample,spatial_background_reference,Sikkim,28.040894,88.715777,2023-10-04
9.4,96.4,188.2,0.439403,1525.0,12.0908,58.1036,0,spatial_background_sample,spatial_background_reference,Arunachal Pradesh,27.24195,96.986585,2016-07-17
4.4,82.1,137.0,0.486717,536.0,6.1943,278.5679,0,spatial_background_sample,spatial_background_reference,Meghalaya,25.314044,90.831038,2014-09-23
9.6,54.2,123.6,0.426472,4024.0,33.4614,249.9698,0,spatial_background_sample,spatial_background_reference,Arunachal Pradesh,27.70203,91.642903,2016-07-17
26.6,52.6,123.6,0.425131,1945.0,41.4538,93.1482,0,spatial_background_sample,spatial_background_reference,Arunachal Pradesh,28.354885,93.627141,2016-07-17
226.1,349.6,388.4,0.499479,1805.0,32.1007,36.8745,1,GSI_field_inventory,observed_landslide,Meghalaya,25.43480556,91.85952778,
25.5,88.4,279.5,0.3705,967.0,21.168,259.7661,1,GSI_field_inventory,observed_landslide,Mizoram,22.491822,92.970252,
21.5,109.6,218.3,0.479613,103.0,4.5517,293.9679,0,spatial_background_sample,spatial_background_reference,Assam,27.237781,94.841388,2022-05-14
4.8,15.9,31.7,0.484531,43.0,3.024,90.0,0,spatial_background_sample,spatial_background_reference,Tripura,23.328725,91.468853,2009-07-10
33.7,235.2,356.1,0.375167,884.0,47.9246,267.2776,1,GSI_field_inventory,observed_landslide,Mizoram,23.353485,92.780193,
36.1,112.4,151.1,0.43576,775.0,13.9659,12.7703,0,spatial_background_sample,spatial_background_reference,Arunachal Pradesh,28.063953,96.287453,2016-07-16
8.4,66.3,99.4,0.42576,946.0,22.4635,200.0106,1,GSI_field_inventory,observed_landslide,Mizoram,23.751694,92.731528,
17.6,91.5,113.9,0.409088,38.0,2.0247,90.0,0,spatial_background_sample,spatial_background_reference,Tripura,23.828989,91.464512,2018-05-18
58.9,209.0,261.1,0.496626,391.0,13.6335,180.0,0,spatial_background_sample,spatial_background_reference,Meghalaya,25.703654,90.735307,2025-05-30
26.4,59.8,149.4,0.425737,3491.0,27.8302,198.2854,0,spatial_background_sample,spatial_background_reference,Arunachal Pradesh,28.525484,93.947583,2016-07-17
16.6,63.7,206.4,0.42721,1603.0,14.9905,72.4265,0,spatial_background_sample,spatial_background_reference,Arunachal Pradesh,27.527915,93.528718,2016-07-17
47.7,88.6,107.8,0.37651,665.0,34.4192,229.036,1,GSI_field_inventory,observed_landslide,Mizoram,23.77833333,92.84666667,
9.1,22.2,46.9,0.422884,4846.0,17.2734,20.6107,0,spatial_background_sample,spatial_background_reference,Sikkim,27.585888,88.19583,2024-07-21
2.5,15.0,30.6,0.488388,76.0,10.157,280.3995,0,spatial_background_sample,spatial_background_reference,Tripura,23.418707,91.60409,2009-07-10
10.1,14.6,43.7,0.408329,5046.0,43.199,47.8124,0,spatial_background_sample,spatial_background_reference,Sikkim,27.980121,88.605961,2012-06-22
49.4,108.6,154.4,0.376667,1073.0,49.6244,295.0414,1,GSI_field_inventory,observed_landslide,Mizoram,23.73944444,92.71472222,
0.5,6.1,13.1,0.397138,97.0,1.8523,180.0,0,spatial_background_sample,spatial_background_reference,Tripura,24.105425,91.889592,2009-07-10
6.3,27.0,50.9,0.417454,285.0,8.5204,13.7426,0,spatial_background_sample,spatial_background_reference,Manipur,24.679465,94.541523,2007-08-28
32.5,83.8,120.4,0.463405,171.0,3.1163,90.0,0,spatial_background_sample,spatial_background_reference,Arunachal Pradesh,27.000606,93.033565,2016-07-16
33.7,87.3,147.0,0.426295,3187.0,46.1423,282.5636,0,spatial_background_sample,spatial_background_reference,Arunachal Pradesh,28.893435,95.208599,2016-07-17
1.5,11.3,28.0,0.404866,102.0,9.5308,47.6113,0,spatial_background_sample,spatial_background_reference,Tripura,24.109942,91.722352,2009-07-10
41.3,95.1,225.2,0.42736,2981.0,27.4163,184.0333,0,spatial_background_sample,spatial_background_reference,Arunachal Pradesh,27.576554,91.58837,2016-07-16
2.3,10.6,25.0,0.442741,91.0,2.7772,180.0,0,spatial_background_sample,spatial_background_reference,Tripura,23.686133,91.490467,2009-07-10
2.4,5.8,23.7,0.418504,5301.0,42.3536,340.0602,0,spatial_background_sample,spatial_background_reference,Sikkim,27.852151,88.659657,2024-07-21
2.3,10.6,25.0,0.415516,65.0,4.1106,227.5477,0,spatial_background_sample,spatial_background_reference,Tripura,23.822507,91.480313,2009-07-10
0.0,0.0,5.4,0.376266,5068.0,29.9212,99.7049,0,spatial_background_sample,spatial_background_reference,Sikkim,27.918573,88.371568,2022-11-20
30.8,138.6,217.1,0.481848,92.0,1.0396,270.0,0,spatial_background_sample,spatial_background_reference,Assam,26.998223,94.486969,2016-05-17
26.3,51.5,154.8,0.422536,475.0,9.1074,293.7951,0,spatial_background_sample,spatial_background_reference,Arunachal Pradesh,28.12728,94.689345,2016-07-17
59.4,281.9,325.6,0.493812,619.0,9.7437,261.8709,1,GSI_field_inventory,observed_landslide,Assam,25.224278,93.222861,
0.5,6.1,13.1,0.396208,104.0,9.0542,90.0,0,spatial_background_sample,spatial_background_reference,Tripura,24.044511,91.92679,2009-07-10
0.7,22.6,41.7,0.413385,730.0,20.3515,287.7873,1,GSI_field_inventory,observed_landslide,Mizoram,23.56145278,93.10908889,
60.5,261.8,383.8,0.381208,906.0,28.4446,248.066,1,GSI_field_inventory,observed_landslide,Mizoram,23.346456,92.851511,
62.1,110.2,183.3,0.425403,2438.0,25.9428,4.3616,0,spatial_background_sample,spatial_background_reference,Arunachal Pradesh,29.065829,94.646164,2016-07-17
32.9,61.6,122.6,0.426235,3906.0,22.5247,167.0926,0,spatial_background_sample,spatial_background_reference,Arunachal Pradesh,29.222402,95.725954,2016-07-17
14.7,45.4,127.9,0.402763,24.0,2.1185,29.0455,0,spatial_background_sample,spatial_background_reference,Meghalaya,25.797467,89.975073,2007-08-18
54.9,118.1,157.5,0.379417,826.0,5.9121,192.3078,1,GSI_field_inventory,observed_landslide,Mizoram,23.55444444,92.70527778,
8.2,38.2,52.9,0.488871,127.0,27.8531,107.8181,0,spatial_background_sample,spatial_background_reference,Meghalaya,25.847325,90.55378,2007-09-15
17.6,70.3,87.7,0.380412,75.0,4.0362,270.0,0,spatial_background_sample,spatial_background_reference,Tripura,23.563853,91.662877,2018-05-18
25.8,41.3,84.3,0.42674,3821.0,10.4729,295.9362,0,spatial_background_sample,spatial_background_reference,Arunachal Pradesh,28.902859,96.158234,2016-07-17
23.7,33.4,68.9,0.423335,4357.0,37.2242,87.5603,0,spatial_background_sample,spatial_background_reference,Arunachal Pradesh,29.139616,96.211278,2016-07-17
2.5,15.0,30.6,0.48618,51.0,5.1178,79.5985,0,spatial_background_sample,spatial_background_reference,Tripura,23.392921,91.417948,2009-07-10
18.0,71.5,85.8,0.409281,132.0,9.7528,292.1043,0,spatial_background_sample,spatial_background_reference,Tripura,23.960053,91.78077,2018-05-18
60.5,91.4,146.3,0.425003,3367.0,71.9599,291.9569,0,spatial_background_sample,spatial_background_reference,Sikkim,27.65008,88.443869,2022-10-10
1.3,28.5,105.3,0.492332,77.0,10.2848,11.4188,0,spatial_background_sample,spatial_background_reference,Meghalaya,25.816641,90.568473,2023-08-10
30.0,94.4,243.6,0.427418,2726.0,26.7585,353.7788,0,spatial_background_sample,spatial_background_reference,Arunachal Pradesh,27.405903,93.299556,2016-07-17
21.3,27.0,32.2,0.424973,5263.0,31.3544,260.8381,0,spatial_background_sample,spatial_background_reference,Sikkim,27.494308,88.285972,2022-06-15
25.2,66.6,84.2,0.457341,58.0,6.2999,72.9664,0,spatial_background_sample,spatial_background_reference,Tripura,23.203185,91.685985,2018-05-18
49.5,138.4,164.8,0.474484,97.0,16.8453,129.8548,0,spatial_background_sample,spatial_background_reference,Meghalaya,25.263232,90.502143,2025-05-30
17.8,32.6,103.7,0.418164,446.0,10.5435,17.1326,0,spatial_background_sample,spatial_background_reference,Arunachal Pradesh,27.78277,94.501212,2016-07-17
34.7,65.5,143.2,0.352948,929.0,23.5264,135.7058,1,GSI_field_inventory,observed_landslide,Mizoram,23.298137,92.857412,
13.6,16.5,45.7,0.396214,5125.0,7.17,205.8731,0,spatial_background_sample,spatial_background_reference,Sikkim,27.912464,88.331262,2012-06-22
32.2,214.3,317.7,0.372094,950.0,25.3007,98.8646,1,GSI_field_inventory,observed_landslide,Mizoram,23.299628,92.855609,
24.2,54.1,134.2,0.425667,1917.0,2.3036,246.2997,0,spatial_background_sample,spatial_background_reference,Arunachal Pradesh,28.603773,94.126846,2016-07-17
29.7,100.0,255.8,0.361531,1049.0,29.5735,103.1918,1,GSI_field_inventory,observed_landslide,Mizoram,22.641087,92.867635,
47.0,161.9,214.9,0.497463,1223.0,23.6583,355.2234,0,spatial_background_sample,spatial_background_reference,Arunachal Pradesh,27.567891,96.487445,2016-07-16
10.1,14.6,43.7,0.407731,5403.0,35.0624,128.4665,0,spatial_background_sample,spatial_background_reference,Sikkim,28.023147,88.504741,2012-06-22
31.2,63.2,158.8,0.425821,2462.0,18.028,186.4639,0,spatial_background_sample,spatial_background_reference,Arunachal Pradesh,28.037859,93.315776,2016-07-17
49.4,108.6,154.4,0.376667,1070.0,12.1529,157.0489,1,GSI_field_inventory,observed_landslide,Mizoram,23.69944444,92.71972222,
28.4,120.9,207.4,0.438144,1147.0,24.0356,168.2188,0,spatial_background_sample,spatial_background_reference,Arunachal Pradesh,27.390714,96.841373,2016-07-17
61.9,120.9,163.8,0.376667,859.0,35.7922,13.8269,1,GSI_field_inventory,observed_landslide,Mizoram,23.66027778,92.72694444,
68.9,184.1,256.4,0.416176,57.0,2.2673,245.8951,0,spatial_background_sample,spatial_background_reference,Assam,26.511099,90.662934,2022-05-14
5.1,37.8,78.7,0.414217,785.0,2.1135,208.8,0,spatial_background_sample,spatial_background_reference,Manipur,24.564047,94.057048,2008-06-19
84.1,208.8,324.1,0.408513,59.0,2.0712,270.0,0,spatial_background_sample,spatial_background_reference,Assam,26.594504,91.277423,2016-05-17
2.8,5.1,9.9,0.41814,4837.0,25.4625,91.946,0,spatial_background_sample,spatial_background_reference,Sikkim,27.944098,88.583808,2014-07-08
0.4,4.5,101.8,0.288597,242.0,15.0381,195.641,0,spatial_background_sample,spatial_background_reference,Assam,26.756279,90.193827,2016-05-22
17.7,80.8,96.3,0.370259,43.0,6.6668,294.5199,0,spatial_background_sample,spatial_background_reference,Tripura,24.176306,92.108754,2018-05-18
8.7,153.3,287.1,0.436615,283.0,22.3617,130.4858,1,GSI_field_inventory,observed_landslide,Assam,25.124306,92.904278,
25.9,57.6,131.6,0.497573,767.0,46.4911,277.7272,1,GSI_field_inventory,observed_landslide,Nagaland,26.42186,94.3852,
12.4,26.8,47.3,0.485368,77.0,1.3906,311.7663,0,spatial_background_sample,spatial_background_reference,Assam,26.741442,93.480042,2020-06-02
1.5,11.3,28.0,0.400847,77.0,4.7311,347.6566,0,spatial_background_sample,spatial_background_reference,Tripura,23.941739,91.830218,2009-07-10
19.4,94.6,130.9,0.445385,1018.0,21.9418,164.6673,1,GSI_field_inventory,observed_landslide,Mizoram,24.24449722,93.55275833,
19.0,34.1,63.7,0.410985,4565.0,9.5176,78.8787,0,spatial_background_sample,spatial_background_reference,Sikkim,27.796972,88.772412,2022-10-10
0.0,10.5,213.2,0.416146,63.0,2.1219,150.7904,0,spatial_background_sample,spatial_background_reference,Assam,26.58213,91.413778,2016-05-22
45.1,103.3,227.5,0.361555,1111.0,14.4598,160.1474,0,spatial_background_sample,spatial_background_reference,Mizoram,22.600308,93.079952,2025-06-01
27.2,56.2,138.4,0.426415,2680.0,41.4522,54.1384,0,spatial_background_sample,spatial_background_reference,Arunachal Pradesh,28.238816,93.486033,2016-07-17
7.4,19.8,35.8,0.470185,223.0,2.9606,159.7065,0,spatial_background_sample,spatial_background_reference,Nagaland,25.653039,93.511231,2018-08-23
6.9,39.5,68.3,0.34475,5534.0,25.8623,258.4551,0,spatial_background_sample,spatial_background_reference,Sikkim,27.728758,88.187907,2012-06-26
15.0,23.5,30.4,0.410936,1911.0,18.3455,192.7746,0,spatial_background_sample,spatial_background_reference,Arunachal Pradesh,28.101498,93.524074,2016-04-22
32.2,214.3,317.7,0.372094,969.0,28.9544,34.9917,1,GSI_field_inventory,observed_landslide,Mizoram,23.309914,92.853522,
31.1,201.1,304.7,0.477033,105.0,0.0,180.0,0,spatial_background_sample,spatial_background_reference,Assam,27.543012,94.915379,2022-05-15
1.5,11.3,28.0,0.402128,61.0,1.8523,180.0,0,spatial_background_sample,spatial_background_reference,Tripura,24.019473,91.84682,2009-07-10
17.5,68.5,85.3,0.374821,48.0,11.3041,104.0443,0,spatial_background_sample,spatial_background_reference,Tripura,23.477691,91.688908,2018-05-18
76.9,149.1,183.0,0.376667,954.0,10.5251,163.4191,1,GSI_field_inventory,observed_landslide,Mizoram,23.65777778,92.67444444,
6.1,37.6,104.0,0.458061,109.0,3.6267,59.3217,0,spatial_background_sample,spatial_background_reference,Assam,27.143687,95.053061,2014-06-27
32.3,66.4,86.6,0.425685,2406.0,52.0274,329.1155,0,spatial_background_sample,spatial_background_reference,Arunachal Pradesh,27.732812,92.889986,2016-04-22
17.6,34.6,60.2,0.482278,71.0,1.8523,180.0,0,spatial_background_sample,spatial_background_reference,Tripura,23.234884,91.701619,2009-07-10
33.7,231.6,314.0,0.344942,359.0,14.9305,328.0984,0,spatial_background_sample,spatial_background_reference,Mizoram,23.367081,92.487122,2025-05-31
35.8,122.9,211.1,0.4851,160.0,8.5095,57.2922,0,spatial_background_sample,spatial_background_reference,Assam,25.966047,93.47261,2016-05-17
17.2,45.4,118.9,0.488993,90.0,2.2757,65.9898,0,spatial_background_sample,spatial_background_reference,Assam,27.01542,94.53856,2018-08-31
0.9,42.9,123.9,0.494525,133.0,16.8964,129.7017,0,spatial_background_sample,spatial_background_reference,Meghalaya,25.913318,90.682575,2023-08-10
1.0,2.2,23.1,0.398699,5364.0,16.2582,356.401,0,spatial_background_sample,spatial_background_reference,Sikkim,27.960722,88.726981,2024-07-21
0.0,46.3,61.1,0.385031,4915.0,35.6936,250.2683,0,spatial_background_sample,spatial_background_reference,Sikkim,27.781297,88.406878,2012-07-17
57.7,268.8,382.4,0.383979,596.0,16.5018,355.7346,1,GSI_field_inventory,observed_landslide,Mizoram,23.313871,92.792739,
41.4,207.2,289.8,0.40696,81.0,1.0382,90.0,0,spatial_background_sample,spatial_background_reference,Assam,26.837678,92.887063,2016-05-17
61.9,120.9,163.8,0.380563,450.0,24.8375,144.4031,1,GSI_field_inventory,observed_landslide,Mizoram,23.61222222,92.80527778,
50.9,153.0,184.6,0.383481,38.0,11.9126,355.1416,0,spatial_background_sample,spatial_background_reference,Meghalaya,25.17736,90.409307,2025-05-31
16.4,45.7,80.2,0.360708,402.0,30.0367,28.1282,1,GSI_field_inventory,observed_landslide,Mizoram,23.00638889,92.67691667,
9.0,17.1,43.2,0.428063,4642.0,27.112,90.0,0,spatial_background_sample,spatial_background_reference,Sikkim,27.835257,88.726539,2022-06-15
111.9,217.0,381.0,0.465731,50.0,2.1213,29.1828,0,spatial_background_sample,spatial_background_reference,Assam,26.456145,90.175505,2022-05-15
20.7,67.8,93.3,0.420554,5076.0,30.5188,56.7291,0,spatial_background_sample,spatial_background_reference,Sikkim,27.649421,88.256294,2014-06-24
25.9,49.0,129.6,0.404857,4545.0,22.8797,175.0269,0,spatial_background_sample,spatial_background_reference,Sikkim,27.870253,88.5286,2012-06-22
1.5,11.3,28.0,0.400847,104.0,9.7485,292.1149,0,spatial_background_sample,spatial_background_reference,Tripura,23.892098,91.780901,2009-07-10
0.7,22.6,41.7,0.413385,816.0,33.5608,285.2071,1,GSI_field_inventory,observed_landslide,Mizoram,23.56233889,93.11890833,
22.0,78.1,92.9,0.385725,165.0,10.8114,139.6457,0,spatial_background_sample,spatial_background_reference,Tripura,23.742475,91.834253,2018-05-18
110.0,275.1,388.3,0.498437,36.0,17.581,261.1837,1,GSI_field_inventory,observed_landslide,Meghalaya,25.21022222,90.63220278,
2.3,10.6,25.0,0.442741,64.0,10.9401,326.7744,0,spatial_background_sample,spatial_background_reference,Tripura,23.651494,91.47722,2009-07-10
3.4,9.8,77.6,0.42026,1340.0,15.0536,81.3458,1,GSI_field_inventory,observed_landslide,Mizoram,24.04531667,93.49220278,
23.7,126.9,157.0,0.47603,134.0,11.1365,270.0,0,spatial_background_sample,spatial_background_reference,Meghalaya,25.372082,90.247504,2025-05-31
0.3,5.2,11.8,0.3935,24.0,3.8371,15.3457,0,spatial_background_sample,spatial_background_reference,Tripura,24.357479,91.95888,2009-07-10
18.0,66.3,87.0,0.387527,110.0,7.5989,52.6978,0,spatial_background_sample,spatial_background_reference,Tripura,23.903714,92.029665,2018-05-18
40.3,70.1,85.1,0.430973,23.0,2.9537,340.0752,0,spatial_background_sample,spatial_background_reference,Tripura,23.135203,91.51591,2018-05-18
17.6,34.6,60.2,0.481198,148.0,12.0611,261.2948,0,spatial_background_sample,spatial_background_reference,Tripura,23.26572,91.734413,2009-07-10
5.0,14.9,34.7,0.396795,94.0,0.9264,0.0,0,spatial_background_sample,spatial_background_reference,Tripura,23.451606,91.874465,2009-07-10
9.1,51.7,71.3,0.345914,778.0,2.2381,114.4396,0,spatial_background_sample,spatial_background_reference,Manipur,24.645125,93.924492,2011-05-31
24.5,107.0,153.1,0.406365,772.0,31.1876,305.0968,1,GSI_field_inventory,observed_landslide,Mizoram,23.76861111,92.85138889,
19.1,48.4,122.8,0.425153,2880.0,29.871,16.825,0,spatial_background_sample,spatial_background_reference,Arunachal Pradesh,28.911727,94.209767,2016-07-17
16.8,40.6,109.9,0.426323,4012.0,14.1775,108.6651,0,spatial_background_sample,spatial_background_reference,Arunachal Pradesh,28.563583,93.977641,2016-07-17
61.9,180.1,198.8,0.473482,53.0,8.241,276.41,0,spatial_background_sample,spatial_background_reference,Assam,26.004145,90.790054,2022-05-14
34.6,55.1,115.1,0.427973,3788.0,33.8855,96.9141,0,spatial_background_sample,spatial_background_reference,Arunachal Pradesh,29.180493,95.925028,2016-07-17
3.1,23.8,194.6,0.487723,530.0,15.0294,248.818,0,spatial_background_sample,spatial_background_reference,Meghalaya,25.284491,90.757869,2007-08-18
59.1,147.6,231.1,0.427735,1103.0,22.4761,222.0485,0,spatial_background_sample,spatial_background_reference,Arunachal Pradesh,28.918658,94.999953,2016-07-17
1.8,62.0,101.8,0.46119,74.0,5.9082,20.363,0,spatial_background_sample,spatial_background_reference,Assam,26.093256,92.917415,2025-06-06
6.3,13.1,32.9,0.474612,27.0,3.1725,286.9613,0,spatial_background_sample,spatial_background_reference,Tripura,23.797823,91.266907,2009-07-10
59.4,104.0,207.9,0.425833,1634.0,25.9819,223.1184,0,spatial_background_sample,spatial_background_reference,Arunachal Pradesh,29.100944,94.979922,2016-07-16
0.0,0.9,2.6,0.398653,4053.0,22.8709,65.0602,0,spatial_background_sample,spatial_background_reference,Sikkim,27.404247,88.086925,2022-11-20
0.0,0.0,0.0,0.359979,1399.0,27.2471,171.9663,1,GSI_field_inventory,observed_landslide,Nagaland,25.88165,94.19023,
2.3,10.6,25.0,0.475811,37.0,3.1726,253.0394,0,spatial_background_sample,spatial_background_reference,Tripura,23.80363,91.446509,2009-07-10
10.1,14.6,43.7,0.406126,5231.0,16.8536,138.3537,0,spatial_background_sample,spatial_background_reference,Sikkim,27.928429,88.397006,2012-06-22
95.0,130.3,147.8,0.490461,325.0,12.7272,106.6405,0,spatial_background_sample,spatial_background_reference,Assam,26.278812,92.897611,2010-06-03
6.3,13.1,32.9,0.480016,37.0,3.434,216.0612,0,spatial_background_sample,spatial_background_reference,Tripura,23.718849,91.29227,2009-07-10
12.7,70.1,85.9,0.370259,71.0,22.875,184.8216,0,spatial_background_sample,spatial_background_reference,Tripura,24.226533,92.087168,2018-05-18
10.0,141.2,300.3,0.494652,183.0,20.2382,337.0739,0,spatial_background_sample,spatial_background_reference,Meghalaya,25.750484,90.58085,2024-07-02
29.8,77.7,97.2,0.442007,61.0,3.4288,35.9414,0,spatial_background_sample,spatial_background_reference,Tripura,23.137633,91.694247,2018-05-18
11.2,49.8,93.5,0.459125,526.0,19.4671,185.0784,1,GSI_field_inventory,observed_landslide,Assam,25.124583,92.989111,
59.4,104.0,207.9,0.425817,2019.0,36.3411,199.0724,0,spatial_background_sample,spatial_background_reference,Arunachal Pradesh,29.022857,94.951576,2016-07-16
25.2,66.6,84.2,0.457341,106.0,15.9429,99.7767,0,spatial_background_sample,spatial_background_reference,Tripura,23.220858,91.724532,2018-05-18
2.4,5.5,17.5,0.420183,4878.0,13.9648,347.2498,0,spatial_background_sample,spatial_background_reference,Sikkim,27.88869,88.570231,2025-09-11
9.4,96.4,188.2,0.439403,1135.0,4.6222,0.0,0,spatial_background_sample,spatial_background_reference,Arunachal Pradesh,27.209717,96.964245,2016-07-17
54.6,157.7,181.6,0.465001,69.0,1.3889,131.8294,0,spatial_background_sample,spatial_background_reference,Assam,26.488193,92.05496,2022-05-14
3.0,22.3,61.5,0.417115,570.0,21.3945,348.9038,1,GSI_field_inventory,observed_landslide,Mizoram,24.15817222,93.02488611,
10.4,60.5,81.2,0.387522,93.0,1.0106,270.0,0,spatial_background_sample,spatial_background_reference,Tripura,23.557976,91.824742,2018-05-18
15.5,45.8,126.5,0.418567,76.0,9.5591,140.1872,0,spatial_background_sample,spatial_background_reference,Meghalaya,25.872373,90.284176,2007-08-18
24.4,45.6,95.7,0.425089,3491.0,39.2148,187.7894,0,spatial_background_sample,spatial_background_reference,Arunachal Pradesh,28.690845,96.246203,2016-07-17
34.2,58.9,119.9,0.42507,2927.0,47.8832,260.7462,0,spatial_background_sample,spatial_background_reference,Arunachal Pradesh,29.085865,94.428201,2016-07-17
23.7,40.6,134.7,0.423491,755.0,18.0521,153.2534,0,spatial_background_sample,spatial_background_reference,Arunachal Pradesh,28.128398,94.561086,2016-07-17
66.8,139.9,166.0,0.462033,54.0,1.3883,48.1487,0,spatial_background_sample,spatial_background_reference,Assam,26.39963,92.093294,2022-05-14
70.1,205.4,347.1,0.427439,2294.0,43.4107,297.4837,0,spatial_background_sample,spatial_background_reference,Sikkim,27.591001,88.406101,2012-06-26
26.9,65.8,86.8,0.436249,54.0,4.0976,132.62,0,spatial_background_sample,spatial_background_reference,Tripura,23.045994,91.718258,2018-05-18
5.0,14.9,34.7,0.396318,74.0,2.9546,340.0291,0,spatial_background_sample,spatial_background_reference,Tripura,23.468904,91.70928,2009-07-10
26.1,108.4,132.1,0.41983,89.0,4.2325,330.9235,0,spatial_background_sample,spatial_background_reference,Assam,25.948177,92.979221,2022-05-14
1.5,5.1,29.8,0.426649,4181.0,21.6008,104.1835,0,spatial_background_sample,spatial_background_reference,Sikkim,27.802181,88.758107,2022-05-29
20.2,52.9,99.7,0.424603,3971.0,37.5225,8.2674,0,spatial_background_sample,spatial_background_reference,Arunachal Pradesh,28.529504,96.000693,2016-07-16
8.1,69.9,85.2,0.443576,17.0,5.5414,180.0,0,spatial_background_sample,spatial_background_reference,Tripura,23.747566,91.169424,2018-05-18
4.2,13.5,57.6,0.468251,210.0,9.2186,333.7229,0,spatial_background_sample,spatial_background_reference,Assam,25.819354,93.285455,2020-06-02
10.3,54.0,64.3,0.339299,216.0,22.8744,184.8029,0,spatial_background_sample,spatial_background_reference,Tripura,23.723038,92.243077,2018-05-18
12.3,31.4,59.6,0.490874,70.0,4.5089,65.7891,0,spatial_background_sample,spatial_background_reference,Meghalaya,25.934804,90.41212,2009-06-29
21.3,138.1,209.7,0.425263,62.0,7.6404,68.8009,0,spatial_background_sample,spatial_background_reference,Meghalaya,25.177173,90.405687,2024-07-02
15.9,27.6,86.4,0.416562,451.0,22.7138,165.1947,1,GSI_field_inventory,observed_landslide,Mizoram,24.76606111,93.30076667,
34.8,101.2,202.8,0.4246,3050.0,44.9222,304.5744,0,spatial_background_sample,spatial_background_reference,Sikkim,27.612064,88.432838,2013-08-28
50.8,122.7,151.1,0.474351,62.0,9.5396,320.3304,0,spatial_background_sample,spatial_background_reference,Meghalaya,25.263481,90.376159,2025-05-30
11.0,24.8,44.0,0.416362,2624.0,19.7066,149.0622,0,spatial_background_sample,spatial_background_reference,Arunachal Pradesh,28.586455,94.206513,2016-04-22
4.4,13.0,34.2,0.396241,104.0,5.1188,79.6006,0,spatial_background_sample,spatial_background_reference,Tripura,23.419504,91.87703,2009-07-10
3.9,33.0,71.1,0.378562,39.0,10.0258,169.8395,1,GSI_field_inventory,observed_landslide,Assam,24.72192,92.90381,
28.4,120.9,207.4,0.496299,1721.0,32.0682,148.3944,0,spatial_background_sample,spatial_background_reference,Arunachal Pradesh,27.57205,96.672708,2016-07-17
26.3,51.5,154.8,0.421186,370.0,25.3903,171.1046,0,spatial_background_sample,spatial_background_reference,Arunachal Pradesh,28.203828,94.629749,2016-07-17
52.6,116.3,241.0,0.486368,142.0,12.0385,9.7072,0,spatial_background_sample,spatial_background_reference,Meghalaya,25.926075,90.427974,2020-05-26
30.8,87.3,160.9,0.42271,373.0,9.6295,319.6775,0,spatial_background_sample,spatial_background_reference,Arunachal Pradesh,27.912356,94.957773,2016-07-17
0.0,0.0,9.6,0.264167,4826.0,12.7954,175.3858,0,spatial_background_sample,spatial_background_reference,Sikkim,27.744658,88.396065,2022-11-20
15.3,65.4,81.7,0.404479,119.0,6.0609,270.0,0,spatial_background_sample,spatial_background_reference,Tripura,23.974717,91.891219,2018-05-18
19.6,46.9,50.1,0.42126,702.0,28.2761,135.6214,1,GSI_field_inventory,observed_landslide,Mizoram,23.88527778,92.8575,
9.4,49.0,83.4,0.398115,6047.0,43.2113,356.66,0,spatial_background_sample,spatial_background_reference,Sikkim,27.58948,88.091146,2013-08-28
2.5,15.0,30.6,0.486573,62.0,7.4382,7.7674,0,spatial_background_sample,spatial_background_reference,Tripura,23.595058,91.421109,2009-07-10
10.5,90.2,121.3,0.424333,1995.0,47.9689,227.8979,0,spatial_background_sample,spatial_background_reference,Manipur,25.359804,93.915426,2007-08-28
0.2,9.2,90.9,0.409448,329.0,33.4128,207.9479,1,GSI_field_inventory,observed_landslide,Mizoram,23.61583333,92.79111111,
8.3,62.5,121.0,0.47724,630.0,18.2765,186.9989,1,GSI_field_inventory,observed_landslide,Assam,25.16736,93.00953,
2.5,35.1,60.7,0.49121,71.0,1.39,228.21,0,spatial_background_sample,spatial_background_reference,Assam,26.646575,93.015931,2016-05-27
35.3,63.1,115.7,0.474729,485.0,21.7259,92.9108,1,GSI_field_inventory,observed_landslide,Assam,25.168083,93.024922,
32.2,214.3,317.7,0.375094,641.0,28.5907,48.0645,1,GSI_field_inventory,observed_landslide,Mizoram,23.316491,92.788798,
52.9,149.3,263.7,0.370573,1098.0,22.2907,153.9425,1,GSI_field_inventory,observed_landslide,Mizoram,22.866131,92.772713,
9.5,33.2,151.5,0.491076,22.0,5.1738,280.287,0,spatial_background_sample,spatial_background_reference,Assam,24.839727,92.915543,2018-08-31
32.2,214.3,317.7,0.372094,907.0,21.2413,171.5258,1,GSI_field_inventory,observed_landslide,Mizoram,23.298166,92.858694,
3.9,16.6,35.0,0.411863,5241.0,11.0515,48.5242,0,spatial_background_sample,spatial_background_reference,Sikkim,27.874733,88.479231,2013-08-28
4.8,15.9,31.7,0.482631,45.0,12.8946,270.0,0,spatial_background_sample,spatial_background_reference,Tripura,23.3357,91.56053,2009-07-10
23.8,130.5,187.3,0.492293,184.0,5.0632,24.1461,0,spatial_background_sample,spatial_background_reference,Nagaland,26.838043,94.884788,2024-07-01
3.8,223.6,276.1,0.493935,318.0,2.7651,47.966,0,spatial_background_sample,spatial_background_reference,Meghalaya,25.646799,90.631032,2025-05-31
76.1,171.0,188.9,0.315525,773.0,21.4908,134.2796,0,spatial_background_sample,spatial_background_reference,Mizoram,23.393231,92.425913,2024-05-28
3.0,105.8,214.3,0.480427,641.0,27.0184,200.5313,1,GSI_field_inventory,observed_landslide,Assam,25.15736111,93.01608333,
1.5,11.3,28.0,0.400847,128.0,4.1124,132.4302,0,spatial_background_sample,spatial_background_reference,Tripura,23.922664,91.804313,2009-07-10
1.9,3.5,110.6,0.388577,1221.0,28.4796,300.4444,0,spatial_background_sample,spatial_background_reference,Nagaland,25.986919,94.968896,2024-06-01
15.6,71.3,113.7,0.433632,115.0,0.0,180.0,0,spatial_background_sample,spatial_background_reference,Assam,27.6207,95.110593,2010-06-03
72.6,143.6,260.9,0.38581,37.0,1.0321,90.0,0,spatial_background_sample,spatial_background_reference,Assam,26.163759,89.82902,2016-05-17
42.3,133.8,155.5,0.401488,91.0,4.7345,347.4672,0,spatial_background_sample,spatial_background_reference,Meghalaya,25.880892,90.032075,2025-05-30
49.4,126.3,165.8,0.376667,981.0,21.6029,207.2359,1,GSI_field_inventory,observed_landslide,Mizoram,23.71305556,92.70895833,
17.6,91.5,113.9,0.472937,48.0,1.3722,47.5432,0,spatial_background_sample,spatial_background_reference,Tripura,23.802124,91.440675,2018-05-18
33.2,81.6,114.2,0.424315,3315.0,60.2807,35.6828,0,spatial_background_sample,spatial_background_reference,Sikkim,27.606034,88.280426,2014-07-08
12.8,101.8,345.9,0.390156,752.0,19.484,73.3838,1,GSI_field_inventory,observed_landslide,Mizoram,23.199924,92.73481,
13.7,82.1,101.8,0.473958,58.0,2.2251,114.5919,0,spatial_background_sample,spatial_background_reference,Tripura,23.747241,91.374627,2018-05-18
3.3,82.8,220.4,0.490079,253.0,18.1559,129.8669,0,spatial_background_sample,spatial_background_reference,Meghalaya,25.922092,90.3845,2017-06-17
68.3,195.0,448.2,0.490045,68.0,2.9638,159.5436,0,spatial_background_sample,spatial_background_reference,Assam,26.669131,93.063514,2014-09-23
1.5,11.3,28.0,0.396208,86.0,4.4498,65.4454,0,spatial_background_sample,spatial_background_reference,Tripura,23.970476,91.864313,2009-07-10
0.0,26.3,151.2,0.485321,68.0,1.0353,270.0,0,spatial_background_sample,spatial_background_reference,Assam,26.520599,91.939684,2016-05-22
31.1,65.1,80.1,0.450195,36.0,0.9264,180.0,0,spatial_background_sample,spatial_background_reference,Tripura,23.218899,91.599178,2018-05-18
12.8,101.8,345.9,0.390156,757.0,17.4034,75.7997,1,GSI_field_inventory,observed_landslide,Mizoram,23.226843,92.740266,
21.1,26.2,42.8,0.428342,990.0,5.9058,20.2989,0,spatial_background_sample,spatial_background_reference,Meghalaya,25.687463,92.346945,2022-04-04
26.3,80.7,186.3,0.482353,94.0,0.9264,0.0,0,spatial_background_sample,spatial_background_reference,Assam,26.456992,94.046579,2022-05-16
84.1,153.7,169.2,0.291301,338.0,35.4809,279.137,0,spatial_background_sample,spatial_background_reference,Mizoram,23.210882,92.366341,2024-05-28
18.4,86.6,282.8,0.363417,822.0,35.0505,268.0164,1,GSI_field_inventory,observed_landslide,Mizoram,22.54735,92.882032,
42.5,100.3,170.4,0.426598,2799.0,38.7382,165.3436,0,spatial_background_sample,spatial_background_reference,Arunachal Pradesh,28.807373,95.071058,2016-07-17
3.6,36.3,54.9,0.401286,5080.0,16.1587,161.5694,0,spatial_background_sample,spatial_background_reference,Sikkim,28.045061,88.722535,2014-07-01
25.8,41.3,84.3,0.42674,3675.0,20.6718,219.5205,0,spatial_background_sample,spatial_background_reference,Arunachal Pradesh,28.897288,96.234506,2016-07-17
20.3,35.6,124.3,0.423368,681.0,22.8541,240.0834,0,spatial_background_sample,spatial_background_reference,Arunachal Pradesh,27.717784,94.291534,2016-07-17
12.3,15.8,36.4,0.3856,5040.0,45.9647,59.9808,0,spatial_background_sample,spatial_background_reference,Sikkim,27.778955,88.354785,2022-06-15
31.2,63.2,158.8,0.425847,2125.0,37.2543,54.9675,0,spatial_background_sample,spatial_background_reference,Arunachal Pradesh,28.017075,93.226641,2016-07-17
15.8,89.9,182.0,0.427223,2742.0,27.6006,47.1225,0,spatial_background_sample,spatial_background_reference,Arunachal Pradesh,27.585399,91.626042,2016-07-17
20.8,80.4,127.4,0.475601,121.0,1.0414,90.0,0,spatial_background_sample,spatial_background_reference,Assam,27.187123,95.278678,2016-05-17
5.5,51.2,65.4,0.415874,5421.0,12.685,77.5544,0,spatial_background_sample,spatial_background_reference,Sikkim,28.018362,88.5121,2014-07-01
0.3,5.2,11.8,0.395908,130.0,6.1405,278.6442,0,spatial_background_sample,spatial_background_reference,Tripura,24.195781,91.934507,2009-07-10
13.0,53.7,109.4,0.423833,4504.0,39.8954,138.9669,0,spatial_background_sample,spatial_background_reference,Arunachal Pradesh,27.887674,92.687576,2016-07-17
1.2,13.8,28.3,0.412253,5038.0,10.4245,275.0422,0,spatial_background_sample,spatial_background_reference,Sikkim,28.07762,88.620862,2021-08-27
93.3,158.0,173.6,0.379844,494.0,25.5398,93.8851,1,GSI_field_inventory,observed_landslide,Mizoram,23.53611111,92.65527778,
14.2,30.9,103.9,0.42499,3612.0,23.6772,314.4775,0,spatial_background_sample,spatial_background_reference,Arunachal Pradesh,28.530204,93.634246,2016-07-17
6.7,66.4,92.7,0.36,5288.0,5.9045,242.0275,0,spatial_background_sample,spatial_background_reference,Sikkim,27.729082,88.202794,2014-07-01
2.9,4.0,28.2,0.427585,3844.0,34.8035,87.3334,0,spatial_background_sample,spatial_background_reference,Sikkim,27.759345,88.661641,2024-07-21
54.9,118.1,157.5,0.379417,847.0,28.4076,242.8437,1,GSI_field_inventory,observed_landslide,Mizoram,23.56416667,92.70805556,
49.4,108.6,154.4,0.376667,948.0,32.7505,165.6733,1,GSI_field_inventory,observed_landslide,Mizoram,23.74861111,92.73861111,
1.8,45.0,89.2,0.474957,846.0,8.2198,132.1916,0,spatial_background_sample,spatial_background_reference,Manipur,24.977032,93.900181,2010-06-10
7.5,25.6,47.4,0.414214,28.0,1.384,227.9886,0,spatial_background_sample,spatial_background_reference,Meghalaya,25.741276,89.963213,2007-09-15
27.2,74.9,97.2,0.410626,59.0,17.2454,285.0965,0,spatial_background_sample,spatial_background_reference,Tripura,23.484115,91.561505,2018-05-18
58.0,149.6,195.9,0.493268,814.0,7.7465,69.1085,0,spatial_background_sample,spatial_background_reference,Arunachal Pradesh,27.048901,92.144527,2016-07-16
38.1,103.4,176.2,0.492277,245.0,0.9264,0.0,0,spatial_background_sample,spatial_background_reference,Arunachal Pradesh,27.116785,95.469871,2016-04-22
24.3,54.3,115.3,0.425802,349.0,32.5402,212.4813,1,GSI_field_inventory,observed_landslide,Mizoram,24.57470833,93.13897222,
13.9,60.8,122.6,0.424682,2610.0,35.6546,225.6739,0,spatial_background_sample,spatial_background_reference,Arunachal Pradesh,28.087968,96.937087,2016-07-17
12.1,76.1,94.7,0.409296,36.0,4.1522,102.8695,0,spatial_background_sample,spatial_background_reference,Tripura,23.95253,91.346174,2018-05-18
1.9,12.3,24.2,0.402751,109.0,10.6681,69.9189,0,spatial_background_sample,spatial_background_reference,Tripura,23.944986,91.544798,2009-07-10
49.4,126.3,165.8,0.376667,1070.0,36.6255,334.6529,1,GSI_field_inventory,observed_landslide,Mizoram,23.70527778,92.71138889,
30.6,105.4,156.6,0.425357,4107.0,42.7256,329.0759,0,spatial_background_sample,spatial_background_reference,Sikkim,27.656785,88.395135,2014-06-24
1.9,12.3,24.2,0.402751,89.0,2.0261,270.0,0,spatial_background_sample,spatial_background_reference,Tripura,23.917644,91.491139,2009-07-10
10.1,14.6,43.7,0.407731,5011.0,17.0532,212.4976,0,spatial_background_sample,spatial_background_reference,Sikkim,27.989768,88.476386,2012-06-22
5.1,97.3,149.8,0.486856,56.0,10.9816,326.437,0,spatial_background_sample,spatial_background_reference,Meghalaya,25.265393,90.41863,2014-09-23
23.3,42.7,108.3,0.424312,902.0,50.522,40.6089,0,spatial_background_sample,spatial_background_reference,Arunachal Pradesh,28.372155,94.032537,2016-07-17
5.0,14.9,34.7,0.396318,40.0,2.7395,312.5192,0,spatial_background_sample,spatial_background_reference,Tripura,23.516285,91.693784,2009-07-10
32.9,61.6,122.6,0.426921,3052.0,30.4191,301.5504,0,spatial_background_sample,spatial_background_reference,Arunachal Pradesh,29.244344,95.808266,2016-07-17
33.9,86.2,104.5,0.46986,57.0,12.7709,110.8972,0,spatial_background_sample,spatial_background_reference,Tripura,23.603764,91.511573,2018-05-18
15.5,62.2,78.2,0.398804,101.0,4.1127,47.5742,0,spatial_background_sample,spatial_background_reference,Tripura,23.942887,91.86801,2018-05-18
39.0,117.7,233.0,0.381135,768.0,36.0733,202.7561,1,GSI_field_inventory,observed_landslide,Mizoram,23.19917,93.000199,
59.1,147.6,231.1,0.425933,778.0,31.58,181.7254,0,spatial_background_sample,spatial_background_reference,Arunachal Pradesh,29.116693,94.999434,2016-07-17
7.5,61.2,109.7,0.382757,86.0,6.1607,41.4959,0,spatial_background_sample,spatial_background_reference,Meghalaya,25.262102,90.040708,2024-06-17
31.2,94.3,112.9,0.462375,32.0,6.4577,0.0,0,spatial_background_sample,spatial_background_reference,Tripura,23.544605,91.425543,2018-05-18
42.5,100.3,170.4,0.426897,2517.0,26.7453,206.0488,0,spatial_background_sample,spatial_background_reference,Arunachal Pradesh,28.740586,95.241453,2016-07-17
11.7,45.5,84.7,0.422631,3194.0,22.7079,148.2195,0,spatial_background_sample,spatial_background_reference,Arunachal Pradesh,28.309737,96.934568,2016-07-16
100.9,219.9,277.6,0.369594,35.0,3.6004,59.0722,0,spatial_background_sample,spatial_background_reference,Assam,26.009693,90.219123,2022-05-13
60.5,261.8,383.8,0.381208,897.0,16.7978,162.1436,1,GSI_field_inventory,observed_landslide,Mizoram,23.3466,92.854847,
49.4,108.6,154.4,0.377302,215.0,19.0236,90.0,1,GSI_field_inventory,observed_landslide,Mizoram,23.71972222,92.79777778,
168.5,229.5,325.6,0.368646,837.0,29.2453,344.0059,1,GSI_field_inventory,observed_landslide,Mizoram,23.350187,92.778852,
54.8,199.8,262.0,0.42154,1393.0,27.2956,136.1108,0,spatial_background_sample,spatial_background_reference,Manipur,25.317526,93.804068,2018-06-14
15.3,126.5,159.4,0.470235,154.0,6.1769,221.6673,0,spatial_background_sample,spatial_background_reference,Assam,25.981897,93.465687,2022-05-15
7.1,14.0,31.1,0.409144,4449.0,20.5517,304.1025,0,spatial_background_sample,spatial_background_reference,Sikkim,27.692108,88.339483,2024-08-21
2.2,7.0,11.9,0.41489,4909.0,5.6387,349.3059,0,spatial_background_sample,spatial_background_reference,Sikkim,28.047829,88.616601,2015-07-08
44.3,156.7,217.4,0.35375,6353.0,58.7811,168.5207,0,spatial_background_sample,spatial_background_reference,Sikkim,27.579844,88.212647,2014-06-24
18.7,71.1,89.6,0.405372,127.0,10.0292,270.0,0,spatial_background_sample,spatial_background_reference,Tripura,23.893933,91.809626,2018-05-18
22.3,33.5,48.6,0.484533,44.0,3.7006,0.0,0,spatial_background_sample,spatial_background_reference,Assam,26.2331,91.437749,2010-06-16
26.3,119.1,251.5,0.428039,3062.0,26.6832,175.8409,0,spatial_background_sample,spatial_background_reference,Arunachal Pradesh,27.475324,92.595876,2016-07-17
13.3,64.2,79.3,0.38874,258.0,11.6649,340.0283,0,spatial_background_sample,spatial_background_reference,Tripura,23.474627,91.790997,2018-05-18
26.4,275.5,602.8,0.43185,49.0,4.523,114.1301,0,spatial_background_sample,spatial_background_reference,Assam,26.374968,90.453501,2019-07-16
2.7,32.0,47.1,0.417729,797.0,27.373,68.4465,1,GSI_field_inventory,observed_landslide,Mizoram,23.64638889,92.72638889,
10.1,14.6,43.7,0.406126,5119.0,15.3754,266.6289,0,spatial_background_sample,spatial_background_reference,Sikkim,27.925216,88.408729,2012-06-22
10.4,11.1,25.4,0.488824,779.0,2.9573,20.1182,0,spatial_background_sample,spatial_background_reference,Manipur,24.497424,93.958591,2024-07-29
40.0,114.6,145.8,0.421171,73.0,7.6761,248.9052,0,spatial_background_sample,spatial_background_reference,Meghalaya,25.827028,90.192656,2025-05-30
5.0,14.9,34.7,0.396318,72.0,11.0271,125.5089,0,spatial_background_sample,spatial_background_reference,Tripura,23.452162,91.741512,2009-07-10
81.2,220.4,261.4,0.368802,77.0,1.3909,311.7555,0,spatial_background_sample,spatial_background_reference,Assam,26.784665,92.93842,2022-05-13
7.1,44.0,64.2,0.339299,100.0,2.742,132.4727,0,spatial_background_sample,spatial_background_reference,Tripura,23.729659,92.214004,2018-05-18
136.4,233.6,331.0,0.436646,748.0,20.5928,58.9075,0,spatial_background_sample,spatial_background_reference,Meghalaya,25.232087,92.506961,2020-05-26
22.8,86.9,103.9,0.441583,29.0,5.7466,118.8181,0,spatial_background_sample,spatial_background_reference,Tripura,23.51698,91.233165,2018-05-18
36.9,150.8,184.8,0.301635,60.0,4.8263,220.0023,0,spatial_background_sample,spatial_background_reference,Assam,26.652469,91.240384,2025-05-31
1.4,89.0,298.0,0.412039,278.0,6.1643,261.3898,0,spatial_background_sample,spatial_background_reference,Manipur,24.699394,94.535451,2018-06-14
3.0,9.3,15.9,0.372548,141.0,27.4397,51.4769,0,spatial_background_sample,spatial_background_reference,Tripura,23.721895,92.229823,2009-07-10
3.5,9.5,17.9,0.413134,4986.0,44.6617,52.7437,0,spatial_background_sample,spatial_background_reference,Sikkim,27.879877,88.718339,2015-07-08
4.8,15.9,31.7,0.488574,19.0,2.0165,90.0,0,spatial_background_sample,spatial_background_reference,Tripura,23.290735,91.408408,2009-07-10
13.6,41.5,78.0,0.492301,343.0,10.3403,79.7908,0,spatial_background_sample,spatial_background_reference,Meghalaya,25.779648,90.814789,2025-06-25
14.6,14.6,18.5,0.330504,5804.0,9.0008,324.7512,0,spatial_background_sample,spatial_background_reference,Sikkim,27.822791,88.221469,2025-09-11
36.7,76.0,168.8,0.491033,56.0,2.1215,29.194,0,spatial_background_sample,spatial_background_reference,Assam,26.50887,90.240119,2016-06-22
19.3,83.2,154.5,0.400625,924.0,33.2923,153.3279,1,GSI_field_inventory,observed_landslide,Mizoram,23.09759444,93.21089444,
4.5,80.6,161.6,0.43893,316.0,7.2374,82.6849,0,spatial_background_sample,spatial_background_reference,Assam,26.025588,93.498667,2014-05-10
61.9,120.9,163.8,0.376667,742.0,25.0467,241.5551,1,GSI_field_inventory,observed_landslide,Mizoram,23.65388889,92.72444444,
39.3,112.8,188.1,0.427146,2718.0,20.71,19.7939,0,spatial_background_sample,spatial_background_reference,Arunachal Pradesh,27.861432,96.646897,2016-07-16
6.3,46.8,96.2,0.424476,3764.0,38.2441,40.6178,0,spatial_background_sample,spatial_background_reference,Arunachal Pradesh,28.070624,97.203516,2016-07-17
59.3,200.2,328.1,0.497094,1748.0,4.5004,245.7114,1,GSI_field_inventory,observed_landslide,Meghalaya,25.50368056,91.72342222,
20.4,222.3,331.0,0.485497,1036.0,4.4802,294.3765,0,spatial_background_sample,spatial_background_reference,Manipur,25.007454,93.892778,2018-06-14
35.3,97.7,113.1,0.470025,55.0,3.168,106.9863,0,spatial_background_sample,spatial_background_reference,Tripura,23.593633,91.412009,2018-05-18
54.9,118.1,157.5,0.379844,872.0,22.8661,276.0594,1,GSI_field_inventory,observed_landslide,Mizoram,23.54166667,92.70194444,
54.9,118.1,157.5,0.379844,832.0,31.5609,297.8895,1,GSI_field_inventory,observed_landslide,Mizoram,23.53027778,92.69666667,
20.8,39.9,69.2,0.489359,179.0,3.6189,59.2482,0,spatial_background_sample,spatial_background_reference,Nagaland,26.814614,94.863523,2009-07-27
13.6,57.5,114.8,0.422842,769.0,24.3586,180.0,0,spatial_background_sample,spatial_background_reference,Arunachal Pradesh,28.120339,94.578931,2016-07-16
52.5,217.0,370.4,0.427073,45.0,0.9264,0.0,0,spatial_background_sample,spatial_background_reference,Assam,26.435086,90.903103,2016-05-18
1.6,7.6,20.7,0.419804,5441.0,20.7102,340.205,0,spatial_background_sample,spatial_background_reference,Sikkim,27.868023,88.245569,2014-07-08
32.2,214.3,317.7,0.372094,1053.0,28.219,213.9456,1,GSI_field_inventory,observed_landslide,Mizoram,23.310846,92.858915,
12.0,28.4,90.3,0.465211,112.0,0.9264,180.0,0,spatial_background_sample,spatial_background_reference,Assam,27.092649,95.074688,2016-08-31
7.6,20.7,39.8,0.463299,45.0,10.1303,223.6153,0,spatial_background_sample,spatial_background_reference,Tripura,23.313978,91.343733,2009-07-10
5.4,133.9,217.7,0.430262,771.0,0.9264,180.0,0,spatial_background_sample,spatial_background_reference,Manipur,24.624801,93.95172,2018-06-14
18.1,33.3,65.6,0.479144,219.0,22.821,357.5522,0,spatial_background_sample,spatial_background_reference,Meghalaya,25.876554,90.739967,2018-05-07
14.0,81.7,102.6,0.39176,114.0,23.9625,229.0904,0,spatial_background_sample,spatial_background_reference,Tripura,23.842578,91.739428,2018-05-18
28.1,56.6,124.2,0.489195,180.0,1.3999,48.5728,0,spatial_background_sample,spatial_background_reference,Arunachal Pradesh,28.059089,95.767392,2016-07-17
0.7,9.8,28.4,0.397177,5062.0,16.0505,235.8037,0,spatial_background_sample,spatial_background_reference,Sikkim,27.950013,88.594046,2024-08-21
2.8,5.1,9.9,0.416827,4820.0,0.9264,0.0,0,spatial_background_sample,spatial_background_reference,Sikkim,27.926662,88.509399,2014-07-08
30.0,124.7,281.5,0.493552,120.0,2.093,270.0,0,spatial_background_sample,spatial_background_reference,Assam,27.763371,95.418238,2017-07-03
26.2,93.8,159.6,0.457957,111.0,1.3931,228.3258,0,spatial_background_sample,spatial_background_reference,Assam,27.106595,95.17102,2022-05-14
20.2,29.5,73.5,0.405744,4949.0,18.9684,32.1351,0,spatial_background_sample,spatial_background_reference,Sikkim,27.818967,88.648325,2012-06-22
23.2,74.7,91.4,0.386144,190.0,8.5172,166.3469,0,spatial_background_sample,spatial_background_reference,Tripura,23.816276,91.928828,2018-05-18
25.5,156.0,287.1,0.471186,55.0,5.9074,20.3425,0,spatial_background_sample,spatial_background_reference,Assam,25.964418,90.965207,2016-05-17
5.2,18.6,76.2,0.491695,881.0,13.1921,82.0699,0,spatial_background_sample,spatial_background_reference,Meghalaya,25.118658,92.511777,2007-09-15
6.0,35.4,55.7,0.274731,547.0,20.9251,346.5648,0,spatial_background_sample,spatial_background_reference,Manipur,24.489633,94.348966,2018-05-03
16.6,63.7,206.4,0.42721,1442.0,20.148,33.1388,0,spatial_background_sample,spatial_background_reference,Arunachal Pradesh,27.527159,93.417015,2016-07-17
15.9,97.3,226.0,0.487534,57.0,2.2626,294.1574,0,spatial_background_sample,spatial_background_reference,Assam,26.22699,92.10978,2014-09-23
0.0,4.5,152.6,0.403787,3583.0,24.3254,255.4997,0,spatial_background_sample,spatial_background_reference,Sikkim,27.537288,88.374418,2022-11-20
22.8,75.5,95.6,0.410626,115.0,4.2135,331.3919,0,spatial_background_sample,spatial_background_reference,Tripura,23.543745,91.597387,2018-05-18
22.9,76.1,90.7,0.39574,69.0,7.6034,307.2759,0,spatial_background_sample,spatial_background_reference,Tripura,24.026424,91.957724,2018-05-18
4.4,13.0,34.2,0.392342,138.0,11.0236,274.7612,0,spatial_background_sample,spatial_background_reference,Tripura,23.62395,91.89797,2009-07-10
17.0,60.2,72.6,0.377061,148.0,10.134,5.6696,0,spatial_background_sample,spatial_background_reference,Tripura,23.694307,91.90711,2018-05-18
2.7,12.2,20.0,0.392527,129.0,10.1341,5.6726,0,spatial_background_sample,spatial_background_reference,Tripura,23.762002,91.796056,2009-07-10
85.5,142.7,205.6,0.377844,964.0,27.0912,270.9066,1,GSI_field_inventory,observed_landslide,Mizoram,23.387941,92.842291,
6.3,13.1,32.9,0.446201,25.0,6.1272,41.1373,0,spatial_background_sample,spatial_background_reference,Tripura,23.672941,91.241592,2009-07-10
64.2,174.3,227.0,0.382344,53.0,1.3896,311.804,0,spatial_background_sample,spatial_background_reference,Assam,26.59031,90.909949,2022-05-14
6.3,13.1,32.9,0.446201,33.0,1.8523,0.0,0,spatial_background_sample,spatial_background_reference,Tripura,23.722989,91.156434,2009-07-10
18.1,32.6,71.1,0.392729,1017.0,35.0318,155.0035,1,GSI_field_inventory,observed_landslide,Mizoram,23.74916667,92.7375,
13.2,45.3,117.8,0.425689,96.0,1.3912,131.7425,0,spatial_background_sample,spatial_background_reference,Assam,26.836581,92.593861,2018-08-31
25.8,41.3,84.3,0.423335,4193.0,42.4042,139.5817,0,spatial_background_sample,spatial_background_reference,Arunachal Pradesh,29.090908,96.140834,2016-07-17
40.0,191.4,229.4,0.437289,82.0,2.1227,150.7493,0,spatial_background_sample,spatial_background_reference,Assam,26.77412,93.280765,2022-05-13
24.2,91.9,130.7,0.407281,397.0,37.5447,236.4348,1,GSI_field_inventory,observed_landslide,Mizoram,23.60972222,92.79972222,
1.5,11.3,28.0,0.404866,135.0,22.9642,147.0882,0,spatial_background_sample,spatial_background_reference,Tripura,24.077446,91.738901,2009-07-10
2.7,12.2,20.0,0.392601,162.0,8.9342,51.8931,0,spatial_background_sample,spatial_background_reference,Tripura,23.79293,91.733037,2009-07-10
5.0,14.9,34.7,0.399095,53.0,7.5506,248.5332,0,spatial_background_sample,spatial_background_reference,Tripura,23.42737,91.726209,2009-07-10
5.0,14.9,34.7,0.402095,98.0,10.3661,254.6219,0,spatial_background_sample,spatial_background_reference,Tripura,23.539842,91.803124,2009-07-10
7.0,39.2,84.1,0.301132,5104.0,9.4127,347.2616,0,spatial_background_sample,spatial_background_reference,Sikkim,27.785042,88.340869,2014-08-26
36.7,177.6,279.2,0.418506,2251.0,24.5451,67.078,0,spatial_background_sample,spatial_background_reference,Arunachal Pradesh,27.848912,96.773384,2016-04-22
16.5,51.8,75.4,0.384104,988.0,33.4164,178.8381,1,GSI_field_inventory,observed_landslide,Manipur,24.84833,93.45917,
35.3,63.1,115.7,0.474729,696.0,31.9747,3.2852,1,GSI_field_inventory,observed_landslide,Assam,25.17623,93.01326,
17.7,42.9,234.1,0.422512,54.0,4.9741,56.1265,0,spatial_background_sample,spatial_background_reference,Assam,26.482772,90.876834,2014-06-27
2.7,12.2,20.0,0.392601,59.0,2.9555,159.9766,0,spatial_background_sample,spatial_background_reference,Tripura,23.841699,91.654411,2009-07-10
16.2,86.3,108.5,0.399568,68.0,4.6222,0.0,0,spatial_background_sample,spatial_background_reference,Tripura,23.895646,91.450323,2018-05-18
5.8,24.4,49.8,0.489187,344.0,17.9754,206.2232,0,spatial_background_sample,spatial_background_reference,Meghalaya,25.536665,90.512486,2007-09-15
13.0,67.5,202.9,0.490488,99.0,1.0364,270.0,0,spatial_background_sample,spatial_background_reference,Assam,26.638096,94.204048,2016-05-22
65.0,128.9,173.2,0.377844,1460.0,23.839,219.7057,1,GSI_field_inventory,observed_landslide,Mizoram,23.43194444,92.76083333,
35.4,71.6,90.2,0.444283,84.0,16.3121,286.0372,0,spatial_background_sample,spatial_background_reference,Tripura,23.098244,91.592414,2018-05-18
33.0,96.1,200.4,0.346507,884.0,14.1764,326.3214,0,spatial_background_sample,spatial_background_reference,Mizoram,22.560373,93.099785,2025-05-30
24.6,107.8,151.1,0.481509,171.0,4.1807,270.0,0,spatial_background_sample,spatial_background_reference,Arunachal Pradesh,27.76996,96.016141,2016-07-17
25.9,49.0,129.6,0.420695,4326.0,23.723,16.9271,0,spatial_background_sample,spatial_background_reference,Sikkim,27.792777,88.448557,2012-06-22
4.8,15.9,31.7,0.482631,45.0,4.0273,90.0,0,spatial_background_sample,spatial_background_reference,Tripura,23.269534,91.598099,2009-07-10
33.3,127.0,146.7,0.403625,1043.0,19.8728,26.4025,1,GSI_field_inventory,observed_landslide,Manipur,24.985,93.52113889,
21.4,66.1,104.7,0.428277,4762.0,14.4634,82.7975,0,spatial_background_sample,spatial_background_reference,Sikkim,27.795738,88.844201,2012-06-26
22.0,78.1,92.9,0.385725,179.0,3.1704,73.0271,0,spatial_background_sample,spatial_background_reference,Tripura,23.702871,91.829596,2018-05-18
6.3,13.4,23.3,0.423552,4650.0,24.7217,98.0757,0,spatial_background_sample,spatial_background_reference,Sikkim,27.526199,88.146335,2014-07-08
0.9,54.3,103.4,0.482601,78.0,0.0,180.0,0,spatial_background_sample,spatial_background_reference,Assam,26.829023,93.705639,2025-06-06
4.3,28.2,47.4,0.398943,4726.0,6.9646,311.4396,0,spatial_background_sample,spatial_background_reference,Sikkim,28.012287,88.59792,2012-06-26
16.2,38.7,66.1,0.398621,32.0,2.0641,90.0,0,spatial_background_sample,spatial_background_reference,Assam,26.196975,89.759326,2017-05-20
16.1,23.5,92.7,0.386412,4649.0,5.3002,259.9623,0,spatial_background_sample,spatial_background_reference,Sikkim,27.745355,88.332231,2012-06-22
5.8,32.8,64.8,0.307738,5233.0,15.5687,221.0217,0,spatial_background_sample,spatial_background_reference,Sikkim,27.844191,88.376964,2021-08-27
45.3,179.6,197.7,0.496345,717.0,2.2856,293.8995,0,spatial_background_sample,spatial_background_reference,Arunachal Pradesh,27.593243,96.36134,2016-07-16
45.7,57.4,168.7,0.484076,76.0,0.9264,180.0,0,spatial_background_sample,spatial_background_reference,Assam,26.673624,92.763004,2017-06-16
26.6,52.6,123.6,0.425371,1192.0,37.3875,319.6148,0,spatial_background_sample,spatial_background_reference,Arunachal Pradesh,28.150871,93.779055,2016-07-17
76.3,128.6,228.4,0.426106,1813.0,44.4834,228.8102,0,spatial_background_sample,spatial_background_reference,Arunachal Pradesh,28.941055,94.526166,2016-07-17
46.6,130.9,174.4,0.401488,81.0,4.2317,209.0572,0,spatial_background_sample,spatial_background_reference,Meghalaya,25.854631,90.04181,2025-05-30
1.5,11.3,28.0,0.399807,140.0,6.6542,245.4301,0,spatial_background_sample,spatial_background_reference,Tripura,23.879114,91.742708,2009-07-10
4.9,64.4,287.7,0.495713,470.0,15.3967,79.8544,0,spatial_background_sample,spatial_background_reference,Assam,26.525095,93.387274,2016-05-22
16.1,23.5,92.7,0.323001,5659.0,38.7791,68.7605,0,spatial_background_sample,spatial_background_reference,Sikkim,27.711782,88.303886,2012-06-22
29.4,169.9,216.3,0.489652,253.0,2.2545,245.7496,0,spatial_background_sample,spatial_background_reference,Meghalaya,25.716789,90.63923,2024-06-30
62.1,149.5,176.0,0.307382,69.0,16.0968,38.3294,0,spatial_background_sample,spatial_background_reference,Meghalaya,25.379642,89.845732,2009-07-01
18.2,169.4,273.2,0.430871,48.0,2.963,159.5836,0,spatial_background_sample,spatial_background_reference,Assam,26.424518,90.284117,2020-07-12
10.4,34.7,100.0,0.425927,452.0,15.3818,318.611,1,GSI_field_inventory,observed_landslide,Mizoram,24.18561111,92.94536111,
27.6,46.3,60.2,0.366359,88.0,0.9264,0.0,0,spatial_background_sample,spatial_background_reference,Assam,27.155161,94.141059,2017-05-20
4.9,7.5,120.7,0.485793,146.0,2.7772,0.0,0,spatial_background_sample,spatial_background_reference,Assam,25.763409,93.244823,2016-06-22
28.1,56.6,124.2,0.483606,173.0,1.8523,0.0,0,spatial_background_sample,spatial_background_reference,Arunachal Pradesh,28.075641,95.653405,2016-07-17
6.6,15.2,51.7,0.458488,998.0,11.6522,231.1505,0,spatial_background_sample,spatial_background_reference,Manipur,25.024852,93.913802,2018-06-06
11.8,28.4,178.3,0.484313,360.0,18.092,348.1294,1,GSI_field_inventory,observed_landslide,Meghalaya,25.403061,90.724166,
49.4,108.6,154.4,0.376667,953.0,29.1434,92.4959,1,GSI_field_inventory,observed_landslide,Mizoram,23.74083333,92.74111111,
20.9,38.9,46.8,0.406391,4603.0,2.7964,311.4582,0,spatial_background_sample,spatial_background_reference,Sikkim,27.941639,88.633401,2023-10-04
29.7,46.0,151.6,0.423591,1439.0,10.4977,307.6503,0,spatial_background_sample,spatial_background_reference,Arunachal Pradesh,28.14961,94.482772,2016-07-17
6.8,64.5,86.0,0.40347,121.0,12.2399,282.9211,0,spatial_background_sample,spatial_background_reference,Mizoram,23.411882,92.379212,2024-07-09
6.4,50.8,162.0,0.424969,460.0,28.4449,36.9308,1,GSI_field_inventory,observed_landslide,Manipur,24.81778,93.51583,
2.5,15.0,30.6,0.484092,26.0,2.7397,227.4828,0,spatial_background_sample,spatial_background_reference,Tripura,23.525514,91.491827,2009-07-10
21.3,71.9,117.6,0.404156,653.0,24.6649,73.6196,1,GSI_field_inventory,observed_landslide,Mizoram,23.281075,93.144075,
7.0,39.2,84.1,0.428344,4959.0,11.4092,85.4042,0,spatial_background_sample,spatial_background_reference,Sikkim,27.843582,88.360061,2014-08-26
19.2,63.0,78.6,0.444159,58.0,2.7364,227.4206,0,spatial_background_sample,spatial_background_reference,Tripura,23.236506,91.763748,2018-05-18
61.9,120.9,163.8,0.380563,536.0,25.4526,302.3893,1,GSI_field_inventory,observed_landslide,Mizoram,23.60972222,92.80916667,
17.5,68.5,85.3,0.372754,65.0,6.3101,107.0048,0,spatial_background_sample,spatial_background_reference,Tripura,23.44177,91.740166,2018-05-18
28.9,41.9,118.5,0.456726,89.0,1.0422,90.0,0,spatial_background_sample,spatial_background_reference,Assam,27.276719,94.375013,2020-06-02
8.5,50.1,211.8,0.494978,85.0,2.073,270.0,0,spatial_background_sample,spatial_background_reference,Assam,26.690226,93.958393,2016-05-22
20.6,32.6,128.0,0.424225,1173.0,25.944,258.4976,0,spatial_background_sample,spatial_background_reference,Arunachal Pradesh,28.137431,94.205009,2016-07-17
0.4,8.1,29.7,0.386503,27.0,2.7499,47.6794,0,spatial_background_sample,spatial_background_reference,Tripura,24.413321,92.172162,2009-07-10
43.8,168.6,293.1,0.431167,1677.0,30.8353,76.2742,1,GSI_field_inventory,observed_landslide,Sikkim,27.59027778,88.65394444,
41.2,134.7,228.4,0.489366,199.0,28.8105,148.4945,0,spatial_background_sample,spatial_background_reference,Meghalaya,25.823615,90.839974,2024-06-30
14.3,65.7,176.2,0.426737,2994.0,38.632,223.2511,0,spatial_background_sample,spatial_background_reference,Arunachal Pradesh,27.646916,91.591319,2016-07-17
17.6,70.3,87.7,0.380412,124.0,8.8027,340.0099,0,spatial_background_sample,spatial_background_reference,Tripura,23.606524,91.70997,2018-05-18
2.4,34.5,72.2,0.36942,776.0,0.9264,180.0,0,spatial_background_sample,spatial_background_reference,Manipur,24.718894,93.949221,2008-06-19
61.9,120.9,163.8,0.379417,836.0,20.1478,353.0841,1,GSI_field_inventory,observed_landslide,Mizoram,23.64638889,92.72527778,
17.6,34.6,60.2,0.482661,38.0,3.4295,144.0433,0,spatial_background_sample,spatial_background_reference,Tripura,23.212873,91.649366,2009-07-10
17.6,34.6,60.2,0.482278,72.0,10.2373,231.1908,0,spatial_background_sample,spatial_background_reference,Tripura,23.192869,91.675344,2009-07-10
2.5,15.0,30.6,0.48514,28.0,5.6315,349.7029,0,spatial_background_sample,spatial_background_reference,Tripura,23.455593,91.423723,2009-07-10
63.6,95.2,197.5,0.482615,754.0,36.3233,90.0,0,spatial_background_sample,spatial_background_reference,Arunachal Pradesh,28.389028,95.501118,2016-07-17
54.9,118.1,157.5,0.379844,921.0,26.2756,280.3894,1,GSI_field_inventory,observed_landslide,Mizoram,23.54888889,92.70555556,
9.5,20.8,46.8,0.402234,69.0,11.2196,274.6757,0,spatial_background_sample,spatial_background_reference,Meghalaya,25.884731,90.196082,2025-05-28
7.9,53.9,66.6,0.40243,108.0,7.6083,212.0737,0,spatial_background_sample,spatial_background_reference,Tripura,24.235879,91.944701,2018-05-18
59.1,147.6,231.1,0.427735,867.0,14.5498,200.8528,0,spatial_background_sample,spatial_background_reference,Arunachal Pradesh,28.945844,94.987956,2016-07-17
4.6,6.6,8.0,0.425138,5256.0,19.2511,264.6868,0,spatial_background_sample,spatial_background_reference,Sikkim,27.933342,88.269121,2022-06-15
55.7,159.0,327.2,0.42824,1629.0,19.5362,155.6999,0,spatial_background_sample,spatial_background_reference,Arunachal Pradesh,27.637916,92.697971,2016-07-16
7.1,14.0,31.1,0.409144,4506.0,71.9655,325.2127,0,spatial_background_sample,spatial_background_reference,Sikkim,27.644922,88.368665,2024-08-21
39.4,175.3,237.4,0.459613,137.0,1.0438,90.0,0,spatial_background_sample,spatial_background_reference,Assam,27.444847,95.474315,2020-06-05
5.0,7.7,37.0,0.36543,4830.0,38.3073,37.033,0,spatial_background_sample,spatial_background_reference,Sikkim,27.915842,88.703869,2021-05-18
13.9,30.5,56.1,0.407414,71.0,0.9264,180.0,0,spatial_background_sample,spatial_background_reference,Assam,26.794712,92.886215,2020-06-02
1.8,38.1,128.3,0.49315,458.0,7.7004,68.976,0,spatial_background_sample,spatial_background_reference,Assam,26.259098,92.922636,2016-05-22
17.1,38.0,107.1,0.424592,1702.0,47.7887,229.8066,0,spatial_background_sample,spatial_background_reference,Arunachal Pradesh,27.960339,93.793411,2016-07-17
27.0,87.2,106.2,0.394906,123.0,10.2786,168.7593,0,spatial_background_sample,spatial_background_reference,Tripura,23.817188,91.833183,2018-05-18
16.9,67.8,84.8,0.382801,146.0,2.2239,245.3939,0,spatial_background_sample,spatial_background_reference,Tripura,23.661878,91.715027,2018-05-18
37.5,67.2,127.0,0.424829,3063.0,46.9671,184.9168,0,spatial_background_sample,spatial_background_reference,Arunachal Pradesh,28.280094,96.428711,2016-07-17
2.5,32.4,195.2,0.487768,77.0,3.4641,36.7411,0,spatial_background_sample,spatial_background_reference,Assam,26.73909,92.835133,2016-05-22
0.9,38.0,231.4,0.379064,38.0,1.3881,131.8586,0,spatial_background_sample,spatial_background_reference,Assam,26.369782,90.901234,2014-05-10
6.6,45.3,169.3,0.425365,633.0,3.897,26.9856,1,GSI_field_inventory,observed_landslide,Mizoram,23.58694444,92.8175,
37.3,116.1,265.1,0.352208,624.0,16.0754,184.3667,1,GSI_field_inventory,observed_landslide,Mizoram,22.745387,92.841543,
6.7,66.4,92.7,0.320472,6744.0,37.5371,272.4122,0,spatial_background_sample,spatial_background_reference,Sikkim,27.791737,88.200004,2014-07-01
32.2,214.3,317.7,0.372094,960.0,21.7342,105.9084,1,GSI_field_inventory,observed_landslide,Mizoram,23.308778,92.858357,
5.4,8.2,28.6,0.410628,5149.0,12.3608,144.2555,0,spatial_background_sample,spatial_background_reference,Sikkim,27.853773,88.725619,2025-07-19
8.9,60.9,75.1,0.405292,247.0,12.8133,321.4474,0,spatial_background_sample,spatial_background_reference,Tripura,24.134929,91.903821,2018-05-18
24.3,54.3,115.3,0.425802,584.0,26.0516,245.5482,1,GSI_field_inventory,observed_landslide,Mizoram,24.57467222,93.14389722,
44.8,115.2,284.7,0.427362,2221.0,47.1303,29.4751,0,spatial_background_sample,spatial_background_reference,Arunachal Pradesh,27.792399,92.964821,2016-07-17
23.2,34.2,40.4,0.402929,4662.0,21.8544,46.7352,0,spatial_background_sample,spatial_background_reference,Sikkim,27.64641,88.363218,2023-10-04
29.2,75.5,87.6,0.408774,111.0,15.4505,225.4106,0,spatial_background_sample,spatial_background_reference,Meghalaya,25.361919,89.881163,2019-06-27
40.4,170.2,258.5,0.426795,2424.0,34.6605,142.668,0,spatial_background_sample,spatial_background_reference,Sikkim,27.505656,88.404456,2014-06-24
37.4,62.6,182.4,0.424443,47.0,2.1188,29.0616,0,spatial_background_sample,spatial_background_reference,Meghalaya,25.875723,90.105537,2007-07-25
29.8,69.0,92.3,0.438436,69.0,7.5658,307.4956,0,spatial_background_sample,spatial_background_reference,Tripura,22.979196,91.610573,2018-05-18
0.9,9.4,20.4,0.401353,38.0,1.3744,47.6286,0,spatial_background_sample,spatial_background_reference,Tripura,24.187306,91.670682,2009-07-10
3.2,5.3,22.8,0.415618,5131.0,14.2172,343.1995,0,spatial_background_sample,spatial_background_reference,Sikkim,27.967106,88.362456,2022-05-29
21.6,71.0,130.0,0.428708,116.0,16.0219,301.429,1,GSI_field_inventory,observed_landslide,Mizoram,24.716225,93.32551389,
5.7,24.7,42.8,0.398115,5048.0,24.9756,13.5901,0,spatial_background_sample,spatial_background_reference,Sikkim,27.573113,88.112462,2013-08-28
6.0,23.9,67.0,0.425921,4136.0,62.6862,91.9142,0,spatial_background_sample,spatial_background_reference,Sikkim,27.666264,88.331116,2015-07-08
33.7,87.3,147.0,0.426198,3999.0,28.4288,153.647,0,spatial_background_sample,spatial_background_reference,Arunachal Pradesh,28.985177,95.216671,2016-07-17
19.6,90.8,113.8,0.472973,32.0,6.1273,318.861,0,spatial_background_sample,spatial_background_reference,Tripura,23.680628,91.319232,2018-05-18
0.0,0.0,2.8,0.341164,5076.0,12.6342,234.7539,0,spatial_background_sample,spatial_background_reference,Sikkim,27.958771,88.741852,2022-11-20
2.7,4.2,5.1,0.437525,532.0,29.7555,66.6725,0,spatial_background_sample,spatial_background_reference,Nagaland,26.712265,94.855901,2022-11-12
41.3,64.3,115.9,0.425408,4079.0,26.661,165.0452,0,spatial_background_sample,spatial_background_reference,Arunachal Pradesh,29.124341,94.691389,2016-07-17
6.3,13.1,32.9,0.445235,9.0,3.1732,106.9577,0,spatial_background_sample,spatial_background_reference,Tripura,23.827151,91.24636,2009-07-10
15.5,34.9,102.3,0.425643,3906.0,17.4592,87.0531,0,spatial_background_sample,spatial_background_reference,Arunachal Pradesh,28.937687,94.412525,2016-07-16
27.5,126.3,227.3,0.388417,919.0,22.6576,300.9185,1,GSI_field_inventory,observed_landslide,Mizoram,23.745802,92.717053,
2.5,15.0,30.6,0.48618,57.0,15.955,317.3282,0,spatial_background_sample,spatial_background_reference,Tripura,23.382587,91.381392,2009-07-10
33.2,54.8,102.7,0.424829,3906.0,6.5414,350.7858,0,spatial_background_sample,spatial_background_reference,Arunachal Pradesh,28.279798,96.384104,2016-07-17
12.7,93.0,192.7,0.473222,119.0,3.8432,344.326,0,spatial_background_sample,spatial_background_reference,Assam,27.006679,94.993942,2022-05-14
14.5,34.2,89.7,0.425668,3935.0,18.8697,323.5384,0,spatial_background_sample,spatial_background_reference,Arunachal Pradesh,28.874824,94.396431,2016-07-17
13.7,77.8,159.8,0.427019,2814.0,42.5023,33.9734,0,spatial_background_sample,spatial_background_reference,Arunachal Pradesh,27.857579,97.033535,2016-07-17
49.4,126.3,165.8,0.376667,900.0,24.2412,233.617,1,GSI_field_inventory,observed_landslide,Mizoram,23.73361111,92.69388889,
11.6,75.4,89.6,0.389427,28.0,1.8523,180.0,0,spatial_background_sample,spatial_background_reference,Tripura,24.388216,92.178432,2018-05-18
70.5,124.0,174.4,0.381036,72.0,15.6466,348.9443,0,spatial_background_sample,spatial_background_reference,Meghalaya,25.421964,89.863724,2025-05-30
61.9,120.9,163.8,0.380563,331.0,29.6418,207.2548,1,GSI_field_inventory,observed_landslide,Mizoram,23.615,92.79222222,
0.0,0.0,1.1,0.401289,4941.0,4.2855,282.4613,0,spatial_background_sample,spatial_background_reference,Sikkim,27.877813,88.501954,2022-11-20
10.8,56.9,99.5,0.363784,4305.0,13.4818,277.7523,0,spatial_background_sample,spatial_background_reference,Sikkim,27.763389,88.376601,2021-08-27
7.6,9.3,30.2,0.358443,5268.0,13.1634,231.52,0,spatial_background_sample,spatial_background_reference,Sikkim,27.971206,88.724881,2012-06-22
12.7,70.1,85.9,0.370259,48.0,9.1955,334.0211,0,spatial_background_sample,spatial_background_reference,Tripura,24.203245,92.094297,2018-05-18
2.4,68.7,155.5,0.422536,2311.0,22.2455,37.7536,0,spatial_background_sample,spatial_background_reference,Manipur,25.318203,93.868459,2010-06-10
11.0,28.3,88.0,0.425132,3810.0,27.2297,63.9015,0,spatial_background_sample,spatial_background_reference,Arunachal Pradesh,28.984248,94.187731,2016-07-16
6.5,55.1,99.4,0.42425,267.0,24.4522,175.4068,1,GSI_field_inventory,observed_landslide,Arunachal Pradesh,27.23995,93.806589,
24.2,97.3,117.6,0.462375,26.0,3.1657,106.9988,0,spatial_background_sample,spatial_background_reference,Tripura,23.491228,91.363004,2018-05-18
44.9,139.9,206.5,0.462582,58.0,2.264,294.1419,0,spatial_background_sample,spatial_background_reference,Assam,26.311455,92.411508,2022-05-16
4.3,28.2,47.4,0.406807,5083.0,24.3816,255.5383,0,spatial_background_sample,spatial_background_reference,Sikkim,27.841337,88.388856,2012-06-26
2.2,52.5,191.0,0.485987,57.0,0.0,180.0,0,spatial_background_sample,spatial_background_reference,Assam,26.589367,92.69536,2016-05-22
2.7,12.2,20.0,0.392527,113.0,2.1104,28.6497,0,spatial_background_sample,spatial_background_reference,Tripura,23.769465,91.848961,2009-07-10
0.0,7.2,231.8,0.41994,46.0,1.8523,180.0,0,spatial_background_sample,spatial_background_reference,Assam,26.462121,90.933674,2016-05-22
53.1,87.7,114.3,0.425385,11.0,0.9264,180.0,0,spatial_background_sample,spatial_background_reference,Tripura,23.064878,91.381273,2018-05-18
28.3,58.0,116.3,0.425545,2608.0,39.0141,305.3644,0,spatial_background_sample,spatial_background_reference,Arunachal Pradesh,28.231494,96.766994,2016-07-17
22.3,31.3,83.7,0.416155,4478.0,48.2623,34.6879,0,spatial_background_sample,spatial_background_reference,Sikkim,27.478928,88.061299,2025-07-19
20.4,73.1,89.9,0.466682,105.0,6.5348,8.8489,0,spatial_background_sample,spatial_background_reference,Tripura,23.420037,91.599115,2018-05-18
36.7,120.7,258.8,0.427973,572.0,3.2608,73.5122,0,spatial_background_sample,spatial_background_reference,Arunachal Pradesh,27.384051,92.826532,2016-07-17
0.0,0.0,18.2,0.264167,4418.0,6.257,270.0,0,spatial_background_sample,spatial_background_reference,Sikkim,27.76486,88.360932,2022-11-20
5.7,15.6,38.0,0.484674,19.0,4.7304,12.3059,0,spatial_background_sample,spatial_background_reference,Tripura,23.53348,91.292449,2009-07-10
11.1,172.6,202.7,0.491793,1010.0,9.3535,299.3955,0,spatial_background_sample,spatial_background_reference,Meghalaya,25.658699,92.310541,2025-05-31
96.9,231.5,259.8,0.386582,37.0,0.9264,180.0,0,spatial_background_sample,spatial_background_reference,Assam,26.314058,90.171469,2022-05-14
27.0,87.2,106.2,0.394906,113.0,2.9555,20.0202,0,spatial_background_sample,spatial_background_reference,Tripura,23.819517,91.829137,2018-05-18
21.3,59.6,162.8,0.423582,1026.0,23.7516,7.1938,0,spatial_background_sample,spatial_background_reference,Arunachal Pradesh,28.321711,94.879157,2016-07-17
17.7,80.8,96.3,0.370259,61.0,12.3053,257.151,0,spatial_background_sample,spatial_background_reference,Tripura,24.164006,92.132562,2018-05-18
23.8,125.9,180.6,0.491652,91.0,9.6683,18.3553,0,spatial_background_sample,spatial_background_reference,Meghalaya,25.286202,90.167366,2007-09-08
21.4,54.9,210.0,0.426238,2276.0,9.7214,253.5516,0,spatial_background_sample,spatial_background_reference,Arunachal Pradesh,27.66213,93.355286,2016-07-17
67.8,120.5,158.2,0.379417,847.0,30.5194,248.2405,1,GSI_field_inventory,observed_landslide,Mizoram,23.57027778,92.70722222,
11.9,21.3,49.2,0.447414,319.0,11.2687,26.7891,0,spatial_background_sample,spatial_background_reference,Meghalaya,25.806211,90.319939,2025-05-28
4.0,91.9,140.7,0.306975,106.0,2.1224,150.7626,0,spatial_background_sample,spatial_background_reference,Assam,26.712291,89.873424,2020-06-02
7.0,47.3,255.4,0.488601,78.0,2.0755,270.0,0,spatial_background_sample,spatial_background_reference,Assam,26.82924,93.704899,2016-05-22
8.3,57.7,67.4,0.442841,32.0,0.9264,180.0,0,spatial_background_sample,spatial_background_reference,Assam,26.128364,90.12628,2017-06-13
6.9,39.5,68.3,0.406807,4642.0,3.1408,270.0,0,spatial_background_sample,spatial_background_reference,Sikkim,27.866617,88.350115,2012-06-26
5.0,14.9,34.7,0.395037,96.0,18.0019,340.9835,0,spatial_background_sample,spatial_background_reference,Tripura,23.614487,91.708719,2009-07-10
107.6,189.7,244.9,0.483552,161.0,16.371,121.5667,1,GSI_field_inventory,observed_landslide,Assam,25.117665,92.847709,
2.4,64.1,247.9,0.489141,77.0,8.9656,325.076,0,spatial_background_sample,spatial_background_reference,Assam,26.476548,92.878113,2016-05-22
71.1,147.9,218.8,0.498167,69.0,15.8468,297.144,1,GSI_field_inventory,observed_landslide,Assam,26.20536,91.86497,
0.3,5.2,11.8,0.375207,112.0,18.8014,98.1915,0,spatial_background_sample,spatial_background_reference,Tripura,24.260309,92.064264,2009-07-10
0.8,15.5,21.6,0.357665,5295.0,20.5344,235.8618,0,spatial_background_sample,spatial_background_reference,Sikkim,27.545349,88.22592,2015-07-08
62.1,110.2,183.3,0.425403,2372.0,32.564,27.6061,0,spatial_background_sample,spatial_background_reference,Arunachal Pradesh,29.048822,94.713193,2016-07-17
0.3,5.2,11.8,0.378287,36.0,5.0648,270.0,0,spatial_background_sample,spatial_background_reference,Tripura,24.187037,92.006023,2009-07-10
0.3,41.0,67.2,0.479823,58.0,1.0328,270.0,0,spatial_background_sample,spatial_background_reference,Assam,26.24079,92.371913,2016-05-22
29.7,100.0,255.8,0.352208,860.0,34.1228,262.1049,1,GSI_field_inventory,observed_landslide,Mizoram,22.706999,92.841597,
27.2,74.9,97.2,0.460378,27.0,2.2215,114.634,0,spatial_background_sample,spatial_background_reference,Tripura,23.492929,91.483391,2018-05-18
33.6,134.8,214.0,0.414771,815.0,31.2069,45.4564,1,GSI_field_inventory,observed_landslide,Mizoram,24.60372222,93.37223056,
6.4,40.9,110.2,0.497854,1171.0,38.4626,54.4948,1,GSI_field_inventory,observed_landslide,Meghalaya,25.68698889,91.64812222,
51.2,77.0,164.9,0.424042,2880.0,40.6262,64.31,0,spatial_background_sample,spatial_background_reference,Arunachal Pradesh,28.544637,94.754811,2016-07-17
10.5,35.0,167.6,0.427028,1838.0,26.5977,61.027,0,spatial_background_sample,spatial_background_reference,Arunachal Pradesh,27.636213,93.740193,2016-07-17
7.9,53.9,66.6,0.40243,95.0,17.1848,186.5829,0,spatial_background_sample,spatial_background_reference,Tripura,24.196339,91.943976,2018-05-18
39.0,81.4,105.9,0.490908,265.0,7.672,248.8934,0,spatial_background_sample,spatial_background_reference,Meghalaya,25.754093,90.757873,2024-06-15
17.6,34.6,60.2,0.482278,85.0,2.2181,65.3255,0,spatial_background_sample,spatial_background_reference,Tripura,23.246052,91.707933,2009-07-10
66.5,99.9,174.1,0.425845,2286.0,12.9908,253.7185,0,spatial_background_sample,spatial_background_reference,Arunachal Pradesh,28.811241,95.585334,2016-07-17
4.4,13.0,34.2,0.392342,150.0,5.5199,213.2178,0,spatial_background_sample,spatial_background_reference,Tripura,23.612589,91.92939,2009-07-10
14.0,76.3,96.8,0.409296,21.0,5.1398,79.6438,0,spatial_background_sample,spatial_background_reference,Tripura,23.974884,91.30557,2018-05-18
4.8,22.4,95.5,0.444442,240.0,15.4009,356.2823,0,spatial_background_sample,spatial_background_reference,Meghalaya,25.13688,92.53741,2007-09-15
44.8,115.2,284.7,0.428135,2386.0,30.8196,239.0045,0,spatial_background_sample,spatial_background_reference,Arunachal Pradesh,27.70898,92.945123,2016-07-17
7.6,9.3,30.2,0.286686,6097.0,65.7942,323.0896,0,spatial_background_sample,spatial_background_reference,Sikkim,27.92693,88.795279,2012-06-22
8.7,10.9,23.4,0.310751,5553.0,40.7227,137.1023,0,spatial_background_sample,spatial_background_reference,Sikkim,27.987557,88.770947,2025-09-11
27.0,57.9,151.3,0.426327,4355.0,3.6336,300.6144,0,spatial_background_sample,spatial_background_reference,Sikkim,27.426219,88.075791,2012-06-22
25.8,41.3,84.3,0.423335,4174.0,23.1064,85.6531,0,spatial_background_sample,spatial_background_reference,Arunachal Pradesh,29.054805,96.119282,2016-07-17
5.0,14.9,34.7,0.396318,42.0,2.0198,90.0,0,spatial_background_sample,spatial_background_reference,Tripura,23.508046,91.661165,2009-07-10
8.8,76.7,115.1,0.489632,129.0,1.0478,90.0,0,spatial_background_sample,spatial_background_reference,Assam,27.863555,95.473288,2010-06-03
212.0,306.4,448.4,0.487052,1350.0,12.3864,147.9583,1,GSI_field_inventory,observed_landslide,Meghalaya,25.43505556,92.19836111,
10.8,52.7,172.1,0.427356,1572.0,14.932,217.9789,0,spatial_background_sample,spatial_background_reference,Arunachal Pradesh,27.527726,93.836237,2016-07-17
26.1,90.0,122.2,0.491722,64.0,1.3895,311.8073,0,spatial_background_sample,spatial_background_reference,Assam,26.577141,92.291322,2010-06-20
14.6,30.3,51.1,0.385686,149.0,18.2708,66.9329,0,spatial_background_sample,spatial_background_reference,Meghalaya,25.184012,90.482491,2025-05-28
9.4,67.0,87.1,0.398626,60.0,5.1381,280.3595,0,spatial_background_sample,spatial_background_reference,Tripura,23.932752,91.647028,2018-05-18
17.2,50.4,64.8,0.441161,50.0,11.0071,305.5854,0,spatial_background_sample,spatial_background_reference,Tripura,23.07621,91.76921,2018-05-18
38.9,84.8,158.3,0.437085,217.0,4.5765,246.1705,0,spatial_background_sample,spatial_background_reference,Arunachal Pradesh,27.95284,96.089627,2016-07-17
21.5,88.6,194.0,0.427164,3860.0,62.9101,65.051,0,spatial_background_sample,spatial_background_reference,Arunachal Pradesh,27.768228,92.627882,2016-07-17
13.7,77.8,159.8,0.426759,3796.0,38.7929,242.4406,0,spatial_background_sample,spatial_background_reference,Arunachal Pradesh,27.75628,97.096565,2016-07-17
24.4,82.8,97.7,0.465482,34.0,4.7742,39.2475,0,spatial_background_sample,spatial_background_reference,Tripura,23.359463,91.338388,2018-05-18
5.0,14.9,34.7,0.395037,64.0,1.0106,270.0,0,spatial_background_sample,spatial_background_reference,Tripura,23.56363,91.676095,2009-07-10
31.2,59.4,126.2,0.485405,149.0,2.7977,131.4352,0,spatial_background_sample,spatial_background_reference,Arunachal Pradesh,28.0288,95.464163,2016-07-17
19.2,41.9,54.6,0.427781,70.0,11.6861,356.2494,1,GSI_field_inventory,observed_landslide,Assam,26.1895,91.78716667,
25.7,101.4,163.5,0.426001,4404.0,10.8063,120.5495,0,spatial_background_sample,spatial_background_reference,Arunachal Pradesh,27.709802,96.923646,2016-07-16
37.5,70.1,197.8,0.427436,3430.0,58.9616,193.3333,0,spatial_background_sample,spatial_background_reference,Sikkim,27.617466,88.343917,2012-06-22
10.1,14.6,43.7,0.358443,5486.0,9.2516,26.6947,0,spatial_background_sample,spatial_background_reference,Sikkim,27.885496,88.623443,2012-06-22
6.3,13.1,32.9,0.446201,48.0,6.308,28.6402,0,spatial_background_sample,spatial_background_reference,Tripura,23.718314,91.201727,2009-07-10
87.7,180.9,255.6,0.486786,89.0,2.1223,330.7672,0,spatial_background_sample,spatial_background_reference,Assam,26.690625,91.945816,2016-05-17
6.8,61.0,84.1,0.405292,49.0,2.2308,294.5253,0,spatial_background_sample,spatial_background_reference,Tripura,24.143934,91.851772,2018-05-18
0.7,22.6,41.7,0.413385,758.0,3.1663,331.3882,1,GSI_field_inventory,observed_landslide,Mizoram,23.56404167,93.10752222,
3.0,105.8,214.3,0.480427,516.0,13.009,62.9072,1,GSI_field_inventory,observed_landslide,Assam,25.16563889,93.02544444,
23.9,34.6,91.2,0.49583,93.0,1.3869,228.0975,0,spatial_background_sample,spatial_background_reference,Assam,26.191195,93.132696,2016-07-14
42.9,153.1,255.1,0.380969,451.0,31.6076,358.3597,1,GSI_field_inventory,observed_landslide,Mizoram,23.225619,92.924909,
3.5,30.3,46.6,0.261409,144.0,4.8269,40.0111,0,spatial_background_sample,spatial_background_reference,Assam,26.688184,90.072037,2022-05-14
4.7,23.6,33.6,0.364963,5509.0,28.612,320.4169,0,spatial_background_sample,spatial_background_reference,Sikkim,27.886269,88.742004,2014-06-24
26.6,107.2,179.4,0.425979,2210.0,32.9713,124.9811,0,spatial_background_sample,spatial_background_reference,Arunachal Pradesh,28.084816,96.67715,2016-07-17
54.9,167.5,385.7,0.483104,104.0,1.0448,90.0,0,spatial_background_sample,spatial_background_reference,Assam,27.542455,94.873737,2022-05-16
0.7,9.2,218.1,0.46547,37.0,18.4053,234.3303,0,spatial_background_sample,spatial_background_reference,Assam,26.205873,90.610037,2016-05-22
28.6,106.9,414.0,0.428118,2457.0,7.9955,157.0655,0,spatial_background_sample,spatial_background_reference,Sikkim,27.592885,88.455306,2014-08-26
54.1,313.9,433.5,0.379885,776.0,8.1461,139.7608,1,GSI_field_inventory,observed_landslide,Mizoram,23.204981,92.534603,
6.8,15.8,56.5,0.328118,5708.0,53.1556,218.0441,0,spatial_background_sample,spatial_background_reference,Sikkim,27.784334,88.304211,2021-06-18
4.3,8.5,63.6,0.417168,4936.0,2.7982,48.5741,0,spatial_background_sample,spatial_background_reference,Sikkim,28.06413,88.635761,2014-08-26
24.4,110.0,206.6,0.367958,773.0,18.4412,222.2411,1,GSI_field_inventory,observed_landslide,Mizoram,22.967715,92.925677,
54.9,118.1,157.5,0.379844,986.0,28.4014,303.6304,1,GSI_field_inventory,observed_landslide,Mizoram,23.53083333,92.73055556,
35.5,116.7,201.1,0.426318,2384.0,31.7053,40.6162,0,spatial_background_sample,spatial_background_reference,Arunachal Pradesh,27.798864,96.810381,2016-07-17
14.2,30.9,103.9,0.42499,3602.0,22.9589,92.1875,0,spatial_background_sample,spatial_background_reference,Arunachal Pradesh,28.53412,93.636607,2016-07-17
1.1,102.4,157.8,0.376219,888.0,17.2108,109.8578,1,GSI_field_inventory,observed_landslide,Mizoram,23.53805556,92.71861111,
93.3,158.0,173.6,0.379844,672.0,28.0117,122.176,1,GSI_field_inventory,observed_landslide,Mizoram,23.54333333,92.66472222,
5.7,15.6,38.0,0.485208,42.0,5.5414,180.0,0,spatial_background_sample,spatial_background_reference,Tripura,23.397331,91.32469,2009-07-10
29.2,50.1,156.7,0.492442,135.0,1.045,90.0,0,spatial_background_sample,spatial_background_reference,Assam,27.57182,95.605589,2016-05-22
67.8,120.5,158.2,0.379417,743.0,24.1683,283.0296,1,GSI_field_inventory,observed_landslide,Mizoram,23.59527778,92.71722222,
18.2,55.6,151.9,0.426943,4398.0,34.2232,233.537,0,spatial_background_sample,spatial_background_reference,Sikkim,27.531833,88.302795,2024-07-21
20.4,73.1,89.9,0.466682,172.0,1.0096,270.0,0,spatial_background_sample,spatial_background_reference,Tripura,23.429438,91.622791,2018-05-18
2.3,10.6,25.0,0.475811,63.0,6.248,306.2111,0,spatial_background_sample,spatial_background_reference,Tripura,23.761308,91.444222,2009-07-10
15.0,29.0,106.3,0.423725,1911.0,32.5102,339.8401,0,spatial_background_sample,spatial_background_reference,Arunachal Pradesh,27.945554,93.977574,2016-07-17
25.2,66.6,84.2,0.457341,89.0,19.6042,2.8319,0,spatial_background_sample,spatial_background_reference,Tripura,23.236384,91.722505,2018-05-18
6.3,13.4,23.3,0.341527,4811.0,19.9592,11.6114,0,spatial_background_sample,spatial_background_reference,Sikkim,27.766666,88.295658,2014-07-08
4.8,31.0,65.2,0.433677,758.0,14.4334,284.5711,1,GSI_field_inventory,observed_landslide,Mizoram,24.52308611,93.57206944,
13.3,64.2,79.3,0.38874,100.0,2.1093,331.4059,0,spatial_background_sample,spatial_background_reference,Tripura,23.467062,91.814859,2018-05-18
61.9,120.9,163.8,0.376667,1020.0,51.5636,48.3303,1,GSI_field_inventory,observed_landslide,Mizoram,23.67805556,92.72,
112.4,184.5,281.9,0.427113,2482.0,23.1402,280.9048,0,spatial_background_sample,spatial_background_reference,Sikkim,27.597808,88.403456,2021-05-18
11.2,16.0,24.0,0.405635,441.0,39.6431,55.8259,1,GSI_field_inventory,observed_landslide,Mizoram,23.78138889,92.67638889,
24.4,45.6,95.7,0.4255,2916.0,34.1311,17.4115,0,spatial_background_sample,spatial_background_reference,Arunachal Pradesh,28.728207,96.214452,2016-07-17
87.7,180.9,255.6,0.483914,111.0,2.7797,131.7628,0,spatial_background_sample,spatial_background_reference,Assam,26.755576,92.007709,2016-05-17
17.5,68.5,85.3,0.372754,66.0,8.2313,257.0821,0,spatial_background_sample,spatial_background_reference,Tripura,23.446217,91.726139,2018-05-18
16.7,93.5,133.7,0.494839,1195.0,27.8412,232.244,0,spatial_background_sample,spatial_background_reference,Arunachal Pradesh,27.049059,93.130809,2016-07-17
13.0,53.7,109.4,0.420238,3988.0,31.6323,346.229,0,spatial_background_sample,spatial_background_reference,Arunachal Pradesh,28.090989,92.810779,2016-07-17
14.9,77.9,103.2,0.404113,48.0,2.1116,151.2917,0,spatial_background_sample,spatial_background_reference,Tripura,24.083074,91.513606,2018-05-18
30.8,116.3,152.3,0.423735,2797.0,20.2033,296.0656,0,spatial_background_sample,spatial_background_reference,Arunachal Pradesh,28.300799,96.424703,2016-04-22
2.7,12.2,20.0,0.395037,190.0,16.7265,93.0843,0,spatial_background_sample,spatial_background_reference,Tripura,23.648805,91.743358,2009-07-10
21.0,66.5,80.0,0.460333,35.0,2.1089,208.5747,0,spatial_background_sample,spatial_background_reference,Tripura,23.360137,91.492086,2018-05-18
9.1,27.2,55.4,0.425116,4614.0,17.8804,66.3614,0,spatial_background_sample,spatial_background_reference,Arunachal Pradesh,28.909676,96.534519,2016-07-16
21.4,40.2,100.5,0.3856,4520.0,1.3978,228.4956,0,spatial_background_sample,spatial_background_reference,Sikkim,27.765354,88.33663,2022-06-15
3.4,16.7,52.0,0.280652,49.0,0.9264,0.0,0,spatial_background_sample,spatial_background_reference,Assam,26.480881,89.923428,2010-04-02
49.6,115.7,144.0,0.484948,43.0,1.3813,227.8874,0,spatial_background_sample,spatial_background_reference,Meghalaya,25.315094,90.287053,2007-07-19
1.1,7.5,24.7,0.401125,741.0,5.5901,85.2565,1,GSI_field_inventory,observed_landslide,Mizoram,24.10864167,93.54198333,
69.7,117.2,223.0,0.458955,112.0,1.8523,0.0,0,spatial_background_sample,spatial_background_reference,Assam,27.007186,95.11745,2022-05-15
24.4,91.0,102.8,0.465482,51.0,9.6552,211.1967,0,spatial_background_sample,spatial_background_reference,Tripura,23.444061,91.342611,2018-05-18
1.6,5.5,19.9,0.39236,4819.0,66.0298,303.1184,0,spatial_background_sample,spatial_background_reference,Sikkim,27.85859,88.819812,2025-09-11
21.7,73.4,91.9,0.460333,61.0,2.0183,90.0,0,spatial_background_sample,spatial_background_reference,Tripura,23.414655,91.527673,2018-05-18
0.3,1.4,127.0,0.324372,47.0,4.5222,114.1345,0,spatial_background_sample,spatial_background_reference,Assam,26.351546,90.470264,2011-03-23
21.0,66.5,80.0,0.460333,70.0,9.2384,186.2167,0,spatial_background_sample,spatial_background_reference,Tripura,23.360467,91.475161,2018-05-18
118.6,225.7,342.4,0.500802,1449.0,1.3841,132.0643,1,GSI_field_inventory,observed_landslide,Meghalaya,25.51973,91.28443,
0.9,2.3,8.7,0.423958,18.0,0.8006,253.1651,1,GSI_field_inventory,observed_landslide,Mizoram,24.80375556,92.733375,
26.9,65.8,86.8,0.436249,44.0,4.0973,312.6241,0,spatial_background_sample,spatial_background_reference,Tripura,23.026312,91.709582,2018-05-18
7.0,47.3,255.4,0.493329,79.0,2.9639,159.5387,0,spatial_background_sample,spatial_background_reference,Assam,26.699172,93.72331,2016-05-22
8.8,22.0,36.2,0.413542,3451.0,27.7652,227.4915,0,spatial_background_sample,spatial_background_reference,Arunachal Pradesh,28.961981,95.229424,2016-04-22
20.3,35.6,124.3,0.425634,1797.0,19.2108,95.3252,0,spatial_background_sample,spatial_background_reference,Arunachal Pradesh,27.685658,94.19733,2016-07-17
29.7,46.0,151.6,0.423625,2189.0,16.5664,330.4238,0,spatial_background_sample,spatial_background_reference,Arunachal Pradesh,28.235308,94.530092,2016-07-17
5.8,28.1,59.8,0.418871,4853.0,22.1951,260.8785,0,spatial_background_sample,spatial_background_reference,Sikkim,27.984856,88.574411,2021-08-27
29.7,100.0,255.8,0.364594,980.0,26.7301,125.9177,1,GSI_field_inventory,observed_landslide,Mizoram,22.660692,92.855602,
23.5,41.6,83.1,0.490278,109.0,1.3948,131.6111,0,spatial_background_sample,spatial_background_reference,Assam,27.353413,94.883929,2018-08-24
89.7,205.1,245.3,0.489951,804.0,4.1402,227.9218,0,spatial_background_sample,spatial_background_reference,Meghalaya,25.460756,90.527386,2025-05-30
28.1,57.0,80.6,0.384845,4489.0,29.9462,32.6457,0,spatial_background_sample,spatial_background_reference,Sikkim,27.80778,88.4156,2014-07-08
0.0,0.0,1.1,0.401289,4739.0,26.928,69.5024,0,spatial_background_sample,spatial_background_reference,Sikkim,27.9185,88.536736,2022-11-20
6.8,38.0,79.4,0.353783,5482.0,26.7179,294.6844,0,spatial_background_sample,spatial_background_reference,Arunachal Pradesh,27.885628,92.632287,2016-07-17
43.8,80.2,144.1,0.442388,59.0,5.4813,250.3054,0,spatial_background_sample,spatial_background_reference,Assam,26.509308,90.694489,2020-06-02
16.1,23.5,92.7,0.381817,4926.0,38.3821,82.9645,0,spatial_background_sample,spatial_background_reference,Sikkim,27.814192,88.424568,2012-06-22
26.0,112.0,202.6,0.427265,2141.0,26.2686,10.625,0,spatial_background_sample,spatial_background_reference,Arunachal Pradesh,27.322772,93.253866,2016-07-17
22.4,46.5,74.1,0.47771,274.0,22.9865,122.2527,0,spatial_background_sample,spatial_background_reference,Meghalaya,25.64978,90.484673,2007-07-19
93.3,158.0,173.6,0.379844,626.0,18.6923,123.3826,1,GSI_field_inventory,observed_landslide,Mizoram,23.53888889,92.6625,
59.7,117.8,187.5,0.425807,1511.0,21.9494,50.061,0,spatial_background_sample,spatial_background_reference,Arunachal Pradesh,27.174809,92.9297,2016-07-16
0.7,6.2,186.4,0.416141,50.0,2.7772,180.0,0,spatial_background_sample,spatial_background_reference,Assam,26.632808,91.142757,2016-05-22
98.7,157.9,176.0,0.49308,956.0,4.8101,140.2294,0,spatial_background_sample,spatial_background_reference,Meghalaya,25.694589,92.387455,2025-05-30
38.9,84.8,158.3,0.486917,177.0,2.2916,246.1674,0,spatial_background_sample,spatial_background_reference,Arunachal Pradesh,27.936857,95.969075,2016-07-17
11.6,50.0,100.0,0.487839,89.0,5.0639,204.1642,0,spatial_background_sample,spatial_background_reference,Assam,26.933784,94.192343,2020-06-05
4.3,17.0,216.3,0.492982,117.0,16.1986,120.0629,0,spatial_background_sample,spatial_background_reference,Meghalaya,25.792032,90.5975,2024-10-08
14.4,90.3,199.0,0.367323,1009.0,28.8147,209.7599,1,GSI_field_inventory,observed_landslide,Mizoram,23.229765,93.127521,
30.2,60.9,166.5,0.426415,2112.0,24.1123,244.3087,0,spatial_background_sample,spatial_background_reference,Arunachal Pradesh,28.117901,93.505428,2016-07-17
67.8,120.5,158.2,0.379417,797.0,20.2777,281.371,1,GSI_field_inventory,observed_landslide,Mizoram,23.62833333,92.72333333,
24.6,107.8,151.1,0.481509,154.0,0.9264,180.0,0,spatial_background_sample,spatial_background_reference,Arunachal Pradesh,27.783276,95.954179,2016-07-17
10.6,28.2,51.2,0.395164,4121.0,32.3325,232.1862,0,spatial_background_sample,spatial_background_reference,Arunachal Pradesh,29.18228,96.103463,2016-04-22
26.6,107.2,179.4,0.425472,2259.0,54.2851,270.6661,0,spatial_background_sample,spatial_background_reference,Arunachal Pradesh,27.921412,96.931293,2016-07-17
4.2,8.5,12.6,0.385503,130.0,5.1295,79.6227,0,spatial_background_sample,spatial_background_reference,Tripura,23.705427,91.898051,2009-07-10
10.2,21.3,65.3,0.424536,3357.0,41.3117,64.9663,0,spatial_background_sample,spatial_background_reference,Arunachal Pradesh,29.175465,94.471044,2016-07-16
136.7,225.9,231.0,0.315525,218.0,3.0261,90.0,0,spatial_background_sample,spatial_background_reference,Mizoram,23.419914,92.383542,2024-05-28
54.9,118.1,157.5,0.379844,989.0,18.7035,285.2472,1,GSI_field_inventory,observed_landslide,Mizoram,23.52944444,92.72944444,
8.3,51.1,179.2,0.426159,1685.0,15.2443,280.2532,0,spatial_background_sample,spatial_background_reference,Manipur,25.253002,93.800923,2008-07-01
11.5,12.9,14.3,0.411405,2116.0,4.2473,150.5646,0,spatial_background_sample,spatial_background_reference,Sikkim,27.615497,88.46315,2023-10-04
62.1,110.2,183.3,0.427033,739.0,28.0985,1.9833,0,spatial_background_sample,spatial_background_reference,Arunachal Pradesh,28.948206,94.811376,2016-07-17
11.7,61.0,77.0,0.397655,93.0,4.9148,124.3409,0,spatial_background_sample,spatial_background_reference,Tripura,24.365329,92.101553,2018-05-18
14.9,24.7,45.7,0.485499,293.0,16.8272,216.6813,0,spatial_background_sample,spatial_background_reference,Nagaland,26.490146,94.250483,2009-07-27
21.5,68.8,120.5,0.425356,3631.0,34.3302,331.1689,0,spatial_background_sample,spatial_background_reference,Arunachal Pradesh,27.898393,97.04324,2016-07-16
29.2,50.1,156.7,0.486719,130.0,4.7378,167.2914,0,spatial_background_sample,spatial_background_reference,Assam,27.52009,95.491217,2016-05-22
2.7,12.2,20.0,0.399807,80.0,17.2885,105.0557,0,spatial_background_sample,spatial_background_reference,Tripura,23.855506,91.69006,2009-07-10
2.2,7.0,11.9,0.408295,5235.0,40.9589,284.0142,0,spatial_background_sample,spatial_background_reference,Sikkim,27.972564,88.497397,2015-07-08
4.7,23.6,33.6,0.364963,5408.0,26.5369,132.8403,0,spatial_background_sample,spatial_background_reference,Sikkim,27.973952,88.785422,2014-06-24
11.2,20.4,41.2,0.483807,43.0,1.3858,48.0576,0,spatial_background_sample,spatial_background_reference,Assam,26.027365,91.178987,2018-06-14
14.2,45.8,151.2,0.491805,347.0,17.1472,260.9545,0,spatial_background_sample,spatial_background_reference,Nagaland,25.56075,93.571462,2025-07-08
21.0,66.5,80.0,0.45611,38.0,4.0295,270.0,0,spatial_background_sample,spatial_background_reference,Tripura,23.343265,91.479367,2018-05-18
50.6,81.7,140.9,0.426332,2926.0,30.2473,232.4071,0,spatial_background_sample,spatial_background_reference,Arunachal Pradesh,28.967511,95.391715,2016-07-17
41.7,134.8,168.2,0.494781,204.0,14.3547,259.0734,0,spatial_background_sample,spatial_background_reference,Meghalaya,25.722179,90.26922,2025-05-30
21.3,71.9,117.6,0.404156,1144.0,30.6554,212.8773,1,GSI_field_inventory,observed_landslide,Mizoram,23.33529167,93.11214167,
20.4,28.7,89.7,0.495999,798.0,23.0724,33.3724,0,spatial_background_sample,spatial_background_reference,Assam,26.22045,93.476473,2016-07-20
9.1,22.2,46.9,0.422884,5114.0,65.5588,49.7065,0,spatial_background_sample,spatial_background_reference,Sikkim,27.575032,88.202401,2024-07-21
4.2,8.5,12.6,0.386482,138.0,11.151,279.4427,0,spatial_background_sample,spatial_background_reference,Tripura,23.832838,91.884073,2009-07-10
7.6,9.3,30.2,0.358443,5495.0,54.0218,118.7689,0,spatial_background_sample,spatial_background_reference,Sikkim,27.89158,88.634872,2012-06-22
9.0,188.0,240.3,0.493528,117.0,10.2217,95.1447,0,spatial_background_sample,spatial_background_reference,Meghalaya,25.79638,90.573667,2025-05-31
49.4,108.6,154.4,0.377302,910.0,35.6282,332.4433,1,GSI_field_inventory,observed_landslide,Mizoram,23.73,92.75833333,
16.1,23.5,92.7,0.34475,5419.0,51.5508,219.6182,0,spatial_background_sample,spatial_background_reference,Sikkim,27.640707,88.212172,2012-06-22
61.9,120.9,163.8,0.376667,990.0,28.5329,73.5698,1,GSI_field_inventory,observed_landslide,Mizoram,23.69333333,92.72055556,
58.3,95.6,224.7,0.454896,268.0,14.363,79.0801,0,spatial_background_sample,spatial_background_reference,Meghalaya,25.797083,90.303351,2020-05-26
0.0,1.1,15.7,0.326266,5138.0,14.4761,308.7782,0,spatial_background_sample,spatial_background_reference,Sikkim,27.90371,88.24024,2022-05-29
36.3,74.2,158.3,0.42379,3684.0,36.1775,5.7308,0,spatial_background_sample,spatial_background_reference,Sikkim,27.658227,88.329395,2021-05-18
2.2,83.5,120.9,0.424804,1690.0,26.6811,184.0856,0,spatial_background_sample,spatial_background_reference,Manipur,25.413865,93.854327,2018-08-02
65.6,119.8,521.2,0.330368,67.0,0.0,180.0,0,spatial_background_sample,spatial_background_reference,Assam,26.701967,90.980456,2024-07-05
5.1,168.5,251.3,0.481333,138.0,30.7272,9.1668,1,GSI_field_inventory,observed_landslide,Assam,26.17027,91.698,
0.1,0.1,0.1,0.430417,129.0,0.0,180.0,0,spatial_background_sample,spatial_background_reference,Nagaland,26.857589,94.914493,2022-11-12
2.8,5.1,9.9,0.417836,5277.0,21.4732,160.983,0,spatial_background_sample,spatial_background_reference,Sikkim,27.9887,88.43994,2014-07-08
96.8,145.9,241.8,0.360083,763.0,15.6649,116.5753,1,GSI_field_inventory,observed_landslide,Mizoram,23.108018,92.746279,
1.9,6.4,31.5,0.426049,4191.0,31.4126,111.7574,0,spatial_background_sample,spatial_background_reference,Sikkim,27.902691,88.554477,2025-09-11
6.3,27.0,50.9,0.417454,570.0,22.8832,310.6376,0,spatial_background_sample,spatial_background_reference,Manipur,24.670018,94.528887,2007-08-28
37.5,70.1,197.8,0.427436,2703.0,41.6201,349.3479,0,spatial_background_sample,spatial_background_reference,Sikkim,27.610794,88.364423,2012-06-22
0.5,6.1,13.1,0.396208,103.0,10.5652,301.3427,0,spatial_background_sample,spatial_background_reference,Tripura,23.999807,91.875124,2009-07-10
33.5,82.5,121.5,0.427295,2048.0,38.5739,173.4325,0,spatial_background_sample,spatial_background_reference,Sikkim,27.585503,88.352266,2014-07-08
69.9,109.1,243.7,0.430094,1412.0,28.751,256.7815,1,GSI_field_inventory,observed_landslide,Sikkim,27.56111111,88.65452778,
99.5,150.6,286.1,0.476866,99.0,3.2482,286.554,0,spatial_background_sample,spatial_background_reference,Assam,26.910556,94.472853,2022-05-15
32.3,193.2,214.1,0.487146,182.0,1.3955,228.4151,0,spatial_background_sample,spatial_background_reference,Arunachal Pradesh,27.455267,96.037852,2016-07-16
45.3,102.7,144.5,0.380563,622.0,26.6875,46.8178,1,GSI_field_inventory,observed_landslide,Mizoram,23.595,92.81611111,
3.9,16.6,35.0,0.397961,5119.0,25.1395,182.2351,0,spatial_background_sample,spatial_background_reference,Sikkim,27.933633,88.46755,2013-08-28
33.9,86.2,104.5,0.46986,74.0,5.0412,336.4207,0,spatial_background_sample,spatial_background_reference,Tripura,23.585264,91.509821,2018-05-18
6.3,46.8,96.2,0.426987,3954.0,44.5684,159.3349,0,spatial_background_sample,spatial_background_reference,Arunachal Pradesh,27.899727,97.325716,2016-07-17
8.2,18.8,42.2,0.454188,786.0,26.4235,319.9558,1,GSI_field_inventory,observed_landslide,Mizoram,24.29982222,93.59040833,
65.0,128.9,173.2,0.376812,837.0,22.979,193.2296,1,GSI_field_inventory,observed_landslide,Mizoram,23.44333333,92.68527778,
17.6,34.6,60.2,0.478033,36.0,2.0143,270.0,0,spatial_background_sample,spatial_background_reference,Tripura,23.145142,91.800706,2009-07-10
88.4,264.3,363.0,0.49699,1099.0,21.5406,93.5268,1,GSI_field_inventory,observed_landslide,Meghalaya,25.320833,91.9275,
0.7,1.2,10.8,0.358246,5163.0,20.1593,326.8079,0,spatial_background_sample,spatial_background_reference,Sikkim,27.749554,88.243084,2025-07-19
1.5,11.3,28.0,0.404866,53.0,5.1441,100.3474,0,spatial_background_sample,spatial_background_reference,Tripura,24.086705,91.670003,2009-07-10
35.6,61.1,139.8,0.424501,2456.0,30.0045,202.4747,0,spatial_background_sample,spatial_background_reference,Arunachal Pradesh,28.479039,94.513889,2016-07-17
2.3,10.6,25.0,0.480165,37.0,2.2244,65.3996,0,spatial_background_sample,spatial_background_reference,Tripura,23.696412,91.394657,2009-07-10
0.0,0.0,14.1,0.363927,1215.0,25.8343,21.9024,1,GSI_field_inventory,observed_landslide,Mizoram,23.25986389,93.16155278,
56.7,109.9,241.5,0.424012,1572.0,21.3835,131.3548,0,spatial_background_sample,spatial_background_reference,Arunachal Pradesh,28.331564,95.3387,2016-07-17
10.7,72.1,87.3,0.393012,39.0,1.374,47.6107,0,spatial_background_sample,spatial_background_reference,Tripura,24.107024,91.998183,2018-05-18
26.6,52.6,123.6,0.425046,1729.0,34.3414,13.9875,0,spatial_background_sample,spatial_background_reference,Arunachal Pradesh,28.208702,93.787357,2016-07-17
59.1,112.4,143.7,0.378135,879.0,28.0825,204.47,1,GSI_field_inventory,observed_landslide,Mizoram,23.71416667,92.85805556,
2.8,5.1,9.9,0.422427,5172.0,26.426,318.4464,0,spatial_background_sample,spatial_background_reference,Sikkim,28.004386,88.608986,2014-07-08
16.3,42.1,122.2,0.425552,2766.0,20.7023,153.9636,0,spatial_background_sample,spatial_background_reference,Arunachal Pradesh,28.683272,94.24339,2016-07-16
13.1,139.0,201.9,0.392693,119.0,5.0312,90.0,0,spatial_background_sample,spatial_background_reference,Mizoram,23.31678,92.401053,2024-07-02
18.4,50.7,78.2,0.48976,71.0,1.3906,48.2326,0,spatial_background_sample,spatial_background_reference,Assam,26.737208,93.535007,2020-06-05
59.9,262.5,377.3,0.380906,750.0,22.7936,99.9824,1,GSI_field_inventory,observed_landslide,Mizoram,23.195661,92.73562,
55.9,132.8,162.0,0.489091,192.0,4.1134,270.0,0,spatial_background_sample,spatial_background_reference,Meghalaya,25.924992,90.583098,2024-06-30
69.9,109.1,243.7,0.430094,1557.0,38.4879,3.9495,1,GSI_field_inventory,observed_landslide,Sikkim,27.52838889,88.59972222,
4.7,73.8,169.8,0.467088,56.0,0.0,180.0,0,spatial_background_sample,spatial_background_reference,Assam,26.174667,92.314309,2016-05-17
6.2,22.9,41.9,0.293737,4989.0,26.2839,349.1725,0,spatial_background_sample,spatial_background_reference,Arunachal Pradesh,29.375023,96.097391,2016-04-22
26.3,50.2,65.6,0.478183,114.0,10.2509,323.5812,0,spatial_background_sample,spatial_background_reference,Meghalaya,25.361432,90.3287,2014-09-20
37.5,70.1,197.8,0.428397,4340.0,44.0619,230.5873,0,spatial_background_sample,spatial_background_reference,Sikkim,27.543708,88.32741,2012-06-22
14.9,37.4,72.6,0.414518,1447.0,3.0686,270.0,0,spatial_background_sample,spatial_background_reference,Meghalaya,25.195153,92.704738,2022-04-04
6.7,66.4,92.7,0.36,5177.0,7.9968,202.9569,0,spatial_background_sample,spatial_background_reference,Sikkim,27.712046,88.219664,2014-07-01
7.9,53.9,66.6,0.40243,131.0,12.1388,221.2571,0,spatial_background_sample,spatial_background_reference,Tripura,24.216958,91.931692,2018-05-18
47.6,123.4,165.6,0.474804,108.0,2.7772,180.0,0,spatial_background_sample,spatial_background_reference,Assam,27.493586,94.87058,2016-05-17
11.7,45.5,84.7,0.420006,2046.0,48.957,181.8301,0,spatial_background_sample,spatial_background_reference,Arunachal Pradesh,28.161308,97.069046,2016-07-16
8.3,55.3,146.7,0.419153,33.0,18.7555,180.0,0,spatial_background_sample,spatial_background_reference,Meghalaya,25.198447,90.357338,2025-06-25
73.1,205.0,326.5,0.393013,33.0,2.7725,131.8973,0,spatial_background_sample,spatial_background_reference,Assam,26.212116,89.7585,2022-05-15
47.7,88.6,107.8,0.37651,789.0,29.7753,294.2211,1,GSI_field_inventory,observed_landslide,Mizoram,23.76083333,92.8475,
32.9,76.5,127.1,0.478836,36.0,0.0,180.0,0,spatial_background_sample,spatial_background_reference,Assam,26.22866,91.119091,2020-06-05
11.3,19.4,49.9,0.400882,67.0,12.0366,350.3463,0,spatial_background_sample,spatial_background_reference,Meghalaya,25.252492,90.104213,2025-05-28
28.1,81.0,211.6,0.42379,4378.0,51.9428,272.1765,0,spatial_background_sample,spatial_background_reference,Sikkim,27.529154,88.355354,2021-05-18
94.2,199.6,293.6,0.483961,93.0,1.0365,90.0,0,spatial_background_sample,spatial_background_reference,Assam,26.658078,94.144859,2014-09-22
37.8,68.3,137.9,0.426308,2971.0,33.5647,167.1076,0,spatial_background_sample,spatial_background_reference,Arunachal Pradesh,29.098962,96.0995,2016-07-17
17.1,38.0,107.1,0.425068,1007.0,46.8921,321.9099,0,spatial_background_sample,spatial_background_reference,Arunachal Pradesh,27.963257,93.715321,2016-07-17
41.1,111.6,151.4,0.423408,1826.0,26.6378,357.922,0,spatial_background_sample,spatial_background_reference,Arunachal Pradesh,27.247925,93.266881,2016-04-22
4.3,178.0,224.9,0.487952,440.0,14.3213,230.7005,0,spatial_background_sample,spatial_background_reference,Meghalaya,25.799509,90.838641,2025-05-31
13.5,36.7,102.2,0.424911,584.0,48.3671,347.7797,0,spatial_background_sample,spatial_background_reference,Arunachal Pradesh,28.028799,93.664701,2016-07-16
118.4,169.1,246.8,0.363687,835.0,17.6988,119.6424,1,GSI_field_inventory,observed_landslide,Mizoram,23.183856,92.735346,
24.4,110.0,206.6,0.367958,728.0,31.4076,239.7531,1,GSI_field_inventory,observed_landslide,Mizoram,22.971217,92.925544,
65.0,128.9,173.2,0.379844,1034.0,35.5047,236.6161,1,GSI_field_inventory,observed_landslide,Mizoram,23.49,92.70555556,
0.0,8.9,197.0,0.370631,69.0,2.778,228.2043,0,spatial_background_sample,spatial_background_reference,Assam,26.623766,89.997063,2016-05-22
67.8,120.5,158.2,0.379417,813.0,34.7286,235.9113,1,GSI_field_inventory,observed_landslide,Mizoram,23.58722222,92.71361111,
4.3,28.2,47.4,0.41274,5254.0,32.1144,191.7734,0,spatial_background_sample,spatial_background_reference,Sikkim,27.893767,88.624638,2012-06-26
11.9,44.2,96.9,0.419513,54.0,1.0336,270.0,0,spatial_background_sample,spatial_background_reference,Assam,26.337905,89.955678,2020-06-02
2.3,10.6,25.0,0.480165,62.0,5.6318,349.6863,0,spatial_background_sample,spatial_background_reference,Tripura,23.671207,91.429195,2009-07-10
35.5,149.8,231.5,0.317564,42.0,2.2604,114.1824,0,spatial_background_sample,spatial_background_reference,Assam,26.091111,90.514801,2017-07-04
35.5,72.5,96.3,0.381683,40.0,14.2729,145.7206,0,spatial_background_sample,spatial_background_reference,Meghalaya,25.46907,89.886168,2007-07-19
24.7,62.6,135.7,0.426454,3791.0,53.0426,28.8435,0,spatial_background_sample,spatial_background_reference,Arunachal Pradesh,28.036821,92.953529,2016-07-17
5.8,18.2,18.2,0.422353,6130.0,32.4457,239.4236,0,spatial_background_sample,spatial_background_reference,Sikkim,27.592434,88.144396,2024-08-21
2.3,10.6,25.0,0.484272,58.0,3.4333,323.9559,0,spatial_background_sample,spatial_background_reference,Tripura,23.636968,91.455051,2009-07-10
3.0,105.8,214.3,0.455583,704.0,18.3872,95.5893,1,GSI_field_inventory,observed_landslide,Assam,25.14586111,93.02419444,
5.7,9.7,29.0,0.410376,4245.0,43.929,19.9486,0,spatial_background_sample,spatial_background_reference,Sikkim,27.675728,88.32296,2022-08-25
32.2,214.3,317.7,0.375094,617.0,31.8633,24.2813,1,GSI_field_inventory,observed_landslide,Mizoram,23.315355,92.790619,
17.9,103.8,150.8,0.472135,499.0,9.4015,258.737,0,spatial_background_sample,spatial_background_reference,Assam,26.340939,92.991745,2018-06-14
19.4,73.9,163.7,0.427406,1578.0,15.5961,78.2889,1,GSI_field_inventory,observed_landslide,Sikkim,27.327977,88.152281,
5.6,23.1,32.6,0.402332,4563.0,11.0417,131.5217,0,spatial_background_sample,spatial_background_reference,Sikkim,27.698989,88.370734,2013-08-28
19.0,46.2,149.1,0.425716,1361.0,29.596,64.7211,0,spatial_background_sample,spatial_background_reference,Arunachal Pradesh,28.172709,93.416579,2016-07-16
6.4,38.7,96.2,0.485954,1019.0,17.0078,298.4091,0,spatial_background_sample,spatial_background_reference,Meghalaya,25.643199,92.26986,2007-08-18
86.3,148.2,254.1,0.357292,545.0,8.7103,236.3085,1,GSI_field_inventory,observed_landslide,Mizoram,22.973735,92.725975,
62.1,110.2,183.3,0.427033,613.0,23.5544,257.1413,0,spatial_background_sample,spatial_background_reference,Arunachal Pradesh,28.95031,94.842374,2016-07-17
123.2,235.0,251.2,0.391979,54.0,3.6054,239.1195,0,spatial_background_sample,spatial_background_reference,Assam,26.228422,90.078426,2022-05-14
4.5,17.2,25.9,0.393103,5170.0,22.0309,2.5901,0,spatial_background_sample,spatial_background_reference,Sikkim,27.840463,88.611111,2024-08-21
6.3,13.1,32.9,0.446201,26.0,5.4714,47.5269,0,spatial_background_sample,spatial_background_reference,Tripura,23.727664,91.189532,2009-07-10
14.2,49.6,96.2,0.484792,612.0,3.7006,0.0,0,spatial_background_sample,spatial_background_reference,Meghalaya,25.736693,90.887095,2014-09-20
56.8,61.3,86.3,0.440821,773.0,1.8523,0.0,0,spatial_background_sample,spatial_background_reference,Manipur,24.654657,93.835343,2024-07-29
31.8,65.3,111.8,0.422494,3661.0,36.1418,100.2021,0,spatial_background_sample,spatial_background_reference,Arunachal Pradesh,28.677288,95.521574,2016-04-22
25.1,43.5,108.6,0.391094,4651.0,6.3296,261.6181,0,spatial_background_sample,spatial_background_reference,Sikkim,27.862786,88.344752,2021-06-18
0.7,15.7,32.9,0.485012,155.0,12.9341,134.7547,0,spatial_background_sample,spatial_background_reference,Nagaland,26.832763,94.897632,2023-08-17
5.0,14.9,34.7,0.408042,60.0,2.1097,28.6126,0,spatial_background_sample,spatial_background_reference,Tripura,23.568222,91.644018,2009-07-10
31.2,94.3,112.9,0.462375,37.0,8.0803,276.5398,0,spatial_background_sample,spatial_background_reference,Tripura,23.49137,91.375191,2018-05-18
21.4,66.1,104.7,0.428277,4517.0,13.6328,78.4625,0,spatial_background_sample,spatial_background_reference,Sikkim,27.799686,88.766621,2012-06-26
2.2,12.0,59.9,0.482698,791.0,26.1557,164.6111,1,GSI_field_inventory,observed_landslide,Nagaland,25.770055,93.937873,
12.0,49.4,62.8,0.397655,27.0,0.9264,180.0,0,spatial_background_sample,spatial_background_reference,Tripura,24.417949,92.146053,2018-05-18
44.8,115.2,284.7,0.428153,2105.0,32.6139,88.552,0,spatial_background_sample,spatial_background_reference,Arunachal Pradesh,27.780573,92.888857,2016-07-17
17.6,34.6,60.2,0.399095,81.0,10.4328,151.4238,0,spatial_background_sample,spatial_background_reference,Tripura,23.368767,91.655968,2009-07-10
13.5,36.7,102.2,0.425659,1090.0,44.4448,298.5611,0,spatial_background_sample,spatial_background_reference,Arunachal Pradesh,28.091078,93.641219,2016-07-16
3.5,4.7,28.5,0.415582,4745.0,57.0027,4.0858,0,spatial_background_sample,spatial_background_reference,Sikkim,27.849815,88.590482,2022-05-29
84.7,140.4,182.2,0.37375,898.0,31.4437,170.4603,1,GSI_field_inventory,observed_landslide,Mizoram,23.288812,92.864763,
5.0,14.9,34.7,0.399095,60.0,4.136,102.921,0,spatial_background_sample,spatial_background_reference,Tripura,23.413168,91.741528,2009-07-10
6.9,13.2,30.5,0.388448,923.0,27.6595,259.3204,1,GSI_field_inventory,observed_landslide,Mizoram,24.288014,92.946017,
34.2,90.3,177.7,0.342577,392.0,21.6364,333.7417,0,spatial_background_sample,spatial_background_reference,Mizoram,22.869882,93.121042,2025-06-01
9.8,19.0,122.6,0.484854,165.0,19.0449,143.9894,1,GSI_field_inventory,observed_landslide,Assam,26.19552778,91.78055556,
26.1,98.1,119.9,0.472937,54.0,3.4343,36.0683,0,spatial_background_sample,spatial_background_reference,Tripura,23.752902,91.401027,2018-05-18
6.8,59.2,121.5,0.426662,4082.0,44.0228,33.2237,0,spatial_background_sample,spatial_background_reference,Arunachal Pradesh,27.682667,92.169849,2016-07-17
54.9,118.1,157.5,0.379844,1001.0,24.1012,354.3373,1,GSI_field_inventory,observed_landslide,Mizoram,23.53222222,92.735,
15.6,53.1,130.9,0.419128,35.0,1.3873,131.8869,0,spatial_background_sample,spatial_background_reference,Assam,26.254613,90.698805,2020-06-02
9.1,22.2,46.9,0.422884,4987.0,31.8212,271.4931,0,spatial_background_sample,spatial_background_reference,Sikkim,27.594258,88.164182,2024-07-21
6.9,32.2,61.7,0.364237,5874.0,51.6094,161.4516,0,spatial_background_sample,spatial_background_reference,Sikkim,27.619935,88.170655,2021-08-27
2.3,10.6,25.0,0.442741,53.0,2.7772,0.0,0,spatial_background_sample,spatial_background_reference,Tripura,23.703577,91.487492,2009-07-10
0.0,8.9,197.0,0.463945,57.0,1.0356,270.0,0,spatial_background_sample,spatial_background_reference,Assam,26.551353,90.097535,2016-05-22
1.5,11.3,28.0,0.399807,102.0,7.0834,121.3655,0,spatial_background_sample,spatial_background_reference,Tripura,23.884199,91.687102,2009-07-10
10.6,62.2,80.9,0.40918,65.0,7.6066,212.0531,0,spatial_background_sample,spatial_background_reference,Tripura,24.133919,91.697502,2018-05-18
39.5,68.0,147.7,0.425278,3158.0,22.9553,208.5925,0,spatial_background_sample,spatial_background_reference,Arunachal Pradesh,28.662035,94.451861,2016-07-17
23.7,33.4,68.9,0.427844,3091.0,14.5796,308.438,0,spatial_background_sample,spatial_background_reference,Arunachal Pradesh,29.186244,96.134566,2016-07-17
11.1,15.6,52.4,0.424848,4038.0,16.3918,240.3488,0,spatial_background_sample,spatial_background_reference,Sikkim,27.684559,88.362601,2025-07-19
50.3,261.5,389.0,0.380031,785.0,12.6147,280.4182,1,GSI_field_inventory,observed_landslide,Mizoram,23.1739,92.611378,
2.5,15.0,30.6,0.427561,46.0,6.1247,318.8896,0,spatial_background_sample,spatial_background_reference,Tripura,23.548464,91.5594,2009-07-10
6.3,13.4,23.3,0.417177,4733.0,19.1525,12.124,0,spatial_background_sample,spatial_background_reference,Sikkim,27.541083,88.163428,2014-07-08
10.5,39.5,59.6,0.443,2171.0,17.2298,200.1969,0,spatial_background_sample,spatial_background_reference,Manipur,25.024629,93.846008,2008-06-19
0.5,6.1,13.1,0.396208,93.0,7.4822,137.6207,0,spatial_background_sample,spatial_background_reference,Tripura,24.037674,91.94463,2009-07-10
17.5,43.0,96.2,0.494731,84.0,8.5624,302.4773,0,spatial_background_sample,spatial_background_reference,Assam,26.985759,94.036094,2020-06-26
38.9,84.8,158.3,0.490893,232.0,1.8523,180.0,0,spatial_background_sample,spatial_background_reference,Arunachal Pradesh,28.00792,95.952347,2016-07-17
27.9,94.3,159.4,0.42289,60.0,12.8005,265.9189,0,spatial_background_sample,spatial_background_reference,Mizoram,21.946293,92.905346,2024-08-19
20.4,73.0,95.8,0.490085,876.0,9.2404,186.3334,0,spatial_background_sample,spatial_background_reference,Meghalaya,25.713075,92.397014,2009-07-01
21.9,47.3,79.4,0.418759,47.0,5.9074,159.6572,0,spatial_background_sample,spatial_background_reference,Meghalaya,25.966363,90.41196,2007-07-19
29.8,134.4,235.5,0.371354,760.0,26.4308,61.2918,1,GSI_field_inventory,observed_landslide,Mizoram,23.223594,92.914767,
72.6,181.1,204.2,0.488124,295.0,15.4426,103.5405,0,spatial_background_sample,spatial_background_reference,Meghalaya,25.431377,90.308065,2019-06-27
2.4,22.5,104.9,0.498302,1393.0,4.2328,151.0313,1,GSI_field_inventory,observed_landslide,Meghalaya,25.41955556,92.16194444,
6.3,21.7,84.5,0.417875,3008.0,43.9118,279.6691,0,spatial_background_sample,spatial_background_reference,Sikkim,27.629346,88.452606,2022-08-25
25.6,166.5,277.2,0.488848,96.0,0.0,180.0,0,spatial_background_sample,spatial_background_reference,Assam,26.61268,94.028422,2016-05-17
37.6,109.3,220.4,0.422606,3709.0,18.3414,347.2863,0,spatial_background_sample,spatial_background_reference,Sikkim,27.565931,88.265849,2022-10-10
13.4,20.5,23.0,0.31506,5800.0,21.0176,306.0991,0,spatial_background_sample,spatial_background_reference,Sikkim,27.694065,88.323593,2023-10-04
23.9,150.8,261.3,0.366281,835.0,16.1672,192.2681,1,GSI_field_inventory,observed_landslide,Mizoram,23.111824,92.745097,
16.9,95.5,244.1,0.427119,3839.0,12.5601,64.1857,0,spatial_background_sample,spatial_background_reference,Sikkim,27.522242,88.767238,2014-07-01
10.1,14.6,43.7,0.404857,4522.0,21.9987,265.4087,0,spatial_background_sample,spatial_background_reference,Sikkim,27.949883,88.498935,2012-06-22
5.9,24.4,37.4,0.39558,5174.0,16.3486,352.838,0,spatial_background_sample,spatial_background_reference,Sikkim,27.840389,88.766149,2012-06-26
5.8,8.3,33.6,0.384719,5164.0,25.4214,144.7346,0,spatial_background_sample,spatial_background_reference,Sikkim,27.889672,88.336266,2025-07-19
16.1,23.5,92.7,0.323001,6429.0,24.4054,297.5988,0,spatial_background_sample,spatial_background_reference,Sikkim,27.788637,88.203367,2012-06-22
69.1,138.8,190.5,0.377844,1310.0,33.8656,161.2194,1,GSI_field_inventory,observed_landslide,Mizoram,23.39166667,92.75527778,
18.0,66.3,87.0,0.387527,72.0,7.5759,111.3908,0,spatial_background_sample,spatial_background_reference,Tripura,23.937158,92.036843,2018-05-18
54.9,118.1,157.5,0.379844,853.0,44.0191,233.5096,1,GSI_field_inventory,observed_landslide,Mizoram,23.53555556,92.69694444,
20.1,65.8,80.2,0.456286,62.0,1.0089,90.0,0,spatial_background_sample,spatial_background_reference,Tripura,23.344431,91.739806,2018-05-18
19.3,39.1,68.4,0.476865,58.0,2.9536,160.0798,0,spatial_background_sample,spatial_background_reference,Tripura,23.101777,91.712207,2009-07-10
1.1,4.6,18.5,0.399464,5038.0,6.5285,253.5854,0,spatial_background_sample,spatial_background_reference,Sikkim,27.89827,88.261065,2025-09-11
31.6,119.4,246.0,0.4945,61.0,3.4033,17.688,1,GSI_field_inventory,observed_landslide,Assam,26.37456,91.84561,
32.2,214.3,317.7,0.372094,958.0,33.004,262.1212,1,GSI_field_inventory,observed_landslide,Mizoram,23.311529,92.85443,
73.5,121.3,280.6,0.428479,3022.0,41.8329,246.584,0,spatial_background_sample,spatial_background_reference,Sikkim,27.646862,88.450481,2012-06-22
25.0,74.8,115.3,0.425432,3494.0,38.6978,332.6381,0,spatial_background_sample,spatial_background_reference,Arunachal Pradesh,28.557701,96.148885,2016-04-22
0.5,6.1,13.1,0.372784,290.0,12.7929,355.532,0,spatial_background_sample,spatial_background_reference,Tripura,23.921022,92.097067,2009-07-10
8.3,62.5,121.0,0.47724,481.0,7.4781,81.1323,1,GSI_field_inventory,observed_landslide,Assam,25.18919,93.02118,
2.5,15.0,30.6,0.484092,74.0,5.5414,180.0,0,spatial_background_sample,spatial_background_reference,Tripura,23.484211,91.549685,2009-07-10
11.2,116.2,183.5,0.427095,3142.0,26.8139,30.2587,0,spatial_background_sample,spatial_background_reference,Arunachal Pradesh,27.276215,92.198836,2016-07-17
2.8,5.1,9.9,0.417836,5189.0,6.3942,305.2504,0,spatial_background_sample,spatial_background_reference,Sikkim,27.941701,88.394479,2014-07-08
5.0,14.9,34.7,0.402095,124.0,5.0408,336.4313,0,spatial_background_sample,spatial_background_reference,Tripura,23.518692,91.799363,2009-07-10
2.7,12.2,20.0,0.392601,83.0,14.3677,63.7769,0,spatial_background_sample,spatial_background_reference,Tripura,23.828376,91.686029,2009-07-10
7.8,17.7,66.3,0.301686,4859.0,19.3029,117.4941,0,spatial_background_sample,spatial_background_reference,Sikkim,27.780346,88.32305,2022-10-10
5.0,14.9,34.7,0.396973,113.0,5.3667,110.136,0,spatial_background_sample,spatial_background_reference,Tripura,23.558816,91.844822,2009-07-10
6.7,66.4,92.7,0.36,5745.0,64.9802,318.3429,0,spatial_background_sample,spatial_background_reference,Sikkim,27.670983,88.214019,2014-07-01
54.1,313.9,433.5,0.380031,756.0,20.4716,25.8742,1,GSI_field_inventory,observed_landslide,Mizoram,23.203903,92.576807,
49.4,173.1,190.3,0.313878,197.0,2.123,330.738,0,spatial_background_sample,spatial_background_reference,Assam,26.826852,91.925861,2022-05-14
8.3,11.0,54.2,0.388031,1004.0,25.2503,44.5865,1,GSI_field_inventory,observed_landslide,Mizoram,23.544052,93.155591,
7.0,39.2,84.1,0.42825,4692.0,37.1379,33.6255,0,spatial_background_sample,spatial_background_reference,Sikkim,27.528746,88.347278,2014-08-26
24.9,67.5,98.0,0.430281,213.0,50.7974,22.9338,1,GSI_field_inventory,observed_landslide,Arunachal Pradesh,27.193425,93.780983,
7.4,10.5,39.9,0.316762,5708.0,7.7998,249.2596,0,spatial_background_sample,spatial_background_reference,Sikkim,27.923603,88.787325,2021-06-18
2.4,15.4,47.2,0.490939,75.0,2.7772,0.0,0,spatial_background_sample,spatial_background_reference,Meghalaya,25.301621,90.330912,2007-09-15
33.9,86.2,104.5,0.46986,53.0,8.3822,208.6117,0,spatial_background_sample,spatial_background_reference,Tripura,23.563175,91.534615,2018-05-18
45.2,209.5,254.2,0.477671,45.0,3.8409,15.5547,0,spatial_background_sample,spatial_background_reference,Assam,26.085703,91.091914,2022-05-15
18.4,58.7,75.8,0.3655,68.0,0.0,180.0,0,spatial_background_sample,spatial_background_reference,Tripura,23.312301,91.763929,2018-05-18
18.5,84.4,138.8,0.492638,1043.0,2.1182,330.9668,0,spatial_background_sample,spatial_background_reference,Meghalaya,25.737763,91.459037,2009-07-01
0.5,6.1,13.1,0.373176,87.0,1.3741,47.6147,0,spatial_background_sample,spatial_background_reference,Tripura,24.124893,92.061512,2009-07-10
1.5,11.3,28.0,0.404866,209.0,31.1537,159.4194,0,spatial_background_sample,spatial_background_reference,Tripura,24.063673,91.748801,2009-07-10
5.0,14.9,34.7,0.402095,159.0,16.6085,314.8081,0,spatial_background_sample,spatial_background_reference,Tripura,23.52083,91.782514,2009-07-10
11.5,139.3,201.3,0.415045,957.0,16.955,17.3169,0,spatial_background_sample,spatial_background_reference,Arunachal Pradesh,27.0114,92.368787,2016-07-17
17.8,28.2,37.3,0.414534,4533.0,37.3156,317.9429,0,spatial_background_sample,spatial_background_reference,Sikkim,27.537132,88.123433,2023-10-04
28.8,61.7,84.9,0.462999,95.0,2.1251,29.3629,0,spatial_background_sample,spatial_background_reference,Assam,27.289425,94.542422,2017-06-13
76.5,211.2,250.5,0.410662,45.0,1.0353,90.0,0,spatial_background_sample,spatial_background_reference,Assam,26.520493,90.895352,2014-09-22
10.0,74.2,90.3,0.411153,64.0,7.066,270.0,0,spatial_background_sample,spatial_background_reference,Tripura,24.057252,91.818639,2018-05-18
4.7,73.8,169.8,0.483132,56.0,2.9628,339.5964,0,spatial_background_sample,spatial_background_reference,Assam,26.34582,92.191545,2016-05-17
23.2,34.2,40.4,0.402929,4540.0,32.4912,27.2967,0,spatial_background_sample,spatial_background_reference,Sikkim,27.647083,88.360266,2023-10-04
67.2,187.2,240.1,0.429426,45.0,7.5147,222.6532,0,spatial_background_sample,spatial_background_reference,Meghalaya,25.236541,90.468564,2009-07-01
12.7,70.1,85.9,0.370259,69.0,1.0157,90.0,0,spatial_background_sample,spatial_background_reference,Tripura,24.211915,92.115474,2018-05-18
35.8,122.9,211.1,0.479222,192.0,5.1373,90.0,0,spatial_background_sample,spatial_background_reference,Assam,25.937791,93.492862,2016-05-17
36.1,62.5,122.1,0.425999,4463.0,41.8237,196.7261,0,spatial_background_sample,spatial_background_reference,Arunachal Pradesh,28.477136,96.339315,2016-07-17
147.4,203.7,287.8,0.365104,892.0,23.817,23.533,1,GSI_field_inventory,observed_landslide,Mizoram,23.293453,92.858089,
0.5,4.3,10.9,0.393231,5129.0,11.7125,76.4684,0,spatial_background_sample,spatial_background_reference,Sikkim,28.063118,88.693329,2022-05-29
17.1,38.0,107.1,0.425068,1150.0,28.0842,180.0,0,spatial_background_sample,spatial_background_reference,Arunachal Pradesh,27.922497,93.657923,2016-07-17
10.1,14.6,43.7,0.404857,4949.0,22.6847,328.3252,0,spatial_background_sample,spatial_background_reference,Sikkim,27.866731,88.497582,2012-06-22
9.6,33.0,65.6,0.408152,70.0,12.3381,257.1868,0,spatial_background_sample,spatial_background_reference,Assam,24.529963,92.35956,2014-09-22
21.8,66.9,85.6,0.456286,93.0,3.7006,0.0,0,spatial_background_sample,spatial_background_reference,Tripura,23.297033,91.692857,2018-05-18
0.9,9.4,20.4,0.398661,36.0,4.457,294.5121,0,spatial_background_sample,spatial_background_reference,Tripura,24.221856,91.831635,2009-07-10
11.2,116.2,183.5,0.427263,2896.0,33.1298,219.8206,0,spatial_background_sample,spatial_background_reference,Arunachal Pradesh,27.14575,92.426413,2016-07-17
3.9,16.6,35.0,0.330183,5616.0,48.0025,124.594,0,spatial_background_sample,spatial_background_reference,Sikkim,27.842919,88.63061,2013-08-28
13.1,27.1,89.2,0.426351,2501.0,28.9791,232.1851,0,spatial_background_sample,spatial_background_reference,Sikkim,27.505401,88.412725,2025-09-11
66.5,99.9,174.1,0.425713,2963.0,15.663,348.6243,0,spatial_background_sample,spatial_background_reference,Arunachal Pradesh,28.703944,95.438451,2016-07-17
13.5,36.7,102.2,0.424455,1728.0,25.7239,19.9922,0,spatial_background_sample,spatial_background_reference,Arunachal Pradesh,27.933676,93.856203,2016-07-16
18.3,103.4,146.9,0.493536,376.0,15.04,15.6684,0,spatial_background_sample,spatial_background_reference,Arunachal Pradesh,26.964173,95.217514,2016-07-16
0.5,6.1,13.1,0.396208,170.0,25.3573,239.2175,0,spatial_background_sample,spatial_background_reference,Tripura,24.018303,91.912212,2009-07-10
12.5,23.2,28.5,0.44843,101.0,3.4643,36.7456,0,spatial_background_sample,spatial_background_reference,Assam,26.757745,92.246287,2017-05-20
18.6,91.1,111.9,0.399568,77.0,4.216,208.6702,0,spatial_background_sample,spatial_background_reference,Tripura,23.879746,91.48567,2018-05-18
1.5,11.3,28.0,0.399807,119.0,9.2287,78.5194,0,spatial_background_sample,spatial_background_reference,Tripura,23.943073,91.726447,2009-07-10
55.2,165.1,289.0,0.472603,127.0,1.0442,90.0,0,spatial_background_sample,spatial_background_reference,Assam,27.486585,95.406248,2022-05-15
2.5,16.9,35.6,0.385744,5402.0,33.4666,59.0912,0,spatial_background_sample,spatial_background_reference,Sikkim,27.897122,88.855683,2012-07-17
25.9,49.0,129.6,0.4225,3892.0,40.5136,48.5239,0,spatial_background_sample,spatial_background_reference,Sikkim,27.873568,88.545028,2012-06-22
11.6,26.2,105.2,0.490607,573.0,29.707,172.7063,0,spatial_background_sample,spatial_background_reference,Nagaland,26.757945,94.835481,2025-07-08
5.0,63.8,154.0,0.385031,4583.0,14.5398,175.956,0,spatial_background_sample,spatial_background_reference,Sikkim,27.866341,88.378601,2012-07-17
3.1,23.8,194.6,0.487723,541.0,7.3688,255.5187,0,spatial_background_sample,spatial_background_reference,Meghalaya,25.318758,90.768281,2007-08-18
2.2,52.7,73.3,0.419597,779.0,1.3777,132.2491,0,spatial_background_sample,spatial_background_reference,Manipur,24.727472,93.876946,2007-08-28
6.3,13.4,23.3,0.36,5335.0,44.1962,264.2736,0,spatial_background_sample,spatial_background_reference,Sikkim,27.649881,88.199672,2014-07-08
1.1,11.8,73.8,0.421994,2876.0,33.6757,68.6531,0,spatial_background_sample,spatial_background_reference,Sikkim,27.640445,88.477415,2024-08-21
51.8,91.3,98.5,0.489592,352.0,12.4957,77.3563,0,spatial_background_sample,spatial_background_reference,Assam,26.193616,93.212446,2017-06-13
4.2,8.5,12.6,0.386482,136.0,17.6508,90.0,0,spatial_background_sample,spatial_background_reference,Tripura,23.836466,91.887737,2009-07-10
17.2,46.6,217.9,0.426329,1843.0,21.4672,18.9659,0,spatial_background_sample,spatial_background_reference,Arunachal Pradesh,27.674536,93.512416,2016-07-17
9.9,33.3,61.7,0.393562,592.0,34.4881,120.4391,1,GSI_field_inventory,observed_landslide,Mizoram,23.71111111,92.87861111,
31.1,250.1,347.7,0.373979,458.0,32.6262,132.5643,1,GSI_field_inventory,observed_landslide,Mizoram,23.307135,92.707624,
43.9,107.8,114.6,0.479397,60.0,2.2669,65.8909,0,spatial_background_sample,spatial_background_reference,Assam,26.488328,91.758332,2017-06-13
1.9,11.1,130.5,0.457552,778.0,3.5685,58.7637,0,spatial_background_sample,spatial_background_reference,Manipur,24.531774,93.939116,2007-09-10
54.9,118.1,157.5,0.379417,834.0,1.7852,82.5393,1,GSI_field_inventory,observed_landslide,Mizoram,23.55388889,92.70472222,
1.9,5.9,44.2,0.41851,687.0,29.4078,349.6232,1,GSI_field_inventory,observed_landslide,Mizoram,23.5356,93.10656944,
8.4,23.6,59.8,0.426976,3921.0,35.9009,253.1195,0,spatial_background_sample,spatial_background_reference,Sikkim,27.499576,88.131578,2022-10-10
14.9,32.2,33.5,0.393793,616.0,18.3383,337.9529,0,spatial_background_sample,spatial_background_reference,Manipur,24.532992,94.430194,2018-06-22
4.9,16.5,30.1,0.28375,786.0,17.3052,102.7569,1,GSI_field_inventory,observed_landslide,Mizoram,23.229731,92.73968,
1.5,11.3,28.0,0.403719,73.0,9.2599,299.7282,0,spatial_background_sample,spatial_background_reference,Tripura,23.98296,91.670391,2009-07-10
11.8,12.6,20.1,0.422161,1703.0,18.573,344.2469,0,spatial_background_sample,spatial_background_reference,Sikkim,27.594362,88.442978,2022-05-29
26.9,65.8,86.8,0.436249,13.0,3.1552,287.0572,0,spatial_background_sample,spatial_background_reference,Tripura,23.005625,91.657811,2018-05-18
2.7,12.2,20.0,0.399807,95.0,4.1495,282.8782,0,spatial_background_sample,spatial_background_reference,Tripura,23.861999,91.681905,2009-07-10
14.0,32.2,45.6,0.424473,3407.0,24.0902,330.2204,0,spatial_background_sample,spatial_background_reference,Arunachal Pradesh,29.100138,94.834568,2016-04-22
38.0,52.5,126.3,0.455804,308.0,21.2799,255.576,0,spatial_background_sample,spatial_background_reference,Meghalaya,25.814573,90.319908,2007-07-25
28.1,57.0,80.6,0.425449,4135.0,51.6867,47.38,0,spatial_background_sample,spatial_background_reference,Sikkim,27.690834,88.430708,2014-07-08
0.0,0.0,1.8,0.405196,4492.0,16.4982,169.3235,0,spatial_background_sample,spatial_background_reference,Sikkim,27.865554,88.425576,2022-11-20
118.4,169.1,246.8,0.363687,891.0,10.8091,314.3857,1,GSI_field_inventory,observed_landslide,Mizoram,23.152289,92.746243,
9.8,166.4,224.6,0.49,907.0,16.3469,187.112,0,spatial_background_sample,spatial_background_reference,Arunachal Pradesh,27.060455,95.848349,2016-07-17
13.7,53.3,129.4,0.426208,2647.0,18.9803,9.1553,0,spatial_background_sample,spatial_background_reference,Arunachal Pradesh,27.574285,93.955959,2016-07-17
58.1,81.4,298.5,0.371292,61.0,15.338,73.7196,1,GSI_field_inventory,observed_landslide,Assam,24.92097,93.07306,
53.2,79.4,246.2,0.415076,32.0,2.0497,90.0,0,spatial_background_sample,spatial_background_reference,Meghalaya,25.365991,89.868506,2007-07-25
41.5,132.3,169.5,0.476938,367.0,4.1962,282.7318,0,spatial_background_sample,spatial_background_reference,Meghalaya,25.341978,90.597273,2025-05-30
62.1,110.2,183.3,0.426762,2116.0,4.6222,180.0,0,spatial_background_sample,spatial_background_reference,Arunachal Pradesh,28.891689,94.874188,2016-07-17
6.6,61.3,236.8,0.460963,519.0,7.4409,187.9221,0,spatial_background_sample,spatial_background_reference,Assam,26.067169,93.61443,2010-04-02
18.5,102.9,150.0,0.393781,666.0,22.4171,220.94,1,GSI_field_inventory,observed_landslide,Mizoram,24.04014167,93.2915,
32.9,61.6,122.6,0.426644,3155.0,37.8213,16.6307,0,spatial_background_sample,spatial_background_reference,Arunachal Pradesh,29.148622,95.831084,2016-07-17
1.5,11.3,28.0,0.399807,117.0,19.0715,76.4761,0,spatial_background_sample,spatial_background_reference,Tripura,23.939355,91.74307,2009-07-10
4.2,5.0,16.2,0.426051,3902.0,35.1121,114.4526,0,spatial_background_sample,spatial_background_reference,Sikkim,27.847814,88.556873,2025-07-19
24.0,180.2,211.6,0.493,273.0,17.3303,169.9127,0,spatial_background_sample,spatial_background_reference,Arunachal Pradesh,27.432379,96.164431,2016-07-17
21.9,85.1,210.5,0.487674,85.0,2.2767,66.0011,0,spatial_background_sample,spatial_background_reference,Assam,27.07521,94.413394,2016-05-22
45.1,103.3,227.5,0.361555,524.0,22.7012,228.9216,0,spatial_background_sample,spatial_background_reference,Mizoram,22.635994,93.096722,2025-06-01
31.8,118.2,155.0,0.455754,362.0,6.909,36.8069,0,spatial_background_sample,spatial_background_reference,Arunachal Pradesh,27.009765,93.142767,2016-04-22
6.4,38.7,96.2,0.487711,808.0,13.7797,306.3976,0,spatial_background_sample,spatial_background_reference,Meghalaya,25.707627,92.284781,2007-08-18
2.5,15.0,30.6,0.486573,41.0,3.7006,0.0,0,spatial_background_sample,spatial_background_reference,Tripura,23.579278,91.43818,2009-07-10
0.5,1.6,15.1,0.37617,6047.0,31.6311,166.2397,0,spatial_background_sample,spatial_background_reference,Sikkim,28.00374,88.675374,2022-05-29
0.8,15.5,21.6,0.423339,5062.0,39.2316,233.551,0,spatial_background_sample,spatial_background_reference,Sikkim,27.587866,88.169939,2015-07-08
24.3,93.5,110.3,0.471704,50.0,5.0425,90.0,0,spatial_background_sample,spatial_background_reference,Tripura,23.612359,91.335583,2018-05-18
24.3,54.3,115.3,0.425802,461.0,10.1921,302.6996,1,GSI_field_inventory,observed_landslide,Mizoram,24.56771111,93.14291667,
42.8,62.0,105.6,0.424792,235.0,26.4865,251.5337,1,GSI_field_inventory,observed_landslide,Mizoram,23.62361111,92.78888889,
10.7,72.1,87.3,0.393012,70.0,13.7147,149.4668,0,spatial_background_sample,spatial_background_reference,Tripura,24.08873,92.016815,2018-05-18
18.7,31.4,56.9,0.412905,28.0,0.9264,180.0,0,spatial_background_sample,spatial_background_reference,Meghalaya,25.89446,90.061974,2007-09-15
7.0,39.2,84.1,0.367063,6260.0,27.8121,161.8483,0,spatial_background_sample,spatial_background_reference,Sikkim,27.682352,88.244009,2014-08-26
35.3,97.7,113.1,0.470025,47.0,3.5496,238.5787,0,spatial_background_sample,spatial_background_reference,Tripura,23.598936,91.376535,2018-05-18
0.4,0.9,16.1,0.383671,3639.0,32.4596,147.0225,0,spatial_background_sample,spatial_background_reference,Sikkim,27.457505,88.120992,2022-11-20
22.7,170.7,255.0,0.372917,26.0,0.0,180.0,0,spatial_background_sample,spatial_background_reference,Assam,26.010721,90.013998,2017-07-04
30.5,64.7,110.3,0.486351,92.0,2.124,330.6853,0,spatial_background_sample,spatial_background_reference,Assam,27.069683,94.532738,2010-06-03
57.3,288.1,399.0,0.383406,517.0,27.6116,96.2186,1,GSI_field_inventory,observed_landslide,Mizoram,23.306105,92.671296,
8.3,55.0,163.8,0.411704,646.0,19.5931,197.4528,0,spatial_background_sample,spatial_background_reference,Manipur,24.662978,94.505686,2008-06-19
46.2,47.3,66.0,0.402964,847.0,26.0142,6.3039,0,spatial_background_sample,spatial_background_reference,Manipur,25.147022,93.481844,2024-07-29
17.5,68.5,85.3,0.374821,70.0,14.7535,217.04,0,spatial_background_sample,spatial_background_reference,Tripura,23.452607,91.656339,2018-05-18
9.4,49.0,83.4,0.422751,4306.0,33.067,240.2176,0,spatial_background_sample,spatial_background_reference,Sikkim,27.49379,88.121563,2013-08-28
11.4,162.0,366.7,0.42932,50.0,2.7721,48.0954,0,spatial_background_sample,spatial_background_reference,Assam,26.182303,89.932464,2019-07-16
59.1,147.6,231.1,0.426939,1340.0,22.5189,258.7552,0,spatial_background_sample,spatial_background_reference,Arunachal Pradesh,28.9784,94.979862,2016-07-17
60.6,302.9,428.6,0.380031,705.0,15.6184,357.2917,1,GSI_field_inventory,observed_landslide,Mizoram,23.200105,92.584517,
3.2,15.5,22.9,0.376903,203.0,4.4471,245.4293,0,spatial_background_sample,spatial_background_reference,Manipur,23.874253,94.152032,2018-05-03
10.1,14.6,43.7,0.399591,5241.0,9.4962,241.0973,0,spatial_background_sample,spatial_background_reference,Sikkim,27.9513,88.386179,2012-06-22
8.6,86.4,139.5,0.406156,90.0,1.3944,311.6268,0,spatial_background_sample,spatial_background_reference,Assam,27.29225,94.412064,2014-05-10
7.4,54.8,73.9,0.405714,54.0,2.9565,20.0729,0,spatial_background_sample,spatial_background_reference,Tripura,24.186777,91.803455,2018-05-18
21.6,38.8,85.1,0.424388,4139.0,30.1864,30.4899,0,spatial_background_sample,spatial_background_reference,Arunachal Pradesh,28.769172,96.56771,2016-07-17
17.5,36.6,145.2,0.478967,181.0,17.615,232.3293,0,spatial_background_sample,spatial_background_reference,Meghalaya,25.743119,90.589758,2007-08-18
23.3,45.9,81.4,0.384469,119.0,18.9414,298.1443,1,GSI_field_inventory,observed_landslide,Mizoram,24.5768,93.106075,
13.0,67.2,135.3,0.496338,1161.0,24.2523,75.4491,0,spatial_background_sample,spatial_background_reference,Arunachal Pradesh,27.134704,93.400834,2016-07-17
0.0,1.4,50.7,0.279952,35.0,5.0572,23.9938,0,spatial_background_sample,spatial_background_reference,Assam,26.015282,90.326122,2024-05-24
159.6,263.4,300.8,0.501135,973.0,35.51,24.0605,1,GSI_field_inventory,observed_landslide,Meghalaya,25.28247222,91.36413333,
54.9,118.1,157.5,0.379844,905.0,25.9312,241.6797,1,GSI_field_inventory,observed_landslide,Mizoram,23.49722222,92.70333333,
37.1,69.8,81.5,0.333482,36.0,2.2609,245.8233,0,spatial_background_sample,spatial_background_reference,Assam,26.122242,90.469693,2018-06-14
2.8,50.4,114.6,0.413195,807.0,18.8197,70.6031,0,spatial_background_sample,spatial_background_reference,Manipur,25.124391,93.511258,2007-08-28
15.5,34.9,102.3,0.425394,4395.0,21.2098,0.0,0,spatial_background_sample,spatial_background_reference,Arunachal Pradesh,29.013313,94.398517,2016-07-16
1.0,53.9,70.0,0.470335,50.0,2.1195,29.0952,0,spatial_background_sample,spatial_background_reference,Assam,26.038447,91.387896,2016-05-22
39.5,69.7,145.1,0.424473,4089.0,24.1274,139.2993,0,spatial_background_sample,spatial_background_reference,Sikkim,27.653136,88.39603,2022-10-10
5.5,52.3,113.3,0.491101,130.0,6.5371,8.9789,0,spatial_background_sample,spatial_background_reference,Meghalaya,25.295237,90.197699,2025-06-25
35.9,174.0,240.3,0.487363,172.0,2.794,48.4986,0,spatial_background_sample,spatial_background_reference,Arunachal Pradesh,27.776771,96.04115,2016-04-22
63.3,181.8,222.9,0.462049,73.0,0.0,180.0,0,spatial_background_sample,spatial_background_reference,Assam,26.567067,90.502919,2022-05-14
44.2,151.2,167.9,0.48797,248.0,4.1824,90.0,0,spatial_background_sample,spatial_background_reference,Arunachal Pradesh,27.813302,96.254597,2016-07-16
17.6,91.5,113.9,0.472937,43.0,2.1105,208.653,0,spatial_background_sample,spatial_background_reference,Tripura,23.787414,91.445124,2018-05-18
20.2,29.5,73.5,0.428046,4341.0,29.4065,103.2683,0,spatial_background_sample,spatial_background_reference,Sikkim,27.838226,88.820361,2012-06-22
9.4,49.0,83.4,0.422808,3951.0,38.2663,323.0788,0,spatial_background_sample,spatial_background_reference,Sikkim,27.472372,88.11948,2013-08-28
49.4,126.3,165.8,0.376667,894.0,32.8198,221.1504,1,GSI_field_inventory,observed_landslide,Mizoram,23.73305556,92.69944444,
11.0,51.0,70.8,0.374674,109.0,8.3948,303.2195,0,spatial_background_sample,spatial_background_reference,Tripura,23.535429,91.92147,2018-05-18
17.6,70.3,87.7,0.380412,70.0,9.7305,67.8411,0,spatial_background_sample,spatial_background_reference,Tripura,23.605219,91.672868,2018-05-18
17.6,34.6,60.2,0.481198,88.0,3.5434,238.5168,0,spatial_background_sample,spatial_background_reference,Tripura,23.278478,91.660745,2009-07-10
3.4,5.2,21.2,0.369817,5592.0,6.3971,125.2318,0,spatial_background_sample,spatial_background_reference,Sikkim,28.016022,88.685435,2022-10-10
3.0,105.8,214.3,0.455583,741.0,21.1999,104.5017,1,GSI_field_inventory,observed_landslide,Assam,25.13961111,93.01955556,
25.3,73.9,184.7,0.492847,105.0,1.8523,0.0,0,spatial_background_sample,spatial_background_reference,Assam,27.36385,94.95231,2016-05-22
17.6,34.6,60.2,0.481198,78.0,4.7727,140.7748,0,spatial_background_sample,spatial_background_reference,Tripura,23.253508,91.686842,2009-07-10
125.4,282.3,392.0,0.482949,95.0,2.9646,20.5004,0,spatial_background_sample,spatial_background_reference,Assam,26.934697,94.543794,2022-05-16
60.3,132.0,176.2,0.489597,252.0,36.1221,123.6352,0,spatial_background_sample,spatial_background_reference,Meghalaya,25.205607,90.931879,2024-06-30
1.5,11.3,28.0,0.399807,89.0,4.0469,270.0,0,spatial_background_sample,spatial_background_reference,Tripura,23.907508,91.678671,2009-07-10
6.3,13.4,23.3,0.36,5392.0,22.5048,153.849,0,spatial_background_sample,spatial_background_reference,Sikkim,27.686187,88.223333,2014-07-08
11.7,42.6,66.8,0.410411,31.0,6.3166,208.783,0,spatial_background_sample,spatial_background_reference,Tripura,24.47601,92.160565,2018-05-18
27.1,41.9,82.2,0.421693,3784.0,34.8201,181.5261,0,spatial_background_sample,spatial_background_reference,Arunachal Pradesh,29.199631,94.428062,2016-07-17
21.3,27.0,32.2,0.424973,5216.0,36.3923,105.2634,0,spatial_background_sample,spatial_background_reference,Sikkim,27.517585,88.233232,2022-06-15
76.3,128.6,228.4,0.426387,1948.0,30.9075,35.8764,0,spatial_background_sample,spatial_background_reference,Arunachal Pradesh,28.874918,94.676569,2016-07-17
13.7,53.3,129.4,0.42106,1237.0,46.1377,68.1019,0,spatial_background_sample,spatial_background_reference,Arunachal Pradesh,27.419275,94.002305,2016-07-17
20.3,70.6,155.9,0.426219,4664.0,32.0148,97.4297,0,spatial_background_sample,spatial_background_reference,Sikkim,27.532573,88.771833,2024-07-21
28.5,71.7,196.4,0.425827,2268.0,28.7879,285.3577,0,spatial_background_sample,spatial_background_reference,Arunachal Pradesh,27.749849,93.289076,2016-07-16
6.0,23.9,67.0,0.423771,3753.0,57.5715,59.0933,0,spatial_background_sample,spatial_background_reference,Sikkim,27.625467,88.435884,2015-07-08
6.3,13.4,23.3,0.36,6203.0,11.2855,235.4453,0,spatial_background_sample,spatial_background_reference,Sikkim,27.692523,88.244925,2014-07-08
5.9,11.2,32.6,0.405933,5418.0,58.064,249.344,0,spatial_background_sample,spatial_background_reference,Sikkim,27.964476,88.317247,2025-09-11
6.5,55.1,99.4,0.477896,646.0,42.9147,104.1084,1,GSI_field_inventory,observed_landslide,Arunachal Pradesh,27.294886,93.803328,
6.7,26.3,65.5,0.48482,465.0,27.3208,300.0531,0,spatial_background_sample,spatial_background_reference,Meghalaya,25.305327,90.834728,2007-09-15
46.2,90.4,114.0,0.442818,35.0,5.4589,227.406,0,spatial_background_sample,spatial_background_reference,Tripura,23.168272,91.36683,2018-05-18
17.6,34.6,60.2,0.481198,87.0,0.0,180.0,0,spatial_background_sample,spatial_background_reference,Tripura,23.342062,91.678151,2009-07-10
14.4,61.7,78.9,0.450775,71.0,2.9618,200.3518,0,spatial_background_sample,spatial_background_reference,Assam,26.022586,92.772768,2022-05-14
0.3,5.2,11.8,0.394626,60.0,1.3754,132.3343,0,spatial_background_sample,spatial_background_reference,Tripura,24.352437,92.115648,2009-07-10
56.6,86.3,155.3,0.426296,2987.0,21.2317,357.2696,0,spatial_background_sample,spatial_background_reference,Arunachal Pradesh,29.109657,95.661323,2016-07-17
10.3,63.3,82.0,0.384543,70.0,3.8368,344.6694,0,spatial_background_sample,spatial_background_reference,Tripura,24.226229,91.971257,2018-05-18
17.6,70.3,87.7,0.380412,46.0,9.658,148.7755,0,spatial_background_sample,spatial_background_reference,Tripura,23.58818,91.668897,2018-05-18
11.7,42.6,66.8,0.410411,24.0,1.018,90.0,0,spatial_background_sample,spatial_background_reference,Tripura,24.503388,92.157965,2018-05-18
2.3,10.6,25.0,0.442741,70.0,1.0116,270.0,0,spatial_background_sample,spatial_background_reference,Tripura,23.69565,91.465064,2009-07-10
42.9,64.6,74.7,0.370984,59.0,2.2612,114.1735,0,spatial_background_sample,spatial_background_reference,Assam,26.139768,92.643731,2016-04-18
16.2,83.1,202.3,0.427223,2759.0,20.9359,244.9983,0,spatial_background_sample,spatial_background_reference,Arunachal Pradesh,27.618728,91.619556,2016-07-17
4.8,15.9,31.7,0.482631,37.0,11.8222,122.7347,0,spatial_background_sample,spatial_background_reference,Tripura,23.314122,91.577269,2009-07-10
11.1,69.7,89.9,0.405292,199.0,4.2178,151.286,0,spatial_background_sample,spatial_background_reference,Tripura,24.11343,91.907442,2018-05-18
4.8,15.9,31.7,0.488388,60.0,3.4307,144.0144,0,spatial_background_sample,spatial_background_reference,Tripura,23.354067,91.555683,2009-07-10
67.8,120.5,158.2,0.379417,816.0,7.8818,130.0253,1,GSI_field_inventory,observed_landslide,Mizoram,23.62277778,92.72444444,
47.6,101.9,125.7,0.369437,670.0,10.2489,19.9388,1,GSI_field_inventory,observed_landslide,Mizoram,23.237077,92.910043,
21.7,86.1,167.2,0.463936,100.0,1.3909,131.7561,0,spatial_background_sample,spatial_background_reference,Assam,26.782066,94.429246,2022-05-14
8.0,21.0,34.7,0.400552,1283.0,17.7427,196.2225,0,spatial_background_sample,spatial_background_reference,Manipur,25.248172,93.906976,2007-08-24
54.9,118.1,157.5,0.379844,821.0,33.9992,224.4385,1,GSI_field_inventory,observed_landslide,Mizoram,23.51444444,92.69805556,
79.8,111.0,197.4,0.424568,2250.0,48.7488,279.7978,0,spatial_background_sample,spatial_background_reference,Arunachal Pradesh,28.616863,95.453833,2016-07-17
65.0,128.9,173.2,0.376812,940.0,40.8891,314.5119,1,GSI_field_inventory,observed_landslide,Mizoram,23.42722222,92.71277778,
0.6,3.4,10.5,0.470701,840.0,2.9586,159.8119,0,spatial_background_sample,spatial_background_reference,Manipur,24.96646,93.900516,2018-06-22
8.2,14.1,45.9,0.374167,1005.0,34.5726,228.4265,1,GSI_field_inventory,observed_landslide,Mizoram,23.304746,92.862109,
7.8,17.7,66.3,0.301686,4913.0,29.5743,93.2669,0,spatial_background_sample,spatial_background_reference,Sikkim,27.781439,88.324406,2022-10-10
13.5,25.9,52.7,0.424135,4136.0,54.9105,340.5377,0,spatial_background_sample,spatial_background_reference,Sikkim,27.569345,88.264131,2022-05-29
0.0,7.2,231.8,0.41994,41.0,0.0,180.0,0,spatial_background_sample,spatial_background_reference,Assam,26.491421,90.91998,2016-05-22
35.9,138.1,245.7,0.495979,67.0,21.1665,312.794,1,GSI_field_inventory,observed_landslide,Assam,26.19081,91.84528,
15.9,21.5,59.1,0.41039,4658.0,47.1892,308.9847,0,spatial_background_sample,spatial_background_reference,Sikkim,27.573026,88.246209,2025-09-11
144.0,240.8,260.6,0.45718,57.0,3.608,120.8551,0,spatial_background_sample,spatial_background_reference,Assam,26.345136,91.522301,2022-05-14
0.9,16.3,30.3,0.420211,5366.0,37.5192,171.7807,0,spatial_background_sample,spatial_background_reference,Sikkim,27.897041,88.618105,2012-07-17
62.1,149.5,176.0,0.307382,133.0,11.707,108.1876,0,spatial_background_sample,spatial_background_reference,Meghalaya,25.378808,89.834187,2009-07-01
4.2,8.5,12.6,0.386482,152.0,9.2476,60.2275,0,spatial_background_sample,spatial_background_reference,Tripura,23.750553,91.886492,2009-07-10
3.6,23.7,82.8,0.427141,2485.0,73.4322,134.2284,0,spatial_background_sample,spatial_background_reference,Sikkim,27.606457,88.373104,2025-09-11
66.7,186.9,260.9,0.462693,80.0,1.8523,180.0,0,spatial_background_sample,spatial_background_reference,Assam,26.632681,92.225612,2022-05-14
64.3,143.6,207.0,0.427205,3448.0,33.6436,38.9673,0,spatial_background_sample,spatial_background_reference,Arunachal Pradesh,27.299844,92.122786,2016-07-16
13.7,53.3,129.4,0.426208,2640.0,19.6351,342.1303,0,spatial_background_sample,spatial_background_reference,Arunachal Pradesh,27.601879,94.022234,2016-07-17
9.2,160.5,195.5,0.492571,316.0,16.2785,311.6421,0,spatial_background_sample,spatial_background_reference,Arunachal Pradesh,27.23254,95.564351,2016-07-17
33.4,77.8,138.9,0.461494,100.0,0.0,180.0,0,spatial_background_sample,spatial_background_reference,Assam,26.552291,94.070229,2022-05-14
25.6,82.1,186.4,0.488408,109.0,2.2857,246.1024,0,spatial_background_sample,spatial_background_reference,Assam,27.60313,94.949905,2014-09-23
89.7,205.1,245.3,0.489951,897.0,6.8789,227.9204,0,spatial_background_sample,spatial_background_reference,Meghalaya,25.45502,90.513454,2025-05-30
12.9,50.1,87.6,0.481702,253.0,7.6361,327.5911,0,spatial_background_sample,spatial_background_reference,Meghalaya,25.826458,90.638888,2014-09-20
6.3,13.1,32.9,0.480016,17.0,1.3718,227.5291,0,spatial_background_sample,spatial_background_reference,Tripura,23.737779,91.292861,2009-07-10
2.5,15.0,30.6,0.484092,64.0,5.6315,169.7025,0,spatial_background_sample,spatial_background_reference,Tripura,23.460053,91.547053,2009-07-10
36.7,120.7,258.8,0.428177,1772.0,42.5017,66.0566,0,spatial_background_sample,spatial_background_reference,Arunachal Pradesh,27.365643,92.636651,2016-07-17
1.8,1.8,7.1,0.313885,1098.0,18.0465,291.1129,1,GSI_field_inventory,observed_landslide,Mizoram,23.26126111,93.15070556,
62.0,119.9,210.1,0.437613,403.0,24.8209,98.0388,0,spatial_background_sample,spatial_background_reference,Arunachal Pradesh,28.031284,96.157122,2016-07-17
6.9,18.6,79.3,0.411027,4523.0,32.1349,286.4488,0,spatial_background_sample,spatial_background_reference,Sikkim,27.658969,88.279536,2022-10-10
4.4,13.0,34.2,0.396795,92.0,1.3705,47.4801,0,spatial_background_sample,spatial_background_reference,Tripura,23.512921,91.894561,2009-07-10
43.6,101.8,139.5,0.421521,56.0,6.1563,270.0,0,spatial_background_sample,spatial_background_reference,Meghalaya,25.913258,90.171929,2009-07-01
13.8,62.4,83.1,0.387527,193.0,19.6472,296.9308,0,spatial_background_sample,spatial_background_reference,Tripura,23.878006,91.962614,2018-05-18
0.3,18.4,59.1,0.371565,58.0,1.0318,270.0,0,spatial_background_sample,spatial_background_reference,Assam,26.127051,92.293125,2010-04-02
0.9,16.3,30.3,0.414969,5401.0,44.5371,114.2567,0,spatial_background_sample,spatial_background_reference,Sikkim,27.970188,88.382111,2012-07-17
10.1,62.1,113.3,0.337344,34.0,1.0319,270.0,0,spatial_background_sample,spatial_background_reference,Assam,26.138762,90.163799,2020-06-02
49.4,126.3,165.8,0.376667,986.0,30.9157,332.2841,1,GSI_field_inventory,observed_landslide,Mizoram,23.7385748,92.6941941,
62.0,123.0,185.2,0.381719,1053.0,16.9317,301.2284,1,GSI_field_inventory,observed_landslide,Mizoram,23.47694444,92.857846,
32.3,193.2,214.1,0.489539,159.0,3.7006,180.0,0,spatial_background_sample,spatial_background_reference,Arunachal Pradesh,27.514885,95.917843,2016-07-16
57.3,288.1,399.0,0.383406,574.0,31.9049,30.1675,1,GSI_field_inventory,observed_landslide,Mizoram,23.304123,92.671521,
12.7,70.1,85.9,0.370259,43.0,7.0954,238.6941,0,spatial_background_sample,spatial_background_reference,Tripura,24.185096,92.10372,2018-05-18
2.7,23.6,54.1,0.409615,824.0,30.3894,313.6362,1,GSI_field_inventory,observed_landslide,Mizoram,23.74388889,92.71222222,
3.1,7.0,63.3,0.415155,5230.0,18.7418,283.7852,0,spatial_background_sample,spatial_background_reference,Sikkim,27.961819,88.550818,2014-08-26
5.0,14.9,34.7,0.392342,150.0,11.871,0.0,0,spatial_background_sample,spatial_background_reference,Tripura,23.594002,91.866278,2009-07-10
26.3,119.1,251.5,0.428039,3134.0,32.678,95.7871,0,spatial_background_sample,spatial_background_reference,Arunachal Pradesh,27.526118,92.647373,2016-07-17
18.0,71.5,85.8,0.409281,69.0,0.0,180.0,0,spatial_background_sample,spatial_background_reference,Tripura,23.951593,91.829739,2018-05-18
23.3,42.7,108.3,0.424823,1828.0,13.349,207.6448,0,spatial_background_sample,spatial_background_reference,Arunachal Pradesh,28.217018,93.934632,2016-07-17
18.6,91.1,111.9,0.399568,97.0,4.112,132.435,0,spatial_background_sample,spatial_background_reference,Tripura,23.901123,91.502165,2018-05-18
1.5,6.8,11.0,0.405493,5288.0,1.4,311.4233,0,spatial_background_sample,spatial_background_reference,Sikkim,28.073933,88.747697,2022-06-15
17.9,43.7,121.8,0.425411,2864.0,50.1857,214.6934,0,spatial_background_sample,spatial_background_reference,Arunachal Pradesh,28.813377,94.527685,2016-07-16
51.0,84.3,152.9,0.426226,2522.0,33.9176,15.8716,0,spatial_background_sample,spatial_background_reference,Arunachal Pradesh,28.443406,96.25858,2016-07-17
71.4,137.4,171.0,0.40783,67.0,17.7949,296.962,0,spatial_background_sample,spatial_background_reference,Meghalaya,25.265498,90.125444,2025-05-30
6.1,17.2,39.9,0.418949,4208.0,17.022,50.6698,0,spatial_background_sample,spatial_background_reference,Sikkim,27.420474,88.104823,2021-05-18
4.9,85.0,226.1,0.496144,257.0,17.5253,255.1658,0,spatial_background_sample,spatial_background_reference,Meghalaya,25.777741,90.897469,2017-06-17
65.9,136.1,207.5,0.426683,2649.0,12.561,150.5572,0,spatial_background_sample,spatial_background_reference,Sikkim,27.648715,88.315065,2014-07-08
35.4,71.6,90.2,0.444283,42.0,13.0722,114.6975,0,spatial_background_sample,spatial_background_reference,Tripura,23.104533,91.55343,2018-05-18
0.7,7.1,48.3,0.417115,80.0,27.7778,276.1747,1,GSI_field_inventory,observed_landslide,Mizoram,24.23419444,93.02469167,
9.0,188.0,240.3,0.493528,98.0,16.2498,326.3193,0,spatial_background_sample,spatial_background_reference,Meghalaya,25.800177,90.559546,2025-05-31
18.0,71.5,85.8,0.405372,73.0,2.9558,159.9621,0,spatial_background_sample,spatial_background_reference,Tripura,23.944061,91.830688,2018-05-18
0.3,5.2,11.8,0.395908,178.0,3.1807,73.084,0,spatial_background_sample,spatial_background_reference,Tripura,24.162888,91.919678,2009-07-10
2.5,3.6,47.4,0.422115,109.0,10.4985,209.1269,1,GSI_field_inventory,observed_landslide,Assam,26.19052,91.77499,
10.6,29.2,46.1,0.416655,793.0,10.5017,127.6331,0,spatial_background_sample,spatial_background_reference,Arunachal Pradesh,28.216258,94.599132,2016-04-22
27.7,168.8,266.2,0.329421,191.0,1.0386,270.0,0,spatial_background_sample,spatial_background_reference,Assam,26.885479,92.132851,2016-05-18
12.6,70.4,94.8,0.416967,3520.0,32.1847,25.9437,0,spatial_background_sample,spatial_background_reference,Arunachal Pradesh,28.248993,97.208139,2016-04-22
11.0,20.5,27.9,0.357049,4973.0,56.4427,216.445,0,spatial_background_sample,spatial_background_reference,Sikkim,27.78492,88.747798,2023-10-04
50.7,165.7,247.2,0.427045,2292.0,32.6635,343.4232,0,spatial_background_sample,spatial_background_reference,Arunachal Pradesh,27.864983,96.609338,2016-07-17
33.7,235.2,356.1,0.372094,895.0,21.9734,276.3343,1,GSI_field_inventory,observed_landslide,Mizoram,23.31637,92.854172,
1.5,5.6,29.6,0.425631,4760.0,21.869,46.7751,0,spatial_background_sample,spatial_background_reference,Sikkim,27.798529,88.778389,2022-05-29
18.8,125.0,235.3,0.428699,2910.0,29.8852,229.6734,0,spatial_background_sample,spatial_background_reference,Sikkim,27.654042,88.301318,2012-07-17
50.6,81.7,140.9,0.426021,3642.0,20.0248,285.4379,0,spatial_background_sample,spatial_background_reference,Arunachal Pradesh,29.013887,95.557796,2016-07-17
8.0,54.0,169.2,0.435568,58.0,2.069,90.0,0,spatial_background_sample,spatial_background_reference,Assam,26.472474,91.648609,2010-04-02
1.5,11.3,28.0,0.403719,104.0,8.1773,38.0311,0,spatial_background_sample,spatial_background_reference,Tripura,24.045337,91.729273,2009-07-10
10.6,53.3,177.4,0.492426,668.0,7.5293,137.225,0,spatial_background_sample,spatial_background_reference,Meghalaya,25.749103,91.77187,2023-08-10
11.7,109.1,245.9,0.427624,3360.0,10.3697,243.7798,0,spatial_background_sample,spatial_background_reference,Sikkim,27.563507,88.332011,2014-07-01
10.8,52.7,172.1,0.427237,918.0,22.4729,303.1785,0,spatial_background_sample,spatial_background_reference,Arunachal Pradesh,27.456319,93.654167,2016-07-17
22.0,56.2,139.1,0.419586,3444.0,51.0244,260.9678,0,spatial_background_sample,spatial_background_reference,Sikkim,27.435183,88.155026,2025-09-11
70.1,205.4,347.1,0.428604,2884.0,30.3792,85.2533,0,spatial_background_sample,spatial_background_reference,Sikkim,27.66161,88.459524,2012-06-26
19.3,47.8,128.8,0.425814,2156.0,30.4021,187.2111,0,spatial_background_sample,spatial_background_reference,Arunachal Pradesh,28.578464,94.14375,2016-07-16
0.6,9.5,206.0,0.366155,210.0,2.123,330.7373,0,spatial_background_sample,spatial_background_reference,Assam,26.82986,91.836075,2016-05-22
23.9,150.8,261.3,0.366281,802.0,28.7965,344.6826,1,GSI_field_inventory,observed_landslide,Mizoram,23.114225,92.746024,
1.5,11.3,28.0,0.402128,69.0,2.1112,208.6859,0,spatial_background_sample,spatial_background_reference,Tripura,23.96366,91.823122,2009-07-10
7.6,9.3,30.2,0.408329,5185.0,28.8556,123.8867,0,spatial_background_sample,spatial_background_reference,Sikkim,27.904153,88.633247,2012-06-22
20.1,65.8,80.2,0.372754,69.0,5.5167,33.1662,0,spatial_background_sample,spatial_background_reference,Tripura,23.353283,91.736804,2018-05-18
4.3,8.5,63.6,0.314263,5397.0,34.6553,140.5245,0,spatial_background_sample,spatial_background_reference,Sikkim,27.990878,88.798549,2014-08-26
15.9,42.7,118.3,0.425033,2637.0,36.8583,111.5101,0,spatial_background_sample,spatial_background_reference,Arunachal Pradesh,28.24144,93.726874,2016-07-16
2.5,15.0,30.6,0.486214,50.0,1.3698,227.4524,0,spatial_background_sample,spatial_background_reference,Tripura,23.384522,91.542346,2009-07-10
24.5,107.0,153.1,0.405708,790.0,32.6014,309.2548,1,GSI_field_inventory,observed_landslide,Mizoram,23.76111111,92.84777778,
19.3,39.1,68.4,0.482004,43.0,2.7349,132.6092,0,spatial_background_sample,spatial_background_reference,Tripura,23.096735,91.648957,2009-07-10
3.9,21.2,32.2,0.382429,5140.0,14.2781,319.6803,0,spatial_background_sample,spatial_background_reference,Sikkim,27.90163,88.777392,2013-08-28
5.8,138.0,218.9,0.471997,777.0,2.1141,208.829,0,spatial_background_sample,spatial_background_reference,Manipur,24.713979,93.95158,2018-06-14
55.7,86.2,157.5,0.426635,2836.0,29.4346,48.7697,0,spatial_background_sample,spatial_background_reference,Arunachal Pradesh,28.792637,95.699865,2016-07-17
18.0,71.5,85.8,0.405372,95.0,14.9469,327.9928,0,spatial_background_sample,spatial_background_reference,Tripura,23.904669,91.834613,2018-05-18
0.3,0.5,0.6,0.310618,6665.0,49.2974,189.0465,0,spatial_background_sample,spatial_background_reference,Sikkim,27.796182,88.199,2024-08-21
13.5,36.7,102.2,0.424216,1607.0,17.627,281.7452,0,spatial_background_sample,spatial_background_reference,Arunachal Pradesh,27.916826,93.841336,2016-07-16
62.0,119.9,210.1,0.425179,1041.0,30.4907,265.2745,0,spatial_background_sample,spatial_background_reference,Arunachal Pradesh,28.14709,96.151127,2016-07-17
11.6,75.4,89.6,0.389427,33.0,1.3755,47.668,0,spatial_background_sample,spatial_background_reference,Tripura,24.36265,92.189044,2018-05-18
61.7,241.3,357.7,0.381208,981.0,19.608,178.5824,1,GSI_field_inventory,observed_landslide,Mizoram,23.307093,92.856289,
60.6,302.9,428.6,0.380031,737.0,21.9437,70.03,1,GSI_field_inventory,observed_landslide,Mizoram,23.200655,92.5813,
14.5,34.2,89.7,0.425137,2776.0,10.1386,5.9298,0,spatial_background_sample,spatial_background_reference,Arunachal Pradesh,28.92488,94.285689,2016-07-17
23.2,74.7,91.4,0.386144,172.0,10.4403,208.6539,0,spatial_background_sample,spatial_background_reference,Tripura,23.79203,91.936602,2018-05-18
3.4,5.2,10.8,0.412552,5150.0,14.5399,184.0452,0,spatial_background_sample,spatial_background_reference,Sikkim,27.899471,88.774736,2014-07-08
22.0,78.1,92.9,0.385725,159.0,15.6392,190.9094,0,spatial_background_sample,spatial_background_reference,Tripura,23.710303,91.779899,2018-05-18
3.6,116.7,208.8,0.384222,773.0,1.3769,132.2774,0,spatial_background_sample,spatial_background_reference,Manipur,24.603485,93.933801,2018-06-14
44.8,115.2,284.7,0.426689,1481.0,29.1377,221.048,0,spatial_background_sample,spatial_background_reference,Arunachal Pradesh,27.944465,93.078933,2016-07-17
24.2,97.3,117.6,0.471478,42.0,6.4577,180.0,0,spatial_background_sample,spatial_background_reference,Tripura,23.512151,91.343046,2018-05-18
49.4,126.3,165.8,0.376667,988.0,29.9599,349.3948,1,GSI_field_inventory,observed_landslide,Mizoram,23.71446389,92.71146389,
5.1,25.0,49.2,0.488878,122.0,3.265,253.5341,0,spatial_background_sample,spatial_background_reference,Assam,27.538799,95.388127,2010-06-16
1.5,11.3,28.0,0.399807,111.0,3.5559,121.3593,0,spatial_background_sample,spatial_background_reference,Tripura,23.915658,91.712293,2009-07-10
18.8,125.0,235.3,0.428699,3416.0,5.638,10.6573,0,spatial_background_sample,spatial_background_reference,Sikkim,27.665013,88.312301,2012-07-17
0.0,9.7,14.0,0.380802,863.0,15.6439,127.3711,1,GSI_field_inventory,observed_landslide,Mizoram,24.60002222,93.37166389,
53.4,141.6,202.4,0.425397,1495.0,56.808,169.6536,0,spatial_background_sample,spatial_background_reference,Arunachal Pradesh,27.937478,96.684925,2016-07-16
35.3,63.1,115.7,0.474729,485.0,21.7259,92.9108,1,GSI_field_inventory,observed_landslide,Assam,25.16804,93.02503,
16.7,43.2,78.5,0.409491,3401.0,36.2009,205.0712,0,spatial_background_sample,spatial_background_reference,Sikkim,27.586761,88.285006,2023-10-04
16.1,23.5,92.7,0.354426,5249.0,18.3187,309.4131,0,spatial_background_sample,spatial_background_reference,Sikkim,27.747687,88.319625,2012-06-22
7.6,9.3,30.2,0.358443,5058.0,4.5767,246.1722,0,spatial_background_sample,spatial_background_reference,Sikkim,27.961268,88.74405,2012-06-22
0.0,0.0,0.8,0.378948,5278.0,10.9771,41.3861,0,spatial_background_sample,spatial_background_reference,Sikkim,28.036483,88.491806,2022-11-20
2.5,15.0,30.6,0.484272,74.0,19.4593,272.623,0,spatial_background_sample,spatial_background_reference,Tripura,23.615256,91.548467,2009-07-10
25.1,50.6,177.9,0.481902,123.0,1.0444,270.0,0,spatial_background_sample,spatial_background_reference,Assam,27.501056,95.353011,2016-05-22
31.5,106.1,266.1,0.492838,111.0,2.0869,90.0,0,spatial_background_sample,spatial_background_reference,Assam,27.440158,95.113883,2017-07-04
30.2,60.9,166.5,0.425728,1612.0,26.0318,157.9665,0,spatial_background_sample,spatial_background_reference,Arunachal Pradesh,28.057888,93.597207,2016-07-17
15.5,55.5,199.0,0.484442,88.0,3.7006,180.0,0,spatial_background_sample,spatial_background_reference,Assam,27.038624,94.225861,2016-05-22
14.8,57.4,99.4,0.4246,2338.0,32.7372,268.5588,0,spatial_background_sample,spatial_background_reference,Arunachal Pradesh,28.290211,96.44103,2016-07-16
51.6,76.5,87.3,0.383759,82.0,1.3932,48.3293,0,spatial_background_sample,spatial_background_reference,Assam,27.120365,94.079055,2017-06-13
27.2,56.2,138.4,0.426415,2727.0,31.0276,293.7797,0,spatial_background_sample,spatial_background_reference,Arunachal Pradesh,28.205518,93.466092,2016-07-17
8.1,19.0,34.6,0.288647,4115.0,29.0743,303.5423,0,spatial_background_sample,spatial_background_reference,Arunachal Pradesh,29.272938,96.153394,2016-04-22
15.2,76.6,98.8,0.443576,19.0,2.7772,180.0,0,spatial_background_sample,spatial_background_reference,Tripura,23.654734,91.244504,2018-05-18
1.1,17.3,22.9,0.492829,298.0,12.197,221.577,0,spatial_background_sample,spatial_background_reference,Nagaland,25.605767,93.505175,2018-08-23
29.1,239.5,335.7,0.370698,842.0,18.9384,254.2601,1,GSI_field_inventory,observed_landslide,Mizoram,23.214239,92.740856,
16.2,80.9,102.8,0.39176,128.0,17.2823,74.9385,0,spatial_background_sample,spatial_background_reference,Tripura,23.802647,91.721114,2018-05-18
59.5,151.6,186.9,0.487296,496.0,19.1282,201.1852,0,spatial_background_sample,spatial_background_reference,Meghalaya,25.438711,90.441806,2009-07-01
42.5,68.9,158.3,0.424728,1642.0,36.9851,257.6024,0,spatial_background_sample,spatial_background_reference,Arunachal Pradesh,28.444483,94.955142,2016-07-17
62.1,110.2,183.3,0.426762,2156.0,21.4055,188.1251,0,spatial_background_sample,spatial_background_reference,Arunachal Pradesh,28.890498,94.8741,2016-07-17
4.3,12.2,59.8,0.4,861.0,32.7841,103.8141,1,GSI_field_inventory,observed_landslide,Mizoram,23.24454722,93.17027222,
41.3,64.3,115.9,0.424192,3944.0,26.0337,322.6057,0,spatial_background_sample,spatial_background_reference,Arunachal Pradesh,29.291212,94.667954,2016-07-17
6.2,19.0,90.4,0.418942,95.0,5.0562,23.9672,0,spatial_background_sample,spatial_background_reference,Meghalaya,25.867988,90.22768,2023-08-10
0.0,0.0,5.4,0.376266,5112.0,15.4992,352.4152,0,spatial_background_sample,spatial_background_reference,Sikkim,27.93038,88.409428,2022-11-20
47.9,182.1,251.6,0.274619,52.0,4.1636,228.2127,0,spatial_background_sample,spatial_background_reference,Assam,26.657619,91.125309,2022-05-14
10.2,87.5,158.5,0.422912,1857.0,31.0048,79.1441,0,spatial_background_sample,spatial_background_reference,Manipur,25.302157,93.882838,2018-08-02
33.9,100.5,217.3,0.376125,830.0,33.051,258.8833,1,GSI_field_inventory,observed_landslide,Mizoram,23.2066,93.148665,
8.9,13.3,35.9,0.425138,4914.0,4.7386,12.7518,0,spatial_background_sample,spatial_background_reference,Sikkim,27.903028,88.269722,2022-06-15
1.5,11.3,28.0,0.402128,94.0,3.0396,270.0,0,spatial_background_sample,spatial_background_reference,Tripura,24.003071,91.80564,2009-07-10
17.0,135.5,212.0,0.484771,172.0,17.9657,183.1893,1,GSI_field_inventory,observed_landslide,Assam,26.19330556,91.77725,
16.2,86.3,108.5,0.399568,74.0,2.0256,270.0,0,spatial_background_sample,spatial_background_reference,Tripura,23.887624,91.464511,2018-05-18
6.3,13.1,32.9,0.452808,15.0,4.7306,192.316,0,spatial_background_sample,spatial_background_reference,Tripura,23.644634,91.223068,2009-07-10
0.3,5.2,11.8,0.371025,123.0,18.4988,136.4638,0,spatial_background_sample,spatial_background_reference,Tripura,24.199997,92.071221,2009-07-10
60.6,302.9,428.6,0.380906,405.0,19.0381,289.1705,1,GSI_field_inventory,observed_landslide,Mizoram,23.246611,92.655112,
0.6,8.8,33.9,0.394626,50.0,5.3972,290.0164,0,spatial_background_sample,spatial_background_reference,Tripura,24.392927,92.113871,2009-07-10
25.7,80.6,124.8,0.414342,2670.0,58.7355,113.1227,0,spatial_background_sample,spatial_background_reference,Sikkim,27.620859,88.341097,2023-10-04
27.3,70.8,85.9,0.408774,60.0,11.709,71.8158,0,spatial_background_sample,spatial_background_reference,Meghalaya,25.402773,89.889988,2019-06-27
30.0,94.4,243.6,0.427246,2857.0,16.8787,226.1484,0,spatial_background_sample,spatial_background_reference,Arunachal Pradesh,27.526799,93.332534,2016-07-17
21.1,89.2,198.7,0.487054,101.0,3.6211,300.7318,0,spatial_background_sample,spatial_background_reference,Assam,26.904582,94.747352,2016-05-22
44.6,203.6,223.8,0.391661,91.0,0.9264,0.0,0,spatial_background_sample,spatial_background_reference,Assam,27.298767,94.342863,2025-05-31
3.1,17.3,44.5,0.38386,6013.0,4.2788,282.4811,0,spatial_background_sample,spatial_background_reference,Sikkim,27.699839,88.181774,2021-08-27
50.9,155.2,216.8,0.49728,1300.0,28.0561,346.1301,0,spatial_background_sample,spatial_background_reference,Arunachal Pradesh,27.634333,96.351306,2016-07-17
76.9,149.1,183.0,0.376667,872.0,8.2232,162.1979,1,GSI_field_inventory,observed_landslide,Mizoram,23.65861111,92.70583333,
33.7,87.3,147.0,0.426238,2786.0,35.1648,93.9483,0,spatial_background_sample,spatial_background_reference,Arunachal Pradesh,29.04436,95.174624,2016-07-17
20.2,29.5,73.5,0.428281,3782.0,64.22,247.9839,0,spatial_background_sample,spatial_background_reference,Sikkim,27.807163,88.700086,2012-06-22
1.5,11.3,28.0,0.404866,139.0,15.4004,3.6864,0,spatial_background_sample,spatial_background_reference,Tripura,24.075018,91.737765,2009-07-10
49.4,108.6,154.4,0.377302,203.0,29.3154,271.2389,1,GSI_field_inventory,observed_landslide,Mizoram,23.72222222,92.80138889,
17.2,50.4,64.8,0.441161,94.0,13.2345,206.6467,0,spatial_background_sample,spatial_background_reference,Tripura,23.103575,91.757399,2018-05-18
49.4,108.6,154.4,0.377302,362.0,8.2723,156.7158,1,GSI_field_inventory,observed_landslide,Mizoram,23.73555556,92.80027778,
57.3,288.1,399.0,0.383406,347.0,24.5287,173.3462,1,GSI_field_inventory,observed_landslide,Mizoram,23.299806,92.694901,
12.6,59.4,76.6,0.370731,197.0,9.5238,227.5723,0,spatial_background_sample,spatial_background_reference,Tripura,23.934156,92.100727,2018-05-18
12.3,37.6,144.4,0.425179,53.0,4.0926,270.0,0,spatial_background_sample,spatial_background_reference,Meghalaya,25.318067,89.92428,2024-10-08
14.7,45.4,127.9,0.397543,110.0,2.7657,227.9765,0,spatial_background_sample,spatial_background_reference,Meghalaya,25.690948,89.951699,2007-08-18
42.5,100.3,170.4,0.426897,2490.0,28.9624,230.0028,0,spatial_background_sample,spatial_background_reference,Arunachal Pradesh,28.699307,95.116164,2016-07-17
15.0,29.0,106.3,0.424177,997.0,19.6776,354.1227,0,spatial_background_sample,spatial_background_reference,Arunachal Pradesh,27.978029,93.883154,2016-07-17
27.4,180.2,269.9,0.366281,858.0,20.2875,270.0,1,GSI_field_inventory,observed_landslide,Mizoram,23.132082,92.746268,
17.7,80.8,96.3,0.380582,47.0,4.4545,65.4728,0,spatial_background_sample,spatial_background_reference,Tripura,24.133129,92.112325,2018-05-18
54.9,118.1,157.5,0.379844,908.0,33.971,337.6662,1,GSI_field_inventory,observed_landslide,Mizoram,23.54277778,92.70333333,
8.2,122.8,176.4,0.498354,1513.0,12.6872,154.0038,1,GSI_field_inventory,observed_landslide,Meghalaya,25.540056,91.314142,
3.4,5.2,10.8,0.378882,5329.0,5.9176,62.095,0,spatial_background_sample,spatial_background_reference,Sikkim,28.037522,88.788404,2014-07-08
3.9,21.2,32.2,0.330183,5282.0,6.9623,48.5432,0,spatial_background_sample,spatial_background_reference,Sikkim,27.947123,88.667814,2013-08-28
4.3,8.5,63.6,0.394124,5687.0,13.9477,234.1298,0,spatial_background_sample,spatial_background_reference,Sikkim,27.899009,88.810854,2014-08-26
47.7,88.6,107.8,0.37651,686.0,37.4179,219.9133,1,GSI_field_inventory,observed_landslide,Mizoram,23.7775,92.84833333,
33.9,86.2,104.5,0.46986,92.0,5.1254,100.3858,0,spatial_background_sample,spatial_background_reference,Tripura,23.596549,91.51157,2018-05-18
0.3,5.2,11.8,0.384027,42.0,1.3741,312.3821,0,spatial_background_sample,spatial_background_reference,Tripura,24.139474,91.995874,2009-07-10
6.3,13.1,32.9,0.446201,27.0,5.6318,349.6859,0,spatial_background_sample,spatial_background_reference,Tripura,23.677232,91.213981,2009-07-10
6.8,27.0,38.1,0.414128,4268.0,29.6357,276.528,0,spatial_background_sample,spatial_background_reference,Sikkim,27.520686,88.361052,2024-08-21
25.1,124.1,213.2,0.420656,355.0,27.8031,330.1397,1,GSI_field_inventory,observed_landslide,Mizoram,24.56917222,93.14073611,
16.5,47.2,161.0,0.425763,36.0,1.8523,180.0,0,spatial_background_sample,spatial_background_reference,Assam,26.183513,89.728107,2014-06-27
25.3,61.6,107.8,0.488433,279.0,9.2786,84.3199,0,spatial_background_sample,spatial_background_reference,Assam,26.470709,93.701847,2018-08-24
26.6,52.6,123.6,0.425131,1590.0,12.9212,23.6169,0,spatial_background_sample,spatial_background_reference,Arunachal Pradesh,28.400581,93.617945,2016-07-17
16.1,23.5,92.7,0.396214,5260.0,6.2223,317.8615,0,spatial_background_sample,spatial_background_reference,Sikkim,27.848952,88.2431,2012-06-22
9.6,54.2,123.6,0.425124,4174.0,28.0897,141.971,0,spatial_background_sample,spatial_background_reference,Arunachal Pradesh,27.72528,91.774919,2016-07-17
21.2,90.4,206.0,0.358906,546.0,31.6108,239.1439,1,GSI_field_inventory,observed_landslide,Mizoram,23.197704,93.163019,
61.9,120.9,163.8,0.380563,229.0,22.9586,248.1255,1,GSI_field_inventory,observed_landslide,Mizoram,23.62333333,92.78888889,
13.0,53.7,109.4,0.423833,3915.0,42.2685,316.8346,0,spatial_background_sample,spatial_background_reference,Arunachal Pradesh,27.852909,92.823735,2016-07-17
48.3,138.3,322.1,0.428153,2303.0,46.1871,254.709,0,spatial_background_sample,spatial_background_reference,Arunachal Pradesh,27.805935,92.8159,2016-07-17
6.3,13.4,23.3,0.4164,4920.0,27.1205,341.2822,0,spatial_background_sample,spatial_background_reference,Sikkim,27.6982,88.339244,2014-07-08
4.8,6.1,38.6,0.373884,4851.0,19.077,52.5676,0,spatial_background_sample,spatial_background_reference,Sikkim,27.967263,88.58801,2021-05-18
17.1,38.0,107.1,0.425371,1262.0,5.5516,70.5664,0,spatial_background_sample,spatial_background_reference,Arunachal Pradesh,28.110631,93.836631,2016-07-17
9.9,23.0,71.9,0.41618,4419.0,67.0361,41.0904,0,spatial_background_sample,spatial_background_reference,Sikkim,27.613444,88.220512,2021-05-18
18.0,33.7,48.5,0.41461,2130.0,29.157,316.4339,0,spatial_background_sample,spatial_background_reference,Arunachal Pradesh,27.977429,93.28917,2016-04-22
95.8,138.4,266.5,0.479503,117.0,9.5399,286.7768,0,spatial_background_sample,spatial_background_reference,Meghalaya,25.253926,90.245545,2020-05-26
13.1,34.6,110.9,0.402231,347.0,25.9236,260.4258,0,spatial_background_sample,spatial_background_reference,Manipur,24.377836,94.370783,2018-06-06
1.5,11.3,28.0,0.403719,82.0,6.0613,90.0,0,spatial_background_sample,spatial_background_reference,Tripura,23.985327,91.694226,2009-07-10
0.0,0.0,2.8,0.341164,5175.0,6.9312,217.0537,0,spatial_background_sample,spatial_background_reference,Sikkim,27.996939,88.742557,2022-11-20
5.0,14.9,34.7,0.399095,85.0,1.8523,180.0,0,spatial_background_sample,spatial_background_reference,Tripura,23.390389,91.719155,2009-07-10
6.1,12.6,55.4,0.410628,5652.0,39.7783,234.3615,0,spatial_background_sample,spatial_background_reference,Sikkim,27.842439,88.617966,2025-07-19
33.4,169.0,254.6,0.486049,1257.0,18.1174,37.747,0,spatial_background_sample,spatial_background_reference,Arunachal Pradesh,27.375088,96.521347,2016-04-22
11.2,116.2,183.5,0.427497,2091.0,39.4053,332.3335,0,spatial_background_sample,spatial_background_reference,Arunachal Pradesh,27.110049,92.25329,2016-07-17
35.5,106.4,145.8,0.423763,3741.0,34.8373,255.1933,0,spatial_background_sample,spatial_background_reference,Arunachal Pradesh,27.235252,92.119285,2016-04-22
29.4,30.5,48.7,0.407982,445.0,15.18,302.4365,0,spatial_background_sample,spatial_background_reference,Mizoram,23.369864,92.435881,2024-09-24
24.4,91.0,102.8,0.465888,77.0,13.8856,93.7503,0,spatial_background_sample,spatial_background_reference,Tripura,23.409634,91.354063,2018-05-18
5.7,15.6,38.0,0.481923,65.0,12.9472,265.9668,0,spatial_background_sample,spatial_background_reference,Tripura,23.563997,91.251584,2009-07-10
39.0,155.0,198.1,0.443146,52.0,1.8523,180.0,0,spatial_background_sample,spatial_background_reference,Assam,26.450093,90.77431,2025-05-31
4.4,11.9,16.0,0.346118,5718.0,45.6009,134.1623,0,spatial_background_sample,spatial_background_reference,Sikkim,28.007207,88.684315,2024-08-21
6.7,66.4,92.7,0.350159,5541.0,39.3352,240.4446,0,spatial_background_sample,spatial_background_reference,Sikkim,27.797728,88.333395,2014-07-01
1.0,12.3,70.3,0.408472,581.0,21.1259,33.1793,0,spatial_background_sample,spatial_background_reference,Mizoram,23.41928,92.494793,2024-09-28
66.8,197.5,226.2,0.333336,715.0,22.291,83.2043,0,spatial_background_sample,spatial_background_reference,Mizoram,23.990637,92.497002,2024-05-28
5.6,23.1,32.6,0.360957,4969.0,25.1182,149.5696,0,spatial_background_sample,spatial_background_reference,Sikkim,27.718504,88.407163,2013-08-28
17.6,34.6,60.2,0.478033,142.0,13.4655,61.7894,0,spatial_background_sample,spatial_background_reference,Tripura,23.13216,91.780597,2009-07-10
39.5,68.0,147.7,0.425278,4271.0,16.5309,83.7446,0,spatial_background_sample,spatial_background_reference,Arunachal Pradesh,28.729446,94.513899,2016-07-17
5.7,15.6,38.0,0.484674,25.0,3.5477,238.5599,0,spatial_background_sample,spatial_background_reference,Tripura,23.501986,91.25041,2009-07-10
20.1,65.8,80.2,0.372754,78.0,7.0636,58.5354,0,spatial_background_sample,spatial_background_reference,Tripura,23.375184,91.665855,2018-05-18
22.8,48.3,144.0,0.425923,3707.0,34.5842,41.3666,0,spatial_background_sample,spatial_background_reference,Sikkim,27.477068,88.17974,2021-05-18
11.6,75.4,89.6,0.389427,91.0,10.1509,296.8435,0,spatial_background_sample,spatial_background_reference,Tripura,24.361449,92.235643,2018-05-18
25.6,105.6,235.1,0.485427,1285.0,11.4456,266.5622,1,GSI_field_inventory,observed_landslide,Meghalaya,25.69688611,91.64176667,
34.5,67.2,85.8,0.444283,50.0,10.124,223.5773,0,spatial_background_sample,spatial_background_reference,Tripura,23.136623,91.617343,2018-05-18
12.5,64.5,155.0,0.271311,98.0,3.2426,73.4168,0,spatial_background_sample,spatial_background_reference,Assam,26.699094,90.882272,2018-08-24
31.2,138.3,177.6,0.406546,75.0,6.4577,0.0,0,spatial_background_sample,spatial_background_reference,Meghalaya,25.943539,90.30322,2025-05-30
4.3,28.2,47.4,0.411257,5094.0,22.5084,117.9206,0,spatial_background_sample,spatial_background_reference,Sikkim,27.966531,88.486983,2012-06-26
0.0,0.0,0.3,0.335615,6012.0,38.1438,32.4174,0,spatial_background_sample,spatial_background_reference,Sikkim,27.949351,88.164162,2022-11-20
17.0,60.2,72.6,0.386144,132.0,29.3394,198.3181,0,spatial_background_sample,spatial_background_reference,Tripura,23.75034,91.857905,2018-05-18
67.8,120.5,158.2,0.379417,912.0,30.1769,23.2642,1,GSI_field_inventory,observed_landslide,Mizoram,23.61,92.72083333,
51.0,84.3,152.9,0.425811,3270.0,41.4928,95.2445,0,spatial_background_sample,spatial_background_reference,Arunachal Pradesh,28.215103,96.268176,2016-07-17
12.7,24.9,66.9,0.491195,893.0,10.0385,24.0155,0,spatial_background_sample,spatial_background_reference,Assam,26.13451,93.578361,2018-08-24
3.0,105.8,214.3,0.480427,557.0,19.5501,95.8871,1,GSI_field_inventory,observed_landslide,Assam,25.16344444,93.02316667,
14.5,112.2,220.9,0.430001,4391.0,39.8559,298.9616,0,spatial_background_sample,spatial_background_reference,Sikkim,27.687828,88.39393,2014-07-01
59.1,147.6,231.1,0.427735,892.0,12.4957,270.0,0,spatial_background_sample,spatial_background_reference,Arunachal Pradesh,28.890463,95.047909,2016-07-17
8.4,140.6,204.7,0.430967,94.0,4.1665,48.2488,0,spatial_background_sample,spatial_background_reference,Assam,26.801729,94.353239,2014-05-10
40.4,148.1,192.8,0.392336,380.0,25.4214,318.456,0,spatial_background_sample,spatial_background_reference,Mizoram,22.577951,93.126639,2024-07-02
11.1,69.7,89.9,0.405292,274.0,10.951,326.6854,0,spatial_background_sample,spatial_background_reference,Tripura,24.089759,91.905714,2018-05-18
29.1,110.1,190.4,0.428604,3401.0,59.7716,343.9479,0,spatial_background_sample,spatial_background_reference,Sikkim,27.636614,88.400562,2012-06-26
49.6,55.6,67.1,0.473915,127.0,5.1822,270.0,0,spatial_background_sample,spatial_background_reference,Nagaland,26.944517,95.099653,2023-10-02
31.1,250.1,347.7,0.373979,433.0,29.6127,203.2906,1,GSI_field_inventory,observed_landslide,Mizoram,23.306012,92.704212,
6.3,46.8,96.2,0.426759,3148.0,12.5487,19.2008,0,spatial_background_sample,spatial_background_reference,Arunachal Pradesh,27.928728,97.228711,2016-07-17
61.6,109.2,132.5,0.459182,66.0,6.3388,330.851,0,spatial_background_sample,spatial_background_reference,Assam,26.295788,92.70931,2022-05-14
27.2,50.6,61.3,0.476399,62.0,1.389,228.1766,0,spatial_background_sample,spatial_background_reference,Assam,26.51241,92.105825,2018-06-14
3.1,7.0,63.3,0.415155,4963.0,4.7387,167.2401,0,spatial_background_sample,spatial_background_reference,Sikkim,27.973685,88.616807,2014-08-26
49.4,108.6,154.4,0.376667,949.0,16.9338,318.103,1,GSI_field_inventory,observed_landslide,Mizoram,23.71,92.71611111,
25.0,43.0,102.4,0.490375,188.0,25.465,291.9569,1,GSI_field_inventory,observed_landslide,Assam,26.11266667,91.85388889,
39.0,92.0,111.1,0.399494,49.0,4.9778,303.845,0,spatial_background_sample,spatial_background_reference,Assam,26.606169,91.174456,2017-06-13
19.5,28.8,33.6,0.285199,5082.0,47.127,7.795,0,spatial_background_sample,spatial_background_reference,Sikkim,27.693469,88.380757,2023-10-04
54.0,191.5,218.7,0.48769,131.0,15.088,53.1466,0,spatial_background_sample,spatial_background_reference,Meghalaya,25.912761,90.559173,2025-05-30
29.9,69.9,78.4,0.369671,77.0,2.7772,180.0,0,spatial_background_sample,spatial_background_reference,Assam,26.788891,92.705824,2018-06-14
39.0,178.3,203.5,0.426805,243.0,10.0324,23.9359,0,spatial_background_sample,spatial_background_reference,Assam,25.693333,93.397227,2018-06-14
41.3,64.3,115.9,0.425513,3192.0,38.2575,243.1844,0,spatial_background_sample,spatial_background_reference,Arunachal Pradesh,29.179215,94.685766,2016-07-17
29.6,43.8,84.1,0.424598,4285.0,36.7467,24.5547,0,spatial_background_sample,spatial_background_reference,Sikkim,27.634315,88.240884,2022-06-15
25.9,57.6,131.6,0.492646,896.0,18.9922,94.0456,1,GSI_field_inventory,observed_landslide,Nagaland,26.379798,94.450751,
39.6,77.6,96.0,0.486393,305.0,8.9253,114.3204,0,spatial_background_sample,spatial_background_reference,Meghalaya,25.325383,90.800144,2009-06-29
48.7,111.7,137.2,0.37968,61.0,16.9613,298.4994,0,spatial_background_sample,spatial_background_reference,Meghalaya,25.189768,90.415109,2025-05-30
23.4,79.3,109.2,0.492726,674.0,6.9248,48.2658,0,spatial_background_sample,spatial_background_reference,Arunachal Pradesh,26.869577,95.20154,2016-07-16
4.7,35.6,230.3,0.493793,78.0,3.6173,300.767,0,spatial_background_sample,spatial_background_reference,Assam,26.746154,93.449973,2016-05-22
10.6,62.2,80.9,0.411153,153.0,19.8314,248.9806,0,spatial_background_sample,spatial_background_reference,Tripura,24.132572,91.751006,2018-05-18
43.0,163.7,265.8,0.376833,771.0,21.8159,252.951,1,GSI_field_inventory,observed_landslide,Mizoram,23.074255,92.76222,
52.4,118.4,202.5,0.497283,766.0,14.1823,45.2645,0,spatial_background_sample,spatial_background_reference,Meghalaya,25.745153,91.404923,2025-05-30
2.2,7.0,11.9,0.386381,5309.0,25.3305,22.7325,0,spatial_background_sample,spatial_background_reference,Sikkim,27.872542,88.643423,2015-07-08
12.1,66.6,83.2,0.370385,103.0,4.9127,55.6419,0,spatial_background_sample,spatial_background_reference,Tripura,24.283457,92.093838,2018-05-18
7.0,39.2,84.1,0.416144,4386.0,48.5545,271.6364,0,spatial_background_sample,spatial_background_reference,Sikkim,27.673036,88.362266,2014-08-26
12.4,54.6,66.3,0.482153,275.0,8.2464,312.0219,0,spatial_background_sample,spatial_background_reference,Meghalaya,25.697636,90.576393,2019-06-27
17.6,91.5,113.9,0.409088,52.0,9.2168,281.4959,0,spatial_background_sample,spatial_background_reference,Tripura,23.765396,91.467411,2018-05-18
67.8,120.5,158.2,0.379417,887.0,23.3428,142.8538,1,GSI_field_inventory,observed_landslide,Mizoram,23.61611111,92.71722222,
12.3,76.8,140.6,0.42792,3798.0,25.8379,222.7244,0,spatial_background_sample,spatial_background_reference,Sikkim,27.637665,88.439602,2021-08-27
4.8,15.9,31.7,0.472409,34.0,4.1007,47.4199,0,spatial_background_sample,spatial_background_reference,Tripura,23.233071,91.380509,2009-07-10
22.2,151.2,201.2,0.392817,99.0,2.7772,0.0,0,spatial_background_sample,spatial_background_reference,Assam,27.238848,94.026851,2016-05-18
38.3,74.9,127.5,0.422792,2352.0,36.3112,345.4986,0,spatial_background_sample,spatial_background_reference,Arunachal Pradesh,28.512877,95.578249,2016-04-22
6.5,35.8,100.6,0.424432,1695.0,34.342,346.0071,0,spatial_background_sample,spatial_background_reference,Arunachal Pradesh,28.251591,94.080116,2016-07-16
0.6,2.9,8.9,0.303836,24.0,3.5853,58.9274,0,spatial_background_sample,spatial_background_reference,Meghalaya,25.327286,89.838617,2009-07-17
10.1,25.8,39.0,0.479716,85.0,3.1118,270.0,0,spatial_background_sample,spatial_background_reference,Assam,26.836634,94.202207,2017-05-20
34.5,69.1,87.9,0.47957,1281.0,3.4507,143.5586,0,spatial_background_sample,spatial_background_reference,Meghalaya,25.461021,90.392015,2007-07-19
89.8,217.6,297.5,0.387845,68.0,2.9635,339.5592,0,spatial_background_sample,spatial_background_reference,Assam,26.574332,91.455167,2022-05-14
16.2,61.4,104.5,0.423305,1471.0,40.1645,203.1334,0,spatial_background_sample,spatial_background_reference,Arunachal Pradesh,28.627028,95.718492,2016-07-16
10.3,63.3,82.0,0.384543,48.0,3.5624,58.7041,0,spatial_background_sample,spatial_background_reference,Tripura,24.235483,91.996724,2018-05-18
5.0,14.9,34.7,0.396973,101.0,1.0107,270.0,0,spatial_background_sample,spatial_background_reference,Tripura,23.575034,91.832217,2009-07-10
12.8,101.8,345.9,0.390156,763.0,30.3032,40.3849,1,GSI_field_inventory,observed_landslide,Mizoram,23.201759,92.734328,
5.0,14.9,34.7,0.392342,144.0,12.7691,69.0996,0,spatial_background_sample,spatial_background_reference,Tripura,23.582063,91.874267,2009-07-10
10.8,21.5,74.9,0.324418,4695.0,30.9249,235.4722,0,spatial_background_sample,spatial_background_reference,Sikkim,27.801776,88.351824,2021-05-18
2.4,3.5,9.8,0.422835,5064.0,10.0656,24.3667,0,spatial_background_sample,spatial_background_reference,Sikkim,27.974009,88.432509,2025-07-19
8.2,17.4,107.1,0.413896,435.0,33.9108,101.107,1,GSI_field_inventory,observed_landslide,Mizoram,23.03821667,93.12529444,
4.8,15.9,31.7,0.482661,33.0,1.369,312.5803,0,spatial_background_sample,spatial_background_reference,Tripura,23.232485,91.623901,2009-07-10
59.1,112.4,143.7,0.378135,805.0,34.0307,219.9063,1,GSI_field_inventory,observed_landslide,Mizoram,23.72722222,92.85472222,
12.1,87.8,270.5,0.390156,812.0,26.4828,35.6785,1,GSI_field_inventory,observed_landslide,Mizoram,23.188245,92.734327,
67.8,120.5,158.2,0.380563,701.0,25.6409,196.0219,1,GSI_field_inventory,observed_landslide,Mizoram,23.59194444,92.75055556,
4.3,28.2,47.4,0.40817,4355.0,40.8209,30.5635,0,spatial_background_sample,spatial_background_reference,Sikkim,27.932825,88.517946,2012-06-26
10.5,90.2,121.3,0.424333,2530.0,30.098,192.4803,0,spatial_background_sample,spatial_background_reference,Manipur,25.363267,93.894586,2007-08-28
12.4,95.7,197.2,0.344424,50.0,0.0,180.0,0,spatial_background_sample,spatial_background_reference,Assam,26.499975,90.982288,2010-04-02
4.5,17.4,29.8,0.383091,5160.0,33.1873,302.9479,0,spatial_background_sample,spatial_background_reference,Sikkim,27.896481,88.818352,2024-08-21
3.7,22.5,73.5,0.494897,79.0,2.7772,0.0,0,spatial_background_sample,spatial_background_reference,Assam,26.852314,93.918161,2010-06-16
52.9,149.3,263.7,0.370573,1160.0,27.9957,132.6501,1,GSI_field_inventory,observed_landslide,Mizoram,22.903454,92.760096,
13.7,77.8,159.8,0.426055,3536.0,22.332,349.7605,0,spatial_background_sample,spatial_background_reference,Arunachal Pradesh,27.657501,96.895779,2016-07-17
10.6,62.2,80.9,0.40918,142.0,5.3875,110.0544,0,spatial_background_sample,spatial_background_reference,Tripura,24.130557,91.737504,2018-05-18
5.7,36.5,100.3,0.422704,1354.0,10.5447,162.846,0,spatial_background_sample,spatial_background_reference,Arunachal Pradesh,27.926208,94.096374,2016-07-16
19.1,48.4,122.8,0.425003,2024.0,65.689,318.7964,0,spatial_background_sample,spatial_background_reference,Arunachal Pradesh,28.834745,94.214062,2016-07-17
61.6,149.0,264.8,0.433033,26.0,4.1499,131.9562,0,spatial_background_sample,spatial_background_reference,Assam,25.970344,89.865559,2016-05-17
0.9,13.3,22.9,0.468853,189.0,5.9071,159.666,0,spatial_background_sample,spatial_background_reference,Assam,25.910868,93.363761,2024-05-24
4.0,46.7,66.2,0.466711,128.0,1.3864,131.9207,0,spatial_background_sample,spatial_background_reference,Assam,26.116635,93.913254,2016-05-17
19.3,83.2,154.5,0.400625,1121.0,27.5924,129.9948,1,GSI_field_inventory,observed_landslide,Mizoram,23.101925,93.20426111,
107.1,220.8,283.2,0.38782,42.0,4.2288,102.6317,0,spatial_background_sample,spatial_background_reference,Assam,26.307156,90.10438,2022-05-14
5.4,8.2,28.6,0.410628,5117.0,42.528,170.8256,0,spatial_background_sample,spatial_background_reference,Sikkim,27.806209,88.660032,2025-07-19
128.8,213.2,356.5,0.453375,82.0,2.2739,294.03,0,spatial_background_sample,spatial_background_reference,Assam,26.910739,93.65565,2022-05-15
13.0,67.2,135.3,0.427449,2041.0,15.3366,340.6181,0,spatial_background_sample,spatial_background_reference,Arunachal Pradesh,27.340902,93.436788,2016-07-17
17.6,54.1,71.8,0.492814,512.0,15.7902,73.3875,0,spatial_background_sample,spatial_background_reference,Assam,26.485155,93.478404,2020-06-26
3.5,9.5,17.9,0.339228,5435.0,29.7336,263.4979,0,spatial_background_sample,spatial_background_reference,Sikkim,27.959172,88.756404,2015-07-08
25.9,88.7,102.6,0.465888,37.0,7.5817,127.4026,0,spatial_background_sample,spatial_background_reference,Tripura,23.428909,91.446785,2018-05-18
4.8,15.9,31.7,0.488574,35.0,5.5162,326.8412,0,spatial_background_sample,spatial_background_reference,Tripura,23.315908,91.424206,2009-07-10
2.5,15.0,30.6,0.484092,66.0,7.9319,297.6594,0,spatial_background_sample,spatial_background_reference,Tripura,23.481606,91.534574,2009-07-10
18.5,102.9,150.0,0.393781,666.0,22.4171,220.94,1,GSI_field_inventory,observed_landslide,Mizoram,24.04014167,93.2915,
13.0,67.2,135.3,0.427449,1955.0,6.5398,189.1314,0,spatial_background_sample,spatial_background_reference,Arunachal Pradesh,27.281581,93.378081,2016-07-17
2.3,99.2,149.3,0.494671,854.0,2.96,20.2585,0,spatial_background_sample,spatial_background_reference,Assam,25.427546,92.703346,2016-05-22
13.7,82.1,101.8,0.472973,33.0,4.1454,257.1088,0,spatial_background_sample,spatial_background_reference,Tripura,23.727057,91.327186,2018-05-18
21.5,42.6,121.1,0.389156,4624.0,22.0107,129.7915,0,spatial_background_sample,spatial_background_reference,Sikkim,27.751714,88.337392,2021-05-18
27.6,55.9,82.6,0.414427,68.0,15.4589,319.4723,0,spatial_background_sample,spatial_background_reference,Meghalaya,25.871861,90.285542,2007-07-19
6.5,48.1,106.6,0.493213,373.0,12.7938,4.5203,0,spatial_background_sample,spatial_background_reference,Meghalaya,25.379823,90.547217,2025-06-25
9.5,51.5,68.3,0.391997,57.0,5.6327,169.6341,0,spatial_background_sample,spatial_background_reference,Tripura,24.33597,91.929802,2018-05-18
26.9,65.8,86.8,0.436249,10.0,0.9264,180.0,0,spatial_background_sample,spatial_background_reference,Tripura,22.998645,91.654663,2018-05-18
70.5,124.0,174.4,0.381036,78.0,6.1636,41.527,0,spatial_background_sample,spatial_background_reference,Meghalaya,25.394539,89.85835,2025-05-30
2.3,10.6,25.0,0.415516,96.0,5.5414,0.0,0,spatial_background_sample,spatial_background_reference,Tripura,23.794903,91.516637,2009-07-10
3.0,105.8,214.3,0.480427,452.0,23.3794,159.4092,1,GSI_field_inventory,observed_landslide,Assam,25.17691667,93.02655556,
6.5,12.0,32.0,0.489961,96.0,1.8523,180.0,0,spatial_background_sample,spatial_background_reference,Assam,26.623448,93.881873,2020-06-02
2.3,11.6,32.7,0.404751,4428.0,6.9611,131.4653,0,spatial_background_sample,spatial_background_reference,Sikkim,27.914749,88.573548,2024-08-21
33.9,86.2,104.5,0.46986,41.0,4.7778,320.6984,0,spatial_background_sample,spatial_background_reference,Tripura,23.613338,91.52324,2018-05-18
0.3,5.2,11.8,0.379845,78.0,8.8316,316.7596,0,spatial_background_sample,spatial_background_reference,Tripura,24.289759,92.039634,2009-07-10
18.0,71.5,85.8,0.409281,120.0,11.9019,67.4439,0,spatial_background_sample,spatial_background_reference,Tripura,23.965185,91.788134,2018-05-18
52.1,146.0,187.3,0.491711,267.0,8.9558,114.2307,0,spatial_background_sample,spatial_background_reference,Meghalaya,25.825553,90.625688,2024-06-30
46.4,140.8,240.6,0.427893,2154.0,35.9088,23.7175,0,spatial_background_sample,spatial_background_reference,Arunachal Pradesh,27.344077,92.635531,2016-07-16
46.8,123.9,185.6,0.424653,3614.0,9.0016,35.256,0,spatial_background_sample,spatial_background_reference,Sikkim,27.851808,88.548837,2012-06-26
4.8,15.9,31.7,0.488574,17.0,5.1131,259.5888,0,spatial_background_sample,spatial_background_reference,Tripura,23.265657,91.40403,2009-07-10
45.3,77.2,152.8,0.476625,959.0,16.3004,32.4152,1,GSI_field_inventory,observed_landslide,Assam,25.366255,92.823037,
58.4,150.2,368.0,0.425521,1445.0,33.5315,248.1285,1,GSI_field_inventory,observed_landslide,Sikkim,27.32888889,88.60777778,
15.8,83.5,104.1,0.412719,66.0,16.2508,67.9843,1,GSI_field_inventory,observed_landslide,Tripura,24.003417,91.45425,
56.5,170.7,211.7,0.375454,48.0,2.7772,180.0,0,spatial_background_sample,spatial_background_reference,Assam,26.553911,90.905462,2022-05-13
32.2,214.3,317.7,0.375094,550.0,25.287,217.9907,1,GSI_field_inventory,observed_landslide,Mizoram,23.288276,92.830821,
28.3,58.0,116.3,0.42665,3378.0,41.991,134.4743,0,spatial_background_sample,spatial_background_reference,Arunachal Pradesh,28.222551,96.810746,2016-07-17
4.2,8.5,12.6,0.386482,143.0,3.7006,180.0,0,spatial_background_sample,spatial_background_reference,Tripura,23.754578,91.921258,2009-07-10
11.5,73.3,142.4,0.492604,77.0,5.2317,280.1828,1,GSI_field_inventory,observed_landslide,Assam,26.09150556,91.87898611,
25.8,52.1,70.7,0.415725,1737.0,37.4267,72.7945,0,spatial_background_sample,spatial_background_reference,Arunachal Pradesh,27.781231,93.214082,2016-04-22
21.0,51.3,70.4,0.417079,1218.0,19.3835,15.1765,0,spatial_background_sample,spatial_background_reference,Arunachal Pradesh,28.626628,94.677332,2016-04-22
0.8,42.4,90.0,0.48285,74.0,1.3862,131.9288,0,spatial_background_sample,spatial_background_reference,Assam,26.083072,92.929843,2016-05-22
0.0,7.2,231.8,0.416141,50.0,1.8523,0.0,0,spatial_background_sample,spatial_background_reference,Assam,26.603685,91.078626,2016-05-22
49.1,120.8,201.3,0.494231,1511.0,18.6825,132.0261,0,spatial_background_sample,spatial_background_reference,Meghalaya,25.679975,91.40486,2025-05-30
0.7,22.6,41.7,0.413385,740.0,14.6099,344.2759,1,GSI_field_inventory,observed_landslide,Mizoram,23.56413333,93.11378889,
32.3,52.4,154.1,0.491429,170.0,1.3953,131.5948,0,spatial_background_sample,spatial_background_reference,Assam,27.417028,95.919659,2016-05-22
23.3,42.7,108.3,0.424647,1339.0,22.3774,281.3249,0,spatial_background_sample,spatial_background_reference,Arunachal Pradesh,28.213171,93.9776,2016-07-17
8.2,18.8,42.2,0.454188,905.0,23.515,201.5549,1,GSI_field_inventory,observed_landslide,Mizoram,24.30711944,93.59375833,
19.6,46.9,50.1,0.423375,374.0,41.2509,355.3687,1,GSI_field_inventory,observed_landslide,Mizoram,23.87777778,92.84083333,
5.7,15.6,38.0,0.484674,57.0,6.7613,342.6896,0,spatial_background_sample,spatial_background_reference,Tripura,23.546287,91.253483,2009-07-10
45.1,150.1,295.2,0.427753,2182.0,61.0487,12.8372,0,spatial_background_sample,spatial_background_reference,Arunachal Pradesh,27.659761,92.735143,2016-07-16
13.2,40.7,120.0,0.49551,512.0,5.5565,128.6077,1,GSI_field_inventory,observed_landslide,Assam,25.17986111,93.07077778,
67.5,79.7,109.8,0.386296,188.0,3.2457,253.4331,0,spatial_background_sample,spatial_background_reference,Assam,26.81686,90.541534,2010-06-16
36.1,62.5,122.1,0.424938,3649.0,41.5243,350.4299,0,spatial_background_sample,spatial_background_reference,Arunachal Pradesh,28.515342,96.056093,2016-07-17
3.6,13.7,28.6,0.362167,5325.0,8.169,296.78,0,spatial_background_sample,spatial_background_reference,Sikkim,27.966391,88.67882,2022-08-25
5.3,16.3,40.0,0.453121,29.0,2.7772,180.0,0,spatial_background_sample,spatial_background_reference,Tripura,23.948165,91.346622,2009-07-10
14.7,65.1,99.3,0.42418,3920.0,52.5693,188.0663,0,spatial_background_sample,spatial_background_reference,Arunachal Pradesh,28.114174,97.133591,2016-07-16
43.4,111.5,293.0,0.369073,344.0,26.7187,205.7801,1,GSI_field_inventory,observed_landslide,Mizoram,22.437107,92.946912,
10.3,39.7,214.7,0.492473,422.0,14.1685,258.9218,0,spatial_background_sample,spatial_background_reference,Manipur,23.975176,94.165069,2007-09-09
28.1,56.6,124.2,0.47996,147.0,5.2308,90.0,0,spatial_background_sample,spatial_background_reference,Arunachal Pradesh,27.980555,95.686089,2016-07-17
1.0,14.1,25.6,0.422679,5146.0,24.4467,117.5416,0,spatial_background_sample,spatial_background_reference,Sikkim,28.051918,88.653692,2021-08-27
24.4,91.0,102.8,0.465482,41.0,6.819,132.5402,0,spatial_background_sample,spatial_background_reference,Tripura,23.41905,91.32013,2018-05-18
81.2,149.3,229.9,0.496917,1204.0,25.9778,43.7313,1,GSI_field_inventory,observed_landslide,Meghalaya,25.69463611,91.64577778,
2.4,16.8,39.3,0.307738,5448.0,36.1734,324.9087,0,spatial_background_sample,spatial_background_reference,Sikkim,27.777507,88.28997,2021-08-27
23.7,33.4,68.9,0.425714,4174.0,24.8489,320.1882,0,spatial_background_sample,spatial_background_reference,Arunachal Pradesh,29.245338,96.203154,2016-07-17
9.9,64.6,84.0,0.404893,39.0,0.0,180.0,0,spatial_background_sample,spatial_background_reference,Tripura,24.012292,91.587592,2018-05-18
32.2,214.3,317.7,0.372094,1023.0,32.6017,87.4613,1,GSI_field_inventory,observed_landslide,Mizoram,23.3057,92.852802,
8.9,28.0,44.1,0.408838,5095.0,26.8873,77.1014,0,spatial_background_sample,spatial_background_reference,Sikkim,27.956322,88.333433,2014-06-24
56.6,86.3,155.3,0.426296,2819.0,10.5249,94.9929,0,spatial_background_sample,spatial_background_reference,Arunachal Pradesh,29.115585,95.719235,2016-07-17
7.4,37.5,96.3,0.483853,723.0,4.2016,102.7153,0,spatial_background_sample,spatial_background_reference,Assam,25.503269,92.636633,2018-08-24
0.7,22.6,41.7,0.413385,659.0,19.0966,194.0226,1,GSI_field_inventory,observed_landslide,Mizoram,23.56785,93.10472222,
2.2,7.0,11.9,0.401238,4931.0,15.3856,266.6313,0,spatial_background_sample,spatial_background_reference,Sikkim,28.001126,88.443548,2015-07-08
5.2,9.1,32.1,0.424653,4513.0,23.0607,46.8696,0,spatial_background_sample,spatial_background_reference,Sikkim,27.78091,88.733561,2025-07-19
0.0,10.5,213.2,0.45099,60.0,0.0,180.0,0,spatial_background_sample,spatial_background_reference,Assam,26.469942,91.543735,2016-05-22
5.8,24.4,49.8,0.488254,386.0,7.6603,306.9488,0,spatial_background_sample,spatial_background_reference,Meghalaya,25.499988,90.552943,2007-09-15
17.6,34.6,60.2,0.478033,102.0,16.7616,155.8765,0,spatial_background_sample,spatial_background_reference,Tripura,23.146833,91.750207,2009-07-10
66.5,99.9,174.1,0.425991,2638.0,28.4145,247.1369,0,spatial_background_sample,spatial_background_reference,Arunachal Pradesh,28.865868,95.462089,2016-07-17
18.5,102.9,150.0,0.401198,585.0,29.8468,222.2205,1,GSI_field_inventory,observed_landslide,Mizoram,24.05823611,93.28901944,
19.8,63.2,87.7,0.419182,2104.0,20.028,108.0898,0,spatial_background_sample,spatial_background_reference,Arunachal Pradesh,27.54703,93.913164,2016-04-22
5.2,9.2,18.9,0.41707,5276.0,7.7696,306.3374,0,spatial_background_sample,spatial_background_reference,Sikkim,28.030825,88.478586,2022-06-15
16.4,203.0,288.4,0.42854,30.0,3.4568,216.5778,0,spatial_background_sample,spatial_background_reference,Assam,26.052102,89.870644,2020-07-12
37.8,68.3,137.9,0.424415,3784.0,14.883,115.2074,0,spatial_background_sample,spatial_background_reference,Arunachal Pradesh,29.049785,95.96562,2016-07-17
66.5,99.9,174.1,0.425238,3672.0,41.0495,306.4553,0,spatial_background_sample,spatial_background_reference,Arunachal Pradesh,28.685285,95.499929,2016-07-17
43.1,93.7,107.5,0.486223,354.0,13.2879,123.2117,0,spatial_background_sample,spatial_background_reference,Meghalaya,25.818897,90.694251,2009-07-01
5.9,31.6,98.5,0.42149,122.0,21.2773,127.8162,1,GSI_field_inventory,observed_landslide,Manipur,24.813306,93.243417,
45.8,91.7,169.8,0.455961,1455.0,60.7407,112.363,0,spatial_background_sample,spatial_background_reference,Arunachal Pradesh,28.163813,95.984948,2016-07-17
0.5,4.3,10.9,0.37617,5057.0,3.279,106.3934,0,spatial_background_sample,spatial_background_reference,Sikkim,28.045893,88.713951,2022-05-29
73.5,121.3,280.6,0.428479,3272.0,39.6525,347.281,0,spatial_background_sample,spatial_background_reference,Sikkim,27.612811,88.392816,2012-06-22
23.6,26.3,56.5,0.420661,5361.0,27.0693,207.635,0,spatial_background_sample,spatial_background_reference,Sikkim,27.528845,88.065768,2025-07-19
10.1,14.6,43.7,0.407731,5517.0,16.5429,279.3993,0,spatial_background_sample,spatial_background_reference,Sikkim,28.010795,88.548962,2012-06-22
27.0,87.2,106.2,0.394906,128.0,11.0365,85.2445,0,spatial_background_sample,spatial_background_reference,Tripura,23.782189,91.784581,2018-05-18
1.5,11.3,28.0,0.401341,47.0,1.3731,47.578,0,spatial_background_sample,spatial_background_reference,Tripura,23.959982,91.645335,2009-07-10
2.5,15.0,30.6,0.408042,45.0,10.3675,74.6241,0,spatial_background_sample,spatial_background_reference,Tripura,23.559493,91.564573,2009-07-10
5.0,14.9,34.7,0.427561,32.0,2.9547,160.0204,0,spatial_background_sample,spatial_background_reference,Tripura,23.53122,91.643782,2009-07-10
25.7,101.4,163.5,0.427052,2779.0,42.4585,300.8292,0,spatial_background_sample,spatial_background_reference,Arunachal Pradesh,27.757788,96.964605,2016-07-16
50.9,155.2,216.8,0.490088,203.0,4.2837,257.5335,0,spatial_background_sample,spatial_background_reference,Arunachal Pradesh,27.831349,96.178394,2016-07-17
29.7,46.0,151.6,0.423387,2082.0,22.3685,78.67,0,spatial_background_sample,spatial_background_reference,Arunachal Pradesh,28.164151,94.466447,2016-07-17
35.5,36.8,53.1,0.396313,1154.0,8.8841,268.5164,1,GSI_field_inventory,observed_landslide,Manipur,24.979,93.496,
0.3,5.2,11.8,0.371025,60.0,11.0261,65.4859,0,spatial_background_sample,spatial_background_reference,Tripura,24.210246,92.117029,2009-07-10
23.9,56.7,93.6,0.491924,525.0,16.2618,299.927,0,spatial_background_sample,spatial_background_reference,Assam,26.432453,93.611711,2022-05-14
4.4,82.1,137.0,0.486717,764.0,4.1946,257.2631,0,spatial_background_sample,spatial_background_reference,Meghalaya,25.291629,90.819396,2014-09-23
27.2,56.2,138.4,0.424991,2762.0,53.1259,153.8379,0,spatial_background_sample,spatial_background_reference,Arunachal Pradesh,28.322916,93.57727,2016-07-17
73.1,205.0,326.5,0.393013,32.0,2.1202,150.8697,0,spatial_background_sample,spatial_background_reference,Assam,26.206847,89.831717,2022-05-15
23.2,145.9,273.9,0.42771,4594.0,24.7807,143.6663,0,spatial_background_sample,spatial_background_reference,Sikkim,27.534325,88.771909,2021-08-27
27.2,56.2,138.4,0.424612,1835.0,39.4345,164.4485,0,spatial_background_sample,spatial_background_reference,Arunachal Pradesh,28.357392,93.503798,2016-07-17
23.7,95.4,132.2,0.406531,569.0,26.5521,88.6078,1,GSI_field_inventory,observed_landslide,Mizoram,23.7375,92.78805556,
3.9,21.2,32.2,0.403141,5380.0,14.912,24.3866,0,spatial_background_sample,spatial_background_reference,Sikkim,28.073444,88.705041,2013-08-28
3.0,105.8,214.3,0.480427,685.0,6.2113,35.1097,1,GSI_field_inventory,observed_landslide,Assam,25.15933333,93.017,
1.5,11.3,28.0,0.398457,48.0,8.2799,180.0,0,spatial_background_sample,spatial_background_reference,Tripura,24.052252,91.628897,2009-07-10
4.4,13.0,34.2,0.387728,331.0,7.5547,291.4545,0,spatial_background_sample,spatial_background_reference,Tripura,23.511047,91.967918,2009-07-10
19.3,39.1,68.4,0.476865,33.0,4.6222,180.0,0,spatial_background_sample,spatial_background_reference,Tripura,23.084824,91.669972,2009-07-10
1.7,3.1,13.6,0.333107,5425.0,5.3086,280.0215,0,spatial_background_sample,spatial_background_reference,Sikkim,27.924198,88.171241,2025-07-19
17.7,43.9,107.4,0.425963,3955.0,32.1736,22.2846,0,spatial_background_sample,spatial_background_reference,Arunachal Pradesh,28.218069,93.011389,2016-07-17
26.0,112.0,202.6,0.427591,1717.0,18.0252,26.5647,0,spatial_background_sample,spatial_background_reference,Arunachal Pradesh,27.264577,93.192254,2016-07-17
10.3,63.3,82.0,0.384543,54.0,2.2318,65.4872,0,spatial_background_sample,spatial_background_reference,Tripura,24.217787,91.980987,2018-05-18
39.6,55.2,125.6,0.411885,3954.0,25.7109,166.8728,0,spatial_background_sample,spatial_background_reference,Sikkim,27.479577,88.202669,2025-07-19
18.8,41.8,140.1,0.419542,349.0,30.9036,58.6278,1,GSI_field_inventory,observed_landslide,Mizoram,24.40520278,93.06672222,
29.7,101.1,142.5,0.495943,1395.0,42.4991,334.1547,0,spatial_background_sample,spatial_background_reference,Arunachal Pradesh,27.058775,92.413982,2016-07-16
15.3,65.4,81.7,0.404479,288.0,13.3434,17.3691,0,spatial_background_sample,spatial_background_reference,Tripura,24.014757,91.908204,2018-05-18
11.8,47.4,203.8,0.406177,773.0,28.074,59.445,1,GSI_field_inventory,observed_landslide,Manipur,24.83278,93.46333,
45.9,87.7,167.9,0.426591,3242.0,41.353,166.8236,0,spatial_background_sample,spatial_background_reference,Sikkim,27.559949,88.292917,2021-05-18
16.1,23.5,92.7,0.354426,5492.0,14.9065,155.6626,0,spatial_background_sample,spatial_background_reference,Sikkim,27.826886,88.283887,2012-06-22
18.5,84.4,138.8,0.492667,829.0,5.1293,270.0,0,spatial_background_sample,spatial_background_reference,Meghalaya,25.75303,91.412095,2009-07-01
45.3,179.6,197.7,0.49172,719.0,18.0611,160.4099,0,spatial_background_sample,spatial_background_reference,Arunachal Pradesh,27.461081,96.225822,2016-07-16
1.6,9.7,58.7,0.465202,514.0,2.9618,20.3553,0,spatial_background_sample,spatial_background_reference,Assam,26.0445,93.516952,2014-06-27
21.9,85.1,210.5,0.486138,93.0,0.9264,180.0,0,spatial_background_sample,spatial_background_reference,Assam,27.02487,94.586237,2016-05-22
2.6,18.0,54.8,0.49475,1042.0,15.7354,25.1912,1,GSI_field_inventory,observed_landslide,Mizoram,24.33915833,93.66233611,
0.5,6.1,13.1,0.384027,72.0,4.6222,180.0,0,spatial_background_sample,spatial_background_reference,Tripura,24.080893,92.00574,2009-07-10
57.5,105.3,138.5,0.425729,658.0,31.0472,270.7704,1,GSI_field_inventory,observed_landslide,Mizoram,23.88361111,92.85305556,
26.3,119.1,251.5,0.428287,2231.0,33.2363,282.8313,0,spatial_background_sample,spatial_background_reference,Arunachal Pradesh,27.654006,92.594707,2016-07-17
54.1,313.9,433.5,0.380031,774.0,35.5328,55.0864,1,GSI_field_inventory,observed_landslide,Mizoram,23.205193,92.574684,
10.6,27.8,42.0,0.425366,4665.0,43.6112,217.0855,0,spatial_background_sample,spatial_background_reference,Arunachal Pradesh,29.240855,94.571177,2016-04-22
1.2,4.6,4.8,0.223615,65.0,1.3694,132.5638,0,spatial_background_sample,spatial_background_reference,Mizoram,23.309208,92.395559,2025-05-13
0.3,5.2,11.8,0.379845,56.0,8.0766,270.0,0,spatial_background_sample,spatial_background_reference,Tripura,24.275293,91.982435,2009-07-10
4.8,6.1,38.6,0.351802,4908.0,7.5344,284.1526,0,spatial_background_sample,spatial_background_reference,Sikkim,28.04785,88.622652,2021-05-18
62.1,163.9,215.6,0.437342,374.0,11.9126,4.8585,0,spatial_background_sample,spatial_background_reference,Meghalaya,25.179819,92.550232,2019-06-27
0.8,15.5,21.6,0.423339,4934.0,8.2729,321.1186,0,spatial_background_sample,spatial_background_reference,Sikkim,27.648301,88.215453,2015-07-08
7.6,46.1,115.0,0.424432,1348.0,48.1641,320.1035,0,spatial_background_sample,spatial_background_reference,Arunachal Pradesh,28.336568,94.202148,2016-07-16
59.9,262.5,377.3,0.380906,749.0,16.9548,149.6367,1,GSI_field_inventory,observed_landslide,Mizoram,23.200475,92.735007,
3.4,5.2,10.8,0.408749,4808.0,41.8624,258.551,0,spatial_background_sample,spatial_background_reference,Sikkim,27.901878,88.701939,2014-07-08
4.1,11.0,28.6,0.423269,4115.0,18.7921,154.5377,0,spatial_background_sample,spatial_background_reference,Sikkim,27.84053,88.578979,2022-05-29
20.8,45.1,83.4,0.373281,208.0,30.0961,291.7199,1,GSI_field_inventory,observed_landslide,Mizoram,24.5716,93.17273056,
0.9,79.8,312.5,0.406046,289.0,20.5238,295.59,0,spatial_background_sample,spatial_background_reference,Manipur,24.505602,94.370398,2018-06-14
24.2,37.0,42.0,0.402167,5617.0,16.3563,96.3262,0,spatial_background_sample,spatial_background_reference,Sikkim,27.51198,88.278395,2023-10-04
19.3,83.2,154.5,0.400625,913.0,22.4738,290.6209,1,GSI_field_inventory,observed_landslide,Mizoram,23.09954722,93.18600278,
4.8,15.9,31.7,0.488574,63.0,12.7926,355.5519,0,spatial_background_sample,spatial_background_reference,Tripura,23.33382,91.391055,2009-07-10
17.6,61.0,223.7,0.416927,4729.0,29.7109,7.3638,0,spatial_background_sample,spatial_background_reference,Sikkim,27.831637,88.599697,2014-08-26
18.0,100.1,235.0,0.461836,2818.0,40.6983,184.862,0,spatial_background_sample,spatial_background_reference,Arunachal Pradesh,27.470993,96.883218,2016-07-17
14.2,30.9,103.9,0.42318,3545.0,37.0623,268.7732,0,spatial_background_sample,spatial_background_reference,Arunachal Pradesh,28.600096,93.435666,2016-07-17
10.3,36.6,87.2,0.417927,99.0,2.7863,228.3571,0,spatial_background_sample,spatial_background_reference,Assam,27.229371,94.045236,2016-06-22
23.7,95.4,132.2,0.406531,407.0,37.254,330.7717,1,GSI_field_inventory,observed_landslide,Mizoram,23.73694444,92.81361111,
20.7,67.8,93.3,0.407702,4939.0,35.7369,19.2974,0,spatial_background_sample,spatial_background_reference,Sikkim,27.872372,88.33172,2014-06-24
76.9,149.1,183.0,0.376667,867.0,35.8753,67.2877,1,GSI_field_inventory,observed_landslide,Mizoram,23.65416667,92.69,
8.8,31.1,84.7,0.419577,799.0,48.0124,66.8632,0,spatial_background_sample,spatial_background_reference,Arunachal Pradesh,27.595437,94.411937,2016-07-17
6.8,62.4,218.7,0.492391,106.0,3.8417,164.4022,0,spatial_background_sample,spatial_background_reference,Assam,26.423329,93.941257,2016-05-22
61.9,120.9,163.8,0.376667,924.0,32.5233,93.6389,1,GSI_field_inventory,observed_landslide,Mizoram,23.68361111,92.72277778,
2.2,52.7,73.3,0.487743,973.0,32.0532,95.9289,0,spatial_background_sample,spatial_background_reference,Manipur,24.676492,94.005868,2007-08-28
5.0,14.9,34.7,0.427561,71.0,3.8353,344.7488,0,spatial_background_sample,spatial_background_reference,Tripura,23.521462,91.627868,2009-07-10
5.0,14.9,34.7,0.396973,207.0,8.1713,227.4954,0,spatial_background_sample,spatial_background_reference,Tripura,23.583581,91.750221,2009-07-10
0.3,5.2,11.8,0.371025,125.0,13.969,93.727,0,spatial_background_sample,spatial_background_reference,Tripura,24.221403,92.055887,2009-07-10
65.8,208.8,228.2,0.476716,604.0,10.9813,326.4396,0,spatial_background_sample,spatial_background_reference,Meghalaya,25.253642,90.83834,2025-05-30
0.1,7.3,45.4,0.483635,228.0,5.5468,213.6421,0,spatial_background_sample,spatial_background_reference,Nagaland,25.62628,93.543464,2025-08-01
1.4,5.1,7.5,0.400507,5382.0,38.258,239.1609,0,spatial_background_sample,spatial_background_reference,Sikkim,27.917111,88.300769,2015-07-08
1.9,12.3,24.2,0.401341,75.0,3.8363,195.3026,0,spatial_background_sample,spatial_background_reference,Tripura,23.980453,91.576422,2009-07-10
0.5,6.1,13.1,0.383046,117.0,24.6522,197.9585,0,spatial_background_sample,spatial_background_reference,Tripura,23.913847,91.970346,2009-07-10
10.9,134.6,202.8,0.427095,3135.0,55.2012,43.076,0,spatial_background_sample,spatial_background_reference,Arunachal Pradesh,27.311549,92.080958,2016-07-17
51.0,257.4,357.8,0.488943,82.0,3.8423,164.3713,0,spatial_background_sample,spatial_background_reference,Assam,26.661483,93.694641,2016-05-17
29.4,86.1,196.9,0.494104,99.0,3.2393,253.3997,0,spatial_background_sample,spatial_background_reference,Assam,26.573867,93.781115,2016-07-14
10.7,72.1,87.3,0.393012,40.0,2.1117,331.2864,0,spatial_background_sample,spatial_background_reference,Tripura,24.111195,91.973067,2018-05-18
12.6,25.4,38.7,0.387202,69.0,5.1062,90.0,0,spatial_background_sample,spatial_background_reference,Meghalaya,25.20733,90.341834,2013-08-06
5.9,26.9,65.4,0.422,905.0,18.9014,120.5458,1,GSI_field_inventory,observed_landslide,Mizoram,23.147798,92.749742,
15.0,65.2,135.6,0.426641,4149.0,35.5449,60.1394,0,spatial_background_sample,spatial_background_reference,Sikkim,27.468912,88.10447,2012-06-26
3.3,36.0,139.4,0.436775,779.0,1.3773,132.2635,0,spatial_background_sample,spatial_background_reference,Manipur,24.664543,93.927805,2007-09-09
54.9,118.1,157.5,0.379844,1065.0,33.9622,350.1897,1,GSI_field_inventory,observed_landslide,Mizoram,23.53083333,92.73333333,
7.2,20.6,219.2,0.42875,77.0,2.1221,150.7816,0,spatial_background_sample,spatial_background_reference,Assam,26.623723,91.535259,2014-06-27
0.0,0.0,1.5,0.378948,5734.0,22.8218,357.5055,0,spatial_background_sample,spatial_background_reference,Sikkim,28.009125,88.544049,2022-11-20
54.9,118.1,157.5,0.379417,851.0,36.0393,249.1468,1,GSI_field_inventory,observed_landslide,Mizoram,23.565,92.70777778,
3.0,105.8,214.3,0.480427,575.0,44.6572,74.5607,1,GSI_field_inventory,observed_landslide,Assam,25.17188889,93.02061111,
4.0,17.4,80.4,0.490804,849.0,15.6484,348.9084,0,spatial_background_sample,spatial_background_reference,Assam,25.818582,92.402349,2020-06-02
27.9,119.3,223.3,0.361844,852.0,20.0183,27.2986,1,GSI_field_inventory,observed_landslide,Mizoram,23.022804,92.755698,
21.4,66.1,104.7,0.424653,4421.0,17.2932,331.9961,0,spatial_background_sample,spatial_background_reference,Sikkim,27.76046,88.647269,2012-06-26
6.2,12.2,38.1,0.41211,5038.0,23.7133,48.5001,0,spatial_background_sample,spatial_background_reference,Sikkim,27.782675,88.847256,2025-07-19
13.3,64.2,79.3,0.378866,174.0,8.8169,114.6444,0,spatial_background_sample,spatial_background_reference,Tripura,23.430109,91.803175,2018-05-18
1.1,43.9,128.3,0.480063,102.0,0.9264,0.0,0,spatial_background_sample,spatial_background_reference,Assam,26.998472,94.911627,2014-06-27
20.7,67.8,93.3,0.426109,4519.0,12.372,48.4374,0,spatial_background_sample,spatial_background_reference,Sikkim,27.541642,88.142573,2014-06-24
16.4,90.6,159.1,0.436034,107.0,4.5414,294.0257,0,spatial_background_sample,spatial_background_reference,Assam,26.933689,94.801759,2022-05-14
52.1,149.2,210.9,0.498948,1396.0,22.4174,292.4947,1,GSI_field_inventory,observed_landslide,Meghalaya,25.50667,91.28318,
52.9,149.3,263.7,0.370573,1199.0,33.5247,246.2239,1,GSI_field_inventory,observed_landslide,Mizoram,22.903567,92.758702,
0.5,6.1,13.1,0.384027,47.0,5.3867,69.9424,0,spatial_background_sample,spatial_background_reference,Tripura,24.108565,92.027312,2009-07-10
8.8,19.0,166.5,0.47121,105.0,2.7668,132.0033,0,spatial_background_sample,spatial_background_reference,Assam,25.774907,92.878566,2025-06-04
10.6,17.8,64.2,0.414214,4672.0,29.4793,299.0954,0,spatial_background_sample,spatial_background_reference,Sikkim,27.891812,88.395036,2022-10-10
1.1,43.0,154.8,0.489557,63.0,0.0,180.0,0,spatial_background_sample,spatial_background_reference,Assam,26.515098,92.557433,2016-05-22
38.9,84.8,158.3,0.490893,220.0,5.5824,325.8082,0,spatial_background_sample,spatial_background_reference,Arunachal Pradesh,27.975932,96.020235,2016-07-17
226.1,349.6,388.4,0.499479,1724.0,7.5136,287.8686,1,GSI_field_inventory,observed_landslide,Meghalaya,25.48716667,91.81936111,
31.4,48.8,66.9,0.405016,2070.0,7.1408,205.3816,0,spatial_background_sample,spatial_background_reference,Manipur,25.402382,93.876693,2018-05-03
45.3,102.7,144.5,0.376885,1123.0,26.1864,228.1962,1,GSI_field_inventory,observed_landslide,Mizoram,23.60861111,92.85055556,
22.1,52.4,137.4,0.42499,3568.0,40.9241,158.8347,0,spatial_background_sample,spatial_background_reference,Arunachal Pradesh,28.579862,93.671156,2016-07-17
13.5,36.7,102.2,0.424412,611.0,31.4812,73.1143,0,spatial_background_sample,spatial_background_reference,Arunachal Pradesh,27.986557,93.842648,2016-07-16
60.6,302.9,428.6,0.380031,736.0,24.3659,42.8853,1,GSI_field_inventory,observed_landslide,Mizoram,23.202247,92.57903,
39.6,191.5,236.8,0.268664,94.0,2.1224,150.7647,0,spatial_background_sample,spatial_background_reference,Assam,26.702597,91.421714,2022-05-14
14.7,36.2,166.6,0.493957,87.0,1.3933,228.3318,0,spatial_background_sample,spatial_background_reference,Assam,27.130138,94.273085,2016-05-22
88.8,146.0,171.4,0.463685,50.0,0.9264,0.0,0,spatial_background_sample,spatial_background_reference,Assam,26.333049,92.09162,2022-05-14
49.4,108.6,154.4,0.377302,944.0,45.7409,264.342,1,GSI_field_inventory,observed_landslide,Mizoram,23.73222222,92.75,
13.0,21.7,53.8,0.484161,42.0,1.8523,0.0,0,spatial_background_sample,spatial_background_reference,Assam,26.141549,91.281566,2018-06-14
5.0,14.9,34.7,0.396318,88.0,11.0287,125.5029,0,spatial_background_sample,spatial_background_reference,Tripura,23.481272,91.734037,2009-07-10
93.1,217.2,270.5,0.478223,162.0,5.8321,241.6465,0,spatial_background_sample,spatial_background_reference,Meghalaya,25.918367,90.852527,2025-05-30
17.1,31.1,90.4,0.424211,4443.0,14.9409,204.6415,0,spatial_background_sample,spatial_background_reference,Arunachal Pradesh,29.307556,94.661072,2016-07-16
55.6,319.6,524.4,0.403638,48.0,4.5295,245.9067,0,spatial_background_sample,spatial_background_reference,Assam,26.57341,90.973551,2022-05-16
23.4,42.9,166.2,0.492626,549.0,7.976,22.598,0,spatial_background_sample,spatial_background_reference,Meghalaya,25.714317,90.870782,2007-08-18
3.6,4.2,23.3,0.407146,4894.0,33.423,331.8893,0,spatial_background_sample,spatial_background_reference,Sikkim,27.87157,88.459567,2022-05-29
29.3,89.1,213.1,0.424827,3500.0,33.3458,274.2276,0,spatial_background_sample,spatial_background_reference,Sikkim,27.495925,88.384181,2025-09-11
22.8,86.9,103.9,0.441583,14.0,3.0279,270.0,0,spatial_background_sample,spatial_background_reference,Tripura,23.502137,91.225087,2018-05-18
48.3,138.3,322.1,0.427667,2838.0,28.59,42.1205,0,spatial_background_sample,spatial_background_reference,Arunachal Pradesh,27.780495,92.977596,2016-07-17
28.7,101.7,255.6,0.426713,2960.0,55.8386,257.9664,0,spatial_background_sample,spatial_background_reference,Sikkim,27.583264,88.306308,2024-07-21
19.9,61.8,100.6,0.460202,129.0,1.8523,0.0,0,spatial_background_sample,spatial_background_reference,Assam,27.834052,95.227941,2017-06-13
0.0,0.0,31.6,0.422704,2527.0,38.8436,245.0598,0,spatial_background_sample,spatial_background_reference,Sikkim,27.651525,88.459804,2022-11-20
0.0,46.3,61.1,0.346153,4890.0,11.2989,293.8689,0,spatial_background_sample,spatial_background_reference,Sikkim,27.750928,88.257286,2012-07-17
57.3,288.1,399.0,0.381104,725.0,23.1396,255.7464,1,GSI_field_inventory,observed_landslide,Mizoram,23.301901,92.649401,
1.7,7.1,15.3,0.432972,776.0,3.5701,121.2202,0,spatial_background_sample,spatial_background_reference,Manipur,24.611327,94.001819,2018-06-22
17.6,61.0,223.7,0.366446,4531.0,33.987,27.4501,0,spatial_background_sample,spatial_background_reference,Sikkim,27.810678,88.410605,2014-08-26
149.6,228.1,280.1,0.498198,240.0,20.5076,174.5096,1,GSI_field_inventory,observed_landslide,Meghalaya,25.22194444,91.38422222,
17.7,43.9,107.4,0.425963,3937.0,13.671,184.325,0,spatial_background_sample,spatial_background_reference,Arunachal Pradesh,28.175706,93.010087,2016-07-17
62.0,119.9,210.1,0.437085,335.0,4.8506,40.3444,0,spatial_background_sample,spatial_background_reference,Arunachal Pradesh,27.995899,96.165916,2016-07-17
1.5,5.0,116.7,0.383375,756.0,10.4132,117.5453,1,GSI_field_inventory,observed_landslide,Mizoram,23.225357,92.74039,
16.9,71.7,116.8,0.426347,4282.0,5.5414,180.0,0,spatial_background_sample,spatial_background_reference,Sikkim,27.437922,88.081311,2014-07-01
3.0,89.6,151.9,0.492885,497.0,12.6666,197.3791,1,GSI_field_inventory,observed_landslide,Assam,25.27480556,93.14555556,
37.0,114.3,155.9,0.487891,146.0,0.9264,180.0,0,spatial_background_sample,spatial_background_reference,Arunachal Pradesh,27.934718,95.325519,2016-04-22
51.4,213.2,341.4,0.35249,252.0,21.3519,29.7031,0,spatial_background_sample,spatial_background_reference,Mizoram,23.332965,92.412836,2025-06-01
0.4,0.5,18.0,0.307871,5663.0,11.9145,355.0341,0,spatial_background_sample,spatial_background_reference,Sikkim,27.711349,88.332388,2022-05-29
17.6,34.6,60.2,0.482631,50.0,6.3036,331.435,0,spatial_background_sample,spatial_background_reference,Tripura,23.306733,91.627944,2009-07-10
2.8,30.2,159.8,0.415969,35.0,2.9593,20.2228,0,spatial_background_sample,spatial_background_reference,Meghalaya,25.195491,90.311917,2023-08-10
11.3,12.7,23.1,0.40872,4546.0,26.9473,319.7618,0,spatial_background_sample,spatial_background_reference,Sikkim,27.587155,88.258752,2025-07-19
1.2,2.3,24.2,0.397536,5289.0,26.4273,19.3517,0,spatial_background_sample,spatial_background_reference,Sikkim,27.914464,88.755698,2022-05-29
82.8,115.3,239.4,0.421754,87.0,6.2987,54.1282,0,spatial_background_sample,spatial_background_reference,Meghalaya,25.322902,90.143046,2020-05-26
9.9,65.6,82.8,0.40918,75.0,3.8365,344.6835,0,spatial_background_sample,spatial_background_reference,Tripura,24.102568,91.71435,2018-05-18
16.1,23.5,92.7,0.426327,4364.0,18.0272,186.4386,0,spatial_background_sample,spatial_background_reference,Sikkim,27.609802,88.211661,2012-06-22
7.0,55.2,114.8,0.425857,4515.0,25.1176,210.4275,0,spatial_background_sample,spatial_background_reference,Arunachal Pradesh,27.705982,91.878504,2016-07-17
38.4,98.3,134.2,0.373802,1002.0,20.0612,46.6,1,GSI_field_inventory,observed_landslide,Mizoram,23.77305556,92.74361111,
5.0,14.9,34.7,0.396318,57.0,8.8022,19.9806,0,spatial_background_sample,spatial_background_reference,Tripura,23.538867,91.698245,2009-07-10
52.3,85.0,211.4,0.355865,27.0,1.8523,0.0,0,spatial_background_sample,spatial_background_reference,Meghalaya,25.334281,89.837638,2020-05-26
65.0,128.9,173.2,0.379844,1328.0,54.3603,271.6627,1,GSI_field_inventory,observed_landslide,Mizoram,23.46777778,92.74111111,
35.3,97.7,113.1,0.46986,70.0,2.1098,28.6192,0,spatial_background_sample,spatial_background_reference,Tripura,23.603949,91.459615,2018-05-18
17.5,50.0,85.9,0.458841,129.0,0.9264,180.0,0,spatial_background_sample,spatial_background_reference,Assam,27.416861,95.438111,2020-06-02
20.1,65.8,80.2,0.456286,86.0,8.161,37.883,0,spatial_background_sample,spatial_background_reference,Tripura,23.349857,91.708715,2018-05-18
2.3,52.8,145.2,0.488533,283.0,4.8081,219.7425,0,spatial_background_sample,spatial_background_reference,Nagaland,25.575685,93.402112,2025-07-07
27.6,50.6,126.0,0.426463,3203.0,53.9997,3.0514,0,spatial_background_sample,spatial_background_reference,Arunachal Pradesh,28.018436,92.882159,2016-07-16
58.3,123.2,148.0,0.495714,992.0,6.8807,143.5125,0,spatial_background_sample,spatial_background_reference,Meghalaya,25.662668,92.220179,2022-06-17
6.3,13.1,32.9,0.446201,36.0,14.1854,129.7695,0,spatial_background_sample,spatial_background_reference,Tripura,23.724097,91.195771,2009-07-10
3.4,5.2,10.8,0.412552,5334.0,17.6225,78.2516,0,spatial_background_sample,spatial_background_reference,Sikkim,27.886448,88.732212,2014-07-08
2.0,36.0,111.1,0.489705,800.0,10.1356,354.2379,0,spatial_background_sample,spatial_background_reference,Assam,25.721505,92.25441,2020-06-02
7.6,20.7,39.8,0.463299,46.0,10.7982,40.2698,0,spatial_background_sample,spatial_background_reference,Tripura,23.349556,91.338704,2009-07-10
19.3,72.9,191.9,0.409937,667.0,19.2751,130.3404,0,spatial_background_sample,spatial_background_reference,Manipur,24.503418,94.404647,2008-06-19
9.5,68.3,82.2,0.384543,35.0,0.0,180.0,0,spatial_background_sample,spatial_background_reference,Tripura,24.155011,92.009292,2018-05-18
2.7,12.2,20.0,0.392601,122.0,15.5995,117.6016,0,spatial_background_sample,spatial_background_reference,Tripura,23.802782,91.7093,2009-07-10
76.3,128.6,228.4,0.427284,1264.0,40.3862,88.9108,0,spatial_background_sample,spatial_background_reference,Arunachal Pradesh,29.008562,94.828346,2016-07-17
5.7,15.6,38.0,0.485208,29.0,6.2375,53.7178,0,spatial_background_sample,spatial_background_reference,Tripura,23.419404,91.293137,2009-07-10
31.1,127.3,191.6,0.439423,180.0,7.1607,300.9856,0,spatial_background_sample,spatial_background_reference,Assam,25.739535,93.290396,2022-05-14
4.3,8.5,63.6,0.426467,5113.0,15.37,180.0,0,spatial_background_sample,spatial_background_reference,Sikkim,27.837161,88.857671,2014-08-26
2.2,14.0,105.8,0.280643,78.0,10.6511,301.0553,0,spatial_background_sample,spatial_background_reference,Meghalaya,25.409646,89.900974,2022-04-04
49.5,129.3,148.0,0.463152,171.0,3.8406,195.5384,0,spatial_background_sample,spatial_background_reference,Assam,25.955655,93.530578,2022-05-14
17.1,38.0,107.1,0.424592,1070.0,27.4167,4.0473,0,spatial_background_sample,spatial_background_reference,Arunachal Pradesh,27.956347,93.768425,2016-07-17
67.8,120.5,158.2,0.379417,818.0,24.3616,33.7803,1,GSI_field_inventory,observed_landslide,Mizoram,23.61972222,92.72527778,
23.7,95.4,132.2,0.406531,754.0,29.0887,152.5565,1,GSI_field_inventory,observed_landslide,Mizoram,23.72916667,92.76583333,
2.3,10.6,25.0,0.480165,49.0,1.8523,0.0,0,spatial_background_sample,spatial_background_reference,Tripura,23.734757,91.387874,2009-07-10
33.4,77.0,151.9,0.480156,691.0,21.0051,11.4193,1,GSI_field_inventory,observed_landslide,Assam,25.177416,93.00975,
29.4,110.0,172.5,0.427613,3365.0,29.273,11.2592,0,spatial_background_sample,spatial_background_reference,Arunachal Pradesh,27.571819,92.406766,2016-07-16
37.8,90.6,250.7,0.382385,1116.0,10.2861,191.1311,1,GSI_field_inventory,observed_landslide,Mizoram,22.469737,93.100868,
9.9,64.6,84.0,0.404893,43.0,4.9062,55.5898,0,spatial_background_sample,spatial_background_reference,Tripura,24.034478,91.630865,2018-05-18
50.7,165.7,247.2,0.495778,1494.0,24.7575,98.0623,0,spatial_background_sample,spatial_background_reference,Arunachal Pradesh,27.709958,96.382569,2016-07-17
6.3,13.4,23.3,0.36,5153.0,14.7425,303.576,0,spatial_background_sample,spatial_background_reference,Sikkim,27.741308,88.235761,2014-07-08
32.7,65.1,128.4,0.42615,3205.0,25.0259,123.6527,0,spatial_background_sample,spatial_background_reference,Arunachal Pradesh,29.100823,95.218833,2016-07-16
2.7,12.2,20.0,0.392601,95.0,4.9012,124.4507,0,spatial_background_sample,spatial_background_reference,Tripura,23.838837,91.71334,2009-07-10
55.7,159.0,327.2,0.427673,1155.0,36.0693,251.8933,0,spatial_background_sample,spatial_background_reference,Arunachal Pradesh,27.437427,92.765442,2016-07-16
6.7,47.7,228.4,0.425921,3831.0,41.7755,101.4845,0,spatial_background_sample,spatial_background_reference,Sikkim,27.555444,88.340012,2015-07-08
28.4,120.9,207.4,0.444963,1430.0,9.6748,228.3998,0,spatial_background_sample,spatial_background_reference,Arunachal Pradesh,27.395982,96.670401,2016-07-17
20.3,41.8,130.5,0.418048,2848.0,18.1696,37.974,0,spatial_background_sample,spatial_background_reference,Arunachal Pradesh,28.262819,93.234355,2016-07-16
26.0,112.0,202.6,0.427591,1579.0,23.6579,175.2337,0,spatial_background_sample,spatial_background_reference,Arunachal Pradesh,27.327368,93.213233,2016-07-17
24.4,114.8,203.7,0.489336,917.0,25.8391,225.477,0,spatial_background_sample,spatial_background_reference,Arunachal Pradesh,27.149323,92.932555,2016-07-17
14.5,112.2,220.9,0.416414,4833.0,22.2271,198.2587,0,spatial_background_sample,spatial_background_reference,Sikkim,27.864155,88.500417,2014-07-01
24.0,180.2,211.6,0.491695,228.0,4.2461,29.4078,0,spatial_background_sample,spatial_background_reference,Arunachal Pradesh,27.491978,96.178118,2016-07-17
2.7,24.4,126.8,0.432308,778.0,1.0192,90.0,0,spatial_background_sample,spatial_background_reference,Manipur,24.643619,93.963937,2008-07-01
13.7,53.3,129.4,0.425634,1816.0,26.865,163.2577,0,spatial_background_sample,spatial_background_reference,Arunachal Pradesh,27.567168,94.060132,2016-07-17
3.6,36.2,110.0,0.402542,885.0,25.4577,256.7312,1,GSI_field_inventory,observed_landslide,Mizoram,23.5,92.70111111,
10.0,40.0,50.8,0.395339,951.0,34.8234,41.9412,0,spatial_background_sample,spatial_background_reference,Manipur,25.279481,93.746155,2018-06-06
17.6,34.6,60.2,0.482278,87.0,3.5428,238.5106,0,spatial_background_sample,spatial_background_reference,Tripura,23.24582,91.680083,2009-07-10
61.9,120.9,163.8,0.376667,789.0,10.8378,141.4576,1,GSI_field_inventory,observed_landslide,Mizoram,23.65138889,92.72694444,
5.3,47.3,89.9,0.419635,326.0,29.6154,140.178,0,spatial_background_sample,spatial_background_reference,Arunachal Pradesh,27.33089,93.957684,2016-07-17
20.2,82.6,143.2,0.422341,4163.0,35.5323,43.5693,0,spatial_background_sample,spatial_background_reference,Sikkim,27.504498,88.750058,2014-06-24
5.9,26.9,65.4,0.422,807.0,27.6519,344.9074,1,GSI_field_inventory,observed_landslide,Mizoram,23.131999,92.744413,
7.6,9.3,30.2,0.286686,5813.0,5.5791,48.5376,0,spatial_background_sample,spatial_background_reference,Sikkim,27.925762,88.809322,2012-06-22
34.7,70.9,112.0,0.421065,1785.0,46.8249,204.4584,0,spatial_background_sample,spatial_background_reference,Arunachal Pradesh,28.428775,95.694894,2016-04-22
10.3,27.1,48.1,0.489958,83.0,5.7363,260.7266,1,GSI_field_inventory,observed_landslide,Assam,26.098167,91.881278,
49.4,108.6,154.4,0.376667,1065.0,42.0687,314.745,1,GSI_field_inventory,observed_landslide,Mizoram,23.74,92.715,
0.3,5.2,11.8,0.394626,55.0,2.9569,159.903,0,spatial_background_sample,spatial_background_reference,Tripura,24.35304,92.056684,2009-07-10
6.6,35.5,60.7,0.401781,647.0,16.2071,238.0564,1,GSI_field_inventory,observed_landslide,Mizoram,23.24231111,93.17726667,
49.4,126.3,165.8,0.376667,961.0,39.284,342.7099,1,GSI_field_inventory,observed_landslide,Mizoram,23.72276944,92.70665,
26.4,59.8,149.4,0.42478,3016.0,25.3762,224.2845,0,spatial_background_sample,spatial_background_reference,Arunachal Pradesh,28.499486,93.991711,2016-07-17
59.2,144.2,194.9,0.47531,594.0,14.8568,23.8902,0,spatial_background_sample,spatial_background_reference,Meghalaya,25.435521,90.374666,2025-05-30
31.2,94.3,112.9,0.462375,18.0,2.1094,208.599,0,spatial_background_sample,spatial_background_reference,Tripura,23.494023,91.414406,2018-05-18
1.5,11.3,28.0,0.397138,105.0,13.0904,97.9943,0,spatial_background_sample,spatial_background_reference,Tripura,24.097033,91.871751,2009-07-10
67.8,130.1,238.9,0.417479,874.0,39.6343,259.8808,0,spatial_background_sample,spatial_background_reference,Arunachal Pradesh,26.827835,95.206542,2016-04-22
12.9,51.3,97.3,0.424747,3764.0,56.2115,275.5883,0,spatial_background_sample,spatial_background_reference,Arunachal Pradesh,28.285383,96.72855,2016-07-16
34.9,155.3,230.1,0.415312,832.0,31.1743,222.6253,1,GSI_field_inventory,observed_landslide,Mizoram,24.66895556,93.33700556,
24.7,62.6,135.7,0.425082,2812.0,37.5012,294.9252,0,spatial_background_sample,spatial_background_reference,Arunachal Pradesh,27.99766,93.10269,2016-07-17
47.8,65.8,206.2,0.490743,68.0,2.2641,245.8594,0,spatial_background_sample,spatial_background_reference,Assam,26.318511,92.829398,2017-06-16
17.6,70.3,87.7,0.380412,253.0,5.0421,270.0,0,spatial_background_sample,spatial_background_reference,Tripura,23.603027,91.744768,2018-05-18
24.2,60.5,78.1,0.456738,32.0,2.0168,270.0,0,spatial_background_sample,spatial_background_reference,Tripura,23.316099,91.584066,2018-05-18
19.1,48.4,122.8,0.425137,2891.0,30.8112,277.7912,0,spatial_background_sample,spatial_background_reference,Arunachal Pradesh,28.873356,94.331706,2016-07-17
47.0,200.6,362.8,0.49368,59.0,2.9632,159.5752,0,spatial_background_sample,spatial_background_reference,Assam,26.475986,91.614318,2016-05-18
13.4,30.6,88.5,0.426196,3863.0,16.4299,311.1481,0,spatial_background_sample,spatial_background_reference,Arunachal Pradesh,29.092443,95.969813,2016-07-16
29.8,134.4,235.5,0.371354,734.0,40.7913,357.3674,1,GSI_field_inventory,observed_landslide,Mizoram,23.225227,92.912496,
0.0,11.1,192.3,0.429332,41.0,5.2355,259.8362,0,spatial_background_sample,spatial_background_reference,Assam,26.313256,91.077354,2016-05-22
0.7,22.3,26.3,0.419177,550.0,34.6675,252.6365,1,GSI_field_inventory,observed_landslide,Sikkim,27.2525,88.4606,
15.5,62.2,78.2,0.398804,195.0,4.0479,270.0,0,spatial_background_sample,spatial_background_reference,Tripura,23.941812,91.929591,2018-05-18
57.9,143.1,181.8,0.491836,139.0,16.7129,45.5669,0,spatial_background_sample,spatial_background_reference,Meghalaya,25.178267,90.887915,2007-07-19
31.1,65.1,80.1,0.450195,30.0,2.1084,208.5483,0,spatial_background_sample,spatial_background_reference,Tripura,23.214068,91.594693,2018-05-18
3.2,22.7,43.6,0.425595,5230.0,15.6431,323.9433,0,spatial_background_sample,spatial_background_reference,Sikkim,27.996255,88.546429,2021-08-27
16.9,67.8,84.8,0.385725,131.0,16.4237,151.3653,0,spatial_background_sample,spatial_background_reference,Tripura,23.688481,91.753572,2018-05-18
0.8,13.7,18.5,0.397177,6461.0,47.2158,201.9017,0,spatial_background_sample,spatial_background_reference,Sikkim,28.040998,88.552199,2024-08-21
9.6,30.5,46.9,0.488253,276.0,18.9231,250.7216,0,spatial_background_sample,spatial_background_reference,Meghalaya,25.919202,90.386395,2007-09-15
6.7,47.7,228.4,0.426399,4205.0,31.22,24.8983,0,spatial_background_sample,spatial_background_reference,Sikkim,27.483878,88.21267,2015-07-08
17.8,32.6,103.7,0.418164,320.0,20.417,197.1251,0,spatial_background_sample,spatial_background_reference,Arunachal Pradesh,27.73171,94.473901,2016-07-17
60.2,105.2,188.1,0.426546,2985.0,25.0246,290.2655,0,spatial_background_sample,spatial_background_reference,Sikkim,27.607507,88.430975,2022-10-10
59.1,147.6,231.1,0.427735,1720.0,33.7596,199.3625,0,spatial_background_sample,spatial_background_reference,Arunachal Pradesh,28.887419,94.921063,2016-07-17
3.1,40.7,77.5,0.264012,121.0,1.3901,131.7844,0,spatial_background_sample,spatial_background_reference,Assam,26.668976,90.237875,2022-05-14
22.1,52.4,137.4,0.423826,3082.0,55.4224,352.718,0,spatial_background_sample,spatial_background_reference,Arunachal Pradesh,28.443153,93.650779,2016-07-17
21.4,54.9,210.0,0.425634,2544.0,37.57,53.9463,0,spatial_background_sample,spatial_background_reference,Arunachal Pradesh,27.874801,93.175059,2016-07-17
25.7,96.6,134.3,0.406156,612.0,30.5428,68.2618,1,GSI_field_inventory,observed_landslide,Mizoram,23.71166667,92.87833333,
42.5,100.3,170.4,0.425921,3263.0,16.3955,311.2593,0,spatial_background_sample,spatial_background_reference,Arunachal Pradesh,28.685891,95.178227,2016-07-17
20.2,29.5,73.5,0.427909,4099.0,32.1498,119.2624,0,spatial_background_sample,spatial_background_reference,Sikkim,27.785013,88.767995,2012-06-22
43.7,84.0,106.9,0.430973,25.0,4.0225,90.0,0,spatial_background_sample,spatial_background_reference,Tripura,23.110339,91.532324,2018-05-18
3.5,15.1,30.6,0.362167,5058.0,15.0892,327.0991,0,spatial_background_sample,spatial_background_reference,Sikkim,27.961208,88.744284,2022-08-25
2.6,18.0,54.8,0.49475,1097.0,13.317,113.1559,1,GSI_field_inventory,observed_landslide,Mizoram,24.33331944,93.65702778,
49.0,68.7,97.5,0.396844,883.0,30.5845,315.407,1,GSI_field_inventory,observed_landslide,Mizoram,23.54027778,92.70138889,
13.6,128.4,143.4,0.450641,115.0,2.2801,113.9606,0,spatial_background_sample,spatial_background_reference,Assam,27.275698,95.247437,2018-06-14
49.0,147.7,251.5,0.370573,1126.0,15.9202,256.0429,1,GSI_field_inventory,observed_landslide,Mizoram,22.922528,92.752404,
14.5,112.2,220.9,0.427052,4416.0,8.6106,302.2704,0,spatial_background_sample,spatial_background_reference,Sikkim,27.867282,88.429905,2014-07-01
10.2,48.3,73.3,0.364116,71.0,2.0716,90.0,0,spatial_background_sample,spatial_background_reference,Assam,26.616998,89.95138,2022-05-14
13.6,81.0,106.0,0.404893,51.0,2.2285,114.5517,0,spatial_background_sample,spatial_background_reference,Tripura,23.987662,91.570319,2018-05-18
49.4,126.3,165.8,0.376667,949.0,11.8151,194.6907,1,GSI_field_inventory,observed_landslide,Mizoram,23.73333333,92.70527778,
15.6,83.0,106.3,0.395045,79.0,6.831,227.5535,0,spatial_background_sample,spatial_background_reference,Tripura,23.848859,91.583777,2018-05-18
0.0,17.0,156.0,0.494763,40.0,3.8411,15.5633,0,spatial_background_sample,spatial_background_reference,Assam,26.152992,91.365566,2016-05-22
40.5,151.6,229.9,0.42604,1462.0,25.7167,346.809,0,spatial_background_sample,spatial_background_reference,Arunachal Pradesh,28.026694,96.667593,2016-07-17
21.4,54.9,210.0,0.426171,2192.0,16.3484,352.8435,0,spatial_background_sample,spatial_background_reference,Arunachal Pradesh,27.756138,93.240454,2016-07-17
27.4,180.2,269.9,0.370698,817.0,28.4849,220.4706,1,GSI_field_inventory,observed_landslide,Mizoram,23.18077,92.735789,
0.6,5.1,44.6,0.382208,76.0,3.4556,36.5515,0,spatial_background_sample,spatial_background_reference,Assam,25.939611,92.854551,2010-04-02
18.9,68.0,89.6,0.475021,638.0,25.3764,158.4315,1,GSI_field_inventory,observed_landslide,Assam,25.1568056,93.019722,
17.8,32.6,103.7,0.419577,315.0,24.7144,219.3846,0,spatial_background_sample,spatial_background_reference,Arunachal Pradesh,27.639951,94.398573,2016-07-17
60.6,302.9,428.6,0.381104,749.0,9.1931,154.1855,1,GSI_field_inventory,observed_landslide,Mizoram,23.251004,92.63667,
15.9,87.0,113.5,0.398626,63.0,4.7826,39.3708,0,spatial_background_sample,spatial_background_reference,Tripura,23.933714,91.571068,2018-05-18
25.7,96.6,134.3,0.406156,826.0,34.519,39.0398,1,GSI_field_inventory,observed_landslide,Mizoram,23.72083333,92.86472222,
13.3,64.2,79.3,0.38874,247.0,18.0765,293.3483,0,spatial_background_sample,spatial_background_reference,Tripura,23.466562,91.801899,2018-05-18
113.5,210.5,266.2,0.501969,1519.0,23.8792,129.7843,1,GSI_field_inventory,observed_landslide,Meghalaya,25.300389,91.726722,
17.6,34.6,60.2,0.479246,92.0,19.6703,174.3498,0,spatial_background_sample,spatial_background_reference,Tripura,23.237521,91.755467,2009-07-10
11.7,109.1,245.9,0.429668,4179.0,2.2841,246.0839,0,spatial_background_sample,spatial_background_reference,Sikkim,27.507631,88.304147,2014-07-01
2.3,10.6,25.0,0.398341,67.0,3.4354,323.9064,0,spatial_background_sample,spatial_background_reference,Tripura,23.87318,91.595482,2009-07-10
54.9,118.1,157.5,0.379844,824.0,37.9106,322.662,1,GSI_field_inventory,observed_landslide,Mizoram,23.54305556,92.70055556,
3.8,13.5,41.4,0.424472,4454.0,30.7105,217.8686,0,spatial_background_sample,spatial_background_reference,Sikkim,27.513477,88.11847,2022-05-29
6.8,59.2,121.5,0.426662,4581.0,16.1952,289.5142,0,spatial_background_sample,spatial_background_reference,Arunachal Pradesh,27.625796,92.206577,2016-07-17
7.8,61.5,88.4,0.382542,1106.0,23.7403,82.0665,1,GSI_field_inventory,observed_landslide,Mizoram,23.10851389,93.20975,
54.9,118.1,157.5,0.379844,841.0,33.0589,319.8876,1,GSI_field_inventory,observed_landslide,Mizoram,23.53694444,92.6975,
29.1,31.6,99.2,0.492162,900.0,12.1853,85.7057,0,spatial_background_sample,spatial_background_reference,Meghalaya,25.698068,92.307156,2020-05-26
0.5,6.1,13.1,0.384027,69.0,3.1787,286.927,0,spatial_background_sample,spatial_background_reference,Tripura,24.074615,91.996281,2009-07-10
67.8,120.5,158.2,0.379417,924.0,29.0939,269.1666,1,GSI_field_inventory,observed_landslide,Mizoram,23.58555556,92.71583333,
7.6,20.7,39.8,0.472409,35.0,6.7598,162.731,0,spatial_background_sample,spatial_background_reference,Tripura,23.209277,91.363657,2009-07-10
28.1,57.0,80.6,0.425449,4441.0,6.8328,66.1191,0,spatial_background_sample,spatial_background_reference,Sikkim,27.689463,88.394441,2014-07-08
54.9,118.1,157.5,0.379844,917.0,34.6531,324.4701,1,GSI_field_inventory,observed_landslide,Mizoram,23.53611111,92.69777778,
11.0,28.3,88.0,0.425417,3958.0,20.2465,72.1295,0,spatial_background_sample,spatial_background_reference,Arunachal Pradesh,28.937869,94.372519,2016-07-16
42.9,153.1,255.1,0.380969,485.0,9.8157,152.7311,1,GSI_field_inventory,observed_landslide,Mizoram,23.223807,92.944448,
23.7,56.1,123.7,0.422379,4317.0,36.9474,142.6984,0,spatial_background_sample,spatial_background_reference,Sikkim,27.513586,88.198171,2021-06-18
14.2,32.7,110.7,0.42649,4030.0,27.0873,37.7782,0,spatial_background_sample,spatial_background_reference,Arunachal Pradesh,28.677076,93.813083,2016-07-16
2.8,19.7,56.5,0.402463,1366.0,26.7306,132.3956,0,spatial_background_sample,spatial_background_reference,Manipur,24.079065,93.691356,2008-06-19
9.1,99.4,124.5,0.444759,96.0,1.0346,90.0,0,spatial_background_sample,spatial_background_reference,Assam,26.443842,94.056554,2018-06-14
64.4,147.5,206.4,0.497563,955.0,20.0997,90.6336,1,GSI_field_inventory,observed_landslide,Nagaland,26.384347,94.443397,
0.2,10.3,26.1,0.406457,5010.0,8.2799,0.0,0,spatial_background_sample,spatial_background_reference,Sikkim,27.935937,88.335837,2022-08-25
21.4,105.1,226.3,0.427976,3459.0,70.9923,306.9823,0,spatial_background_sample,spatial_background_reference,Sikkim,27.6802,88.420184,2014-08-26
10.0,43.3,114.9,0.49621,117.0,1.3882,228.1447,0,spatial_background_sample,spatial_background_reference,Assam,26.383281,93.880046,2019-07-16
13.5,66.2,126.4,0.423318,1502.0,37.0755,226.7825,0,spatial_background_sample,spatial_background_reference,Arunachal Pradesh,28.247644,94.557424,2016-07-16
33.8,67.0,89.7,0.438436,56.0,15.4098,72.9432,0,spatial_background_sample,spatial_background_reference,Tripura,23.008444,91.612893,2018-05-18
5.9,10.5,51.8,0.42197,4840.0,9.0958,113.8279,0,spatial_background_sample,spatial_background_reference,Sikkim,27.96069,88.592086,2022-10-10
32.9,61.6,122.6,0.426921,4322.0,25.1725,279.9056,0,spatial_background_sample,spatial_background_reference,Arunachal Pradesh,29.174333,95.765511,2016-07-17
34.1,86.4,149.5,0.38428,121.0,4.7363,12.6274,0,spatial_background_sample,spatial_background_reference,Assam,26.780142,90.920866,2017-06-16
21.3,91.6,133.6,0.422638,1466.0,19.1893,338.3123,0,spatial_background_sample,spatial_background_reference,Arunachal Pradesh,28.350528,94.796063,2016-07-16
6.3,23.6,43.5,0.486311,1597.0,34.6984,296.341,0,spatial_background_sample,spatial_background_reference,Manipur,24.207842,93.749582,2007-08-24
11.7,71.6,149.7,0.478661,56.0,3.7006,0.0,0,spatial_background_sample,spatial_background_reference,Assam,26.55024,90.125899,2020-06-02
11.3,46.0,140.6,0.488177,356.0,12.4727,208.6919,0,spatial_background_sample,spatial_background_reference,Manipur,23.995882,94.174046,2024-07-29
20.2,29.5,73.5,0.428046,4636.0,4.8482,319.6888,0,spatial_background_sample,spatial_background_reference,Sikkim,27.868964,88.824898,2012-06-22
12.1,18.7,268.9,0.4776,133.0,0.9264,180.0,0,spatial_background_sample,spatial_background_reference,Assam,27.912771,95.60413,2016-05-22
33.0,218.5,308.4,0.345001,732.0,30.4159,228.6215,0,spatial_background_sample,spatial_background_reference,Mizoram,23.413812,92.431245,2025-05-31
25.3,27.8,99.2,0.405,194.0,18.1408,90.0,1,GSI_field_inventory,observed_landslide,Mizoram,23.93027778,92.6525,
4.2,29.4,77.4,0.480786,57.0,3.1017,90.0,0,spatial_background_sample,spatial_background_reference,Assam,26.465959,92.212563,2020-06-02
9.4,67.0,87.1,0.398626,45.0,1.3729,47.5688,0,spatial_background_sample,spatial_background_reference,Tripura,23.918441,91.614265,2018-05-18
4.3,6.0,85.8,0.408707,174.0,15.6181,253.1892,0,spatial_background_sample,spatial_background_reference,Manipur,24.991289,93.359359,2011-07-06
16.1,23.5,92.7,0.381817,4873.0,43.1909,121.1133,0,spatial_background_sample,spatial_background_reference,Sikkim,27.722229,88.414258,2012-06-22
9.8,45.4,64.1,0.483415,216.0,2.9608,159.697,0,spatial_background_sample,spatial_background_reference,Nagaland,25.714115,93.634029,2025-07-29
81.2,149.3,229.9,0.496917,1302.0,14.9918,333.0764,1,GSI_field_inventory,observed_landslide,Meghalaya,25.69517778,91.64123611,
149.6,228.1,280.1,0.498198,418.0,15.0778,347.5327,1,GSI_field_inventory,observed_landslide,Meghalaya,25.23211111,91.37252778,
0.3,6.9,115.8,0.298613,124.0,2.1225,209.2399,0,spatial_background_sample,spatial_background_reference,Assam,26.723903,90.56837,2016-05-22
28.2,100.1,224.5,0.494135,108.0,4.548,66.0114,0,spatial_background_sample,spatial_background_reference,Assam,27.12927,94.987055,2017-07-04
0.2,10.3,26.1,0.398159,5215.0,15.659,348.7016,0,spatial_background_sample,spatial_background_reference,Sikkim,27.960032,88.386687,2022-08-25
1.5,11.3,28.0,0.403719,92.0,19.2318,310.4586,0,spatial_background_sample,spatial_background_reference,Tripura,23.971229,91.741214,2009-07-10
6.8,61.0,84.1,0.411153,76.0,7.129,262.5718,0,spatial_background_sample,spatial_background_reference,Tripura,24.126979,91.785558,2018-05-18
6.9,39.5,68.3,0.34475,6220.0,44.6845,355.7652,0,spatial_background_sample,spatial_background_reference,Sikkim,27.676749,88.166287,2012-06-26
0.2,0.3,0.6,0.325906,6407.0,42.465,233.0798,0,spatial_background_sample,spatial_background_reference,Sikkim,27.875313,88.156657,2024-08-21
0.3,7.4,17.0,0.421682,4386.0,5.229,270.0,0,spatial_background_sample,spatial_background_reference,Sikkim,27.942342,88.502738,2022-08-25
11.0,51.0,70.8,0.374674,122.0,3.5475,121.4421,0,spatial_background_sample,spatial_background_reference,Tripura,23.491586,91.922341,2018-05-18
43.7,84.0,106.9,0.430973,29.0,2.7772,180.0,0,spatial_background_sample,spatial_background_reference,Tripura,23.059945,91.549989,2018-05-18
25.6,58.4,98.9,0.419743,1215.0,41.4118,296.1036,0,spatial_background_sample,spatial_background_reference,Arunachal Pradesh,28.613583,95.265186,2016-04-22
17.6,34.6,60.2,0.399235,92.0,0.9264,180.0,0,spatial_background_sample,spatial_background_reference,Tripura,23.335345,91.803272,2009-07-10
8.8,13.0,29.8,0.424061,4497.0,12.2247,111.9106,0,spatial_background_sample,spatial_background_reference,Sikkim,27.765097,88.842398,2022-06-15
37.3,62.3,96.1,0.424719,728.0,31.9115,173.8873,1,GSI_field_inventory,observed_landslide,Mizoram,23.73027778,92.76861111,
44.4,108.7,225.9,0.500344,1082.0,13.5209,225.0209,1,GSI_field_inventory,observed_landslide,Meghalaya,25.29739,91.46201,
20.3,109.3,173.2,0.488807,66.0,2.2581,114.2085,0,spatial_background_sample,spatial_background_reference,Meghalaya,25.947942,90.694925,2007-09-08
0.5,0.5,0.5,0.304905,5742.0,6.9568,311.4972,0,spatial_background_sample,spatial_background_reference,Sikkim,27.792964,88.249396,2022-06-15
2.8,45.4,68.6,0.48997,777.0,2.2364,114.46,0,spatial_background_sample,spatial_background_reference,Manipur,24.52704,93.985677,2007-08-28
1.7,4.8,18.1,0.327726,5568.0,12.9744,140.5333,0,spatial_background_sample,spatial_background_reference,Sikkim,27.957125,88.231709,2025-09-11
8.5,188.2,282.1,0.47424,116.0,16.4574,97.0824,1,GSI_field_inventory,observed_landslide,Assam,26.19113889,91.82961111,
33.2,146.8,182.9,0.488183,60.0,2.7687,228.0324,0,spatial_background_sample,spatial_background_reference,Meghalaya,25.923063,90.399766,2025-05-30
3.5,9.5,17.9,0.391229,5079.0,3.141,270.0,0,spatial_background_sample,spatial_background_reference,Sikkim,27.872797,88.854303,2015-07-08
75.0,138.7,180.9,0.294967,122.0,8.1549,312.6117,0,spatial_background_sample,spatial_background_reference,Mizoram,23.084939,92.429614,2024-05-28
22.5,86.2,122.9,0.418472,1798.0,39.2164,69.105,0,spatial_background_sample,spatial_background_reference,Arunachal Pradesh,27.028302,92.197659,2016-04-22
4.8,15.9,31.7,0.482661,39.0,4.7723,140.7803,0,spatial_background_sample,spatial_background_reference,Tripura,23.227687,91.604898,2009-07-10
15.7,61.0,75.3,0.372086,179.0,17.2666,38.7099,0,spatial_background_sample,spatial_background_reference,Tripura,23.79069,91.951017,2018-05-18
31.0,65.7,102.8,0.423567,3984.0,24.6952,317.5973,0,spatial_background_sample,spatial_background_reference,Arunachal Pradesh,27.568711,92.385626,2016-04-22
40.2,202.8,296.9,0.488177,1138.0,15.19,77.0805,1,GSI_field_inventory,observed_landslide,Meghalaya,25.54261,92.10867,
14.0,62.7,67.1,0.362811,96.0,2.1255,29.3862,0,spatial_background_sample,spatial_background_reference,Assam,27.394669,94.32888,2018-06-14
25.9,49.0,129.6,0.426391,4016.0,17.4448,81.1198,0,spatial_background_sample,spatial_background_reference,Sikkim,27.702754,88.44564,2012-06-22
33.9,86.2,104.5,0.46986,64.0,17.7737,290.6766,0,spatial_background_sample,spatial_background_reference,Tripura,23.57334,91.517022,2018-05-18
3.6,7.7,26.1,0.427058,4386.0,41.496,219.8506,0,spatial_background_sample,spatial_background_reference,Sikkim,27.834319,88.454933,2025-09-11
19.3,39.1,68.4,0.476865,40.0,5.8916,340.0791,0,spatial_background_sample,spatial_background_reference,Tripura,23.106937,91.654115,2009-07-10
9.6,54.2,123.6,0.426749,3403.0,61.6383,67.9545,0,spatial_background_sample,spatial_background_reference,Arunachal Pradesh,27.718708,91.749982,2016-07-17
6.7,66.4,92.7,0.426347,4676.0,27.0209,23.1506,0,spatial_background_sample,spatial_background_reference,Sikkim,27.487749,88.093058,2014-07-01
34.7,150.0,185.6,0.398643,180.0,18.4568,75.9815,0,spatial_background_sample,spatial_background_reference,Meghalaya,25.997053,90.381968,2025-05-30
44.8,115.2,284.7,0.427753,1443.0,29.2154,293.8782,0,spatial_background_sample,spatial_background_reference,Arunachal Pradesh,27.702959,93.104487,2016-07-17
24.4,82.8,97.7,0.465888,53.0,10.033,275.2438,0,spatial_background_sample,spatial_background_reference,Tripura,23.395814,91.364458,2018-05-18
9.9,64.6,84.0,0.404893,33.0,1.3732,47.5821,0,spatial_background_sample,spatial_background_reference,Tripura,23.978459,91.620098,2018-05-18
67.8,120.5,158.2,0.379417,918.0,10.5454,180.0,1,GSI_field_inventory,observed_landslide,Mizoram,23.58027778,92.715,
30.8,97.0,114.1,0.46986,81.0,4.7783,320.6918,0,spatial_background_sample,spatial_background_reference,Tripura,23.644314,91.457158,2018-05-18
26.9,65.8,86.8,0.442007,34.0,4.1255,257.0453,0,spatial_background_sample,spatial_background_reference,Tripura,23.053027,91.677461,2018-05-18
22.8,75.5,95.6,0.410626,113.0,10.0399,84.7598,0,spatial_background_sample,spatial_background_reference,Tripura,23.4885,91.605427,2018-05-18
50.3,103.7,135.9,0.378135,927.0,22.4575,328.4073,1,GSI_field_inventory,observed_landslide,Mizoram,23.68638889,92.85833333,
49.4,126.3,165.8,0.376667,948.0,27.7806,307.9201,1,GSI_field_inventory,observed_landslide,Mizoram,23.74116667,92.69455556,
6.5,35.8,100.6,0.424621,1295.0,26.452,54.1979,0,spatial_background_sample,spatial_background_reference,Arunachal Pradesh,28.168573,94.085496,2016-07-16
57.5,59.2,81.7,0.40722,244.0,6.4577,0.0,0,spatial_background_sample,spatial_background_reference,Manipur,24.970312,93.351562,2024-07-29
54.1,313.9,433.5,0.379885,579.0,16.3399,286.0261,1,GSI_field_inventory,observed_landslide,Mizoram,23.195616,92.546251,
67.8,120.5,158.2,0.379417,925.0,21.132,185.9028,1,GSI_field_inventory,observed_landslide,Mizoram,23.60666667,92.72305556,
51.8,151.3,367.0,0.428327,1802.0,32.7643,201.6254,0,spatial_background_sample,spatial_background_reference,Arunachal Pradesh,27.592485,92.671646,2016-07-17
14.7,45.4,127.9,0.40778,142.0,22.1916,162.0516,0,spatial_background_sample,spatial_background_reference,Meghalaya,25.787058,90.082493,2007-08-18
34.9,148.1,271.3,0.48286,64.0,2.9633,159.569,0,spatial_background_sample,spatial_background_reference,Assam,26.514033,92.136703,2016-05-17
17.6,34.6,60.2,0.481198,109.0,2.7372,47.4353,0,spatial_background_sample,spatial_background_reference,Tripura,23.30539,91.732034,2009-07-10
69.2,145.2,167.8,0.469141,58.0,2.121,150.8324,0,spatial_background_sample,spatial_background_reference,Assam,26.384395,92.211531,2022-05-14
60.6,302.9,428.6,0.380031,793.0,22.0815,20.3288,1,GSI_field_inventory,observed_landslide,Mizoram,23.2388,92.636923,
2.5,16.9,35.6,0.39474,5200.0,9.0054,324.7093,0,spatial_background_sample,spatial_background_reference,Sikkim,27.990895,88.737888,2012-07-17
30.4,105.4,212.8,0.490103,301.0,17.0136,273.0291,0,spatial_background_sample,spatial_background_reference,Meghalaya,25.894929,90.918224,2024-06-30
5.0,14.9,34.7,0.399095,71.0,10.6283,290.1613,0,spatial_background_sample,spatial_background_reference,Tripura,23.378145,91.718859,2009-07-10
26.8,46.6,116.5,0.489679,70.0,5.0598,155.9403,0,spatial_background_sample,spatial_background_reference,Assam,26.375473,92.78308,2018-08-24
34.5,67.2,85.8,0.450195,53.0,4.7715,140.7916,0,spatial_background_sample,spatial_background_reference,Tripura,23.173818,91.628224,2018-05-18
16.4,32.2,37.2,0.410685,4905.0,7.6771,212.8943,0,spatial_background_sample,spatial_background_reference,Sikkim,27.934103,88.421928,2023-10-04
49.4,126.3,165.8,0.376667,630.0,22.4938,9.2163,1,GSI_field_inventory,observed_landslide,Mizoram,23.74972222,92.69833333,
24.6,55.3,135.2,0.425935,3306.0,28.0648,13.9544,0,spatial_background_sample,spatial_background_reference,Arunachal Pradesh,28.316446,93.347602,2016-07-17
43.7,84.0,106.9,0.430973,55.0,13.0729,245.304,0,spatial_background_sample,spatial_background_reference,Tripura,23.113757,91.545309,2018-05-18
15.8,89.9,182.0,0.427223,2785.0,41.6536,178.8251,0,spatial_background_sample,spatial_background_reference,Arunachal Pradesh,27.556596,91.628358,2016-07-17
8.0,44.5,58.0,0.41317,829.0,41.6774,160.8151,0,spatial_background_sample,spatial_background_reference,Arunachal Pradesh,27.831625,94.426032,2016-04-22
30.6,105.4,156.6,0.390305,4853.0,19.9692,40.8434,0,spatial_background_sample,spatial_background_reference,Sikkim,27.802168,88.451836,2014-06-24
2.4,5.4,28.9,0.384083,119.0,7.1625,59.0232,0,spatial_background_sample,spatial_background_reference,Meghalaya,25.780732,90.191031,2009-07-17
13.6,16.5,45.7,0.32324,5535.0,8.9615,44.1304,0,spatial_background_sample,spatial_background_reference,Sikkim,27.924717,88.184116,2012-06-22
86.8,122.3,132.6,0.36651,524.0,10.7145,290.0116,1,GSI_field_inventory,observed_landslide,Mizoram,24.4259,93.13580556,
95.8,133.2,265.7,0.494469,1354.0,19.0096,330.373,1,GSI_field_inventory,observed_landslide,Meghalaya,25.45075,92.19452778,
7.6,9.3,30.2,0.410327,5059.0,9.105,113.8019,0,spatial_background_sample,spatial_background_reference,Sikkim,28.093012,88.630387,2012-06-22
0.2,7.9,212.5,0.480271,32.0,2.2625,114.1594,0,spatial_background_sample,spatial_background_reference,Assam,26.216341,90.831231,2016-05-22
19.3,29.4,65.7,0.414744,50.0,4.0979,47.3839,0,spatial_background_sample,spatial_background_reference,Mizoram,23.064196,92.390507,2024-08-13
61.9,120.9,163.8,0.376667,829.0,36.4701,70.8219,1,GSI_field_inventory,observed_landslide,Mizoram,23.66666667,92.72388889,
54.9,118.1,157.5,0.379844,857.0,37.812,329.9624,1,GSI_field_inventory,observed_landslide,Mizoram,23.53666667,92.6975,
17.1,38.0,107.1,0.424592,458.0,39.5176,1.2722,0,spatial_background_sample,spatial_background_reference,Arunachal Pradesh,28.002749,93.792426,2016-07-17
2.2,7.5,162.4,0.485583,1558.0,19.7447,50.8466,1,GSI_field_inventory,observed_landslide,Nagaland,25.648759,94.10616,
2.8,5.1,9.9,0.420015,4958.0,14.4981,262.8156,0,spatial_background_sample,spatial_background_reference,Sikkim,28.069767,88.623627,2014-07-08
68.5,230.8,279.9,0.494124,300.0,6.7711,162.4226,0,spatial_background_sample,spatial_background_reference,Meghalaya,25.588374,90.560418,2025-05-30
31.2,94.3,112.9,0.462375,40.0,3.7006,0.0,0,spatial_background_sample,spatial_background_reference,Tripura,23.536166,91.375584,2018-05-18
3.6,7.8,23.6,0.336506,5859.0,21.4021,335.1784,0,spatial_background_sample,spatial_background_reference,Sikkim,27.812871,88.302325,2021-06-18
49.4,108.6,154.4,0.376667,880.0,38.3848,71.5339,1,GSI_field_inventory,observed_landslide,Mizoram,23.70416667,92.72,
10.4,60.5,81.2,0.387522,113.0,3.8354,195.2566,0,spatial_background_sample,spatial_background_reference,Tripura,23.570249,91.795389,2018-05-18
13.5,92.5,122.0,0.489324,516.0,13.4753,101.6796,0,spatial_background_sample,spatial_background_reference,Assam,26.39101,92.998218,2018-06-14
17.1,38.0,107.1,0.424592,1435.0,18.1607,170.3614,0,spatial_background_sample,spatial_background_reference,Arunachal Pradesh,27.964631,93.798341,2016-07-17
8.6,60.8,75.4,0.408757,70.0,2.7772,0.0,0,spatial_background_sample,spatial_background_reference,Tripura,23.980134,91.71004,2018-05-18
6.5,55.1,99.4,0.42425,270.0,25.761,89.039,1,GSI_field_inventory,observed_landslide,Arunachal Pradesh,27.246131,93.804711,
4.7,8.9,40.0,0.420751,4776.0,49.4622,47.3436,0,spatial_background_sample,spatial_background_reference,Sikkim,27.900743,88.581906,2024-07-21
49.4,126.3,165.8,0.376667,902.0,24.9661,178.3679,1,GSI_field_inventory,observed_landslide,Mizoram,23.71581111,92.70935,
11.2,213.6,252.7,0.493594,651.0,23.2031,63.0861,0,spatial_background_sample,spatial_background_reference,Arunachal Pradesh,27.332257,96.326653,2016-07-17
7.0,40.5,168.1,0.48899,111.0,10.4295,210.9663,1,GSI_field_inventory,observed_landslide,Assam,26.18866667,91.76694444,
1.4,14.4,27.0,0.40685,5033.0,16.2299,109.4684,0,spatial_background_sample,spatial_background_reference,Sikkim,27.9026,88.459377,2024-08-21
17.1,41.0,72.6,0.47807,71.0,7.5889,31.837,0,spatial_background_sample,spatial_background_reference,Tripura,23.031358,91.590757,2009-07-10
54.9,118.1,157.5,0.379844,848.0,30.2823,266.026,1,GSI_field_inventory,observed_landslide,Mizoram,23.50527778,92.6975,
10.1,42.6,50.0,0.410759,5048.0,54.2245,126.4571,0,spatial_background_sample,spatial_background_reference,Sikkim,27.912125,88.340095,2014-07-01
1.5,9.7,54.4,0.40074,1012.0,27.4351,300.4455,1,GSI_field_inventory,observed_landslide,Mizoram,24.03503889,93.54139444,
32.9,61.6,122.6,0.428173,4190.0,54.7782,209.8206,0,spatial_background_sample,spatial_background_reference,Arunachal Pradesh,29.270598,95.856937,2016-07-17
2.7,12.2,20.0,0.392527,111.0,8.1706,322.0297,0,spatial_background_sample,spatial_background_reference,Tripura,23.762868,91.77302,2009-07-10
31.2,63.2,158.8,0.425751,1798.0,18.8259,216.2671,0,spatial_background_sample,spatial_background_reference,Arunachal Pradesh,28.124531,93.22693,2016-07-17
13.3,32.2,51.8,0.406973,3559.0,5.5945,109.2778,0,spatial_background_sample,spatial_background_reference,Arunachal Pradesh,29.025647,96.047474,2016-04-22
12.5,97.8,150.2,0.301507,354.0,12.5739,102.5611,0,spatial_background_sample,spatial_background_reference,Arunachal Pradesh,26.968437,92.424182,2016-07-17
17.5,68.5,85.3,0.372754,43.0,8.3805,151.411,0,spatial_background_sample,spatial_background_reference,Tripura,23.43908,91.733645,2018-05-18
44.9,233.9,307.6,0.489679,71.0,2.1224,150.7647,0,spatial_background_sample,spatial_background_reference,Assam,26.702414,93.238599,2016-05-17
22.9,54.1,75.1,0.419958,1381.0,27.4353,234.769,1,GSI_field_inventory,observed_landslide,Mizoram,23.62418333,93.14208611,
168.5,229.5,325.6,0.367979,682.0,25.3917,202.9548,1,GSI_field_inventory,observed_landslide,Mizoram,23.339144,92.786128,
106.5,163.2,180.2,0.49308,911.0,6.882,323.4975,0,spatial_background_sample,spatial_background_reference,Meghalaya,25.727697,92.409609,2025-05-30
1.5,11.3,28.0,0.400847,69.0,8.1749,218.009,0,spatial_background_sample,spatial_background_reference,Tripura,23.943155,91.834253,2009-07-10
51.8,151.3,367.0,0.428201,2370.0,22.517,159.4062,0,spatial_background_sample,spatial_background_reference,Arunachal Pradesh,27.487602,92.675546,2016-07-17
60.2,105.2,188.1,0.426546,3403.0,57.3812,303.9737,0,spatial_background_sample,spatial_background_reference,Sikkim,27.627966,88.372727,2022-10-10
39.3,75.7,279.8,0.495731,70.0,2.7769,228.1852,0,spatial_background_sample,spatial_background_reference,Assam,26.547049,92.899965,2024-07-05
5.8,9.4,26.8,0.42344,4581.0,19.3657,222.6028,0,spatial_background_sample,spatial_background_reference,Sikkim,27.932358,88.621828,2025-07-19
13.6,16.5,45.7,0.33378,5708.0,8.3306,270.0,0,spatial_background_sample,spatial_background_reference,Sikkim,27.944584,88.149982,2012-06-22
34.7,80.2,97.7,0.490743,134.0,16.9696,212.0246,0,spatial_background_sample,spatial_background_reference,Meghalaya,25.930108,90.685789,2009-07-01
15.2,76.6,98.8,0.443469,36.0,6.535,8.8623,0,spatial_background_sample,spatial_background_reference,Tripura,23.621852,91.244981,2018-05-18
67.8,120.5,158.2,0.379417,919.0,23.098,280.3865,1,GSI_field_inventory,observed_landslide,Mizoram,23.58638889,92.71583333,
18.0,66.3,87.0,0.39574,62.0,4.1528,102.8677,0,spatial_background_sample,spatial_background_reference,Tripura,23.971123,92.001885,2018-05-18
21.9,47.3,79.4,0.491104,50.0,5.2198,100.1949,0,spatial_background_sample,spatial_background_reference,Meghalaya,25.949455,90.412552,2007-07-19
10.4,60.5,81.2,0.387522,110.0,4.2137,151.3863,0,spatial_background_sample,spatial_background_reference,Tripura,23.574185,91.773107,2018-05-18
7.6,9.3,30.2,0.358443,5219.0,5.5473,250.5507,0,spatial_background_sample,spatial_background_reference,Sikkim,28.016823,88.703503,2012-06-22
11.7,89.2,137.0,0.475781,93.0,2.1186,209.0518,0,spatial_background_sample,spatial_background_reference,Assam,25.828337,92.881845,2016-05-17
27.2,56.2,138.4,0.426091,2158.0,27.5628,219.2435,0,spatial_background_sample,spatial_background_reference,Arunachal Pradesh,28.183408,93.387905,2016-07-17
0.0,2.7,66.5,0.374905,77.0,2.1201,330.8741,0,spatial_background_sample,spatial_background_reference,Assam,26.185619,92.956497,2011-03-23
37.5,70.1,197.8,0.428479,3258.0,20.1661,345.608,0,spatial_background_sample,spatial_background_reference,Sikkim,27.664758,88.299831,2012-06-22
11.0,17.0,97.8,0.487443,101.0,3.6184,239.2428,0,spatial_background_sample,spatial_background_reference,Assam,26.790592,94.460416,2016-07-14
10.1,14.6,43.7,0.404857,4347.0,29.6636,317.5736,0,spatial_background_sample,spatial_background_reference,Sikkim,27.90587,88.541052,2012-06-22
2.0,3.0,5.3,0.318149,5491.0,37.378,300.5294,0,spatial_background_sample,spatial_background_reference,Sikkim,27.797196,88.316297,2022-06-15
13.8,78.6,135.9,0.425656,230.0,20.4266,358.6298,1,GSI_field_inventory,observed_landslide,Mizoram,24.65018056,93.20256667,
5.1,37.8,78.7,0.452801,772.0,3.189,253.1291,0,spatial_background_sample,spatial_background_reference,Manipur,24.521692,94.020178,2008-06-19
24.4,91.0,102.8,0.465482,30.0,2.2204,114.6473,0,spatial_background_sample,spatial_background_reference,Tripura,23.412338,91.308664,2018-05-18
11.5,72.9,87.6,0.373634,37.0,7.6096,212.09,0,spatial_background_sample,spatial_background_reference,Tripura,24.315751,92.172293,2018-05-18
25.9,80.3,105.2,0.380412,64.0,7.9567,337.7433,0,spatial_background_sample,spatial_background_reference,Tripura,23.606711,91.655731,2018-05-18
49.4,108.6,154.4,0.377302,256.0,14.9932,243.0433,1,GSI_field_inventory,observed_landslide,Mizoram,23.73277778,92.79722222,
11.3,67.1,77.7,0.389427,29.0,8.0843,270.0,0,spatial_background_sample,spatial_background_reference,Tripura,24.397615,92.178347,2018-05-18
6.0,23.9,67.0,0.403391,4523.0,35.6189,240.229,0,spatial_background_sample,spatial_background_reference,Sikkim,27.865014,88.594366,2015-07-08
0.0,0.0,3.4,0.38081,4797.0,14.5328,20.6687,0,spatial_background_sample,spatial_background_reference,Sikkim,27.920016,88.550415,2022-11-20
1.7,3.1,13.6,0.333107,5444.0,4.8487,220.3187,0,spatial_background_sample,spatial_background_reference,Sikkim,27.897658,88.209868,2025-07-19
9.3,60.4,69.9,0.412182,41.0,1.3882,228.1443,0,spatial_background_sample,spatial_background_reference,Assam,26.381555,90.143556,2017-06-13
13.0,53.7,109.4,0.423833,4058.0,15.7749,129.0219,0,spatial_background_sample,spatial_background_reference,Arunachal Pradesh,27.860173,92.809696,2016-07-17
5.7,36.5,100.3,0.424043,1902.0,29.139,150.4745,0,spatial_background_sample,spatial_background_reference,Arunachal Pradesh,28.014506,93.934991,2016-07-16
62.0,119.9,210.1,0.437429,1020.0,20.1289,311.4333,0,spatial_background_sample,spatial_background_reference,Arunachal Pradesh,28.035922,96.191623,2016-07-17
85.5,142.7,205.6,0.377844,928.0,26.7925,84.4813,1,GSI_field_inventory,observed_landslide,Mizoram,23.382772,92.845187,
5.0,14.9,34.7,0.400799,75.0,2.9544,199.9612,0,spatial_background_sample,spatial_background_reference,Tripura,23.399477,91.768234,2009-07-10
5.6,23.1,32.6,0.406321,4838.0,19.3584,321.4794,0,spatial_background_sample,spatial_background_reference,Sikkim,27.530867,88.348811,2013-08-28
54.1,313.9,433.5,0.379885,689.0,26.5975,146.3557,1,GSI_field_inventory,observed_landslide,Mizoram,23.21035,92.539589,
14.1,33.5,119.1,0.494624,159.0,6.7775,197.7501,0,spatial_background_sample,spatial_background_reference,Nagaland,26.802286,94.857047,2013-07-03
20.9,36.4,110.4,0.491101,166.0,23.462,92.1351,0,spatial_background_sample,spatial_background_reference,Nagaland,26.524482,94.260421,2025-07-07
2.2,17.9,81.3,0.4186,378.0,22.6214,219.0968,0,spatial_background_sample,spatial_background_reference,Mizoram,22.634241,93.106802,2024-10-07
5.7,24.5,112.8,0.491365,44.0,2.0654,270.0,0,spatial_background_sample,spatial_background_reference,Assam,26.268733,91.311884,2020-06-02
27.3,149.8,218.2,0.45244,106.0,1.8523,180.0,0,spatial_background_sample,spatial_background_reference,Assam,26.592765,94.22407,2025-05-31
48.6,119.1,145.6,0.419868,140.0,9.2181,333.7289,0,spatial_background_sample,spatial_background_reference,Meghalaya,25.788006,90.224531,2009-07-01
19.6,90.8,113.8,0.470025,41.0,5.3691,249.8735,0,spatial_background_sample,spatial_background_reference,Tripura,23.625784,91.367313,2018-05-18
20.7,67.9,240.7,0.495323,175.0,17.355,328.7227,1,GSI_field_inventory,observed_landslide,Assam,26.11464,91.83886,
34.2,90.3,177.7,0.342577,833.0,32.6992,280.155,0,spatial_background_sample,spatial_background_reference,Mizoram,22.900748,93.117083,2025-06-01
63.0,125.0,192.6,0.367688,45.0,2.0678,270.0,0,spatial_background_sample,spatial_background_reference,Assam,26.405613,90.022691,2016-05-17
0.0,0.1,3.6,0.417153,3196.0,7.3345,277.2168,0,spatial_background_sample,spatial_background_reference,Sikkim,27.577102,88.30488,2022-11-20
21.7,73.4,91.9,0.460378,63.0,5.0374,90.0,0,spatial_background_sample,spatial_background_reference,Tripura,23.478935,91.519826,2018-05-18
62.0,119.9,210.1,0.437085,318.0,3.6475,120.4841,0,spatial_background_sample,spatial_background_reference,Arunachal Pradesh,27.992951,96.151084,2016-07-17
25.7,96.6,134.3,0.406156,840.0,34.9951,211.1802,1,GSI_field_inventory,observed_landslide,Mizoram,23.71388889,92.85722222,
38.1,103.4,176.2,0.48878,416.0,17.1063,356.6132,0,spatial_background_sample,spatial_background_reference,Arunachal Pradesh,27.20891,95.561495,2016-04-22
5.0,14.9,34.7,0.402095,374.0,14.0298,25.0508,0,spatial_background_sample,spatial_background_reference,Tripura,23.515513,91.769387,2009-07-10
16.3,38.1,66.3,0.386536,41.0,1.0347,270.0,0,spatial_background_sample,spatial_background_reference,Assam,26.45173,91.138441,2016-08-31
30.0,63.8,102.3,0.409606,93.0,9.5567,140.2042,0,spatial_background_sample,spatial_background_reference,Meghalaya,25.800801,90.031841,2007-07-19
14.6,49.1,102.6,0.416076,4082.0,18.9168,64.872,0,spatial_background_sample,spatial_background_reference,Sikkim,27.631728,88.356458,2013-08-28
2.7,12.2,20.0,0.392527,103.0,4.7309,12.333,0,spatial_background_sample,spatial_background_reference,Tripura,23.829992,91.822379,2009-07-10
15.3,79.6,203.3,0.369021,521.0,29.182,22.1027,0,spatial_background_sample,spatial_background_reference,Mizoram,22.573661,93.111608,2025-06-02
3.8,35.0,62.9,0.413312,916.0,22.8621,65.6241,1,GSI_field_inventory,observed_landslide,Mizoram,23.54286944,93.08539722,
14.6,49.1,102.6,0.427856,4094.0,18.344,347.2484,0,spatial_background_sample,spatial_background_reference,Sikkim,27.900505,88.547349,2013-08-28
10.1,20.6,41.3,0.41881,3368.0,38.5664,292.6632,0,spatial_background_sample,spatial_background_reference,Arunachal Pradesh,28.470345,93.990635,2016-04-22
18.4,46.7,106.5,0.423122,4088.0,54.562,224.4835,0,spatial_background_sample,spatial_background_reference,Sikkim,27.524562,88.754802,2022-10-10
12.4,70.9,150.3,0.437662,106.0,0.9264,0.0,0,spatial_background_sample,spatial_background_reference,Assam,27.548147,94.844912,2014-05-10
4.3,58.3,114.1,0.419561,93.0,11.5585,44.6377,0,spatial_background_sample,spatial_background_reference,Meghalaya,25.815355,90.176412,2025-06-25
4.8,15.9,31.7,0.488574,56.0,11.025,354.8142,0,spatial_background_sample,spatial_background_reference,Tripura,23.335475,91.376848,2009-07-10
15.0,29.0,106.3,0.422789,1380.0,5.0221,236.4952,0,spatial_background_sample,spatial_background_reference,Arunachal Pradesh,28.033479,93.9931,2016-07-17
40.0,114.6,145.8,0.411195,132.0,5.1314,90.0,0,spatial_background_sample,spatial_background_reference,Meghalaya,25.799962,90.148416,2025-05-30
10.2,14.9,29.6,0.425955,5029.0,37.436,225.8126,0,spatial_background_sample,spatial_background_reference,Sikkim,27.912619,88.688372,2022-06-15
9.6,30.5,46.9,0.418311,175.0,15.6491,168.8941,0,spatial_background_sample,spatial_background_reference,Meghalaya,25.974468,90.438256,2007-09-15
54.1,313.9,433.5,0.379885,580.0,32.3246,22.9331,1,GSI_field_inventory,observed_landslide,Mizoram,23.19796,92.543304,
13.5,89.6,177.3,0.420073,4517.0,54.5024,282.6574,0,spatial_background_sample,spatial_background_reference,Sikkim,27.564246,88.236913,2021-08-27
16.8,29.7,48.2,0.415923,2604.0,50.5095,23.1608,0,spatial_background_sample,spatial_background_reference,Arunachal Pradesh,28.257164,93.372018,2016-04-22
2.9,67.3,106.4,0.404646,976.0,7.4123,71.8761,1,GSI_field_inventory,observed_landslide,Mizoram,23.58388889,92.71722222,
65.9,136.1,207.5,0.428009,3278.0,41.5272,81.6007,0,spatial_background_sample,spatial_background_reference,Sikkim,27.633749,88.489756,2014-07-08
15.5,62.2,78.2,0.398804,99.0,4.6222,0.0,0,spatial_background_sample,spatial_background_reference,Tripura,23.910323,91.859369,2018-05-18
0.3,5.2,11.8,0.397138,118.0,19.5114,270.0,0,spatial_background_sample,spatial_background_reference,Tripura,24.125418,91.930272,2009-07-10
10.1,14.6,43.7,0.408329,4929.0,21.0274,90.0,0,spatial_background_sample,spatial_background_reference,Sikkim,27.953965,88.614416,2012-06-22
76.3,128.6,228.4,0.426757,1616.0,32.3096,262.6551,0,spatial_background_sample,spatial_background_reference,Arunachal Pradesh,28.775234,94.706497,2016-07-17
18.5,38.8,104.3,0.426427,328.0,7.9271,292.1992,1,GSI_field_inventory,observed_landslide,Mizoram,24.450125,93.35963889,
0.7,2.8,79.0,0.354068,4747.0,36.2129,21.957,0,spatial_background_sample,spatial_background_reference,Sikkim,27.640719,88.256132,2022-11-20
0.0,11.1,192.3,0.419687,42.0,4.2353,29.1463,0,spatial_background_sample,spatial_background_reference,Assam,26.283274,91.049516,2016-05-22
54.1,313.9,433.5,0.380031,770.0,26.5974,41.2647,1,GSI_field_inventory,observed_landslide,Mizoram,23.204282,92.576174,
3.0,9.3,15.9,0.372548,318.0,4.8967,55.5132,0,spatial_background_sample,spatial_background_reference,Tripura,23.662895,92.220086,2009-07-10
66.5,99.9,174.1,0.424568,2355.0,54.133,272.6803,0,spatial_background_sample,spatial_background_reference,Arunachal Pradesh,28.626762,95.508724,2016-07-17
5.9,77.8,130.5,0.452318,223.0,11.7473,211.2048,0,spatial_background_sample,spatial_background_reference,Meghalaya,25.778521,90.286931,2014-09-23
8.9,32.1,65.5,0.424476,4005.0,58.8656,274.4816,0,spatial_background_sample,spatial_background_reference,Arunachal Pradesh,28.144715,97.249853,2016-07-17
2.3,10.6,25.0,0.402751,108.0,14.0871,219.3558,0,spatial_background_sample,spatial_background_reference,Tripura,23.864815,91.54381,2009-07-10
13.9,60.8,122.6,0.424682,2261.0,38.0154,13.5461,0,spatial_background_sample,spatial_background_reference,Arunachal Pradesh,27.981043,97.013429,2016-07-17
21.0,34.5,77.1,0.487812,369.0,23.2607,329.9027,0,spatial_background_sample,spatial_background_reference,Meghalaya,25.822851,90.732046,2007-07-19
5.3,16.3,40.0,0.411711,23.0,7.126,205.1263,0,spatial_background_sample,spatial_background_reference,Tripura,23.962768,91.32058,2009-07-10
29.7,50.3,162.5,0.481634,38.0,3.8411,164.4334,0,spatial_background_sample,spatial_background_reference,Assam,26.178873,91.026426,2014-06-27
13.9,48.9,63.4,0.481979,369.0,7.4404,172.1038,0,spatial_background_sample,spatial_background_reference,Meghalaya,25.674589,90.812814,2019-06-27
1.5,11.3,28.0,0.404866,65.0,1.3739,47.6068,0,spatial_background_sample,spatial_background_reference,Tripura,24.089848,91.679645,2009-07-10
7.0,55.2,114.8,0.426603,4303.0,8.344,352.8473,0,spatial_background_sample,spatial_background_reference,Arunachal Pradesh,27.697492,91.920606,2016-07-17
4.8,12.0,42.6,0.427705,5145.0,5.9141,297.9228,0,spatial_background_sample,spatial_background_reference,Sikkim,27.956671,88.391279,2024-07-21
0.6,61.8,101.2,0.490774,377.0,8.9544,114.2348,0,spatial_background_sample,spatial_background_reference,Assam,25.802921,93.22501,2016-05-22
9.9,33.3,65.1,0.423597,4171.0,11.8369,211.9334,0,spatial_background_sample,spatial_background_reference,Arunachal Pradesh,28.934772,96.358495,2016-07-16
23.8,66.3,82.1,0.45611,42.0,7.9246,242.3125,0,spatial_background_sample,spatial_background_reference,Tripura,23.323771,91.533888,2018-05-18
31.2,88.6,112.6,0.442818,40.0,8.7997,160.0649,0,spatial_background_sample,spatial_background_reference,Tripura,23.210783,91.351529,2018-05-18
3.8,4.8,28.6,0.377043,4816.0,18.3437,192.7475,0,spatial_background_sample,spatial_background_reference,Sikkim,27.865042,88.316373,2022-05-29
0.0,11.1,192.3,0.476932,42.0,2.12,150.8806,0,spatial_background_sample,spatial_background_reference,Assam,26.154572,90.921213,2016-05-22
5.6,12.5,52.7,0.425228,4280.0,20.6733,25.856,0,spatial_background_sample,spatial_background_reference,Sikkim,27.82998,88.479964,2025-07-19
12.1,66.6,83.2,0.370385,36.0,3.1839,106.8989,0,spatial_background_sample,spatial_background_reference,Tripura,24.299892,92.148375,2018-05-18
1.5,11.3,28.0,0.399807,118.0,12.0184,265.6441,0,spatial_background_sample,spatial_background_reference,Tripura,23.926475,91.722992,2009-07-10
17.8,32.6,103.7,0.418164,841.0,21.4677,18.9703,0,spatial_background_sample,spatial_background_reference,Arunachal Pradesh,27.701354,94.464293,2016-07-17
0.0,10.5,213.2,0.416146,62.0,1.3895,48.192,0,spatial_background_sample,spatial_background_reference,Assam,26.574342,91.403821,2016-05-22
8.2,38.2,52.9,0.492912,318.0,9.219,264.2824,0,spatial_background_sample,spatial_background_reference,Meghalaya,25.695815,90.4747,2007-09-15
2.3,13.2,19.0,0.408881,5207.0,5.3135,100.0121,0,spatial_background_sample,spatial_background_reference,Sikkim,28.027185,88.492453,2024-08-21
28.0,85.8,106.1,0.465482,23.0,5.5179,146.8147,0,spatial_background_sample,spatial_background_reference,Tripura,23.449468,91.272983,2018-05-18
54.9,118.1,157.5,0.379844,951.0,37.2879,242.4593,1,GSI_field_inventory,observed_landslide,Mizoram,23.49861111,92.70388889,
34.5,67.2,85.8,0.450195,44.0,9.2383,353.7915,0,spatial_background_sample,spatial_background_reference,Tripura,23.182986,91.605592,2018-05-18
50.7,99.6,157.8,0.429115,1059.0,22.8995,230.0658,1,GSI_field_inventory,observed_landslide,Sikkim,27.48603,88.53269,
76.3,128.6,228.4,0.427472,1177.0,38.0916,145.6011,0,spatial_background_sample,spatial_background_reference,Arunachal Pradesh,28.799227,94.794537,2016-07-17
25.6,49.5,94.4,0.485323,83.0,4.9845,236.2071,0,spatial_background_sample,spatial_background_reference,Assam,26.830126,93.49533,2018-08-24
3.6,8.0,57.5,0.487637,2186.0,15.4929,7.3978,0,spatial_background_sample,spatial_background_reference,Manipur,25.026983,93.850498,2011-07-06
3.5,8.3,30.6,0.425656,5499.0,42.3545,160.0548,0,spatial_background_sample,spatial_background_reference,Sikkim,27.883804,88.479207,2022-10-10
43.9,69.0,186.1,0.493677,96.0,28.307,159.9215,1,GSI_field_inventory,observed_landslide,Assam,26.18842,91.85125,
51.0,84.3,152.9,0.425811,3244.0,34.5643,99.4562,0,spatial_background_sample,spatial_background_reference,Arunachal Pradesh,28.313255,96.216964,2016-07-17
18.0,33.7,48.5,0.417269,2286.0,45.1738,336.3612,0,spatial_background_sample,spatial_background_reference,Arunachal Pradesh,28.138197,93.196713,2016-04-22
0.8,10.9,97.4,0.412315,80.0,5.5414,0.0,0,spatial_background_sample,spatial_background_reference,Assam,26.641491,91.437742,2025-06-06
9.7,65.4,65.8,0.351296,109.0,0.0,180.0,0,spatial_background_sample,spatial_background_reference,Assam,26.87015,93.155081,2018-06-14
21.4,105.1,226.3,0.427976,3715.0,43.4801,307.8675,0,spatial_background_sample,spatial_background_reference,Sikkim,27.679103,88.417959,2014-08-26
67.8,120.5,158.2,0.379417,774.0,31.9306,339.249,1,GSI_field_inventory,observed_landslide,Mizoram,23.59055556,92.71611111,
18.4,42.5,132.8,0.425106,2933.0,41.6718,357.6367,0,spatial_background_sample,spatial_background_reference,Arunachal Pradesh,28.226672,93.518321,2016-07-16
73.5,121.3,280.6,0.428479,2857.0,27.8826,211.1604,0,spatial_background_sample,spatial_background_reference,Sikkim,27.631143,88.316489,2012-06-22
4.2,8.5,12.6,0.385503,137.0,4.6222,0.0,0,spatial_background_sample,spatial_background_reference,Tripura,23.745795,91.912759,2009-07-10
76.3,128.6,228.4,0.427702,1659.0,27.5437,62.2861,0,spatial_background_sample,spatial_background_reference,Arunachal Pradesh,28.891599,94.862293,2016-07-17
0.3,5.2,11.8,0.375207,47.0,5.1535,259.6718,0,spatial_background_sample,spatial_background_reference,Tripura,24.328366,92.052043,2009-07-10
9.9,49.6,74.8,0.363555,237.0,13.9798,112.936,0,spatial_background_sample,spatial_background_reference,Tripura,23.531449,91.955125,2018-05-18
6.0,11.9,31.9,0.364088,4388.0,34.8048,204.8824,0,spatial_background_sample,spatial_background_reference,Sikkim,27.806116,88.393259,2025-09-11
2.5,32.4,195.2,0.427415,75.0,0.9264,0.0,0,spatial_background_sample,spatial_background_reference,Assam,26.802598,92.857228,2016-05-22
3.9,21.2,32.2,0.403588,5083.0,26.1314,171.4234,0,spatial_background_sample,spatial_background_reference,Sikkim,27.862929,88.635893,2013-08-28
65.5,101.6,230.4,0.379702,41.0,3.8392,15.4596,0,spatial_background_sample,spatial_background_reference,Meghalaya,25.318567,89.861186,2020-05-26
51.2,96.0,115.8,0.483295,57.0,0.0,180.0,0,spatial_background_sample,spatial_background_reference,Assam,26.570811,92.613675,2017-06-13
13.7,82.1,101.8,0.472973,27.0,14.3568,243.7544,0,spatial_background_sample,spatial_background_reference,Tripura,23.699997,91.303774,2018-05-18
28.0,74.6,128.0,0.297345,331.0,11.6594,199.895,0,spatial_background_sample,spatial_background_reference,Mizoram,22.916106,93.160971,2024-05-28
81.2,149.3,229.9,0.496917,1225.0,27.1255,65.7457,1,GSI_field_inventory,observed_landslide,Meghalaya,25.69523333,91.64426944,
20.0,87.7,132.4,0.402125,685.0,25.6444,254.8513,1,GSI_field_inventory,observed_landslide,Mizoram,23.50882222,93.09170278,
18.5,102.9,150.0,0.393781,749.0,25.5759,235.491,1,GSI_field_inventory,observed_landslide,Mizoram,24.03980278,93.29373889,
46.6,130.9,174.4,0.399414,28.0,3.0846,90.0,0,spatial_background_sample,spatial_background_reference,Meghalaya,25.818698,89.961542,2025-05-30
50.8,122.7,151.1,0.470543,113.0,12.7842,240.0772,0,spatial_background_sample,spatial_background_reference,Meghalaya,25.251284,90.346513,2025-05-30
27.0,87.2,106.2,0.394906,121.0,11.1572,169.675,0,spatial_background_sample,spatial_background_reference,Tripura,23.816864,91.786446,2018-05-18
49.4,108.6,154.4,0.377302,355.0,30.03,211.3365,1,GSI_field_inventory,observed_landslide,Mizoram,23.73583333,92.79888889,
6.3,20.5,34.1,0.292946,355.0,26.1993,115.2904,0,spatial_background_sample,spatial_background_reference,Manipur,24.681828,94.524082,2018-05-03
7.4,19.6,56.6,0.491534,127.0,2.2741,65.9722,0,spatial_background_sample,spatial_background_reference,Nagaland,26.922535,94.91787,2025-07-07
0.9,9.4,20.4,0.401353,54.0,5.3885,290.0503,0,spatial_background_sample,spatial_background_reference,Tripura,24.158974,91.679267,2009-07-10
17.1,38.0,107.1,0.424592,1255.0,27.5746,163.71,0,spatial_background_sample,spatial_background_reference,Arunachal Pradesh,27.983328,93.803955,2016-07-17
85.5,142.7,205.6,0.377844,1024.0,22.1038,248.9782,1,GSI_field_inventory,observed_landslide,Mizoram,23.35694444,92.77027778,
29.1,239.5,335.7,0.370698,708.0,19.4583,288.7072,1,GSI_field_inventory,observed_landslide,Mizoram,23.203253,92.735838,
1.1,1.8,28.6,0.483635,401.0,16.9552,328.0584,0,spatial_background_sample,spatial_background_reference,Nagaland,25.546905,93.469464,2025-08-01
18.7,30.5,69.2,0.421024,4609.0,7.1688,25.8536,0,spatial_background_sample,spatial_background_reference,Sikkim,27.818357,88.656006,2022-10-10
97.4,329.4,426.3,0.496881,1076.0,31.0296,218.7852,0,spatial_background_sample,spatial_background_reference,Meghalaya,25.694112,91.451856,2007-09-08
2.5,3.6,47.4,0.422115,109.0,10.4985,209.1269,1,GSI_field_inventory,observed_landslide,Assam,26.19044,91.77502,
20.4,20.9,28.8,0.406333,584.0,25.4737,282.261,1,GSI_field_inventory,observed_landslide,Mizoram,24.11104722,93.10374167,
22.9,49.4,162.2,0.426741,2304.0,64.9605,293.128,0,spatial_background_sample,spatial_background_reference,Manipur,25.376527,93.917428,2007-09-12
16.5,21.3,24.7,0.417049,2080.0,49.5,232.5806,0,spatial_background_sample,spatial_background_reference,Sikkim,27.524235,88.43423,2023-10-04
49.6,180.0,322.8,0.480641,143.0,2.2844,246.0879,0,spatial_background_sample,spatial_background_reference,Assam,27.527991,95.668692,2022-05-15
9.7,89.3,139.3,0.493796,114.0,2.1244,209.3294,0,spatial_background_sample,spatial_background_reference,Assam,27.136702,95.253779,2020-07-12
0.4,8.1,29.7,0.386503,25.0,3.0489,270.0,0,spatial_background_sample,spatial_background_reference,Tripura,24.39501,92.167189,2009-07-10
56.6,86.3,155.3,0.426493,3347.0,35.7622,271.2865,0,spatial_background_sample,spatial_background_reference,Arunachal Pradesh,28.859426,95.694894,2016-07-17
5.7,15.6,38.0,0.484674,28.0,8.3809,331.4057,0,spatial_background_sample,spatial_background_reference,Tripura,23.468359,91.303252,2009-07-10
0.0,0.9,2.6,0.381324,4207.0,12.7553,180.0,0,spatial_background_sample,spatial_background_reference,Sikkim,27.426964,88.120554,2022-11-20
33.3,130.7,236.4,0.427978,2189.0,13.3617,86.0966,0,spatial_background_sample,spatial_background_reference,Arunachal Pradesh,27.49778,92.593687,2016-07-16
7.1,31.7,149.0,0.42324,3149.0,12.1074,238.1539,0,spatial_background_sample,spatial_background_reference,Sikkim,27.458634,88.188663,2024-07-21
8.6,60.8,75.4,0.408757,88.0,7.96,202.3154,0,spatial_background_sample,spatial_background_reference,Tripura,23.986069,91.69519,2018-05-18
60.8,87.2,158.2,0.42208,1839.0,34.96,186.0351,0,spatial_background_sample,spatial_background_reference,Arunachal Pradesh,28.372513,95.640579,2016-07-17
3.5,29.4,224.8,0.481563,134.0,4.2276,331.0437,0,spatial_background_sample,spatial_background_reference,Meghalaya,25.357876,90.570722,2007-08-18
33.3,462.3,494.7,0.49851,1608.0,35.2719,147.866,1,GSI_field_inventory,observed_landslide,Meghalaya,25.366201,91.767213,
52.3,106.3,120.6,0.37651,376.0,22.4429,248.7451,1,GSI_field_inventory,observed_landslide,Mizoram,23.84777778,92.83694444,
25.9,26.2,43.0,0.434903,1289.0,22.4214,279.0186,0,spatial_background_sample,spatial_background_reference,Manipur,24.129389,93.721448,2024-07-29
6.3,46.8,96.2,0.426744,4488.0,15.8197,31.1288,0,spatial_background_sample,spatial_background_reference,Arunachal Pradesh,27.979969,97.309494,2016-07-17
10.7,43.3,83.8,0.423384,4579.0,5.5395,250.5219,0,spatial_background_sample,spatial_background_reference,Arunachal Pradesh,27.844456,91.559365,2016-07-17
8.9,37.1,72.0,0.421976,3320.0,45.9754,17.5749,0,spatial_background_sample,spatial_background_reference,Arunachal Pradesh,28.372577,96.725053,2016-07-16
17.9,36.2,61.0,0.394917,1419.0,27.4675,250.4427,1,GSI_field_inventory,observed_landslide,Mizoram,23.504575,93.23805,
18.8,125.0,235.3,0.428699,2913.0,34.3344,173.8668,0,spatial_background_sample,spatial_background_reference,Sikkim,27.587873,88.328745,2012-07-17
5.2,53.1,110.8,0.493557,108.0,3.4747,323.0249,0,spatial_background_sample,spatial_background_reference,Assam,27.687108,95.090225,2016-06-22
4.2,50.2,67.3,0.483104,583.0,13.1318,90.0,0,spatial_background_sample,spatial_background_reference,Meghalaya,25.705917,90.87851,2007-09-15
28.3,58.0,116.3,0.42665,3979.0,49.3425,277.1799,0,spatial_background_sample,spatial_background_reference,Arunachal Pradesh,28.138945,96.851471,2016-07-17
25.1,68.8,141.5,0.424545,2442.0,48.7993,297.8489,0,spatial_background_sample,spatial_background_reference,Arunachal Pradesh,28.291053,95.362636,2016-07-16
14.5,215.4,250.5,0.47835,1016.0,19.7869,351.4137,0,spatial_background_sample,spatial_background_reference,Meghalaya,25.429039,90.532298,2025-05-31
0.3,5.2,11.8,0.373176,108.0,15.8512,273.2646,0,spatial_background_sample,spatial_background_reference,Tripura,24.126524,92.051665,2009-07-10
5.1,9.0,12.3,0.426943,2419.0,8.838,339.3806,0,spatial_background_sample,spatial_background_reference,Sikkim,27.636537,88.462728,2022-05-29
14.2,57.4,134.6,0.469254,619.0,14.9019,142.1764,0,spatial_background_sample,spatial_background_reference,Nagaland,26.904862,95.200235,2024-06-01
4.8,15.9,31.7,0.482661,49.0,5.5142,326.8728,0,spatial_background_sample,spatial_background_reference,Tripura,23.155329,91.619212,2009-07-10
0.7,1.5,36.1,0.420278,5125.0,5.5519,70.5674,0,spatial_background_sample,spatial_background_reference,Sikkim,28.11683,88.628238,2024-07-21
6.2,198.3,260.7,0.491658,1426.0,44.4368,89.0551,0,spatial_background_sample,spatial_background_reference,Arunachal Pradesh,27.049267,95.888938,2016-07-17
3.9,16.6,35.0,0.389766,5163.0,16.159,18.4342,0,spatial_background_sample,spatial_background_reference,Sikkim,28.067528,88.598474,2013-08-28
21.1,43.1,44.5,0.30899,871.0,31.2792,346.5514,1,GSI_field_inventory,observed_landslide,Mizoram,23.57166667,92.71083333,
7.0,15.4,25.1,0.415469,3584.0,21.4444,228.8025,0,spatial_background_sample,spatial_background_reference,Arunachal Pradesh,28.912602,94.192502,2016-04-22
59.5,200.5,294.7,0.366487,123.0,1.0389,90.0,0,spatial_background_sample,spatial_background_reference,Assam,26.922421,92.992206,2022-05-14
6.8,48.2,80.2,0.427351,4603.0,41.081,50.9032,0,spatial_background_sample,spatial_background_reference,Sikkim,27.836601,88.796834,2021-08-27
26.7,78.4,131.7,0.482302,590.0,8.428,209.1844,0,spatial_background_sample,spatial_background_reference,Assam,26.463671,93.400859,2016-08-31
2.4,64.1,247.9,0.490528,57.0,7.5544,222.983,0,spatial_background_sample,spatial_background_reference,Assam,26.597544,92.902504,2016-05-22
6.6,23.8,94.9,0.427007,2546.0,48.1879,281.6825,0,spatial_background_sample,spatial_background_reference,Sikkim,27.604867,88.438311,2024-07-21
42.0,43.1,61.3,0.394906,771.0,0.9264,180.0,0,spatial_background_sample,spatial_background_reference,Manipur,24.627918,93.949491,2024-07-29
49.5,115.5,135.5,0.484741,192.0,11.1713,90.0,0,spatial_background_sample,spatial_background_reference,Meghalaya,25.7558,90.557843,2009-07-01
8.0,18.8,36.7,0.415685,3619.0,42.7562,175.4417,0,spatial_background_sample,spatial_background_reference,Arunachal Pradesh,28.332363,93.430609,2016-04-22
67.8,130.1,238.9,0.417479,857.0,23.5085,90.0,0,spatial_background_sample,spatial_background_reference,Arunachal Pradesh,26.856785,95.199844,2016-04-22
28.5,71.7,196.4,0.426885,1672.0,31.2289,24.9416,0,spatial_background_sample,spatial_background_reference,Arunachal Pradesh,27.700638,93.275454,2016-07-16
9.3,31.8,49.2,0.41231,5082.0,17.6418,336.2341,0,spatial_background_sample,spatial_background_reference,Sikkim,27.975014,88.428195,2014-06-24
27.5,108.4,205.8,0.45794,110.0,2.9645,200.4931,0,spatial_background_sample,spatial_background_reference,Assam,26.89114,94.850525,2022-05-14
2.7,12.2,20.0,0.390185,99.0,8.3845,151.36,0,spatial_background_sample,spatial_background_reference,Tripura,23.716938,91.805743,2009-07-10
22.5,86.2,122.9,0.420942,1932.0,37.5149,351.8416,0,spatial_background_sample,spatial_background_reference,Arunachal Pradesh,27.066776,92.171067,2016-04-22
22.6,119.7,145.3,0.454967,85.0,1.3898,131.7963,0,spatial_background_sample,spatial_background_reference,Assam,26.621381,90.276831,2022-05-14
2.0,4.6,13.1,0.34215,5971.0,45.3814,343.205,0,spatial_background_sample,spatial_background_reference,Sikkim,27.929609,88.13755,2021-06-18
12.7,24.0,47.1,0.485479,215.0,19.9272,200.5054,0,spatial_background_sample,spatial_background_reference,Nagaland,26.965048,95.153952,2018-08-23
4.2,8.5,12.6,0.378479,75.0,7.4384,7.7823,0,spatial_background_sample,spatial_background_reference,Tripura,23.847748,91.985799,2009-07-10
49.4,108.6,154.4,0.377302,360.0,25.4539,96.3458,1,GSI_field_inventory,observed_landslide,Mizoram,23.74555556,92.79444444,
23.1,23.2,24.4,0.390292,315.0,10.1474,208.1358,1,GSI_field_inventory,observed_landslide,Mizoram,24.35137778,93.34095556,
44.3,156.7,217.4,0.426107,3742.0,28.596,315.3889,0,spatial_background_sample,spatial_background_reference,Sikkim,27.5062,88.322891,2014-06-24
20.6,32.6,128.0,0.4246,747.0,28.9211,5.7117,0,spatial_background_sample,spatial_background_reference,Arunachal Pradesh,28.093818,94.181734,2016-07-17
17.6,91.5,113.9,0.472937,64.0,7.0801,121.382,0,spatial_background_sample,spatial_background_reference,Tripura,23.800487,91.441591,2018-05-18
11.6,56.2,71.2,0.379405,76.0,10.2875,128.5796,0,spatial_background_sample,spatial_background_reference,Tripura,24.263411,92.044491,2018-05-18
4.8,43.2,87.8,0.490696,59.0,2.2668,245.8902,0,spatial_background_sample,spatial_background_reference,Assam,26.484624,92.454902,2016-05-27
11.2,139.0,253.3,0.307095,73.0,2.9569,339.9044,0,spatial_background_sample,spatial_background_reference,Assam,24.343311,92.319553,2010-04-02
2.5,15.0,30.6,0.484092,25.0,1.3707,132.5143,0,spatial_background_sample,spatial_background_reference,Tripura,23.538718,91.479938,2009-07-10
32.9,61.6,122.6,0.426275,4134.0,20.4036,274.9876,0,spatial_background_sample,spatial_background_reference,Arunachal Pradesh,29.224886,95.70411,2016-07-17
4.9,7.1,17.7,0.36921,6228.0,46.3003,101.5881,0,spatial_background_sample,spatial_background_reference,Sikkim,27.955997,88.835369,2022-06-15
47.6,111.1,143.5,0.386426,98.0,1.0435,90.0,0,spatial_background_sample,spatial_background_reference,Assam,27.413905,94.227477,2016-05-17
11.9,30.3,76.9,0.42494,4430.0,13.7994,285.268,0,spatial_background_sample,spatial_background_reference,Sikkim,27.482796,88.046999,2024-07-21
5.7,15.6,38.0,0.48514,34.0,5.5414,0.0,0,spatial_background_sample,spatial_background_reference,Tripura,23.486219,91.350926,2009-07-10
0.1,5.2,11.1,0.372784,416.0,25.1723,281.9133,0,spatial_background_sample,spatial_background_reference,Tripura,23.903333,92.141016,2009-07-10
16.6,63.7,206.4,0.426884,1581.0,24.2866,338.6992,0,spatial_background_sample,spatial_background_reference,Arunachal Pradesh,27.401596,93.511056,2016-07-17
41.1,125.2,158.6,0.485616,225.0,2.129,29.5496,0,spatial_background_sample,spatial_background_reference,Arunachal Pradesh,28.11962,95.586391,2016-04-22
69.9,109.1,243.7,0.430094,1483.0,41.6286,286.1271,1,GSI_field_inventory,observed_landslide,Sikkim,27.57502778,88.65402778,
19.3,73.2,97.0,0.440146,87.0,1.8523,180.0,0,spatial_background_sample,spatial_background_reference,Assam,26.113777,93.050101,2022-05-14
16.7,93.5,133.7,0.464228,358.0,5.5544,48.3111,0,spatial_background_sample,spatial_background_reference,Arunachal Pradesh,27.048708,93.374697,2016-07-17
56.5,120.3,209.7,0.495244,1090.0,20.4002,0.0,0,spatial_background_sample,spatial_background_reference,Meghalaya,25.679805,91.491639,2025-05-30
23.0,66.1,130.8,0.39324,689.0,13.5924,129.497,1,GSI_field_inventory,observed_landslide,Mizoram,24.354658,92.925511,
6.3,13.4,23.3,0.341527,5007.0,15.2995,249.228,0,spatial_background_sample,spatial_background_reference,Sikkim,27.742898,88.386193,2014-07-08
5.4,6.9,24.4,0.424689,5125.0,20.3835,29.5017,0,spatial_background_sample,spatial_background_reference,Sikkim,27.909937,88.467999,2025-07-19
53.1,87.7,114.3,0.425385,36.0,5.0383,203.5045,0,spatial_background_sample,spatial_background_reference,Tripura,23.111863,91.378568,2018-05-18
27.0,87.2,106.2,0.386144,126.0,9.2387,6.2369,0,spatial_background_sample,spatial_background_reference,Tripura,23.790907,91.853034,2018-05-18
10.1,14.6,43.7,0.381817,5021.0,25.7212,340.0265,0,spatial_background_sample,spatial_background_reference,Sikkim,27.823608,88.428798,2012-06-22
31.8,94.5,200.8,0.494521,112.0,7.3945,104.4293,0,spatial_background_sample,spatial_background_reference,Meghalaya,25.768986,90.557401,2022-06-17
0.8,15.5,21.6,0.409004,4235.0,10.5071,280.0417,0,spatial_background_sample,spatial_background_reference,Sikkim,27.700262,88.285581,2015-07-08
61.9,120.9,163.8,0.380563,204.0,7.8156,317.484,1,GSI_field_inventory,observed_landslide,Mizoram,23.62527778,92.78638889,
36.7,120.7,258.8,0.42776,762.0,24.97,205.4707,0,spatial_background_sample,spatial_background_reference,Arunachal Pradesh,27.356234,92.826552,2016-07-17
6.8,61.0,84.1,0.405714,54.0,5.1476,79.6598,0,spatial_background_sample,spatial_background_reference,Tripura,24.177925,91.803041,2018-05-18
27.1,41.9,82.2,0.424649,3134.0,48.1867,330.2089,0,spatial_background_sample,spatial_background_reference,Arunachal Pradesh,29.148166,94.413641,2016-07-17
47.0,161.9,214.9,0.499025,1222.0,17.7682,75.3867,0,spatial_background_sample,spatial_background_reference,Arunachal Pradesh,27.566337,96.570954,2016-07-16
49.7,110.7,136.8,0.480618,388.0,10.5249,16.7935,0,spatial_background_sample,spatial_background_reference,Meghalaya,25.352992,90.486477,2007-07-19
0.0,2.3,3.5,0.363991,5893.0,12.1245,301.7943,0,spatial_background_sample,spatial_background_reference,Sikkim,27.679925,88.261737,2022-08-25
16.1,23.5,92.7,0.381817,4684.0,12.1393,238.2504,0,spatial_background_sample,spatial_background_reference,Sikkim,27.869664,88.361955,2012-06-22
20.2,29.5,73.5,0.428484,4786.0,46.0583,235.8758,0,spatial_background_sample,spatial_background_reference,Sikkim,27.781337,88.687661,2012-06-22
3.6,36.3,54.9,0.403091,5871.0,45.6741,15.5481,0,spatial_background_sample,spatial_background_reference,Sikkim,27.894201,88.867889,2014-07-01
30.0,63.8,102.3,0.409649,177.0,7.672,111.1066,0,spatial_background_sample,spatial_background_reference,Meghalaya,25.753931,90.114568,2007-07-19
32.1,148.6,211.7,0.413414,114.0,5.5212,311.9991,0,spatial_background_sample,spatial_background_reference,Meghalaya,25.792419,90.07715,2025-05-31
7.6,9.3,30.2,0.382173,5104.0,37.2944,155.9072,0,spatial_background_sample,spatial_background_reference,Sikkim,27.857389,88.870144,2012-06-22
7.3,52.6,130.7,0.427725,4042.0,38.6306,79.508,0,spatial_background_sample,spatial_background_reference,Sikkim,27.770619,88.664394,2012-07-17
4.9,42.1,157.9,0.48747,128.0,25.8927,357.8905,0,spatial_background_sample,spatial_background_reference,Meghalaya,25.182716,90.938134,2023-08-10
35.4,83.5,159.0,0.429126,3407.0,33.5525,178.4255,0,spatial_background_sample,spatial_background_reference,Sikkim,27.461777,88.135608,2022-06-15
85.9,208.6,246.4,0.484824,135.0,23.4269,135.1565,0,spatial_background_sample,spatial_background_reference,Meghalaya,25.8895,90.749268,2025-05-30
20.2,52.9,99.7,0.425912,3935.0,32.3152,237.5327,0,spatial_background_sample,spatial_background_reference,Arunachal Pradesh,28.519323,96.267346,2016-07-16
2.7,12.2,20.0,0.400847,118.0,18.7495,98.2161,0,spatial_background_sample,spatial_background_reference,Tripura,23.870733,91.807467,2009-07-10
15.0,29.0,106.3,0.421909,2061.0,40.5192,279.8038,0,spatial_background_sample,spatial_background_reference,Arunachal Pradesh,27.970791,94.088732,2016-07-17
32.2,214.3,317.7,0.372094,1089.0,26.973,246.5723,1,GSI_field_inventory,observed_landslide,Mizoram,23.274148,92.871011,
12.8,169.0,209.5,0.492043,215.0,3.6264,300.6819,0,spatial_background_sample,spatial_background_reference,Arunachal Pradesh,27.127515,95.461393,2016-07-16
28.1,81.0,211.6,0.42379,4339.0,29.1797,293.9153,0,spatial_background_sample,spatial_background_reference,Sikkim,27.511388,88.36511,2021-05-18
43.1,93.7,107.5,0.492396,510.0,20.6014,130.1829,0,spatial_background_sample,spatial_background_reference,Meghalaya,25.729002,90.856663,2009-07-01
8.8,44.5,122.0,0.465827,164.0,2.9647,159.4942,0,spatial_background_sample,spatial_background_reference,Nagaland,26.967195,95.134853,2024-06-01
2.8,14.2,53.2,0.46875,1053.0,41.3129,24.8955,1,GSI_field_inventory,observed_landslide,Manipur,24.79083333,93.72333333,
0.5,24.2,50.8,0.391202,221.0,18.0204,84.2948,0,spatial_background_sample,spatial_background_reference,Meghalaya,25.9551,90.368705,2009-07-17
31.5,61.1,142.2,0.425262,2731.0,33.9959,241.3458,0,spatial_background_sample,spatial_background_reference,Arunachal Pradesh,29.036319,94.707663,2016-07-16
11.7,61.0,77.0,0.370385,55.0,3.4398,143.8055,0,spatial_background_sample,spatial_background_reference,Tripura,24.346766,92.117522,2018-05-18
67.4,120.1,131.8,0.405472,38.0,2.121,29.1674,0,spatial_background_sample,spatial_background_reference,Assam,26.383301,90.872313,2018-06-14
5.6,23.1,32.6,0.320077,6151.0,46.1799,167.8417,0,spatial_background_sample,spatial_background_reference,Sikkim,27.859205,88.184084,2013-08-28
42.9,153.1,255.1,0.380969,670.0,12.3331,60.0159,1,GSI_field_inventory,observed_landslide,Mizoram,23.234898,92.911307,
1.5,11.3,28.0,0.404493,161.0,9.3991,12.3603,0,spatial_background_sample,spatial_background_reference,Tripura,24.12303,91.754704,2009-07-10
60.2,199.7,230.9,0.495034,253.0,5.0558,336.0424,0,spatial_background_sample,spatial_background_reference,Meghalaya,25.814955,90.659816,2025-05-30
21.9,61.4,240.7,0.41572,38.0,2.769,48.0389,0,spatial_background_sample,spatial_background_reference,Meghalaya,25.950233,90.228531,2007-08-18
34.5,67.2,85.8,0.450195,44.0,12.7553,180.0,0,spatial_background_sample,spatial_background_reference,Tripura,23.183539,91.637004,2018-05-18
32.2,214.3,317.7,0.372094,1046.0,47.5702,245.5239,1,GSI_field_inventory,observed_landslide,Mizoram,23.281219,92.869608,
0.0,1.6,2.9,0.332943,6236.0,22.5121,192.7504,0,spatial_background_sample,spatial_background_reference,Sikkim,27.890527,88.17406,2022-08-25
16.7,120.9,185.1,0.493993,658.0,2.2548,294.2465,0,spatial_background_sample,spatial_background_reference,Meghalaya,25.738468,91.760698,2009-07-01
1.6,8.9,12.4,0.408427,5158.0,11.871,0.0,0,spatial_background_sample,spatial_background_reference,Sikkim,28.057977,88.700876,2024-08-21
17.5,68.5,85.3,0.374821,64.0,3.4316,143.9942,0,spatial_background_sample,spatial_background_reference,Tripura,23.452186,91.669393,2018-05-18
1.4,14.5,37.8,0.324372,772.0,1.0189,270.0,0,spatial_background_sample,spatial_background_reference,Manipur,24.614943,93.883033,2010-06-10
37.9,130.9,168.8,0.48932,61.0,4.974,123.8744,0,spatial_background_sample,spatial_background_reference,Assam,26.479092,90.374511,2010-06-03
2.2,7.5,162.4,0.485583,1728.0,25.7223,38.6247,1,GSI_field_inventory,observed_landslide,Nagaland,25.62154,94.1122,
107.3,199.4,212.5,0.320679,212.0,12.934,85.9626,0,spatial_background_sample,spatial_background_reference,Mizoram,23.424523,92.4609,2024-05-28
5.7,15.6,38.0,0.485208,44.0,4.1357,102.9219,0,spatial_background_sample,spatial_background_reference,Tripura,23.403529,91.322919,2009-07-10
5.4,47.3,83.6,0.415085,593.0,42.4412,171.9777,0,spatial_background_sample,spatial_background_reference,Arunachal Pradesh,27.511465,94.176197,2016-07-16
24.0,59.0,115.6,0.402687,776.0,22.7732,283.3771,1,GSI_field_inventory,observed_landslide,Mizoram,24.27138889,92.96,
37.5,70.1,197.8,0.428397,4285.0,37.8471,182.6903,0,spatial_background_sample,spatial_background_reference,Sikkim,27.534542,88.285433,2012-06-22
50.6,81.7,140.9,0.425991,2993.0,8.67,237.9808,0,spatial_background_sample,spatial_background_reference,Arunachal Pradesh,28.899499,95.514787,2016-07-17
26.3,119.1,251.5,0.42831,2610.0,40.1148,343.6576,0,spatial_background_sample,spatial_background_reference,Arunachal Pradesh,27.539308,92.477676,2016-07-17
2.2,5.0,32.8,0.424732,5288.0,23.2807,12.289,0,spatial_background_sample,spatial_background_reference,Sikkim,28.016173,88.501666,2024-07-21
11.6,75.4,89.6,0.373634,59.0,7.1296,205.189,0,spatial_background_sample,spatial_background_reference,Tripura,24.326294,92.218406,2018-05-18
2.3,99.2,149.3,0.4885,269.0,11.7263,251.8443,0,spatial_background_sample,spatial_background_reference,Assam,25.604188,92.833714,2016-05-22
26.9,65.8,86.8,0.436249,47.0,3.7006,180.0,0,spatial_background_sample,spatial_background_reference,Tripura,23.020114,91.734509,2018-05-18
10.2,75.3,92.4,0.443576,37.0,5.471,227.5231,0,spatial_background_sample,spatial_background_reference,Tripura,23.710594,91.22075,2018-05-18
58.6,118.0,142.8,0.469564,106.0,10.1834,264.8355,0,spatial_background_sample,spatial_background_reference,Meghalaya,25.333648,90.163809,2025-05-30
29.2,69.5,87.0,0.442007,71.0,9.9716,270.0,0,spatial_background_sample,spatial_background_reference,Tripura,23.118727,91.731495,2018-05-18
13.2,40.7,120.0,0.455688,483.0,22.3591,81.5134,1,GSI_field_inventory,observed_landslide,Assam,25.14677778,93.03097222,
10.2,75.3,92.4,0.443576,30.0,9.0763,84.1907,0,spatial_background_sample,spatial_background_reference,Tripura,23.699839,91.209825,2018-05-18
72.0,185.0,211.6,0.480037,655.0,13.0979,13.3567,0,spatial_background_sample,spatial_background_reference,Meghalaya,25.51075,90.994469,2025-05-30
7.0,39.2,84.1,0.366446,4926.0,18.7913,25.4571,0,spatial_background_sample,spatial_background_reference,Sikkim,27.814948,88.445859,2014-08-26
7.6,9.3,30.2,0.408329,5993.0,45.0911,182.0922,0,spatial_background_sample,spatial_background_reference,Sikkim,27.99323,88.636842,2012-06-22
28.1,81.0,211.6,0.42379,3880.0,28.0793,37.997,0,spatial_background_sample,spatial_background_reference,Sikkim,27.599468,88.301387,2021-05-18
4.9,7.1,9.0,0.33306,6071.0,60.7933,259.0573,0,spatial_background_sample,spatial_background_reference,Sikkim,27.889574,88.175908,2023-10-04
42.3,141.4,263.1,0.497811,1206.0,35.507,184.3078,0,spatial_background_sample,spatial_background_reference,Meghalaya,25.158734,92.568717,2007-07-25
49.8,106.2,258.7,0.4834,75.0,23.4448,278.5773,0,spatial_background_sample,spatial_background_reference,Meghalaya,25.179456,90.814069,2020-05-26
88.7,218.6,289.6,0.47449,111.0,1.0443,90.0,0,spatial_background_sample,spatial_background_reference,Assam,27.497698,95.005669,2022-05-14
9.3,54.0,64.8,0.405362,530.0,33.5452,347.2941,0,spatial_background_sample,spatial_background_reference,Arunachal Pradesh,27.495747,94.150768,2016-04-22
11.7,61.0,77.0,0.370385,84.0,8.285,77.1686,0,spatial_background_sample,spatial_background_reference,Tripura,24.344523,92.092358,2018-05-18
0.9,9.4,20.4,0.398661,48.0,11.2395,153.5145,0,spatial_background_sample,spatial_background_reference,Tripura,24.180924,91.80673,2009-07-10
18.1,37.8,101.5,0.424473,4243.0,55.8017,359.289,0,spatial_background_sample,spatial_background_reference,Sikkim,27.687125,88.362777,2022-10-10
16.2,80.9,102.8,0.39176,73.0,15.2905,341.1402,0,spatial_background_sample,spatial_background_reference,Tripura,23.818093,91.726394,2018-05-18
67.8,120.5,158.2,0.379417,904.0,32.8255,342.4727,1,GSI_field_inventory,observed_landslide,Mizoram,23.57055556,92.70888889,
13.0,22.6,77.6,0.405391,115.0,12.0681,155.1701,0,spatial_background_sample,spatial_background_reference,Meghalaya,25.774078,90.058783,2025-05-28
15.6,30.7,201.2,0.423446,47.0,6.678,114.4758,0,spatial_background_sample,spatial_background_reference,Assam,24.435036,92.392719,2017-06-16
6.3,46.8,96.2,0.424476,4410.0,26.0504,26.7312,0,spatial_background_sample,spatial_background_reference,Arunachal Pradesh,28.056892,97.169501,2016-07-17
34.7,130.5,248.0,0.495927,113.0,3.2628,286.4774,0,spatial_background_sample,spatial_background_reference,Assam,27.45728,95.090323,2017-07-03
11.7,109.1,245.9,0.428546,3025.0,36.7433,252.3485,0,spatial_background_sample,spatial_background_reference,Sikkim,27.571112,88.329743,2014-07-01
6.2,12.2,38.1,0.413458,5640.0,25.5258,264.1697,0,spatial_background_sample,spatial_background_reference,Sikkim,27.75306,88.857543,2025-07-19
4.4,35.2,87.3,0.463292,686.0,18.395,334.2259,1,GSI_field_inventory,observed_landslide,Nagaland,26.41931,94.97369,
14.2,45.8,151.2,0.493112,341.0,26.0289,293.4109,0,spatial_background_sample,spatial_background_reference,Nagaland,25.576284,93.520891,2025-07-08
31.3,169.4,249.5,0.482238,2136.0,31.1612,61.2284,0,spatial_background_sample,spatial_background_reference,Arunachal Pradesh,27.788171,96.517739,2016-04-22
3.3,26.5,60.6,0.393103,4838.0,25.4003,312.9259,0,spatial_background_sample,spatial_background_reference,Sikkim,27.920755,88.716621,2024-08-21
0.0,4.5,152.6,0.403787,3823.0,45.9847,52.4609,0,spatial_background_sample,spatial_background_reference,Sikkim,27.547275,88.31476,2022-11-20
42.3,141.4,263.1,0.451568,459.0,57.1117,137.9337,0,spatial_background_sample,spatial_background_reference,Meghalaya,25.156202,92.537562,2007-07-25
2.5,15.0,30.6,0.484092,28.0,3.0278,270.0,0,spatial_background_sample,spatial_background_reference,Tripura,23.494687,91.456453,2009-07-10
44.3,156.7,217.4,0.426107,3687.0,36.4547,170.0522,0,spatial_background_sample,spatial_background_reference,Sikkim,27.510283,88.318277,2014-06-24
41.6,83.8,131.8,0.491615,647.0,7.3943,104.4296,0,spatial_background_sample,spatial_background_reference,Meghalaya,25.766016,91.759443,2014-09-20
54.9,118.1,157.5,0.379844,883.0,30.5845,315.407,1,GSI_field_inventory,observed_landslide,Mizoram,23.54027778,92.70138889,
123.0,139.8,189.5,0.364814,73.0,2.122,209.2137,0,spatial_background_sample,spatial_background_reference,Assam,26.601717,89.895305,2022-05-15
10.1,14.6,43.7,0.406126,4727.0,23.0734,313.0975,0,spatial_background_sample,spatial_background_reference,Sikkim,27.905774,88.405171,2012-06-22
2.3,10.6,25.0,0.442741,92.0,5.7522,118.7868,0,spatial_background_sample,spatial_background_reference,Tripura,23.686356,91.49968,2009-07-10
21.4,54.9,210.0,0.425634,2753.0,45.5047,40.3073,0,spatial_background_sample,spatial_background_reference,Arunachal Pradesh,27.853938,93.171136,2016-07-17
36.1,112.4,151.1,0.424768,1529.0,49.1978,57.018,0,spatial_background_sample,spatial_background_reference,Arunachal Pradesh,28.125154,96.253588,2016-07-16
4.7,23.6,33.6,0.398109,5769.0,48.3653,116.4605,0,spatial_background_sample,spatial_background_reference,Sikkim,27.987128,88.71833,2014-06-24
21.4,71.9,92.8,0.372754,71.0,5.5414,0.0,0,spatial_background_sample,spatial_background_reference,Tripura,23.392607,91.652691,2018-05-18
40.2,76.7,125.1,0.419085,54.0,5.0516,156.1505,0,spatial_background_sample,spatial_background_reference,Meghalaya,25.202972,90.381382,2024-06-30
53.1,87.7,114.3,0.425385,24.0,5.5414,180.0,0,spatial_background_sample,spatial_background_reference,Tripura,23.088117,91.396145,2018-05-18
4.7,23.6,33.6,0.415954,5276.0,21.8129,320.1395,0,spatial_background_sample,spatial_background_reference,Sikkim,28.055773,88.684051,2014-06-24
7.8,62.4,186.3,0.427192,110.0,3.8445,164.2567,0,spatial_background_sample,spatial_background_reference,Assam,27.522587,94.334717,2020-06-28
16.7,93.5,133.7,0.462793,493.0,33.2807,48.3087,0,spatial_background_sample,spatial_background_reference,Arunachal Pradesh,27.039422,93.3301,2016-07-17
12.1,76.1,94.7,0.409296,21.0,2.9559,200.0418,0,spatial_background_sample,spatial_background_reference,Tripura,23.970862,91.315864,2018-05-18
44.8,115.2,284.7,0.426932,2872.0,13.8261,211.3375,0,spatial_background_sample,spatial_background_reference,Arunachal Pradesh,27.833226,93.063131,2016-07-17
18.0,66.9,83.7,0.398804,104.0,3.5556,121.3626,0,spatial_background_sample,spatial_background_reference,Tripura,23.899213,91.885562,2018-05-18
6.9,12.8,34.2,0.410235,5349.0,31.2637,338.7697,0,spatial_background_sample,spatial_background_reference,Sikkim,28.047787,88.592408,2025-09-11
10.7,23.2,59.8,0.426836,3464.0,38.7529,120.2398,0,spatial_background_sample,spatial_background_reference,Sikkim,27.61595,88.396615,2022-05-29
67.8,120.5,158.2,0.379417,906.0,22.503,54.1175,1,GSI_field_inventory,observed_landslide,Mizoram,23.60555556,92.725,
5.9,26.9,65.4,0.422385,850.0,35.1219,41.0869,1,GSI_field_inventory,observed_landslide,Mizoram,23.186133,92.735682,
32.2,214.3,317.7,0.372094,1056.0,21.7675,212.7344,1,GSI_field_inventory,observed_landslide,Mizoram,23.311335,92.858026,
1.2,67.3,133.1,0.493057,286.0,17.0144,118.3963,0,spatial_background_sample,spatial_background_reference,Assam,25.706876,92.763142,2016-05-22
2.7,12.2,20.0,0.392601,102.0,4.9014,304.4489,0,spatial_background_sample,spatial_background_reference,Tripura,23.847414,91.711032,2009-07-10
67.8,120.5,158.2,0.379417,819.0,28.5234,30.2573,1,GSI_field_inventory,observed_landslide,Mizoram,23.62,92.72472222,
2.5,16.9,35.6,0.348463,5556.0,8.1714,63.2288,0,spatial_background_sample,spatial_background_reference,Sikkim,28.007596,88.822911,2012-07-17
18.0,71.5,85.8,0.409281,65.0,3.8362,344.7004,0,spatial_background_sample,spatial_background_reference,Tripura,23.954358,91.833253,2018-05-18
24.4,24.4,25.9,0.3825,562.0,27.2487,315.0097,1,GSI_field_inventory,observed_landslide,Mizoram,24.297775,93.34159722,
18.1,29.4,89.9,0.352592,5263.0,46.9656,355.1179,0,spatial_background_sample,spatial_background_reference,Sikkim,27.510124,88.067193,2012-06-22
0.7,7.2,30.0,0.332214,6278.0,46.0528,4.0473,0,spatial_background_sample,spatial_background_reference,Sikkim,27.956189,88.266205,2021-08-27
18.8,125.0,235.3,0.425632,3632.0,35.6074,237.1867,0,spatial_background_sample,spatial_background_reference,Sikkim,27.553666,88.284072,2012-07-17
13.3,64.2,79.3,0.378866,76.0,18.0714,246.6443,0,spatial_background_sample,spatial_background_reference,Tripura,23.41932,91.768278,2018-05-18
45.8,91.7,169.8,0.425107,1940.0,30.0951,18.4529,0,spatial_background_sample,spatial_background_reference,Arunachal Pradesh,28.184213,96.126351,2016-07-17
30.0,118.7,123.4,0.498521,96.0,18.4368,260.92,1,GSI_field_inventory,observed_landslide,Assam,26.17756,91.76589,
74.9,238.0,302.5,0.451313,88.0,2.0728,90.0,0,spatial_background_sample,spatial_background_reference,Assam,26.681735,92.138303,2022-05-14
21.4,54.9,210.0,0.427753,1073.0,10.8847,22.336,0,spatial_background_sample,spatial_background_reference,Arunachal Pradesh,27.741923,93.157091,2016-07-17
5.8,32.8,64.8,0.307738,5179.0,24.7,28.4925,0,spatial_background_sample,spatial_background_reference,Sikkim,27.83136,88.409415,2021-08-27
6.5,55.1,99.4,0.42425,288.0,37.5593,359.3216,1,GSI_field_inventory,observed_landslide,Arunachal Pradesh,27.254756,93.801303,
0.0,0.0,11.4,0.307871,6282.0,37.4202,56.6692,0,spatial_background_sample,spatial_background_reference,Sikkim,27.712406,88.310198,2022-05-29
31.2,94.3,112.9,0.462375,22.0,2.9547,160.0211,0,spatial_background_sample,spatial_background_reference,Tripura,23.52639,91.447192,2018-05-18
3.0,105.8,214.3,0.480427,450.0,17.3562,163.3738,1,GSI_field_inventory,observed_landslide,Assam,25.164,93.04019444,
14.4,26.5,46.3,0.450979,77.0,3.4544,36.5245,0,spatial_background_sample,spatial_background_reference,Meghalaya,25.823212,90.288066,2013-08-06
16.8,16.8,19.6,0.399083,443.0,17.2966,333.7306,1,GSI_field_inventory,observed_landslide,Mizoram,24.458325,93.09439167,
5.7,15.6,38.0,0.484674,15.0,1.01,270.0,0,spatial_background_sample,spatial_background_reference,Tripura,23.485056,91.31106,2009-07-10
14.5,34.2,89.7,0.425092,3514.0,13.8678,31.6303,0,spatial_background_sample,spatial_background_reference,Arunachal Pradesh,29.047071,94.264005,2016-07-17
8.4,23.6,59.8,0.426976,4078.0,32.9872,184.8322,0,spatial_background_sample,spatial_background_reference,Sikkim,27.480956,88.118587,2022-10-10
61.9,120.9,163.8,0.376667,927.0,35.5707,100.7627,1,GSI_field_inventory,observed_landslide,Mizoram,23.67138889,92.72361111,
1.5,11.3,28.0,0.398341,40.0,4.4487,245.4388,0,spatial_background_sample,spatial_background_reference,Tripura,23.931308,91.625066,2009-07-10
76.3,128.6,228.4,0.427472,866.0,42.1566,301.1937,0,spatial_background_sample,spatial_background_reference,Arunachal Pradesh,28.730469,94.78657,2016-07-17
27.2,74.9,97.2,0.460378,36.0,2.9547,340.0235,0,spatial_background_sample,spatial_background_reference,Tripura,23.508898,91.543151,2018-05-18
17.4,78.2,192.6,0.413406,75.0,19.8139,88.0689,1,GSI_field_inventory,observed_landslide,Mizoram,24.44857778,93.15738611,
63.7,135.0,335.7,0.491628,989.0,3.7006,180.0,0,spatial_background_sample,spatial_background_reference,Meghalaya,25.43467,90.521587,2020-05-26
21.5,113.7,153.8,0.417132,1886.0,37.7389,349.0854,0,spatial_background_sample,spatial_background_reference,Arunachal Pradesh,28.031568,96.680291,2016-04-22
11.0,61.3,231.5,0.492046,532.0,25.94,68.5525,0,spatial_background_sample,spatial_background_reference,Nagaland,26.766633,94.840222,2024-07-06
59.4,136.2,158.7,0.411109,1226.0,15.0131,90.0,0,spatial_background_sample,spatial_background_reference,Manipur,25.262695,93.903402,2011-05-31
5.2,18.6,76.2,0.491695,522.0,17.974,314.2496,0,spatial_background_sample,spatial_background_reference,Meghalaya,25.235513,92.551889,2007-09-15
5.0,14.9,34.7,0.399095,66.0,5.1195,280.3978,0,spatial_background_sample,spatial_background_reference,Tripura,23.440421,91.744657,2009-07-10
13.3,64.2,79.3,0.38874,111.0,11.377,61.1738,0,spatial_background_sample,spatial_background_reference,Tripura,23.472735,91.78453,2018-05-18
13.0,53.7,109.4,0.361254,6405.0,12.643,305.2172,0,spatial_background_sample,spatial_background_reference,Arunachal Pradesh,28.074142,92.669573,2016-07-17
3.6,36.3,54.9,0.419405,5314.0,27.9075,148.7404,0,spatial_background_sample,spatial_background_reference,Sikkim,28.055116,88.672312,2014-07-01
43.5,94.6,119.9,0.387775,38.0,12.778,141.6534,0,spatial_background_sample,spatial_background_reference,Tripura,23.16888,91.34136,2018-05-18
4.9,18.2,50.6,0.424833,3967.0,33.0085,327.8105,0,spatial_background_sample,spatial_background_reference,Sikkim,27.407284,88.057712,2022-05-29
3.0,15.5,80.7,0.426813,935.0,26.0189,30.5433,0,spatial_background_sample,spatial_background_reference,Manipur,24.139856,93.753219,2008-07-01
46.0,82.9,118.4,0.496763,302.0,13.8788,289.0996,0,spatial_background_sample,spatial_background_reference,Meghalaya,25.801191,90.662434,2019-07-07
4.2,8.5,12.6,0.386482,148.0,10.2784,348.7631,0,spatial_background_sample,spatial_background_reference,Tripura,23.772779,91.910723,2009-07-10
12.3,39.9,109.2,0.46847,70.0,2.9616,200.3448,0,spatial_background_sample,spatial_background_reference,Assam,25.978813,92.757397,2022-05-16
26.6,52.6,123.6,0.424848,2256.0,35.357,131.3671,0,spatial_background_sample,spatial_background_reference,Arunachal Pradesh,28.285332,93.827016,2016-07-17
0.0,46.3,61.1,0.421812,4867.0,17.1911,353.2261,0,spatial_background_sample,spatial_background_reference,Sikkim,27.601485,88.181343,2012-07-17
0.3,5.2,11.8,0.388394,51.0,5.7733,298.671,0,spatial_background_sample,spatial_background_reference,Tripura,24.303445,91.944142,2009-07-10
41.0,89.4,133.4,0.42022,1376.0,45.1794,336.3357,0,spatial_background_sample,spatial_background_reference,Arunachal Pradesh,28.267783,95.437941,2016-04-22
70.5,124.0,174.4,0.381036,79.0,18.8565,109.3546,0,spatial_background_sample,spatial_background_reference,Meghalaya,25.410947,89.911182,2025-05-30
18.0,100.1,235.0,0.461836,2936.0,30.3135,174.6333,0,spatial_background_sample,spatial_background_reference,Arunachal Pradesh,27.491373,96.911447,2016-07-17
33.9,86.2,104.5,0.46986,57.0,13.6342,306.8674,0,spatial_background_sample,spatial_background_reference,Tripura,23.56839,91.541753,2018-05-18
57.4,292.5,455.3,0.336731,109.0,10.9414,90.0,0,spatial_background_sample,spatial_background_reference,Mizoram,23.064923,92.409589,2025-05-31
15.1,58.6,71.9,0.378866,188.0,24.732,276.0451,0,spatial_background_sample,spatial_background_reference,Tripura,23.394131,91.813525,2018-05-18
10.4,29.3,133.7,0.49875,62.0,5.324,177.2264,1,GSI_field_inventory,observed_landslide,Assam,26.1755,91.76175,
1.9,63.2,132.6,0.490726,773.0,17.6067,127.6929,0,spatial_background_sample,spatial_background_reference,Assam,25.647671,92.609758,2016-05-22
11.9,34.9,60.2,0.422976,1851.0,34.8941,217.9782,0,spatial_background_sample,spatial_background_reference,Manipur,25.284703,93.861483,2008-06-19
122.9,249.0,337.3,0.474357,105.0,0.0,180.0,0,spatial_background_sample,spatial_background_reference,Assam,27.565937,95.005745,2022-05-14
22.3,96.9,136.9,0.494839,1042.0,18.1182,92.8326,0,spatial_background_sample,spatial_background_reference,Arunachal Pradesh,27.050323,93.113702,2016-07-17
21.4,75.5,91.2,0.460333,68.0,5.0398,336.4571,0,spatial_background_sample,spatial_background_reference,Tripura,23.356371,91.464591,2018-05-18
17.1,41.0,72.6,0.472821,31.0,1.3682,312.6079,0,spatial_background_sample,spatial_background_reference,Tripura,23.102701,91.540254,2009-07-10
15.8,37.2,50.3,0.421673,2977.0,12.4487,48.7596,0,spatial_background_sample,spatial_background_reference,Arunachal Pradesh,28.755407,96.037632,2016-04-22
29.6,46.3,111.9,0.493109,492.0,35.7049,108.3594,0,spatial_background_sample,spatial_background_reference,Meghalaya,25.73847,91.436707,2020-05-26
4.4,13.0,34.2,0.392342,114.0,1.3711,132.4989,0,spatial_background_sample,spatial_background_reference,Tripura,23.609389,91.88963,2009-07-10
31.2,110.7,184.1,0.460814,189.0,2.9607,200.2962,0,spatial_background_sample,spatial_background_reference,Assam,25.670203,92.938171,2022-05-14
16.2,20.2,80.7,0.392292,90.0,3.84,195.5047,0,spatial_background_sample,spatial_background_reference,Meghalaya,25.685637,89.963858,2025-05-28
21.4,63.0,73.1,0.47114,112.0,0.0,180.0,0,spatial_background_sample,spatial_background_reference,Assam,27.322871,95.19479,2017-06-13
43.5,123.4,181.7,0.427101,2405.0,35.5219,329.398,0,spatial_background_sample,spatial_background_reference,Arunachal Pradesh,27.141638,92.362011,2016-07-16
0.2,20.7,264.2,0.425586,299.0,8.9707,307.9213,0,spatial_background_sample,spatial_background_reference,Manipur,24.643328,94.527749,2007-09-10
0.3,5.2,11.8,0.395908,105.0,5.0451,336.3187,0,spatial_background_sample,spatial_background_reference,Tripura,24.21191,91.927707,2009-07-10
20.4,20.9,28.8,0.406333,319.0,22.9446,254.4743,1,GSI_field_inventory,observed_landslide,Mizoram,24.10506389,93.09593611,
18.0,66.3,87.0,0.39574,80.0,0.9264,0.0,0,spatial_background_sample,spatial_background_reference,Tripura,23.952902,92.008157,2018-05-18
38.5,146.3,233.7,0.446348,81.0,3.4654,323.2304,0,spatial_background_sample,spatial_background_reference,Assam,26.856784,93.676091,2022-05-14
3.1,23.8,194.6,0.488496,366.0,17.2713,77.9933,0,spatial_background_sample,spatial_background_reference,Meghalaya,25.32662,90.865338,2007-08-18
25.7,31.1,33.8,0.425073,574.0,36.5677,124.5682,1,GSI_field_inventory,observed_landslide,Sikkim,27.40251944,88.51868056,
7.3,12.1,63.7,0.420594,633.0,17.3244,101.2218,1,GSI_field_inventory,observed_landslide,Mizoram,24.12715278,93.53351389,
25.4,77.9,191.2,0.493987,272.0,10.4437,151.312,0,spatial_background_sample,spatial_background_reference,Manipur,23.97475,94.179827,2008-07-01
112.4,184.5,281.9,0.428388,2215.0,46.7955,112.313,0,spatial_background_sample,spatial_background_reference,Sikkim,27.569126,88.445713,2021-05-18
29.4,71.2,104.9,0.410964,3149.0,29.689,339.3759,0,spatial_background_sample,spatial_background_reference,Arunachal Pradesh,27.663985,92.093901,2016-04-22
17.6,70.3,87.7,0.380412,170.0,8.3397,6.9127,0,spatial_background_sample,spatial_background_reference,Tripura,23.584423,91.740342,2018-05-18
9.2,88.0,132.4,0.38357,488.0,28.851,356.3012,0,spatial_background_sample,spatial_background_reference,Manipur,24.503509,94.361271,2011-05-31
21.9,82.6,165.6,0.489265,100.0,2.965,159.4816,0,spatial_background_sample,spatial_background_reference,Assam,27.042697,94.892091,2016-05-22
20.4,73.1,89.9,0.466682,59.0,0.9264,180.0,0,spatial_background_sample,spatial_background_reference,Tripura,23.417698,91.649416,2018-05-18
11.0,20.5,27.9,0.357049,5029.0,27.0869,27.7179,0,spatial_background_sample,spatial_background_reference,Sikkim,27.912682,88.747649,2023-10-04
26.9,32.7,87.2,0.411885,4377.0,29.7554,300.6056,0,spatial_background_sample,spatial_background_reference,Sikkim,27.464466,88.235146,2025-07-19
55.3,89.1,100.4,0.409256,38.0,1.3875,311.8818,0,spatial_background_sample,spatial_background_reference,Assam,26.27569,90.916385,2018-06-14
61.9,120.9,163.8,0.376667,997.0,19.9527,279.6258,1,GSI_field_inventory,observed_landslide,Mizoram,23.67388889,92.71472222,
71.9,196.1,239.7,0.478862,306.0,11.1479,294.2217,0,spatial_background_sample,spatial_background_reference,Meghalaya,25.874998,90.819016,2025-05-30
2.6,67.2,151.0,0.493865,927.0,4.2097,282.6901,0,spatial_background_sample,spatial_background_reference,Assam,25.748265,92.321749,2016-05-22
25.4,110.8,121.0,0.435507,273.0,3.1445,90.0,0,spatial_background_sample,spatial_background_reference,Arunachal Pradesh,27.995784,96.117381,2016-07-16
29.2,69.5,87.0,0.442007,30.0,6.116,138.9837,0,spatial_background_sample,spatial_background_reference,Tripura,23.108303,91.669234,2018-05-18
46.6,74.2,135.6,0.303725,64.0,3.2425,253.4161,0,spatial_background_sample,spatial_background_reference,Assam,26.693983,91.031996,2020-06-02
19.1,48.4,122.8,0.425836,2825.0,25.1907,355.5051,0,spatial_background_sample,spatial_background_reference,Arunachal Pradesh,28.684065,94.369898,2016-07-17
21.0,66.5,80.0,0.460333,43.0,4.7743,320.7507,0,spatial_background_sample,spatial_background_reference,Tripura,23.367851,91.523297,2018-05-18
16.6,43.5,108.9,0.392927,187.0,11.1129,305.186,0,spatial_background_sample,spatial_background_reference,Manipur,24.973588,93.337683,2018-06-22
3.9,21.2,32.2,0.341368,5396.0,47.9886,103.4761,0,spatial_background_sample,spatial_background_reference,Sikkim,27.912482,88.645672,2013-08-28
1.5,11.3,28.0,0.404493,84.0,15.1107,79.6508,0,spatial_background_sample,spatial_background_reference,Tripura,24.063515,91.798515,2009-07-10
15.2,76.6,98.8,0.443576,14.0,5.8945,19.9987,0,spatial_background_sample,spatial_background_reference,Tripura,23.667345,91.236446,2018-05-18
18.4,87.5,128.1,0.497885,994.0,13.0679,231.1223,1,GSI_field_inventory,observed_landslide,Nagaland,26.383648,94.440751,
21.5,113.7,153.8,0.422787,2769.0,28.5821,191.6455,0,spatial_background_sample,spatial_background_reference,Arunachal Pradesh,28.091657,96.653863,2016-04-22
18.0,66.9,83.7,0.398804,128.0,4.4464,114.5746,0,spatial_background_sample,spatial_background_reference,Tripura,23.850909,91.858716,2018-05-18
2.7,12.2,20.0,0.392342,137.0,2.0216,270.0,0,spatial_background_sample,spatial_background_reference,Tripura,23.628873,91.867701,2009-07-10
6.7,39.7,79.5,0.352437,5092.0,32.1535,25.8012,0,spatial_background_sample,spatial_background_reference,Sikkim,27.563994,88.135869,2012-06-26
0.3,5.2,11.8,0.379845,61.0,9.4756,106.8962,0,spatial_background_sample,spatial_background_reference,Tripura,24.321235,92.039234,2009-07-10
26.3,119.1,251.5,0.428201,2442.0,6.3773,125.3586,0,spatial_background_sample,spatial_background_reference,Arunachal Pradesh,27.505081,92.582098,2016-07-17
0.6,23.8,169.1,0.422503,31.0,4.2206,257.3432,0,spatial_background_sample,spatial_background_reference,Assam,26.068747,89.841159,2025-06-06
33.7,231.6,314.0,0.344942,385.0,19.5013,29.8297,0,spatial_background_sample,spatial_background_reference,Mizoram,23.379685,92.473593,2025-05-31
10.6,27.2,88.5,0.416561,630.0,19.4301,248.4869,0,spatial_background_sample,spatial_background_reference,Arunachal Pradesh,27.514505,94.175386,2016-07-17
36.7,120.7,258.8,0.426781,728.0,49.1454,11.7939,0,spatial_background_sample,spatial_background_reference,Arunachal Pradesh,27.197123,92.857841,2016-07-17
24.3,153.5,256.8,0.388427,829.0,14.647,192.7054,1,GSI_field_inventory,observed_landslide,Mizoram,23.760466,92.848969,
34.9,69.0,78.2,0.388439,125.0,1.3865,228.084,0,spatial_background_sample,spatial_background_reference,Assam,26.13592,93.903881,2022-05-13
14.1,59.2,80.9,0.385725,179.0,16.0657,66.8569,0,spatial_background_sample,spatial_background_reference,Tripura,23.664363,91.848209,2018-05-18
29.3,85.9,195.4,0.466609,241.0,7.7321,233.4552,0,spatial_background_sample,spatial_background_reference,Assam,27.201234,95.444764,2022-05-15
2.5,15.0,30.6,0.486214,50.0,3.0255,90.0,0,spatial_background_sample,spatial_background_reference,Tripura,23.39706,91.508677,2009-07-10
173.6,256.7,339.8,0.436646,909.0,16.1466,300.1758,0,spatial_background_sample,spatial_background_reference,Meghalaya,25.247284,92.53004,2020-05-26
57.3,288.1,399.0,0.383406,311.0,28.3307,202.5891,1,GSI_field_inventory,observed_landslide,Mizoram,23.297521,92.689449,
4.0,38.2,56.0,0.3595,763.0,14.7388,46.1906,1,GSI_field_inventory,observed_landslide,Mizoram,23.55944444,92.70833333,
78.3,106.5,155.3,0.473833,1090.0,26.7824,315.5267,1,GSI_field_inventory,observed_landslide,Meghalaya,25.296,91.932,
54.9,118.1,157.5,0.379417,852.0,13.6489,306.8678,1,GSI_field_inventory,observed_landslide,Mizoram,23.56666667,92.70888889,
17.6,34.6,60.2,0.482661,64.0,3.0207,90.0,0,spatial_background_sample,spatial_background_reference,Tripura,23.182992,91.645869,2009-07-10
6.5,82.8,251.1,0.429979,434.0,35.6121,133.5766,1,GSI_field_inventory,observed_landslide,Sikkim,27.23772,88.51384,
38.4,98.3,134.2,0.373802,1153.0,35.75,333.3582,1,GSI_field_inventory,observed_landslide,Mizoram,23.76972222,92.74472222,
13.5,53.2,68.8,0.367299,286.0,7.6462,307.0292,0,spatial_background_sample,spatial_background_reference,Manipur,25.146708,93.501719,2018-06-06
52.9,149.3,263.7,0.370573,872.0,22.7351,204.7909,1,GSI_field_inventory,observed_landslide,Mizoram,22.88042,92.821692,
16.2,60.6,82.0,0.400024,225.0,4.171,48.3039,0,spatial_background_sample,spatial_background_reference,Arunachal Pradesh,27.020345,92.864393,2016-04-22
0.3,5.2,11.8,0.373176,47.0,5.4808,312.3822,0,spatial_background_sample,spatial_background_reference,Tripura,24.13881,92.10635,2009-07-10
7.7,27.5,38.4,0.469897,264.0,1.3833,47.9632,0,spatial_background_sample,spatial_background_reference,Nagaland,25.635193,93.593906,2022-09-25
8.8,22.6,40.2,0.42443,3382.0,36.1273,342.2755,0,spatial_background_sample,spatial_background_reference,Arunachal Pradesh,29.17302,95.631173,2016-04-22
33.9,86.2,104.5,0.46986,35.0,4.6222,0.0,0,spatial_background_sample,spatial_background_reference,Tripura,23.560166,91.547683,2018-05-18
5.0,63.8,154.0,0.428435,4173.0,9.5254,258.8881,0,spatial_background_sample,spatial_background_reference,Sikkim,27.89129,88.521702,2012-07-17
17.1,41.0,72.6,0.482004,43.0,8.3753,208.5232,0,spatial_background_sample,spatial_background_reference,Tripura,23.07432,91.562246,2009-07-10
6.3,13.1,32.9,0.474612,29.0,2.7425,312.462,0,spatial_background_sample,spatial_background_reference,Tripura,23.778331,91.286092,2009-07-10
9.5,30.7,76.9,0.416083,3125.0,59.6362,68.3186,0,spatial_background_sample,spatial_background_reference,Sikkim,27.515001,88.316739,2022-08-25
31.2,59.4,126.2,0.481753,182.0,3.2795,106.3911,0,spatial_background_sample,spatial_background_reference,Arunachal Pradesh,28.061513,95.555027,2016-07-17
51.2,170.1,187.3,0.473482,58.0,7.5357,42.8287,0,spatial_background_sample,spatial_background_reference,Assam,25.971103,90.847583,2022-05-14
45.9,87.7,167.9,0.428165,3195.0,32.8297,244.7829,0,spatial_background_sample,spatial_background_reference,Sikkim,27.568843,88.341257,2021-05-18
21.9,91.8,171.3,0.383844,712.0,17.292,245.4478,0,spatial_background_sample,spatial_background_reference,Mizoram,23.984861,92.493058,2025-06-01
16.3,42.1,122.2,0.42597,3307.0,30.3253,204.1866,0,spatial_background_sample,spatial_background_reference,Arunachal Pradesh,28.704899,94.135096,2016-07-16
17.2,50.4,64.8,0.441161,78.0,15.9275,279.7868,0,spatial_background_sample,spatial_background_reference,Tripura,23.080141,91.790033,2018-05-18
19.3,47.8,128.8,0.42574,3711.0,19.5157,34.7957,0,spatial_background_sample,spatial_background_reference,Arunachal Pradesh,28.42809,94.170645,2016-07-16
20.4,73.1,89.9,0.466682,162.0,11.6646,340.0327,0,spatial_background_sample,spatial_background_reference,Tripura,23.44299,91.617862,2018-05-18
13.2,40.7,120.0,0.455688,542.0,29.259,98.3068,1,GSI_field_inventory,observed_landslide,Assam,25.14525,93.02916667,
3.0,105.8,214.3,0.480427,571.0,10.2271,122.5713,1,GSI_field_inventory,observed_landslide,Assam,25.17702778,93.02088889,
32.2,214.3,317.7,0.372094,997.0,34.4853,38.9504,1,GSI_field_inventory,observed_landslide,Mizoram,23.300787,92.853572,
6.6,27.5,81.1,0.493051,907.0,5.0534,336.1037,0,spatial_background_sample,spatial_background_reference,Meghalaya,25.47006,90.469075,2025-06-25
4.9,17.1,112.1,0.493833,114.0,11.7355,211.1063,0,spatial_background_sample,spatial_background_reference,Meghalaya,25.312875,90.302732,2023-08-10
8.0,13.8,29.1,0.364376,781.0,2.9573,339.8829,0,spatial_background_sample,spatial_background_reference,Manipur,24.489861,93.996654,2018-05-03
32.2,214.3,317.7,0.372094,972.0,23.3006,283.5867,1,GSI_field_inventory,observed_landslide,Mizoram,23.309286,92.850807,
0.8,5.7,10.4,0.424689,5790.0,8.3444,352.8249,0,spatial_background_sample,spatial_background_reference,Sikkim,28.039857,88.511286,2025-07-19
25.8,54.7,94.8,0.423315,4520.0,65.101,66.0908,0,spatial_background_sample,spatial_background_reference,Sikkim,27.543248,88.759071,2022-06-15
3.3,63.1,106.4,0.405354,34.0,2.7772,180.0,0,spatial_background_sample,spatial_background_reference,Meghalaya,25.72883,89.989964,2014-09-23
23.7,36.5,49.7,0.414534,4553.0,24.3655,62.3456,0,spatial_background_sample,spatial_background_reference,Sikkim,27.53058,88.168245,2023-10-04
1.5,11.3,28.0,0.402128,121.0,3.5578,301.3414,0,spatial_background_sample,spatial_background_reference,Tripura,24.006723,91.79352,2009-07-10
4.3,7.6,37.7,0.427805,5012.0,9.1305,127.1313,0,spatial_background_sample,spatial_background_reference,Sikkim,27.951561,88.624665,2024-07-21
8.8,22.3,31.8,0.407635,2108.0,25.4464,215.3563,0,spatial_background_sample,spatial_background_reference,Arunachal Pradesh,28.250999,94.05512,2016-04-22
29.7,46.0,151.6,0.423591,1569.0,22.196,244.1553,0,spatial_background_sample,spatial_background_reference,Arunachal Pradesh,28.273832,94.469664,2016-07-17
12.9,51.3,97.3,0.426121,3712.0,40.3832,8.6807,0,spatial_background_sample,spatial_background_reference,Arunachal Pradesh,28.15181,96.809633,2016-07-16
9.5,68.3,82.2,0.393012,38.0,3.4379,143.8507,0,spatial_background_sample,spatial_background_reference,Tripura,24.136137,92.002373,2018-05-18
6.9,13.2,30.5,0.388448,904.0,24.7462,220.1939,1,GSI_field_inventory,observed_landslide,Mizoram,24.285871,92.94599,
79.8,111.0,197.4,0.424187,2058.0,40.7181,12.3338,0,spatial_background_sample,spatial_background_reference,Arunachal Pradesh,28.41685,95.482853,2016-07-17
42.5,100.3,170.4,0.425921,2809.0,27.0634,223.2891,0,spatial_background_sample,spatial_background_reference,Arunachal Pradesh,28.722624,95.292358,2016-07-17
1.1,39.6,55.9,0.490254,218.0,20.4882,354.4551,0,spatial_background_sample,spatial_background_reference,Assam,26.399153,93.555025,2025-06-06
27.0,57.9,151.3,0.426327,4357.0,44.1772,226.9785,0,spatial_background_sample,spatial_background_reference,Sikkim,27.41518,88.090724,2012-06-22
13.9,60.8,122.6,0.426076,3821.0,26.8656,171.6909,0,spatial_background_sample,spatial_background_reference,Arunachal Pradesh,27.932399,97.109234,2016-07-17
23.7,33.4,68.9,0.427844,3282.0,9.787,32.4724,0,spatial_background_sample,spatial_background_reference,Arunachal Pradesh,29.193845,96.153426,2016-07-17
31.1,65.1,80.1,0.450195,40.0,0.9264,180.0,0,spatial_background_sample,spatial_background_reference,Tripura,23.226924,91.632884,2018-05-18
13.5,28.6,69.3,0.4261,4473.0,2.7956,311.4732,0,spatial_background_sample,spatial_background_reference,Sikkim,27.884647,88.403622,2022-06-15
2.9,6.4,22.6,0.417775,5557.0,24.3586,0.0,0,spatial_background_sample,spatial_background_reference,Sikkim,27.886494,88.32218,2024-07-21
29.8,77.7,97.2,0.457341,61.0,2.9537,160.0725,0,spatial_background_sample,spatial_background_reference,Tripura,23.154899,91.669178,2018-05-18
7.6,20.7,39.8,0.488574,43.0,4.4319,245.3393,0,spatial_background_sample,spatial_background_reference,Tripura,23.330574,91.37314,2009-07-10
54.9,118.1,157.5,0.379417,847.0,30.0885,298.812,1,GSI_field_inventory,observed_landslide,Mizoram,23.55,92.70444444,
13.8,46.7,133.0,0.473676,94.0,3.5996,59.0646,0,spatial_background_sample,spatial_background_reference,Assam,25.974442,93.054855,2016-05-18
51.3,149.2,256.6,0.49149,67.0,2.7772,0.0,0,spatial_background_sample,spatial_background_reference,Assam,26.555365,90.336795,2017-07-03
11.7,109.1,245.9,0.427624,3578.0,61.873,192.3865,0,spatial_background_sample,spatial_background_reference,Sikkim,27.563658,88.277692,2014-07-01
1.9,7.9,49.6,0.369872,4893.0,56.302,148.414,0,spatial_background_sample,spatial_background_reference,Sikkim,27.719256,88.406845,2025-07-19
86.4,126.3,166.3,0.496426,1304.0,16.6868,40.9592,0,spatial_background_sample,spatial_background_reference,Meghalaya,25.155001,92.621139,2024-06-15
4.8,15.9,31.7,0.482631,42.0,12.1406,227.4309,0,spatial_background_sample,spatial_background_reference,Tripura,23.284694,91.577416,2009-07-10
71.0,199.5,245.2,0.487262,62.0,10.2506,143.5832,0,spatial_background_sample,spatial_background_reference,Meghalaya,25.352654,90.331053,2009-07-01
5.6,86.0,175.4,0.405231,76.0,10.2836,191.3834,0,spatial_background_sample,spatial_background_reference,Meghalaya,25.436202,89.918116,2023-08-10
17.1,41.0,72.6,0.47807,39.0,1.3678,132.6248,0,spatial_background_sample,spatial_background_reference,Tripura,23.023192,91.572212,2009-07-10
69.1,165.7,265.8,0.420112,40.0,3.7006,180.0,0,spatial_background_sample,spatial_background_reference,Assam,26.400484,90.847387,2016-05-17
10.1,14.6,43.7,0.408329,4961.0,22.5246,144.9628,0,spatial_background_sample,spatial_background_reference,Sikkim,28.009421,88.613532,2012-06-22
24.2,54.1,134.2,0.425613,3615.0,37.8333,31.389,0,spatial_background_sample,spatial_background_reference,Arunachal Pradesh,28.424073,94.150415,2016-07-17
13.6,57.5,114.8,0.422999,734.0,16.9244,74.5918,0,spatial_background_sample,spatial_background_reference,Arunachal Pradesh,28.124973,94.451818,2016-07-16
0.3,5.2,11.8,0.375207,62.0,7.6153,52.7929,0,spatial_background_sample,spatial_background_reference,Tripura,24.344535,92.114793,2009-07-10
24.0,83.2,147.3,0.46926,84.0,4.1693,311.7167,0,spatial_background_sample,spatial_background_reference,Assam,26.938924,93.729379,2020-06-05
19.5,51.5,65.3,0.268945,59.0,10.219,243.3538,0,spatial_background_sample,spatial_background_reference,Meghalaya,25.419436,89.843585,2014-09-20
16.2,83.0,157.6,0.4305,43.0,1.0329,90.0,0,spatial_background_sample,spatial_background_reference,Assam,26.250769,91.082862,2017-07-04
31.1,144.7,192.9,0.474399,90.0,1.0393,90.0,0,spatial_background_sample,spatial_background_reference,Assam,26.961213,94.595139,2025-05-31
19.0,77.5,102.3,0.471704,38.0,2.9549,340.012,0,spatial_background_sample,spatial_background_reference,Tripura,23.591612,91.274641,2018-05-18
3.7,7.3,14.3,0.402177,5239.0,4.8508,139.6525,0,spatial_background_sample,spatial_background_reference,Sikkim,28.007498,88.709922,2022-06-15
36.9,74.9,141.6,0.425458,2864.0,67.9508,282.0972,0,spatial_background_sample,spatial_background_reference,Arunachal Pradesh,28.667814,95.344641,2016-07-16
4.0,29.5,52.4,0.276097,93.0,6.0941,40.7776,0,spatial_background_sample,spatial_background_reference,Mizoram,21.945397,92.903145,2025-05-24
1.3,4.6,43.2,0.424716,3767.0,26.6911,78.8737,0,spatial_background_sample,spatial_background_reference,Sikkim,27.747275,88.661604,2025-07-19
24.3,93.5,110.3,0.471704,33.0,2.9548,160.0146,0,spatial_background_sample,spatial_background_reference,Tripura,23.573133,91.291552,2018-05-18
20.7,67.8,93.3,0.36,5168.0,37.3759,321.554,0,spatial_background_sample,spatial_background_reference,Sikkim,27.732723,88.226408,2014-06-24
21.7,42.2,217.3,0.473094,49.0,3.1728,151.1724,1,GSI_field_inventory,observed_landslide,Assam,24.70656,92.65008,
5.0,14.9,34.7,0.395037,94.0,10.0054,336.422,0,spatial_background_sample,spatial_background_reference,Tripura,23.576961,91.693401,2009-07-10
1.3,21.6,67.1,0.41651,430.0,41.9584,151.3693,1,GSI_field_inventory,observed_landslide,Mizoram,24.32836667,93.00923056,
24.2,60.5,78.1,0.456738,82.0,15.1728,302.4548,0,spatial_background_sample,spatial_background_reference,Tripura,23.275865,91.631411,2018-05-18
2.4,17.7,89.5,0.314246,190.0,4.5401,294.0332,0,spatial_background_sample,spatial_background_reference,Assam,26.893998,92.43296,2025-06-06
74.0,145.6,188.4,0.294832,67.0,6.3002,151.4907,0,spatial_background_sample,spatial_background_reference,Mizoram,22.996273,92.407577,2024-05-28
2.5,15.0,30.6,0.408042,77.0,8.1713,132.5048,0,spatial_background_sample,spatial_background_reference,Tripura,23.582499,91.554309,2009-07-10
4.8,15.9,31.7,0.482004,41.0,2.1081,151.4657,0,spatial_background_sample,spatial_background_reference,Tripura,23.136494,91.612215,2009-07-10
11.4,24.7,79.2,0.425464,3560.0,31.1519,148.87,0,spatial_background_sample,spatial_background_reference,Arunachal Pradesh,28.403391,93.252475,2016-07-17
5.9,10.5,51.8,0.410312,4826.0,3.6482,120.4784,0,spatial_background_sample,spatial_background_reference,Sikkim,28.017368,88.617351,2022-10-10
30.4,143.2,209.2,0.401946,29.0,4.954,55.9694,0,spatial_background_sample,spatial_background_reference,Meghalaya,25.791678,89.99094,2025-05-31
11.2,116.2,183.5,0.427268,2321.0,37.5958,296.1674,0,spatial_background_sample,spatial_background_reference,Arunachal Pradesh,27.237244,92.252225,2016-07-17
18.6,47.2,71.5,0.322484,189.0,4.168,131.7319,0,spatial_background_sample,spatial_background_reference,Assam,26.878582,92.205133,2018-08-24
20.3,80.8,141.1,0.42185,438.0,36.123,313.3786,0,spatial_background_sample,spatial_background_reference,Arunachal Pradesh,27.87347,95.053935,2016-07-17
46.6,110.1,282.7,0.426348,53.0,1.0349,90.0,0,spatial_background_sample,spatial_background_reference,Assam,26.480814,90.020613,2016-07-20
27.0,87.2,106.2,0.394906,95.0,5.5222,326.7448,0,spatial_background_sample,spatial_background_reference,Tripura,23.798182,91.765023,2018-05-18
136.7,225.9,231.0,0.322393,130.0,7.4673,137.7475,0,spatial_background_sample,spatial_background_reference,Mizoram,23.458645,92.350945,2024-05-28
41.3,64.3,115.9,0.425408,4098.0,52.702,253.5432,0,spatial_background_sample,spatial_background_reference,Arunachal Pradesh,29.151366,94.660027,2016-07-17
20.6,67.7,191.3,0.426713,3422.0,65.6686,92.9337,0,spatial_background_sample,spatial_background_reference,Sikkim,27.643041,88.39183,2024-07-21
64.2,174.3,227.0,0.462869,52.0,0.9264,0.0,0,spatial_background_sample,spatial_background_reference,Assam,26.590877,90.846957,2022-05-14
2.9,27.3,67.4,0.38553,284.0,18.1519,189.4624,0,spatial_background_sample,spatial_background_reference,Meghalaya,25.843081,90.754498,2022-04-04
1.7,4.0,6.9,0.397923,4824.0,37.0748,299.4847,0,spatial_background_sample,spatial_background_reference,Sikkim,27.747726,88.326446,2022-08-25
16.1,23.5,92.7,0.323001,5447.0,30.2629,36.5197,0,spatial_background_sample,spatial_background_reference,Sikkim,27.775937,88.256296,2012-06-22
3.2,8.7,39.5,0.484345,683.0,13.5628,36.4542,0,spatial_background_sample,spatial_background_reference,Meghalaya,25.517005,90.954018,2009-07-17
2.5,7.3,46.9,0.428344,4847.0,18.0691,340.3336,0,spatial_background_sample,spatial_background_reference,Sikkim,27.920619,88.363685,2014-08-26
2.2,52.7,73.3,0.448098,779.0,5.0478,23.7503,0,spatial_background_sample,spatial_background_reference,Manipur,24.624998,94.039845,2007-08-28
0.3,5.2,11.8,0.375207,174.0,10.9558,146.6466,0,spatial_background_sample,spatial_background_reference,Tripura,24.278073,92.079161,2009-07-10
35.9,174.0,240.3,0.489613,146.0,2.7928,48.4757,0,spatial_background_sample,spatial_background_reference,Arunachal Pradesh,27.689308,95.916424,2016-04-22
0.0,0.0,1.1,0.401289,4753.0,44.736,168.2817,0,spatial_background_sample,spatial_background_reference,Sikkim,27.888161,88.496429,2022-11-20
26.9,32.7,87.2,0.399615,4743.0,37.5071,53.8513,0,spatial_background_sample,spatial_background_reference,Sikkim,27.494678,88.277333,2025-07-19
29.7,46.0,151.6,0.423591,1511.0,23.6301,27.503,0,spatial_background_sample,spatial_background_reference,Arunachal Pradesh,28.316916,94.552882,2016-07-17
49.4,126.3,165.8,0.376667,900.0,24.279,202.4686,1,GSI_field_inventory,observed_landslide,Mizoram,23.7175,92.70666667,
33.5,134.3,322.5,0.491195,56.0,3.6136,59.1977,0,spatial_background_sample,spatial_background_reference,Assam,26.586225,90.784509,2017-07-04
8.3,62.5,121.0,0.47724,650.0,30.4951,84.0837,1,GSI_field_inventory,observed_landslide,Assam,25.17483,93.019861,
3.4,30.8,57.7,0.449219,1216.0,29.4382,142.0743,1,GSI_field_inventory,observed_landslide,Mizoram,24.49112222,93.62215556,
1.5,5.1,29.8,0.426649,4226.0,39.522,265.5034,0,spatial_background_sample,spatial_background_reference,Sikkim,27.782617,88.758142,2022-05-29
36.9,74.9,141.6,0.427241,2678.0,10.5421,127.46,0,spatial_background_sample,spatial_background_reference,Arunachal Pradesh,28.874486,95.238317,2016-07-16
23.7,33.4,68.9,0.427119,4485.0,33.4677,133.2251,0,spatial_background_sample,spatial_background_reference,Arunachal Pradesh,29.219757,96.286352,2016-07-17
8.3,63.3,135.3,0.42796,5050.0,11.9309,107.8245,0,spatial_background_sample,spatial_background_reference,Sikkim,27.84362,88.874509,2014-07-01
15.6,83.0,106.3,0.395045,51.0,6.8457,143.9132,0,spatial_background_sample,spatial_background_reference,Tripura,23.841117,91.643901,2018-05-18
13.3,34.4,83.6,0.268129,903.0,21.8673,147.7881,0,spatial_background_sample,spatial_background_reference,Manipur,24.906647,93.336919,2018-05-03
76.9,149.1,183.0,0.376667,1000.0,18.1742,255.7265,1,GSI_field_inventory,observed_landslide,Mizoram,23.672069,92.7099293,
20.8,48.9,101.5,0.496409,811.0,13.0081,50.9544,0,spatial_background_sample,spatial_background_reference,Meghalaya,25.680557,90.952438,2022-06-17
17.6,34.6,60.2,0.400799,93.0,5.1166,79.5962,0,spatial_background_sample,spatial_background_reference,Tripura,23.362115,91.801496,2009-07-10
12.2,19.4,37.4,0.457671,117.0,2.1268,150.5543,0,spatial_background_sample,spatial_background_reference,Assam,27.661442,95.322408,2024-05-24
13.6,27.9,42.7,0.415124,2443.0,28.0729,14.0321,0,spatial_background_sample,spatial_background_reference,Arunachal Pradesh,28.92348,95.087133,2016-04-22
12.3,55.0,163.9,0.423052,902.0,22.6945,289.7977,1,GSI_field_inventory,observed_landslide,Mizoram,23.74194444,92.71305556,
21.4,105.1,226.3,0.428048,3410.0,47.8097,250.2995,0,spatial_background_sample,spatial_background_reference,Sikkim,27.455163,88.183091,2014-08-26
36.1,112.4,151.1,0.435507,416.0,3.6493,300.468,0,spatial_background_sample,spatial_background_reference,Arunachal Pradesh,28.061888,96.152059,2016-07-16
22.7,51.0,69.7,0.416234,110.0,0.9264,0.0,0,spatial_background_sample,spatial_background_reference,Arunachal Pradesh,26.969345,93.603211,2016-07-16
13.8,27.1,80.8,0.413397,4714.0,38.962,1.296,0,spatial_background_sample,spatial_background_reference,Sikkim,27.866387,88.618183,2021-06-18
38.2,136.1,199.9,0.445894,1259.0,33.7011,186.2722,0,spatial_background_sample,spatial_background_reference,Arunachal Pradesh,27.420403,96.727923,2016-07-16
25.9,80.3,105.2,0.394403,120.0,10.8333,338.3527,0,spatial_background_sample,spatial_background_reference,Tripura,23.619105,91.57486,2018-05-18
18.8,125.0,235.3,0.425632,3634.0,26.8142,232.5677,0,spatial_background_sample,spatial_background_reference,Sikkim,27.586472,88.27639,2012-07-17
29.6,32.4,35.2,0.478943,137.0,15.6313,103.3656,0,spatial_background_sample,spatial_background_reference,Nagaland,27.000839,95.165837,2023-10-02
8.2,160.9,195.2,0.492683,149.0,3.1329,90.0,0,spatial_background_sample,spatial_background_reference,Arunachal Pradesh,27.593701,95.845426,2016-07-17
49.4,126.3,165.8,0.376667,917.0,24.936,104.1059,1,GSI_field_inventory,observed_landslide,Mizoram,23.73472222,92.695,
32.1,154.9,258.3,0.39324,534.0,39.0866,56.4256,1,GSI_field_inventory,observed_landslide,Mizoram,23.807952,92.834037,
3.8,56.8,107.1,0.479938,125.0,5.054,156.0884,0,spatial_background_sample,spatial_background_reference,Assam,25.556815,92.997493,2016-05-17
29.5,148.6,152.4,0.479454,47.0,1.3855,131.9535,0,spatial_background_sample,spatial_background_reference,Assam,25.981421,91.077488,2017-06-13
1.2,24.0,184.4,0.41046,102.0,1.0376,90.0,0,spatial_background_sample,spatial_background_reference,Assam,26.770227,92.439166,2016-05-22
10.4,55.7,99.2,0.420073,4873.0,38.5521,110.1776,0,spatial_background_sample,spatial_background_reference,Sikkim,27.589749,88.193976,2021-08-27
17.7,43.4,137.5,0.425534,2698.0,24.3124,47.1539,0,spatial_background_sample,spatial_background_reference,Arunachal Pradesh,28.515429,93.839855,2016-07-16
2.7,14.6,44.4,0.48242,213.0,16.6697,115.5945,0,spatial_background_sample,spatial_background_reference,Assam,26.086812,93.278764,2020-06-02
15.5,62.2,78.2,0.404479,95.0,7.295,255.3672,0,spatial_background_sample,spatial_background_reference,Tripura,23.96141,91.879406,2018-05-18
27.9,119.3,223.3,0.3665,800.0,13.4304,38.7776,1,GSI_field_inventory,observed_landslide,Mizoram,23.069585,92.765797,
14.8,63.2,88.8,0.406409,40.0,6.7641,17.3877,0,spatial_background_sample,spatial_background_reference,Tripura,24.160875,91.672278,2018-05-18
6.3,13.1,32.9,0.445235,19.0,4.899,235.5316,0,spatial_background_sample,spatial_background_reference,Tripura,23.752682,91.249129,2009-07-10
59.1,147.6,231.1,0.427735,1482.0,2.9714,200.8489,0,spatial_background_sample,spatial_background_reference,Arunachal Pradesh,28.924692,95.039197,2016-07-17
49.4,108.6,154.4,0.377302,375.0,24.1043,86.3698,1,GSI_field_inventory,observed_landslide,Mizoram,23.73638889,92.8,
16.2,80.9,102.8,0.39176,116.0,29.8428,80.264,0,spatial_background_sample,spatial_background_reference,Tripura,23.780674,91.727312,2018-05-18
2.7,12.2,20.0,0.396973,186.0,12.4862,286.9824,0,spatial_background_sample,spatial_background_reference,Tripura,23.625363,91.757222,2009-07-10
0.0,5.5,12.4,0.301997,5556.0,35.2826,325.3525,0,spatial_background_sample,spatial_background_reference,Sikkim,27.83608,88.270828,2022-08-25
19.1,40.6,85.7,0.479426,96.0,2.7845,311.6754,0,spatial_background_sample,spatial_background_reference,Assam,27.10187,94.862046,2020-06-02
22.1,52.4,137.4,0.425402,2333.0,26.0739,64.5593,0,spatial_background_sample,spatial_background_reference,Arunachal Pradesh,28.570709,93.649597,2016-07-17
0.3,5.2,11.8,0.375207,167.0,26.2049,256.7042,0,spatial_background_sample,spatial_background_reference,Tripura,24.288196,92.08202,2009-07-10
9.6,30.5,46.9,0.488253,117.0,19.3871,214.1999,0,spatial_background_sample,spatial_background_reference,Meghalaya,25.943411,90.38859,2007-09-15
12.5,58.7,92.3,0.243981,100.0,28.926,251.2247,0,spatial_background_sample,spatial_background_reference,Mizoram,22.008578,92.934044,2024-05-28
0.1,3.9,10.9,0.380034,73.0,4.7318,347.6188,0,spatial_background_sample,spatial_background_reference,Tripura,24.344837,92.236634,2009-07-10
21.5,88.6,194.0,0.427164,4720.0,12.9151,350.8267,0,spatial_background_sample,spatial_background_reference,Arunachal Pradesh,27.793148,92.504582,2016-07-17
17.1,41.0,72.6,0.47807,31.0,5.8912,19.9086,0,spatial_background_sample,spatial_background_reference,Tripura,23.016552,91.565498,2009-07-10
5.2,12.4,22.7,0.299653,4754.0,33.0602,6.448,0,spatial_background_sample,spatial_background_reference,Sikkim,27.770029,88.307502,2024-08-21
32.9,61.6,122.6,0.426296,3376.0,21.1612,65.3096,0,spatial_background_sample,spatial_background_reference,Arunachal Pradesh,29.129955,95.756619,2016-07-17
18.5,39.5,181.1,0.488737,627.0,10.2144,270.0,0,spatial_background_sample,spatial_background_reference,Assam,26.184789,93.470766,2017-06-16
6.0,23.9,67.0,0.427208,4262.0,18.4056,261.6178,0,spatial_background_sample,spatial_background_reference,Sikkim,27.85952,88.532512,2015-07-08
25.9,52.0,181.9,0.48585,113.0,2.0904,90.0,0,spatial_background_sample,spatial_background_reference,Assam,27.624772,95.038408,2016-05-22
2.8,45.4,68.6,0.399353,771.0,2.9575,159.8729,0,spatial_background_sample,spatial_background_reference,Manipur,24.557829,93.913264,2007-08-28
104.6,261.5,322.1,0.500979,1325.0,15.4443,120.8427,1,GSI_field_inventory,observed_landslide,Meghalaya,25.281,91.57330556,
60.6,302.9,428.6,0.380031,728.0,20.8895,44.7283,1,GSI_field_inventory,observed_landslide,Mizoram,23.201843,92.579666,
17.6,34.6,60.2,0.476865,71.0,23.2595,250.2104,0,spatial_background_sample,spatial_background_reference,Tripura,23.142364,91.728543,2009-07-10
1.6,5.5,19.9,0.39236,5187.0,7.2632,120.4962,0,spatial_background_sample,spatial_background_reference,Sikkim,27.940841,88.764655,2025-09-11
11.2,34.2,128.6,0.466655,179.0,40.1711,221.6693,0,spatial_background_sample,spatial_background_reference,Nagaland,26.733432,94.822857,2024-06-01
2.3,9.2,14.3,0.471629,783.0,0.0,180.0,0,spatial_background_sample,spatial_background_reference,Manipur,24.740429,93.981975,2018-06-22
17.6,34.6,60.2,0.481198,106.0,6.3034,331.4372,0,spatial_background_sample,spatial_background_reference,Tripura,23.294567,91.715305,2009-07-10
0.3,5.2,11.8,0.371025,82.0,15.3039,103.6718,0,spatial_background_sample,spatial_background_reference,Tripura,24.188898,92.06981,2009-07-10
17.6,34.6,60.2,0.482278,61.0,7.1182,24.9907,0,spatial_background_sample,spatial_background_reference,Tripura,23.152176,91.686843,2009-07-10
6.7,19.7,62.6,0.491534,144.0,2.7819,48.276,0,spatial_background_sample,spatial_background_reference,Nagaland,26.909964,94.898053,2025-07-07
64.2,188.0,210.6,0.484824,286.0,8.5252,346.1256,0,spatial_background_sample,spatial_background_reference,Meghalaya,25.883758,90.682228,2025-05-30
15.2,76.6,98.8,0.443469,15.0,3.1691,106.9804,0,spatial_background_sample,spatial_background_reference,Tripura,23.641968,91.248251,2018-05-18
2.2,14.8,90.5,0.441354,466.0,17.3363,138.7577,1,GSI_field_inventory,observed_landslide,Assam,25.229556,93.1556,
27.2,41.3,86.5,0.407302,65.0,12.9203,188.9207,1,GSI_field_inventory,observed_landslide,Assam,24.478972,92.682861,
9.3,45.2,191.1,0.492012,64.0,0.9264,0.0,0,spatial_background_sample,spatial_background_reference,Assam,26.293406,92.75981,2016-05-18
76.3,128.6,228.4,0.426757,1329.0,35.6921,136.078,0,spatial_background_sample,spatial_background_reference,Arunachal Pradesh,28.823057,94.668277,2016-07-17
24.2,33.7,72.6,0.482411,97.0,2.7875,311.6213,0,spatial_background_sample,spatial_background_reference,Assam,27.313756,94.745413,2020-06-02
34.1,190.6,203.0,0.378656,101.0,0.9264,0.0,0,spatial_background_sample,spatial_background_reference,Assam,27.432221,94.434448,2025-05-31
19.6,89.5,123.9,0.487757,866.0,8.3418,7.0306,0,spatial_background_sample,spatial_background_reference,Meghalaya,25.717178,92.317768,2009-07-01
16.2,61.4,104.5,0.420612,1361.0,37.5072,242.3883,0,spatial_background_sample,spatial_background_reference,Arunachal Pradesh,28.397202,95.63156,2016-07-16
23.7,95.4,132.2,0.405021,858.0,31.1158,134.7467,1,GSI_field_inventory,observed_landslide,Mizoram,23.69805556,92.72277778,
50.4,164.3,199.3,0.457504,131.0,1.0477,270.0,0,spatial_background_sample,spatial_background_reference,Assam,27.850077,95.586137,2025-05-31
10.4,14.3,33.0,0.383652,5343.0,8.2809,321.0487,0,spatial_background_sample,spatial_background_reference,Sikkim,27.919832,88.770938,2022-10-10
18.0,66.9,83.7,0.398804,95.0,6.1265,98.6643,0,spatial_background_sample,spatial_background_reference,Tripura,23.893715,91.867031,2018-05-18
29.8,69.0,92.3,0.438436,47.0,12.3041,126.3759,0,spatial_background_sample,spatial_background_reference,Tripura,22.961342,91.621907,2018-05-18
23.4,42.9,166.2,0.490262,332.0,12.4096,116.162,0,spatial_background_sample,spatial_background_reference,Meghalaya,25.762798,90.817522,2007-08-18
5.5,11.2,19.7,0.419696,4011.0,22.1637,24.0809,0,spatial_background_sample,spatial_background_reference,Arunachal Pradesh,28.889281,94.114382,2016-04-22
32.2,214.3,317.7,0.372094,985.0,36.0554,262.9755,1,GSI_field_inventory,observed_landslide,Mizoram,23.286141,92.868152,
13.7,82.1,101.8,0.473958,59.0,4.4427,294.5967,0,spatial_background_sample,spatial_background_reference,Tripura,23.71833,91.372969,2018-05-18
0.5,0.5,0.5,0.304905,6203.0,40.0713,272.2032,0,spatial_background_sample,spatial_background_reference,Sikkim,27.767568,88.185628,2022-06-15
18.0,66.9,83.7,0.398804,109.0,2.2266,114.5743,0,spatial_background_sample,spatial_background_reference,Tripura,23.852631,91.907804,2018-05-18
2.8,8.7,24.7,0.41644,5156.0,29.1325,170.5456,0,spatial_background_sample,spatial_background_reference,Sikkim,27.980256,88.442518,2022-10-10
4.5,41.7,266.3,0.476356,88.0,3.6181,300.76,0,spatial_background_sample,spatial_background_reference,Assam,26.777619,93.122134,2025-06-04
4.9,7.1,17.7,0.36921,6458.0,61.8355,75.9717,0,spatial_background_sample,spatial_background_reference,Sikkim,27.943742,88.836699,2022-06-15
5.7,15.6,38.0,0.486573,44.0,4.4392,294.6174,0,spatial_background_sample,spatial_background_reference,Tripura,23.593501,91.352752,2009-07-10
73.5,121.3,280.6,0.428368,2741.0,32.7649,118.513,0,spatial_background_sample,spatial_background_reference,Sikkim,27.581318,88.460862,2012-06-22
11.6,85.1,100.4,0.32492,39.0,2.7709,228.0733,0,spatial_background_sample,spatial_background_reference,Assam,26.091902,90.328247,2017-06-13
43.7,84.0,106.9,0.430973,30.0,1.3681,132.6149,0,spatial_background_sample,spatial_background_reference,Tripura,23.070028,91.548444,2018-05-18
18.0,71.5,85.8,0.405372,100.0,4.6222,180.0,0,spatial_background_sample,spatial_background_reference,Tripura,23.927123,91.807834,2018-05-18
35.6,84.9,131.2,0.490704,1009.0,6.3103,125.7951,0,spatial_background_sample,spatial_background_reference,Meghalaya,25.661991,92.328679,2007-07-19
13.0,53.7,109.4,0.361254,6353.0,11.9525,252.2098,0,spatial_background_sample,spatial_background_reference,Arunachal Pradesh,28.065576,92.675613,2016-07-17
11.7,45.5,84.7,0.417254,1487.0,37.4439,18.1594,0,spatial_background_sample,spatial_background_reference,Arunachal Pradesh,28.265287,97.013901,2016-07-16
31.2,94.3,112.9,0.462375,21.0,1.3705,227.4797,0,spatial_background_sample,spatial_background_reference,Tripura,23.510868,91.412404,2018-05-18
3.8,10.9,70.3,0.420594,705.0,18.8698,5.9558,1,GSI_field_inventory,observed_landslide,Mizoram,24.090025,93.54191667,
14.2,30.9,103.9,0.423689,3172.0,14.1663,71.3189,0,spatial_background_sample,spatial_background_reference,Arunachal Pradesh,28.466387,93.43012,2016-07-17
36.1,62.5,122.1,0.425905,4024.0,51.9803,217.2078,0,spatial_background_sample,spatial_background_reference,Arunachal Pradesh,28.591691,96.115147,2016-07-17
0.0,3.4,107.7,0.412417,64.0,1.8523,0.0,0,spatial_background_sample,spatial_background_reference,Assam,26.499246,91.951124,2011-03-23
5.7,15.6,38.0,0.484674,15.0,0.9264,0.0,0,spatial_background_sample,spatial_background_reference,Tripura,23.522263,91.313322,2009-07-10
34.6,55.1,115.1,0.428113,3915.0,38.9217,80.7821,0,spatial_background_sample,spatial_background_reference,Arunachal Pradesh,29.274908,96.04743,2016-07-17
11.9,21.3,49.2,0.447414,344.0,9.0215,127.6663,0,spatial_background_sample,spatial_background_reference,Meghalaya,25.761882,90.327657,2025-05-28
10.3,18.6,34.3,0.33274,1006.0,41.3656,349.5854,1,GSI_field_inventory,observed_landslide,Mizoram,23.755925,92.726753,
8.6,60.8,75.4,0.408757,67.0,16.0981,66.9088,0,spatial_background_sample,spatial_background_reference,Tripura,23.989748,91.690841,2018-05-18
0.5,6.1,13.1,0.372784,93.0,10.0723,264.7771,0,spatial_background_sample,spatial_background_reference,Tripura,23.922303,92.057592,2009-07-10
48.4,63.9,194.6,0.492439,367.0,0.0,180.0,0,spatial_background_sample,spatial_background_reference,Meghalaya,25.612852,90.721088,2020-05-26
50.6,81.7,140.9,0.425991,2374.0,24.7471,18.7127,0,spatial_background_sample,spatial_background_reference,Arunachal Pradesh,28.98704,95.409887,2016-07-17
16.1,32.4,55.3,0.401501,420.0,21.0939,292.1641,0,spatial_background_sample,spatial_background_reference,Manipur,25.143293,93.487602,2007-08-24
35.4,71.6,90.2,0.444283,92.0,7.6349,344.7957,0,spatial_background_sample,spatial_background_reference,Tripura,23.091849,91.574174,2018-05-18
4.9,6.4,35.8,0.447659,347.0,29.9474,337.8469,0,spatial_background_sample,spatial_background_reference,Nagaland,26.727662,94.830024,2009-06-04
3.7,7.3,14.3,0.402177,5226.0,18.1871,133.5544,0,spatial_background_sample,spatial_background_reference,Sikkim,28.010931,88.697163,2022-06-15
7.6,9.3,30.2,0.286686,5585.0,33.5827,356.8384,0,spatial_background_sample,spatial_background_reference,Sikkim,27.977977,88.799058,2012-06-22
54.1,313.9,433.5,0.380031,863.0,13.9078,117.2333,1,GSI_field_inventory,observed_landslide,Mizoram,23.212919,92.558022,
0.7,1.2,10.8,0.384719,5277.0,3.2736,286.4215,0,spatial_background_sample,spatial_background_reference,Sikkim,27.850308,88.226665,2025-07-19
2.8,6.5,15.3,0.333107,5657.0,20.5246,298.366,0,spatial_background_sample,spatial_background_reference,Sikkim,27.929526,88.197978,2025-07-19
49.2,208.7,239.7,0.493723,128.0,18.8529,353.9593,0,spatial_background_sample,spatial_background_reference,Meghalaya,25.845187,90.558581,2025-05-30
1.6,28.4,83.4,0.454841,226.0,3.2193,106.7067,0,spatial_background_sample,spatial_background_reference,Assam,25.785918,93.490753,2014-06-27
11.7,45.5,84.7,0.422216,3661.0,41.2179,45.458,0,spatial_background_sample,spatial_background_reference,Arunachal Pradesh,28.291759,97.067672,2016-07-16
0.1,3.9,10.9,0.371025,70.0,2.1122,208.7358,0,spatial_background_sample,spatial_background_reference,Tripura,24.228769,92.141785,2009-07-10
5.5,47.2,140.3,0.359351,44.0,5.2355,100.1639,0,spatial_background_sample,spatial_background_reference,Assam,26.312816,90.384365,2016-04-18
27.4,180.2,269.9,0.366281,921.0,36.2804,291.6776,1,GSI_field_inventory,observed_landslide,Mizoram,23.1351,92.748694,
17.6,70.3,87.7,0.380412,49.0,8.8991,214.2954,0,spatial_background_sample,spatial_background_reference,Tripura,23.598547,91.664755,2018-05-18
8.8,44.5,62.6,0.418034,72.0,3.0859,90.0,0,spatial_background_sample,spatial_background_reference,Meghalaya,25.869739,90.298896,2007-09-15
55.7,86.2,157.5,0.426493,2302.0,16.5088,201.9566,0,spatial_background_sample,spatial_background_reference,Arunachal Pradesh,28.899323,95.69622,2016-07-17
15.2,76.6,98.8,0.443576,14.0,4.2143,151.3712,0,spatial_background_sample,spatial_background_reference,Tripura,23.656022,91.236584,2018-05-18
6.3,46.8,96.2,0.426076,4094.0,14.6434,171.9482,0,spatial_background_sample,spatial_background_reference,Arunachal Pradesh,27.916798,97.152062,2016-07-17
55.8,186.0,274.8,0.493815,182.0,16.8817,288.6441,0,spatial_background_sample,spatial_background_reference,Meghalaya,25.878685,90.476238,2024-06-17
3.5,80.7,110.1,0.417862,980.0,14.1531,45.1425,0,spatial_background_sample,spatial_background_reference,Manipur,25.233389,93.866401,2018-08-02
4.6,6.6,8.0,0.424833,5554.0,51.2853,294.5039,0,spatial_background_sample,spatial_background_reference,Sikkim,27.9778,88.335906,2022-06-15
73.5,121.3,280.6,0.427436,2668.0,33.9684,159.3967,0,spatial_background_sample,spatial_background_reference,Sikkim,27.543264,88.398397,2012-06-22
1.9,12.3,24.2,0.402751,102.0,4.0465,90.0,0,spatial_background_sample,spatial_background_reference,Tripura,23.897333,91.504882,2009-07-10
26.6,52.6,123.6,0.425583,699.0,33.3491,77.2246,0,spatial_background_sample,spatial_background_reference,Arunachal Pradesh,28.142562,93.664448,2016-07-17
13.6,29.0,162.0,0.496198,1247.0,18.3584,0.0,1,GSI_field_inventory,observed_landslide,Meghalaya,25.70087778,91.642902,
12.9,51.3,97.3,0.424853,2941.0,17.2878,242.1226,0,spatial_background_sample,spatial_background_reference,Arunachal Pradesh,28.162361,96.722684,2016-07-16
0.1,223.0,407.0,0.358708,223.0,2.2714,294.0584,0,spatial_background_sample,spatial_background_reference,Assam,26.759993,90.292393,2014-09-23
4.8,31.0,65.2,0.433677,862.0,18.3773,294.4675,1,GSI_field_inventory,observed_landslide,Mizoram,24.48338333,93.58848056,
8.6,60.8,75.4,0.408757,49.0,2.1114,331.3054,0,spatial_background_sample,spatial_background_reference,Tripura,24.010443,91.696691,2018-05-18
1.9,12.3,24.2,0.401341,45.0,2.0277,90.0,0,spatial_background_sample,spatial_background_reference,Tripura,24.018041,91.602062,2009-07-10
41.1,129.6,236.1,0.380969,791.0,34.1377,90.684,1,GSI_field_inventory,observed_landslide,Mizoram,23.180345,92.900082,
33.7,87.3,147.0,0.426198,3656.0,38.6723,158.3317,0,spatial_background_sample,spatial_background_reference,Arunachal Pradesh,28.901017,95.198164,2016-07-17
10.0,74.2,90.3,0.411153,61.0,4.9074,235.5995,0,spatial_background_sample,spatial_background_reference,Tripura,24.081198,91.84899,2018-05-18
1.9,12.3,24.2,0.401341,55.0,4.1141,227.5921,0,spatial_background_sample,spatial_background_reference,Tripura,24.023343,91.55831,2009-07-10
17.1,38.0,107.1,0.424177,805.0,21.0416,202.3759,0,spatial_background_sample,spatial_background_reference,Arunachal Pradesh,27.956518,93.852987,2016-07-17
2.8,50.4,114.6,0.415437,1206.0,15.4934,47.8116,1,GSI_field_inventory,observed_landslide,Manipur,24.99083,93.50583,
212.0,306.4,448.4,0.487052,1340.0,5.4943,315.6633,1,GSI_field_inventory,observed_landslide,Meghalaya,25.44177778,92.19558333,
34.7,80.1,100.1,0.320744,810.0,16.554,319.6047,0,spatial_background_sample,spatial_background_reference,Mizoram,22.577036,93.119473,2024-05-28
13.3,28.8,177.6,0.378192,62.0,10.2836,348.6155,0,spatial_background_sample,spatial_background_reference,Meghalaya,25.447718,89.922002,2018-05-07
43.6,101.8,139.5,0.42214,52.0,5.5256,228.0429,0,spatial_background_sample,spatial_background_reference,Meghalaya,25.966768,90.302477,2009-07-01
7.6,20.7,39.8,0.463299,38.0,7.9544,157.7844,0,spatial_background_sample,spatial_background_reference,Tripura,23.33638,91.338893,2009-07-10
0.9,9.4,20.4,0.404493,45.0,3.8366,15.3212,0,spatial_background_sample,spatial_background_reference,Tripura,24.144119,91.832951,2009-07-10
16.6,23.1,48.2,0.426662,3666.0,9.6417,79.0263,0,spatial_background_sample,spatial_background_reference,Arunachal Pradesh,29.241318,96.384607,2016-07-17
0.5,6.1,13.1,0.396208,70.0,2.7456,47.5969,0,spatial_background_sample,spatial_background_reference,Tripura,24.044999,91.92827,2009-07-10
14.0,81.7,102.6,0.403155,104.0,4.1503,102.8756,0,spatial_background_sample,spatial_background_reference,Tripura,23.889073,91.691295,2018-05-18
2.0,6.6,12.3,0.481257,186.0,4.1516,257.1286,0,spatial_background_sample,spatial_background_reference,Manipur,23.933236,94.180598,2018-06-22
22.1,52.5,168.8,0.423604,464.0,29.2062,349.915,1,GSI_field_inventory,observed_landslide,Mizoram,24.5606,93.13071389,
18.4,42.5,132.8,0.426104,2423.0,43.6198,74.2472,0,spatial_background_sample,spatial_background_reference,Arunachal Pradesh,28.17524,93.361644,2016-07-16
0.6,89.7,142.8,0.414629,39.0,4.149,48.0316,0,spatial_background_sample,spatial_background_reference,Meghalaya,25.919974,90.226306,2014-09-23
28.5,71.7,196.4,0.425871,2389.0,34.1718,12.435,0,spatial_background_sample,spatial_background_reference,Arunachal Pradesh,27.762334,93.238941,2016-07-16
51.2,111.6,129.0,0.486391,67.0,2.1211,209.1738,0,spatial_background_sample,spatial_background_reference,Assam,26.413479,92.563952,2017-06-13
6.8,59.2,121.5,0.427183,4462.0,26.8953,69.4721,0,spatial_background_sample,spatial_background_reference,Arunachal Pradesh,27.743511,92.279294,2016-07-17
16.1,23.5,92.7,0.35175,6304.0,22.8024,0.0,0,spatial_background_sample,spatial_background_reference,Sikkim,27.674572,88.153706,2012-06-22
34.6,55.1,115.1,0.427973,3055.0,40.0646,358.7373,0,spatial_background_sample,spatial_background_reference,Arunachal Pradesh,29.254387,95.932472,2016-07-17
62.0,123.0,185.2,0.381719,1060.0,22.0588,258.4782,1,GSI_field_inventory,observed_landslide,Mizoram,23.463164,92.854672,
21.5,88.6,194.0,0.427881,4494.0,7.2482,59.4333,0,spatial_background_sample,spatial_background_reference,Arunachal Pradesh,27.634816,92.395162,2016-07-17
9.3,31.8,49.2,0.408717,4458.0,13.0889,33.4312,0,spatial_background_sample,spatial_background_reference,Sikkim,27.917498,88.577397,2014-06-24
27.4,180.2,269.9,0.370698,881.0,24.8083,49.6184,1,GSI_field_inventory,observed_landslide,Mizoram,23.150939,92.748258,
23.2,74.7,91.4,0.386144,138.0,7.1245,25.1001,0,spatial_background_sample,spatial_background_reference,Tripura,23.808948,91.944205,2018-05-18
7.2,65.0,123.8,0.495344,1473.0,15.6348,280.8354,1,GSI_field_inventory,observed_landslide,Nagaland,26.08945,94.264217,
53.7,142.4,175.1,0.47531,284.0,15.3441,57.971,0,spatial_background_sample,spatial_background_reference,Meghalaya,25.363615,90.442062,2025-05-30
30.0,94.4,243.6,0.426311,3303.0,14.5396,175.9668,0,spatial_background_sample,spatial_background_reference,Arunachal Pradesh,27.574416,93.313087,2016-07-17
18.0,66.3,87.0,0.387527,78.0,12.1271,41.1919,0,spatial_background_sample,spatial_background_reference,Tripura,23.92253,91.973309,2018-05-18
40.4,170.2,258.5,0.426795,2780.0,40.9159,310.7658,0,spatial_background_sample,spatial_background_reference,Sikkim,27.530034,88.40418,2014-06-24
48.3,138.3,322.1,0.428153,2246.0,26.1595,342.6826,0,spatial_background_sample,spatial_background_reference,Arunachal Pradesh,27.779696,92.833311,2016-07-17
11.0,31.3,64.5,0.414923,4290.0,20.5685,219.1379,0,spatial_background_sample,spatial_background_reference,Sikkim,27.440072,88.085218,2022-08-25
15.1,100.0,135.2,0.425001,4231.0,40.7225,317.1027,0,spatial_background_sample,spatial_background_reference,Arunachal Pradesh,27.986352,97.137735,2016-04-22
9.3,31.8,49.2,0.414115,4990.0,54.7399,304.0668,0,spatial_background_sample,spatial_background_reference,Sikkim,27.968276,88.498632,2014-06-24
2.1,22.0,68.6,0.412219,983.0,20.6657,240.4257,1,GSI_field_inventory,observed_landslide,Mizoram,24.08927222,93.12408611,
35.5,116.7,201.1,0.427208,3026.0,43.4303,157.2737,0,spatial_background_sample,spatial_background_reference,Arunachal Pradesh,27.839399,96.7191,2016-07-17
12.0,72.0,91.0,0.409281,57.0,5.1414,79.6471,0,spatial_background_sample,spatial_background_reference,Tripura,24.017081,91.844371,2018-05-18
33.4,169.0,254.6,0.489317,931.0,3.2646,106.4679,0,spatial_background_sample,spatial_background_reference,Arunachal Pradesh,27.524487,96.559923,2016-04-22
50.3,103.7,135.9,0.378135,960.0,26.3733,224.757,1,GSI_field_inventory,observed_landslide,Mizoram,23.68305556,92.8575,
26.0,59.6,262.2,0.489632,60.0,2.1191,209.0735,0,spatial_background_sample,spatial_background_reference,Meghalaya,25.933408,90.409528,2007-08-18
7.8,21.9,106.0,0.495978,600.0,27.5313,60.243,0,spatial_background_sample,spatial_background_reference,Nagaland,26.709876,94.858147,2008-08-16
22.8,48.3,144.0,0.423307,3368.0,46.1218,212.9001,0,spatial_background_sample,spatial_background_reference,Sikkim,27.454164,88.148002,2021-05-18
6.8,38.0,79.4,0.410958,5616.0,42.0928,34.5744,0,spatial_background_sample,spatial_background_reference,Arunachal Pradesh,27.969485,92.736902,2016-07-17
16.8,69.0,88.9,0.374821,77.0,18.6664,51.5212,0,spatial_background_sample,spatial_background_reference,Tripura,23.492367,91.7471,2018-05-18
20.2,52.9,99.7,0.425912,3697.0,37.2419,1.3864,0,spatial_background_sample,spatial_background_reference,Arunachal Pradesh,28.463804,96.25675,2016-07-16
15.0,29.0,106.3,0.422789,1570.0,29.7351,111.5926,0,spatial_background_sample,spatial_background_reference,Arunachal Pradesh,28.007093,93.983326,2016-07-17
0.5,11.1,167.3,0.459784,400.0,2.7772,0.0,0,spatial_background_sample,spatial_background_reference,Nagaland,25.589503,93.60138,2024-06-01
79.4,123.8,130.6,0.367417,107.0,26.6417,152.5431,1,GSI_field_inventory,observed_landslide,Mizoram,24.526075,93.05379167,
136.3,218.0,224.7,0.322393,241.0,18.8444,79.0758,0,spatial_background_sample,spatial_background_reference,Mizoram,23.539634,92.374967,2024-05-28
24.4,91.0,102.8,0.462375,53.0,8.5159,166.3831,0,spatial_background_sample,spatial_background_reference,Tripura,23.454834,91.351227,2018-05-18
17.5,74.9,97.9,0.430659,70.0,5.1437,90.0,0,spatial_background_sample,spatial_background_reference,Assam,26.08435,92.872033,2022-05-14
108.1,218.0,354.6,0.485708,94.0,1.0387,90.0,0,spatial_background_sample,spatial_background_reference,Assam,26.892834,94.420346,2022-05-16
16.6,28.5,45.7,0.409094,4312.0,43.6136,213.7353,0,spatial_background_sample,spatial_background_reference,Arunachal Pradesh,27.595655,92.147418,2016-04-22
8.0,37.3,77.2,0.428385,4698.0,35.5756,39.7718,0,spatial_background_sample,spatial_background_reference,Sikkim,27.943484,88.511768,2021-08-27
3.0,105.8,214.3,0.480427,574.0,25.3901,92.9325,1,GSI_field_inventory,observed_landslide,Assam,25.17505556,93.02041667,
7.8,183.8,223.8,0.486391,221.0,8.3419,7.0394,0,spatial_background_sample,spatial_background_reference,Meghalaya,25.865997,90.64275,2025-05-31
34.7,150.0,185.6,0.398643,340.0,24.5107,186.7959,0,spatial_background_sample,spatial_background_reference,Meghalaya,25.963738,90.437814,2025-05-30
2.2,5.5,23.5,0.424689,5774.0,20.6046,320.7275,0,spatial_background_sample,spatial_background_reference,Sikkim,27.963524,88.525586,2025-07-19
0.0,11.1,192.3,0.42051,40.0,1.0338,90.0,0,spatial_background_sample,spatial_background_reference,Assam,26.35292,91.029828,2016-05-22
17.1,38.0,107.1,0.425201,2148.0,37.0046,247.2833,0,spatial_background_sample,spatial_background_reference,Arunachal Pradesh,27.893323,93.691599,2016-07-17
56.3,182.3,302.1,0.381208,945.0,30.059,225.0669,1,GSI_field_inventory,observed_landslide,Mizoram,23.271227,92.874544,
15.0,142.5,221.4,0.474749,83.0,3.1151,270.0,0,spatial_background_sample,spatial_background_reference,Assam,26.956584,94.126613,2016-05-18
17.7,42.9,234.1,0.422512,52.0,2.2664,245.8855,0,spatial_background_sample,spatial_background_reference,Assam,26.459302,90.926318,2014-06-27
15.6,83.0,106.3,0.398626,64.0,4.1116,132.4398,0,spatial_background_sample,spatial_background_reference,Tripura,23.879162,91.598764,2018-05-18
12.3,15.8,36.4,0.318149,5249.0,42.4375,53.0383,0,spatial_background_sample,spatial_background_reference,Sikkim,27.711414,88.297951,2022-06-15
48.3,138.3,322.1,0.427621,3828.0,16.2194,316.2709,0,spatial_background_sample,spatial_background_reference,Arunachal Pradesh,27.803764,92.683434,2016-07-17
56.8,201.2,256.8,0.390018,96.0,1.3939,131.6434,0,spatial_background_sample,spatial_background_reference,Assam,27.227459,94.098845,2022-05-14
0.6,18.4,46.1,0.338536,5697.0,28.4072,308.8893,0,spatial_background_sample,spatial_background_reference,Sikkim,27.943627,88.263004,2012-07-17
31.8,85.7,153.0,0.427226,2663.0,51.241,146.1838,0,spatial_background_sample,spatial_background_reference,Sikkim,27.576932,88.331343,2022-10-10
33.2,58.6,171.3,0.500571,319.0,8.0523,62.7947,0,spatial_background_sample,spatial_background_reference,Meghalaya,25.896595,90.486554,2007-07-25
5.0,14.9,34.7,0.396973,131.0,15.7456,290.1268,0,spatial_background_sample,spatial_background_reference,Tripura,23.623852,91.784986,2009-07-10
79.8,208.1,261.9,0.490824,562.0,25.6463,283.6359,0,spatial_background_sample,spatial_background_reference,Meghalaya,25.704365,90.844234,2025-05-30
31.3,169.4,249.5,0.47504,2475.0,46.8713,38.0368,0,spatial_background_sample,spatial_background_reference,Arunachal Pradesh,27.755866,96.504697,2016-04-22
2.8,6.8,19.3,0.422299,4783.0,42.0637,287.7345,0,spatial_background_sample,spatial_background_reference,Sikkim,27.850856,88.783955,2024-07-21
36.1,62.5,122.1,0.425905,3654.0,32.7968,38.9317,0,spatial_background_sample,spatial_background_reference,Arunachal Pradesh,28.535908,96.227879,2016-07-17
42.5,100.3,170.4,0.42589,3535.0,21.459,237.6724,0,spatial_background_sample,spatial_background_reference,Arunachal Pradesh,28.806675,95.365362,2016-07-17
5.7,35.5,57.9,0.392594,869.0,38.7004,86.8147,1,GSI_field_inventory,observed_landslide,Mizoram,23.69361111,92.7225,
6.4,14.6,33.2,0.405933,5353.0,5.6385,10.6871,0,spatial_background_sample,spatial_background_reference,Sikkim,27.975764,88.339889,2025-09-11
23.4,129.9,211.0,0.37299,772.0,17.6837,129.395,1,GSI_field_inventory,observed_landslide,Mizoram,23.10112,92.852784,
2.5,15.0,30.6,0.484092,30.0,8.395,123.2185,0,spatial_background_sample,spatial_background_reference,Tripura,23.540074,91.527271,2009-07-10
72.6,159.8,170.1,0.315525,159.0,8.5158,166.3881,0,spatial_background_sample,spatial_background_reference,Mizoram,23.405109,92.374709,2024-05-28
11.6,75.4,89.6,0.389427,66.0,11.0257,185.227,0,spatial_background_sample,spatial_background_reference,Tripura,24.365979,92.229993,2018-05-18
13.7,77.8,159.8,0.42643,3612.0,36.8509,86.289,0,spatial_background_sample,spatial_background_reference,Arunachal Pradesh,27.574737,96.889917,2016-07-17
36.7,120.7,258.8,0.426329,1301.0,18.0699,138.0208,0,spatial_background_sample,spatial_background_reference,Arunachal Pradesh,27.234609,92.842983,2016-07-17
0.1,3.9,10.9,0.371025,79.0,4.7863,39.4262,0,spatial_background_sample,spatial_background_reference,Tripura,24.18676,92.135235,2009-07-10
4.8,33.6,113.4,0.494115,631.0,13.8711,169.5146,1,GSI_field_inventory,observed_landslide,Nagaland,25.771451,93.907041,
9.5,68.3,82.2,0.384543,60.0,4.7314,347.6365,0,spatial_background_sample,spatial_background_reference,Tripura,24.15812,91.963751,2018-05-18
36.2,50.0,96.2,0.476254,571.0,12.794,4.53,0,spatial_background_sample,spatial_background_reference,Meghalaya,25.637056,90.890876,2018-05-07
0.3,5.2,11.8,0.375207,77.0,5.6326,349.6403,0,spatial_background_sample,spatial_background_reference,Tripura,24.257347,92.109435,2009-07-10
23.7,110.7,195.7,0.481159,101.0,5.0651,24.1941,0,spatial_background_sample,spatial_background_reference,Assam,27.090864,94.85485,2016-05-17
11.5,12.9,14.3,0.411405,2774.0,18.0273,353.5599,0,spatial_background_sample,spatial_background_reference,Sikkim,27.634526,88.478053,2023-10-04
10.4,29.3,133.7,0.49875,94.0,20.4432,357.226,1,GSI_field_inventory,observed_landslide,Assam,26.19038889,91.80994444,
22.8,75.5,95.6,0.410626,87.0,10.9762,65.3641,0,spatial_background_sample,spatial_background_reference,Tripura,23.481792,91.59659,2018-05-18
5.1,10.9,43.9,0.412222,5088.0,8.3847,276.2982,0,spatial_background_sample,spatial_background_reference,Sikkim,27.999363,88.55827,2021-06-18
31.2,195.0,337.7,0.473996,99.0,2.788,48.3884,0,spatial_background_sample,spatial_background_reference,Assam,27.351652,94.753895,2022-05-15
10.6,27.8,42.0,0.425366,4143.0,27.217,324.8287,0,spatial_background_sample,spatial_background_reference,Arunachal Pradesh,29.156497,94.609808,2016-04-22
0.5,0.5,0.5,0.304905,6059.0,32.484,326.9394,0,spatial_background_sample,spatial_background_reference,Sikkim,27.80496,88.18969,2022-06-15
10.3,16.1,56.7,0.411571,4556.0,42.7862,27.0045,0,spatial_background_sample,spatial_background_reference,Sikkim,27.757392,88.674481,2021-05-18
8.3,24.1,47.3,0.479784,75.0,0.9264,0.0,0,spatial_background_sample,spatial_background_reference,Assam,26.676245,93.30003,2020-06-02
61.9,120.9,163.8,0.380563,397.0,23.6053,159.2829,1,GSI_field_inventory,observed_landslide,Mizoram,23.61611111,92.79777778,
9.1,20.2,50.2,0.373769,4791.0,54.1168,321.6043,0,spatial_background_sample,spatial_background_reference,Sikkim,27.723742,88.424091,2024-07-21
0.3,5.2,11.8,0.378287,63.0,7.4874,317.5767,0,spatial_background_sample,spatial_background_reference,Tripura,24.234842,91.972437,2009-07-10
4.8,6.1,38.6,0.373884,5124.0,41.6029,158.2379,0,spatial_background_sample,spatial_background_reference,Sikkim,27.857764,88.602017,2021-05-18
7.0,11.4,27.4,0.370604,5048.0,5.5487,70.5556,0,spatial_background_sample,spatial_background_reference,Sikkim,28.046566,88.701227,2025-09-11
10.4,60.5,81.2,0.387522,100.0,3.1678,253.0127,0,spatial_background_sample,spatial_background_reference,Tripura,23.58569,91.813992,2018-05-18
13.3,32.2,51.8,0.424257,1899.0,8.4765,330.2253,0,spatial_background_sample,spatial_background_reference,Arunachal Pradesh,29.079915,96.043346,2016-04-22
13.0,79.7,192.3,0.480479,86.0,2.964,200.4679,0,spatial_background_sample,spatial_background_reference,Assam,26.73917,93.925603,2022-05-14
58.5,134.5,219.6,0.451859,70.0,2.7772,180.0,0,spatial_background_sample,spatial_background_reference,Assam,26.59184,90.554457,2016-05-17
57.3,288.1,399.0,0.383406,686.0,28.2593,27.3273,1,GSI_field_inventory,observed_landslide,Mizoram,23.306338,92.666573,
59.1,112.4,143.7,0.377302,698.0,24.5467,229.0257,1,GSI_field_inventory,observed_landslide,Mizoram,23.73111111,92.84638889,
51.0,84.3,152.9,0.42515,2320.0,35.3139,343.4691,0,spatial_background_sample,spatial_background_reference,Arunachal Pradesh,28.063713,96.339351,2016-07-17
88.4,264.3,363.0,0.49699,1031.0,34.7215,126.1447,1,GSI_field_inventory,observed_landslide,Meghalaya,25.315176,91.923021,
5.0,14.9,34.7,0.396318,65.0,8.3951,56.782,0,spatial_background_sample,spatial_background_reference,Tripura,23.542802,91.696953,2009-07-10
17.6,34.6,60.2,0.482631,93.0,9.7106,112.2075,0,spatial_background_sample,spatial_background_reference,Tripura,23.284734,91.642439,2009-07-10
51.6,197.9,321.3,0.366379,125.0,3.7006,0.0,0,spatial_background_sample,spatial_background_reference,Assam,26.882917,93.051833,2022-05-14
65.7,152.5,186.1,0.398894,80.0,10.2123,63.3344,0,spatial_background_sample,spatial_background_reference,Meghalaya,25.317507,89.976385,2009-07-01
18.6,91.1,111.9,0.399568,69.0,2.1108,208.6695,0,spatial_background_sample,spatial_background_reference,Tripura,23.876162,91.504495,2018-05-18
21.4,75.5,91.2,0.464432,40.0,5.1159,259.5947,0,spatial_background_sample,spatial_background_reference,Tripura,23.342475,91.395412,2018-05-18
8.9,32.1,65.5,0.424217,4441.0,44.5981,260.562,0,spatial_background_sample,spatial_background_reference,Arunachal Pradesh,28.233967,97.264522,2016-07-17
37.5,70.1,197.8,0.426548,3928.0,41.2798,354.0436,0,spatial_background_sample,spatial_background_reference,Sikkim,27.444827,88.220399,2012-06-22
13.5,28.6,69.3,0.3856,4463.0,20.3786,150.5247,0,spatial_background_sample,spatial_background_reference,Sikkim,27.7932,88.421306,2022-06-15
29.2,69.5,87.0,0.442007,29.0,10.8159,227.3833,0,spatial_background_sample,spatial_background_reference,Tripura,23.061451,91.665551,2018-05-18
25.7,34.0,105.0,0.416789,3236.0,62.606,205.1806,0,spatial_background_sample,spatial_background_reference,Sikkim,27.595213,88.289308,2025-07-19
24.5,51.5,108.5,0.425515,3122.0,37.8944,200.7925,0,spatial_background_sample,spatial_background_reference,Arunachal Pradesh,28.615374,96.067482,2016-07-17
5.6,64.3,278.2,0.49276,108.0,1.8523,0.0,0,spatial_background_sample,spatial_background_reference,Assam,26.482091,93.797718,2016-05-22
24.8,101.3,141.2,0.405708,1166.0,42.5093,309.4768,1,GSI_field_inventory,observed_landslide,Mizoram,23.76972222,92.76,
54.9,118.1,157.5,0.379844,834.0,32.0217,334.9504,1,GSI_field_inventory,observed_landslide,Mizoram,23.50861111,92.69805556,
8.9,28.0,44.1,0.353033,5011.0,8.3442,187.1665,0,spatial_background_sample,spatial_background_reference,Sikkim,27.909021,88.247922,2014-06-24
118.4,169.1,246.8,0.360625,860.0,12.3262,148.4223,1,GSI_field_inventory,observed_landslide,Mizoram,23.139887,92.751646,
28.1,36.5,59.5,0.414624,3676.0,42.1368,49.9543,0,spatial_background_sample,spatial_background_reference,Sikkim,27.482504,88.731823,2023-10-04
21.5,68.8,120.5,0.423637,2196.0,55.3353,225.2155,0,spatial_background_sample,spatial_background_reference,Arunachal Pradesh,28.087647,97.044076,2016-07-16
11.1,39.2,65.6,0.393313,670.0,32.5817,318.9004,1,GSI_field_inventory,observed_landslide,Mizoram,23.774,92.848,
0.0,0.0,1.8,0.405196,4229.0,7.5933,223.3009,0,spatial_background_sample,spatial_background_reference,Sikkim,27.836442,88.459984,2022-11-20
60.8,87.2,158.2,0.424186,1809.0,46.6341,156.3993,0,spatial_background_sample,spatial_background_reference,Arunachal Pradesh,28.671505,95.710061,2016-07-17
58.0,149.6,195.9,0.300196,472.0,35.7199,213.6977,0,spatial_background_sample,spatial_background_reference,Arunachal Pradesh,26.920508,92.278765,2016-07-16
2.4,34.5,72.2,0.442149,836.0,16.6625,220.8571,0,spatial_background_sample,spatial_background_reference,Manipur,24.711186,94.016772,2008-06-19
4.3,8.5,63.6,0.390951,4904.0,18.8561,18.752,0,spatial_background_sample,spatial_background_reference,Sikkim,27.91172,88.736205,2014-08-26
15.6,83.0,106.3,0.398626,62.0,4.782,39.3622,0,spatial_background_sample,spatial_background_reference,Tripura,23.894127,91.585018,2018-05-18
29.2,69.5,87.0,0.442007,38.0,2.7349,312.6091,0,spatial_background_sample,spatial_background_reference,Tripura,23.097355,91.666813,2018-05-18
2.3,10.6,25.0,0.398341,122.0,12.6812,120.1999,0,spatial_background_sample,spatial_background_reference,Tripura,23.852255,91.571659,2009-07-10
12.1,12.8,23.1,0.389021,1201.0,27.1884,353.0642,1,GSI_field_inventory,observed_landslide,Mizoram,24.02205833,93.29369167,
2.3,10.6,25.0,0.475811,40.0,0.9264,0.0,0,spatial_background_sample,spatial_background_reference,Tripura,23.785474,91.431776,2009-07-10
47.6,83.5,110.5,0.496302,251.0,16.1016,265.1748,1,GSI_field_inventory,observed_landslide,Nagaland,25.78417,93.80028,
5.9,77.8,130.5,0.452318,190.0,16.6168,285.7184,0,spatial_background_sample,spatial_background_reference,Meghalaya,25.764335,90.260666,2014-09-23
18.7,31.7,68.0,0.425036,4281.0,29.8259,268.3838,0,spatial_background_sample,spatial_background_reference,Arunachal Pradesh,28.993175,96.453756,2016-07-17
18.2,56.9,69.4,0.441161,84.0,10.791,139.7762,0,spatial_background_sample,spatial_background_reference,Tripura,23.132141,91.764395,2018-05-18
32.8,45.0,190.0,0.491909,416.0,3.4524,216.4797,0,spatial_background_sample,spatial_background_reference,Meghalaya,25.628834,90.509414,2020-05-26
3.6,7.8,23.6,0.328118,6085.0,48.8171,245.7788,0,spatial_background_sample,spatial_background_reference,Sikkim,27.845303,88.205264,2021-06-18
33.8,141.9,222.5,0.492906,61.0,5.6354,349.4857,0,spatial_background_sample,spatial_background_reference,Assam,26.103446,92.589125,2020-07-12
25.9,49.0,129.6,0.426391,4084.0,35.9627,236.1411,0,spatial_background_sample,spatial_background_reference,Sikkim,27.67076,88.385968,2012-06-22
40.2,202.8,296.9,0.488177,1272.0,28.4278,140.3563,1,GSI_field_inventory,observed_landslide,Meghalaya,25.54328,92.10478,
28.3,58.0,116.3,0.425307,4098.0,48.4076,146.349,0,spatial_background_sample,spatial_background_reference,Arunachal Pradesh,28.283738,96.722264,2016-07-17
72.8,284.1,334.1,0.465954,37.0,1.387,311.9004,0,spatial_background_sample,spatial_background_reference,Assam,26.199449,91.067716,2022-05-15
10.1,59.9,119.3,0.492939,161.0,13.0223,212.9686,0,spatial_background_sample,spatial_background_reference,Meghalaya,25.929495,90.711964,2025-06-25
10.9,28.1,79.0,0.423963,4850.0,33.5944,59.2569,0,spatial_background_sample,spatial_background_reference,Arunachal Pradesh,28.597955,93.532134,2016-07-17
2.2,7.0,11.9,0.41489,5231.0,11.0579,34.1684,0,spatial_background_sample,spatial_background_reference,Sikkim,27.880788,88.619312,2015-07-08
11.7,109.1,245.9,0.426765,4161.0,18.0643,303.0473,0,spatial_background_sample,spatial_background_reference,Sikkim,27.481947,88.25638,2014-07-01
8.6,60.8,75.4,0.408757,102.0,22.8645,112.5476,0,spatial_background_sample,spatial_background_reference,Tripura,24.018574,91.729967,2018-05-18
27.6,55.9,82.6,0.412061,103.0,9.5772,253.2918,0,spatial_background_sample,spatial_background_reference,Meghalaya,25.774317,90.219345,2007-07-19
54.9,118.1,157.5,0.379844,780.0,34.4765,224.9907,1,GSI_field_inventory,observed_landslide,Mizoram,23.51361111,92.69833333,
12.8,101.8,345.9,0.390156,763.0,30.3032,40.3849,1,GSI_field_inventory,observed_landslide,Mizoram,23.201614,92.734453,
10.9,35.5,76.9,0.424964,3297.0,40.3373,193.8058,0,spatial_background_sample,spatial_background_reference,Arunachal Pradesh,28.629805,96.388158,2016-07-16
41.3,64.3,115.9,0.424192,4599.0,32.9382,45.6676,0,spatial_background_sample,spatial_background_reference,Arunachal Pradesh,29.274148,94.730744,2016-07-17
24.0,180.2,211.6,0.495841,584.0,7.7801,69.204,0,spatial_background_sample,spatial_background_reference,Arunachal Pradesh,27.604727,96.323338,2016-07-17
59.4,104.0,207.9,0.42635,2084.0,33.8144,65.7705,0,spatial_background_sample,spatial_background_reference,Arunachal Pradesh,29.120401,95.066676,2016-07-16
24.2,37.0,42.0,0.402167,5056.0,27.4848,79.252,0,spatial_background_sample,spatial_background_reference,Sikkim,27.64678,88.181232,2023-10-04
12.2,29.6,54.1,0.41321,2883.0,42.3095,163.5907,0,spatial_background_sample,spatial_background_reference,Arunachal Pradesh,28.314036,93.640078,2016-04-22
29.7,95.6,197.4,0.427083,1822.0,5.6377,169.3591,0,spatial_background_sample,spatial_background_reference,Arunachal Pradesh,27.492775,93.482344,2016-07-16
0.5,6.1,13.1,0.397138,100.0,12.3715,126.1391,0,spatial_background_sample,spatial_background_reference,Tripura,24.101491,91.881606,2009-07-10
2.7,12.2,20.0,0.392527,134.0,5.0423,336.3919,0,spatial_background_sample,spatial_background_reference,Tripura,23.764336,91.821027,2009-07-10
43.6,52.2,157.7,0.402729,160.0,19.1249,322.4388,0,spatial_background_sample,spatial_background_reference,Mizoram,23.379924,92.402402,2024-07-07
13.1,43.1,62.1,0.485195,61.0,0.9264,180.0,0,spatial_background_sample,spatial_background_reference,Assam,26.44761,92.556325,2018-06-14
48.3,194.1,293.6,0.380906,781.0,27.9462,347.5396,1,GSI_field_inventory,observed_landslide,Mizoram,23.184091,92.738895,
0.7,9.8,28.4,0.397177,4838.0,1.3997,131.4337,0,spatial_background_sample,spatial_background_reference,Sikkim,28.034704,88.612121,2024-08-21
8.1,10.2,25.0,0.310751,5191.0,3.4784,142.9443,0,spatial_background_sample,spatial_background_reference,Sikkim,28.004622,88.774892,2025-09-11
16.1,23.5,92.7,0.381817,4721.0,5.5414,0.0,0,spatial_background_sample,spatial_background_reference,Sikkim,27.869734,88.312912,2012-06-22
6.1,13.8,73.8,0.422786,1139.0,29.0133,91.6707,0,spatial_background_sample,spatial_background_reference,Manipur,25.286879,93.911696,2011-07-06
27.5,149.3,174.2,0.413457,38.0,2.1207,209.1535,0,spatial_background_sample,spatial_background_reference,Assam,26.317473,90.682525,2025-05-31
17.5,39.4,62.3,0.408749,4865.0,27.7192,169.982,0,spatial_background_sample,spatial_background_reference,Sikkim,27.808807,88.657682,2014-07-08
39.3,112.8,188.1,0.440283,3228.0,28.4282,302.5243,0,spatial_background_sample,spatial_background_reference,Arunachal Pradesh,27.668552,96.764896,2016-07-16
25.9,80.3,105.2,0.394403,34.0,2.1097,331.3896,0,spatial_background_sample,spatial_background_reference,Tripura,23.555986,91.629754,2018-05-18
47.6,123.9,218.9,0.340741,102.0,5.0319,336.6643,0,spatial_background_sample,spatial_background_reference,Mizoram,21.997823,92.922583,2025-05-31
6.4,44.4,65.4,0.375365,235.0,11.3717,195.2554,0,spatial_background_sample,spatial_background_reference,Tripura,23.559272,91.945069,2018-05-18
1.8,7.6,193.5,0.497698,1723.0,17.2423,152.4595,1,GSI_field_inventory,observed_landslide,Nagaland,25.52036,94.1311201,
2.7,12.2,20.0,0.386482,126.0,7.5947,127.3262,0,spatial_background_sample,spatial_background_reference,Tripura,23.791104,91.852043,2009-07-10
0.5,6.1,13.1,0.396208,109.0,11.5156,37.4713,0,spatial_background_sample,spatial_background_reference,Tripura,24.047884,91.882759,2009-07-10
49.5,115.5,135.5,0.489594,234.0,8.5245,346.1426,0,spatial_background_sample,spatial_background_reference,Meghalaya,25.732696,90.535339,2009-07-01
20.2,52.9,99.7,0.424964,3447.0,37.3894,293.7023,0,spatial_background_sample,spatial_background_reference,Arunachal Pradesh,28.593688,96.25343,2016-07-16
26.7,76.7,93.1,0.474719,812.0,30.2684,201.6905,1,GSI_field_inventory,observed_landslide,Nagaland,25.76618333,93.94043611,
0.2,20.7,264.2,0.425586,479.0,9.4975,286.8552,0,spatial_background_sample,spatial_background_reference,Manipur,24.644773,94.517148,2007-09-10
38.4,167.1,200.0,0.450088,298.0,18.8882,211.7158,0,spatial_background_sample,spatial_background_reference,Meghalaya,25.977664,90.490144,2025-05-30
5.1,26.7,98.0,0.490488,364.0,12.3231,215.4925,0,spatial_background_sample,spatial_background_reference,Nagaland,26.824142,94.837913,2025-07-07
2.7,12.2,20.0,0.396973,115.0,9.0716,264.1876,0,spatial_background_sample,spatial_background_reference,Tripura,23.629763,91.77498,2009-07-10
7.3,14.4,25.3,0.41707,5963.0,30.3999,187.171,0,spatial_background_sample,spatial_background_reference,Sikkim,27.97734,88.541827,2022-06-15
62.1,149.5,176.0,0.404092,79.0,11.1735,85.3045,0,spatial_background_sample,spatial_background_reference,Meghalaya,25.377543,89.873783,2009-07-01
64.2,195.5,302.3,0.418241,100.0,2.0883,270.0,0,spatial_background_sample,spatial_background_reference,Assam,27.515079,94.598496,2022-05-14
21.9,85.1,210.5,0.489345,85.0,0.0,180.0,0,spatial_background_sample,spatial_background_reference,Assam,26.988511,94.441004,2016-05-22
7.5,25.6,47.4,0.404841,54.0,3.7006,180.0,0,spatial_background_sample,spatial_background_reference,Meghalaya,25.73207,89.910796,2007-09-15
21.4,75.5,91.2,0.465888,54.0,9.0564,264.1776,0,spatial_background_sample,spatial_background_reference,Tripura,23.402548,91.418882,2018-05-18
101.2,257.7,286.4,0.296433,32.0,2.2607,114.1798,0,spatial_background_sample,spatial_background_reference,Assam,26.105117,90.285954,2022-05-14
3.6,7.1,19.2,0.424818,988.0,24.5239,337.1441,0,spatial_background_sample,spatial_background_reference,Manipur,24.151134,93.784358,2010-06-10
61.9,120.9,163.8,0.376667,1099.0,17.8731,295.2578,1,GSI_field_inventory,observed_landslide,Mizoram,23.67472222,92.71722222,
38.2,136.1,199.9,0.496031,2015.0,12.9732,45.422,0,spatial_background_sample,spatial_background_reference,Arunachal Pradesh,27.521393,96.646394,2016-07-16
21.4,40.2,100.5,0.4244,4229.0,36.1179,4.3055,0,spatial_background_sample,spatial_background_reference,Sikkim,27.68695,88.396808,2022-06-15
35.6,61.1,139.8,0.424588,3089.0,39.9254,112.7322,0,spatial_background_sample,spatial_background_reference,Arunachal Pradesh,28.377319,94.396365,2016-07-17
13.0,67.2,135.3,0.427449,2170.0,14.7103,284.2621,0,spatial_background_sample,spatial_background_reference,Arunachal Pradesh,27.167346,93.451548,2016-07-17
12.8,101.8,345.9,0.390156,774.0,25.213,41.6019,1,GSI_field_inventory,observed_landslide,Mizoram,23.201335,92.734857,
11.1,44.8,84.2,0.42643,4309.0,16.2806,289.4018,0,spatial_background_sample,spatial_background_reference,Arunachal Pradesh,28.299721,96.387276,2016-07-16
34.2,142.1,184.9,0.483726,58.0,1.3889,228.1728,0,spatial_background_sample,spatial_background_reference,Assam,26.496806,90.421917,2025-05-31
21.5,27.9,111.2,0.48904,424.0,29.0918,144.4592,0,spatial_background_sample,spatial_background_reference,Meghalaya,25.855588,90.87805,2007-07-19
2.5,32.4,195.2,0.487768,73.0,3.4636,143.2713,0,spatial_background_sample,spatial_background_reference,Assam,26.687781,92.756756,2016-05-22
11.1,69.7,89.9,0.405292,126.0,12.2807,243.533,0,spatial_background_sample,spatial_background_reference,Tripura,24.111803,91.923311,2018-05-18
61.9,120.9,163.8,0.379417,724.0,13.7961,37.7126,1,GSI_field_inventory,observed_landslide,Mizoram,23.64333333,92.73444444,
3.0,33.8,204.1,0.490518,76.0,9.4297,78.7717,0,spatial_background_sample,spatial_background_reference,Assam,26.704576,93.014768,2016-05-22
7.6,20.7,39.8,0.472409,30.0,4.2109,151.4588,0,spatial_background_sample,spatial_background_reference,Tripura,23.17472,91.372954,2009-07-10
10.7,72.1,87.3,0.393012,45.0,3.5594,301.3252,0,spatial_background_sample,spatial_background_reference,Tripura,24.088141,91.987002,2018-05-18
0.6,18.4,46.1,0.409045,5411.0,45.2481,51.3048,0,spatial_background_sample,spatial_background_reference,Sikkim,27.973013,88.325615,2012-07-17
0.7,13.4,288.7,0.389302,774.0,8.3869,151.4475,1,GSI_field_inventory,observed_landslide,Mizoram,23.237356,92.744978,
0.0,8.0,176.2,0.475874,63.0,2.0701,90.0,0,spatial_background_sample,spatial_background_reference,Assam,26.533861,90.347242,2016-05-22
61.9,120.9,163.8,0.376667,1036.0,18.4865,318.6321,1,GSI_field_inventory,observed_landslide,Mizoram,23.684301,92.715511,
13.3,13.9,19.7,0.39424,559.0,11.1205,74.4755,1,GSI_field_inventory,observed_landslide,Mizoram,23.24500833,93.17587222,
5.1,9.9,39.9,0.37881,5381.0,10.4175,264.9543,0,spatial_background_sample,spatial_background_reference,Sikkim,28.002888,88.7377,2021-06-18
1.5,11.3,28.0,0.398341,46.0,1.3726,312.4402,0,spatial_background_sample,spatial_background_reference,Tripura,23.877571,91.627939,2009-07-10
7.6,9.3,30.2,0.405744,4729.0,32.6429,268.5536,0,spatial_background_sample,spatial_background_reference,Sikkim,27.901353,88.702953,2012-06-22
30.8,87.3,160.9,0.422158,1537.0,11.0629,311.4225,0,spatial_background_sample,spatial_background_reference,Arunachal Pradesh,28.076846,95.028677,2016-07-17
21.0,48.9,52.9,0.46865,194.0,2.9661,200.579,0,spatial_background_sample,spatial_background_reference,Assam,27.401327,95.711118,2017-06-13
27.8,79.0,163.4,0.490673,118.0,1.3939,311.6443,0,spatial_background_sample,spatial_background_reference,Assam,27.224022,95.288544,2016-05-22
10.8,52.7,172.1,0.427074,833.0,39.2744,310.7321,0,spatial_background_sample,spatial_background_reference,Arunachal Pradesh,27.475832,93.644022,2016-07-17
27.8,79.0,163.4,0.490673,117.0,1.0418,270.0,0,spatial_background_sample,spatial_background_reference,Assam,27.227318,95.252984,2016-05-22
7.6,9.3,30.2,0.390104,5559.0,5.018,56.4642,0,spatial_background_sample,spatial_background_reference,Sikkim,27.906414,88.847338,2012-06-22
10.1,42.6,50.0,0.416659,5380.0,25.2354,76.1046,0,spatial_background_sample,spatial_background_reference,Sikkim,27.92834,88.248796,2014-07-01
0.5,15.3,23.8,0.487963,395.0,6.1369,90.0,0,spatial_background_sample,spatial_background_reference,Nagaland,25.53552,93.473256,2023-08-17
27.2,56.2,138.4,0.425006,3029.0,37.3709,105.9755,0,spatial_background_sample,spatial_background_reference,Arunachal Pradesh,28.252646,93.485049,2016-07-17
23.5,99.8,126.6,0.420534,458.0,38.1368,32.3947,0,spatial_background_sample,spatial_background_reference,Arunachal Pradesh,27.854454,95.120684,2016-07-16
15.7,110.4,160.5,0.486494,329.0,17.5106,284.8478,0,spatial_background_sample,spatial_background_reference,Meghalaya,25.663596,90.693139,2014-09-23
6.3,13.1,32.9,0.475811,51.0,0.9264,0.0,0,spatial_background_sample,spatial_background_reference,Tripura,23.753044,91.367505,2009-07-10
5.7,15.6,38.0,0.481923,35.0,5.0417,90.0,0,spatial_background_sample,spatial_background_reference,Tripura,23.591591,91.345689,2009-07-10
44.8,115.2,284.7,0.427753,1381.0,25.5627,32.3148,0,spatial_background_sample,spatial_background_reference,Arunachal Pradesh,27.708198,93.109943,2016-07-17
18.2,18.6,20.1,0.392219,72.0,21.9815,299.4238,1,GSI_field_inventory,observed_landslide,Mizoram,24.58605,93.21056389,
51.0,84.3,152.9,0.426356,2520.0,45.3755,171.6735,0,spatial_background_sample,spatial_background_reference,Arunachal Pradesh,28.159981,96.186289,2016-07-17
0.3,5.2,11.8,0.375207,71.0,12.9832,270.0,0,spatial_background_sample,spatial_background_reference,Tripura,24.256663,92.090732,2009-07-10
1.8,16.4,50.4,0.399344,869.0,26.1233,190.8785,1,GSI_field_inventory,observed_landslide,Mizoram,23.32829167,93.12184167,
21.6,38.8,85.1,0.426768,4353.0,27.0628,156.6089,0,spatial_background_sample,spatial_background_reference,Arunachal Pradesh,28.728236,96.428806,2016-07-17
6.7,66.4,92.7,0.426445,4581.0,19.4647,325.4386,0,spatial_background_sample,spatial_background_reference,Sikkim,27.484746,88.286179,2014-07-01
21.9,57.6,206.7,0.49643,62.0,2.9636,200.4472,0,spatial_background_sample,spatial_background_reference,Assam,26.61344,92.558426,2024-07-05
2.1,9.1,15.1,0.387932,5462.0,17.8082,127.1607,0,spatial_background_sample,spatial_background_reference,Sikkim,27.836089,88.291395,2024-08-21
11.0,28.3,88.0,0.423606,4481.0,16.9818,342.3775,0,spatial_background_sample,spatial_background_reference,Arunachal Pradesh,29.016816,94.356973,2016-07-16
35.3,63.1,115.7,0.474729,610.0,10.5355,242.8087,1,GSI_field_inventory,observed_landslide,Assam,25.15556,93.021583,
26.4,149.3,211.7,0.483735,413.0,19.4337,100.5632,0,spatial_background_sample,spatial_background_reference,Arunachal Pradesh,27.652246,96.15343,2016-04-22
78.8,184.2,239.2,0.486162,603.0,7.2206,262.6676,0,spatial_background_sample,spatial_background_reference,Meghalaya,25.743593,90.859079,2025-05-30
37.5,70.1,197.8,0.427436,2914.0,66.2642,148.5616,0,spatial_background_sample,spatial_background_reference,Sikkim,27.618365,88.340059,2012-06-22
67.8,120.5,158.2,0.379417,790.0,22.5738,29.9582,1,GSI_field_inventory,observed_landslide,Mizoram,23.62027778,92.72555556,
19.6,90.8,113.8,0.473958,39.0,4.7306,12.3186,0,spatial_background_sample,spatial_background_reference,Tripura,23.672587,91.371484,2018-05-18
11.3,67.1,77.7,0.389427,30.0,0.9264,0.0,0,spatial_background_sample,spatial_background_reference,Tripura,24.422582,92.223945,2018-05-18
50.3,261.5,389.0,0.380031,771.0,4.4308,340.0698,1,GSI_field_inventory,observed_landslide,Mizoram,23.174558,92.612556,
3.1,10.5,56.4,0.425085,4430.0,38.4743,238.0611,0,spatial_background_sample,spatial_background_reference,Sikkim,27.485289,88.105939,2022-10-10
16.1,23.5,92.7,0.32324,5894.0,25.9424,244.4,0,spatial_background_sample,spatial_background_reference,Sikkim,27.806652,88.275083,2012-06-22
24.5,58.1,96.9,0.485442,836.0,20.6075,205.4406,0,spatial_background_sample,spatial_background_reference,Meghalaya,25.720336,91.309761,2018-05-07
19.4,19.9,27.0,0.296485,5198.0,34.268,184.6176,0,spatial_background_sample,spatial_background_reference,Sikkim,27.826061,88.330197,2025-09-11
11.8,52.6,66.1,0.395467,34.0,2.1127,151.2401,0,spatial_background_sample,spatial_background_reference,Tripura,24.355357,92.023368,2018-05-18
0.3,5.2,11.8,0.375207,128.0,13.2602,101.879,0,spatial_background_sample,spatial_background_reference,Tripura,24.283745,92.065198,2009-07-10
12.9,27.9,97.0,0.42082,327.0,9.617,40.2331,0,spatial_background_sample,spatial_background_reference,Assam,27.567479,94.395696,2014-06-27
41.2,95.5,254.7,0.496094,53.0,1.8523,180.0,0,spatial_background_sample,spatial_background_reference,Assam,26.530424,90.385178,2017-07-04
2.7,5.7,30.6,0.426649,4173.0,35.0881,317.4384,0,spatial_background_sample,spatial_background_reference,Sikkim,27.775972,88.665476,2022-05-29
16.6,74.9,128.3,0.399135,659.0,26.5277,84.4171,1,GSI_field_inventory,observed_landslide,Mizoram,24.17180556,93.54406667,
8.3,11.0,54.2,0.393312,946.0,30.9147,66.0787,1,GSI_field_inventory,observed_landslide,Mizoram,23.545766,93.147931,
18.3,103.4,146.9,0.493536,337.0,24.7132,245.0639,0,spatial_background_sample,spatial_background_reference,Arunachal Pradesh,26.981285,95.230113,2016-07-16
5.7,15.6,38.0,0.452808,34.0,2.0206,270.0,0,spatial_background_sample,spatial_background_reference,Tripura,23.560429,91.220714,2009-07-10
85.5,142.7,205.6,0.377844,1016.0,26.6033,222.6661,1,GSI_field_inventory,observed_landslide,Mizoram,23.35638889,92.77027778,
5.7,15.6,38.0,0.457192,26.0,2.0198,90.0,0,spatial_background_sample,spatial_background_reference,Tripura,23.511634,91.232537,2009-07-10
2.7,12.2,20.0,0.390185,97.0,10.8113,139.6461,0,spatial_background_sample,spatial_background_reference,Tripura,23.740845,91.799895,2009-07-10
60.5,98.5,190.3,0.427104,1600.0,27.1653,243.8238,0,spatial_background_sample,spatial_background_reference,Arunachal Pradesh,28.626743,95.239605,2016-07-17
17.7,80.8,96.3,0.380582,45.0,0.9264,180.0,0,spatial_background_sample,spatial_background_reference,Tripura,24.129525,92.124853,2018-05-18
5.9,34.8,158.9,0.497135,48.0,17.4927,288.7249,1,GSI_field_inventory,observed_landslide,Assam,24.710833,92.481167,
23.5,46.1,139.9,0.425359,1962.0,10.5247,330.4979,0,spatial_background_sample,spatial_background_reference,Arunachal Pradesh,27.911676,93.159706,2016-07-16
16.3,42.1,122.2,0.425884,3265.0,44.5264,14.0908,0,spatial_background_sample,spatial_background_reference,Arunachal Pradesh,28.621268,94.280031,2016-07-16
10.0,124.6,270.6,0.492946,451.0,19.8654,57.5183,0,spatial_background_sample,spatial_background_reference,Meghalaya,25.593631,90.594743,2024-07-02
11.3,64.2,85.1,0.408757,196.0,27.2976,28.6845,0,spatial_background_sample,spatial_background_reference,Tripura,23.956047,91.74897,2018-05-18
8.0,44.5,58.0,0.409446,271.0,26.4012,41.4833,0,spatial_background_sample,spatial_background_reference,Arunachal Pradesh,27.736238,94.426805,2016-04-22
35.4,71.6,90.2,0.444283,38.0,2.1079,28.5209,0,spatial_background_sample,spatial_background_reference,Tripura,23.06123,91.642006,2018-05-18
0.3,5.2,11.8,0.379845,29.0,1.8523,180.0,0,spatial_background_sample,spatial_background_reference,Tripura,24.255155,91.990748,2009-07-10
13.1,47.5,72.4,0.411557,3230.0,30.8212,38.1909,0,spatial_background_sample,spatial_background_reference,Arunachal Pradesh,28.755254,96.463289,2016-04-22
7.6,20.7,39.8,0.463299,61.0,2.2194,294.66,0,spatial_background_sample,spatial_background_reference,Tripura,23.334868,91.349234,2009-07-10
8.6,60.8,75.4,0.408757,127.0,7.4386,187.7912,0,spatial_background_sample,spatial_background_reference,Tripura,23.996732,91.725857,2018-05-18
124.9,209.0,220.7,0.325256,651.0,24.8565,278.0256,0,spatial_background_sample,spatial_background_reference,Mizoram,23.583907,92.355133,2024-05-28
19.4,118.5,223.9,0.371354,827.0,21.225,21.9678,1,GSI_field_inventory,observed_landslide,Mizoram,23.188273,92.898879,
45.1,103.3,227.5,0.361555,1341.0,18.9038,103.6557,0,spatial_background_sample,spatial_background_reference,Mizoram,22.597611,93.092083,2025-06-01
26.6,271.9,470.9,0.432521,1571.0,64.5185,239.0052,1,GSI_field_inventory,observed_landslide,Sikkim,27.28577778,88.5535,
30.9,51.4,151.7,0.489743,152.0,1.3958,131.5755,0,spatial_background_sample,spatial_background_reference,Assam,27.491725,95.819566,2016-05-22
1.4,18.8,59.0,0.414988,899.0,42.9776,297.9396,0,spatial_background_sample,spatial_background_reference,Mizoram,22.599167,93.123407,2024-09-28
4.2,8.5,12.6,0.378479,110.0,15.231,152.9745,0,spatial_background_sample,spatial_background_reference,Tripura,23.811681,91.984934,2009-07-10
32.0,112.7,197.7,0.383844,931.0,24.6402,121.9232,0,spatial_background_sample,spatial_background_reference,Mizoram,23.972267,92.490852,2025-06-01
3.9,28.4,101.9,0.472832,143.0,9.7293,211.924,0,spatial_background_sample,spatial_background_reference,Nagaland,26.911759,94.957811,2024-06-01
25.8,58.5,116.8,0.412293,4735.0,27.7194,10.0214,0,spatial_background_sample,spatial_background_reference,Sikkim,27.845958,88.493621,2021-06-18
0.0,1.8,3.2,0.301997,5815.0,33.028,111.9061,0,spatial_background_sample,spatial_background_reference,Sikkim,27.789673,88.251453,2022-08-25
54.9,118.1,157.5,0.379844,959.0,22.333,235.8387,1,GSI_field_inventory,observed_landslide,Mizoram,23.54833333,92.71083333,
54.1,313.9,433.5,0.379885,645.0,20.5951,139.8745,1,GSI_field_inventory,observed_landslide,Mizoram,23.206239,92.491221,
7.7,28.5,124.5,0.481283,124.0,20.4088,317.6284,0,spatial_background_sample,spatial_background_reference,Meghalaya,25.474298,90.066399,2007-08-18
21.5,68.8,120.5,0.425991,4172.0,13.7274,311.4471,0,spatial_background_sample,spatial_background_reference,Arunachal Pradesh,27.983657,97.12131,2016-07-16
17.6,34.6,60.2,0.399235,101.0,4.1025,47.4431,0,spatial_background_sample,spatial_background_reference,Tripura,23.341663,91.793752,2009-07-10
10.1,14.6,43.7,0.407731,4955.0,6.3618,330.4785,0,spatial_background_sample,spatial_background_reference,Sikkim,27.996768,88.460308,2012-06-22
32.2,214.3,317.7,0.372094,810.0,13.18,297.8136,1,GSI_field_inventory,observed_landslide,Mizoram,23.318568,92.852294,
14.7,95.5,192.9,0.427921,3350.0,64.2301,206.1405,0,spatial_background_sample,spatial_background_reference,Sikkim,27.635485,88.374521,2021-08-27
1.9,12.3,24.2,0.401341,44.0,2.7772,180.0,0,spatial_background_sample,spatial_background_reference,Tripura,24.019883,91.57852,2009-07-10
30.9,113.8,267.1,0.428231,1941.0,26.6378,182.0807,0,spatial_background_sample,spatial_background_reference,Arunachal Pradesh,27.389699,92.887932,2016-07-17
31.2,63.2,158.8,0.425634,1717.0,25.1227,180.0,0,spatial_background_sample,spatial_background_reference,Arunachal Pradesh,27.918244,93.163966,2016-07-17
5.0,14.9,34.7,0.395037,285.0,37.1897,90.0,0,spatial_background_sample,spatial_background_reference,Tripura,23.600897,91.739339,2009-07-10
11.5,72.9,87.6,0.373634,59.0,6.2647,233.9015,0,spatial_background_sample,spatial_background_reference,Tripura,24.29151,92.164996,2018-05-18
3.6,8.3,40.4,0.423013,4614.0,15.0868,32.886,0,spatial_background_sample,spatial_background_reference,Sikkim,27.899724,88.370264,2025-07-19
6.3,20.0,29.8,0.390561,768.0,2.1137,208.8116,0,spatial_background_sample,spatial_background_reference,Manipur,24.624349,93.895653,2007-08-24
0.5,6.1,13.1,0.396208,363.0,12.5143,253.0581,0,spatial_background_sample,spatial_background_reference,Tripura,23.95491,91.918765,2009-07-10
54.1,313.9,433.5,0.379885,773.0,16.6656,270.0,1,GSI_field_inventory,observed_landslide,Mizoram,23.180969,92.488193,
5.6,26.3,71.3,0.491353,67.0,0.0,180.0,0,spatial_background_sample,spatial_background_reference,Assam,26.476333,92.570146,2016-07-14
0.0,0.0,2.8,0.305043,6015.0,46.0526,4.0414,0,spatial_background_sample,spatial_background_reference,Sikkim,27.797703,88.22628,2021-05-18
7.6,9.3,30.2,0.286686,5283.0,3.8458,164.1867,0,spatial_background_sample,spatial_background_reference,Sikkim,28.030561,88.785522,2012-06-22
0.3,5.2,11.8,0.379845,34.0,1.0164,90.0,0,spatial_background_sample,spatial_background_reference,Tripura,24.305316,92.010546,2009-07-10
47.7,88.6,107.8,0.37651,678.0,38.4632,221.0641,1,GSI_field_inventory,observed_landslide,Mizoram,23.77777778,92.8479,
3.4,10.8,34.2,0.483371,243.0,3.8399,15.501,0,spatial_background_sample,spatial_background_reference,Nagaland,25.656262,93.548511,2008-08-16
10.2,21.3,65.3,0.424829,3751.0,41.8722,33.9229,0,spatial_background_sample,spatial_background_reference,Arunachal Pradesh,29.222524,94.599777,2016-07-16
54.3,209.3,319.3,0.428141,55.0,3.1048,90.0,0,spatial_background_sample,spatial_background_reference,Assam,26.580582,90.872028,2020-07-12
13.5,89.6,177.3,0.426432,4424.0,8.5318,14.0556,0,spatial_background_sample,spatial_background_reference,Sikkim,27.424817,88.112241,2021-08-27
41.3,64.3,115.9,0.425488,3659.0,52.5873,313.8381,0,spatial_background_sample,spatial_background_reference,Arunachal Pradesh,29.013327,94.687261,2016-07-17
2.1,16.2,45.7,0.41329,36.0,2.2491,114.3122,0,spatial_background_sample,spatial_background_reference,Meghalaya,25.371623,89.851207,2007-09-15
22.9,76.1,90.7,0.39574,66.0,3.0405,270.0,0,spatial_background_sample,spatial_background_reference,Tripura,24.040907,91.972991,2018-05-18
21.7,50.1,130.3,0.423478,1019.0,33.9626,310.4036,0,spatial_background_sample,spatial_background_reference,Arunachal Pradesh,28.030303,94.809998,2016-07-17
21.3,71.9,117.6,0.404156,655.0,8.1684,37.8677,1,GSI_field_inventory,observed_landslide,Mizoram,23.27663889,93.14375,
2.6,18.0,54.8,0.49475,1049.0,8.0717,110.0254,1,GSI_field_inventory,observed_landslide,Mizoram,24.3309,93.66054444,
4.6,9.0,90.4,0.49158,1094.0,8.9876,307.8358,0,spatial_background_sample,spatial_background_reference,Manipur,25.024216,93.897728,2007-09-12
25.3,73.9,184.7,0.49304,104.0,1.8523,0.0,0,spatial_background_sample,spatial_background_reference,Assam,27.182467,94.893135,2016-05-22
84.7,140.4,182.2,0.37375,1000.0,35.1333,315.9629,1,GSI_field_inventory,observed_landslide,Mizoram,23.31259,92.856415,
21.6,71.0,130.0,0.428708,264.0,25.3663,201.5021,1,GSI_field_inventory,observed_landslide,Mizoram,24.73838889,93.30909722,
1.8,19.9,73.8,0.456516,772.0,2.1137,208.8097,0,spatial_background_sample,spatial_background_reference,Manipur,24.614093,93.967147,2011-07-06
11.6,107.3,243.0,0.425906,520.0,23.6256,200.8631,1,GSI_field_inventory,observed_landslide,Mizoram,24.599425,93.30004722,
67.8,120.5,158.2,0.379417,788.0,33.9557,334.3532,1,GSI_field_inventory,observed_landslide,Mizoram,23.59027778,92.71583333,
23.5,51.7,72.6,0.477554,464.0,0.9264,0.0,0,spatial_background_sample,spatial_background_reference,Meghalaya,25.614804,90.549358,2009-06-29
9.9,65.6,82.8,0.409281,233.0,10.2139,143.8697,0,spatial_background_sample,spatial_background_reference,Tripura,24.046636,91.753151,2018-05-18
93.5,181.7,203.9,0.49725,73.0,25.5545,148.7432,1,GSI_field_inventory,observed_landslide,Assam,26.21305556,91.6925,
14.5,34.2,89.7,0.425137,3205.0,44.9979,337.1808,0,spatial_background_sample,spatial_background_reference,Arunachal Pradesh,28.881714,94.329815,2016-07-17
55.7,86.2,157.5,0.42569,2723.0,25.0341,159.195,0,spatial_background_sample,spatial_background_reference,Arunachal Pradesh,28.684703,95.730911,2016-07-17
47.6,123.9,218.9,0.340741,78.0,13.3262,342.878,0,spatial_background_sample,spatial_background_reference,Mizoram,21.957725,92.908919,2025-05-31
16.1,23.5,92.7,0.419705,4831.0,19.4092,100.5778,0,spatial_background_sample,spatial_background_reference,Sikkim,27.497574,88.274926,2012-06-22
13.9,60.8,122.6,0.424432,2691.0,49.9704,72.614,0,spatial_background_sample,spatial_background_reference,Arunachal Pradesh,28.065785,97.006511,2016-07-17
32.0,82.4,105.8,0.442818,29.0,2.9539,340.0624,0,spatial_background_sample,spatial_background_reference,Tripura,23.22825,91.3838,2018-05-18
33.9,86.2,104.5,0.394403,47.0,8.4869,251.029,0,spatial_background_sample,spatial_background_reference,Tripura,23.552011,91.558316,2018-05-18
18.0,71.5,85.8,0.409281,69.0,2.1112,331.314,0,spatial_background_sample,spatial_background_reference,Tripura,23.964253,91.837255,2018-05-18
63.0,125.0,192.6,0.426104,66.0,2.7772,0.0,0,spatial_background_sample,spatial_background_reference,Assam,26.583041,90.05317,2016-05-17
2.5,32.4,195.2,0.42618,76.0,1.3908,48.2421,0,spatial_background_sample,spatial_background_reference,Assam,26.7752,92.783019,2016-05-22
0.0,0.0,1.1,0.401289,4684.0,27.5525,315.4647,0,spatial_background_sample,spatial_background_reference,Sikkim,27.897519,88.470623,2022-11-20
18.1,62.0,196.7,0.490219,1449.0,16.1449,341.9207,1,GSI_field_inventory,observed_landslide,Nagaland,25.71611,94.08883,
4.9,10.1,39.2,0.424732,4991.0,15.3813,86.6303,0,spatial_background_sample,spatial_background_reference,Sikkim,27.96933,88.51204,2024-07-21
24.5,107.0,153.1,0.406365,808.0,29.8292,316.0478,1,GSI_field_inventory,observed_landslide,Mizoram,23.76166667,92.85083333,
149.6,228.1,280.1,0.498198,77.0,17.3564,196.6291,1,GSI_field_inventory,observed_landslide,Meghalaya,25.18688889,91.39855556,
33.9,86.2,104.5,0.46986,43.0,8.2377,282.9075,0,spatial_background_sample,spatial_background_reference,Tripura,23.555323,91.483428,2018-05-18
4.6,30.5,144.4,0.402594,199.0,12.694,253.3132,0,spatial_background_sample,spatial_background_reference,Assam,25.934951,93.243688,2010-04-02
0.5,6.1,13.1,0.384027,53.0,10.8382,201.7152,0,spatial_background_sample,spatial_background_reference,Tripura,24.066441,91.962299,2009-07-10
26.3,119.1,251.5,0.428327,2051.0,15.6573,168.7355,0,spatial_background_sample,spatial_background_reference,Arunachal Pradesh,27.624407,92.618863,2016-07-17
5.6,64.3,278.2,0.495961,153.0,14.5394,330.7911,0,spatial_background_sample,spatial_background_reference,Assam,26.579174,93.704379,2016-05-22
2.6,18.0,54.8,0.47376,1561.0,43.7902,45.1703,1,GSI_field_inventory,observed_landslide,Mizoram,24.39255556,93.65468611,
7.0,39.2,84.1,0.366446,4974.0,49.2066,263.5906,0,spatial_background_sample,spatial_background_reference,Sikkim,27.794151,88.396204,2014-08-26
32.5,62.9,107.2,0.428677,944.0,38.3905,270.0,1,GSI_field_inventory,observed_landslide,Mizoram,24.60853333,93.41668333,
11.6,75.4,89.6,0.373634,52.0,7.1014,301.2765,0,spatial_background_sample,spatial_background_reference,Tripura,24.332411,92.189505,2018-05-18
32.3,193.2,214.1,0.487964,175.0,1.8523,180.0,0,spatial_background_sample,spatial_background_reference,Arunachal Pradesh,27.561437,96.035753,2016-07-16
11.4,127.3,283.9,0.495558,308.0,8.252,131.9866,0,spatial_background_sample,spatial_background_reference,Meghalaya,25.844506,90.655174,2024-07-02
13.4,30.6,88.5,0.424503,2465.0,55.0458,334.7193,0,spatial_background_sample,spatial_background_reference,Arunachal Pradesh,29.14228,96.114969,2016-07-16
13.9,60.8,122.6,0.423446,3587.0,42.6617,287.3548,0,spatial_background_sample,spatial_background_reference,Arunachal Pradesh,28.067539,97.116003,2016-07-17
51.0,84.3,152.9,0.426226,2395.0,25.3656,321.6687,0,spatial_background_sample,spatial_background_reference,Arunachal Pradesh,28.374636,96.225753,2016-07-17
16.8,69.0,88.9,0.374821,54.0,4.1394,102.9103,0,spatial_background_sample,spatial_background_reference,Tripura,23.526221,91.681603,2018-05-18
55.7,159.0,327.2,0.427763,668.0,10.3181,323.0679,0,spatial_background_sample,spatial_background_reference,Arunachal Pradesh,27.516045,92.813462,2016-07-16
23.1,53.3,115.4,0.425488,2878.0,14.9925,316.4297,0,spatial_background_sample,spatial_background_reference,Arunachal Pradesh,28.836867,95.525855,2016-07-16
24.4,82.8,97.7,0.465482,35.0,7.9271,117.6776,0,spatial_background_sample,spatial_background_reference,Tripura,23.37925,91.320167,2018-05-18
2.5,4.6,17.5,0.408466,5226.0,21.3566,311.4247,0,spatial_background_sample,spatial_background_reference,Sikkim,28.068621,88.659286,2021-06-18
16.2,86.3,108.5,0.399568,60.0,3.4355,323.9043,0,spatial_background_sample,spatial_background_reference,Tripura,23.883282,91.459311,2018-05-18
27.3,95.7,116.9,0.490637,930.0,25.6959,140.6146,0,spatial_background_sample,spatial_background_reference,Assam,25.802677,92.27936,2017-06-13
2.4,48.3,49.4,0.417427,1203.0,39.1825,273.4158,1,GSI_field_inventory,observed_landslide,Mizoram,23.76388889,92.73388889,
60.6,302.9,428.6,0.380031,704.0,3.6946,19.9334,1,GSI_field_inventory,observed_landslide,Mizoram,23.198272,92.589291,
6.0,29.2,85.6,0.492628,118.0,14.5088,75.5264,0,spatial_background_sample,spatial_background_reference,Meghalaya,25.385917,90.289801,2025-06-25
10.4,47.0,109.7,0.416698,430.0,14.9558,233.7823,1,GSI_field_inventory,observed_landslide,Mizoram,23.05222222,92.67027778,
19.6,90.8,113.8,0.472973,40.0,2.7413,312.4863,0,spatial_background_sample,spatial_background_reference,Tripura,23.667284,91.324301,2018-05-18
14.9,77.9,103.2,0.404893,48.0,3.7006,180.0,0,spatial_background_sample,spatial_background_reference,Tripura,24.046544,91.569198,2018-05-18
30.0,94.4,243.6,0.427246,2699.0,21.7728,320.2793,0,spatial_background_sample,spatial_background_reference,Arunachal Pradesh,27.516313,93.262113,2016-07-17
0.5,6.1,13.1,0.383046,64.0,4.4484,294.5629,0,spatial_background_sample,spatial_background_reference,Tripura,23.920991,92.02389,2009-07-10
9.3,43.6,85.4,0.413482,4610.0,17.4832,81.1408,0,spatial_background_sample,spatial_background_reference,Sikkim,27.963612,88.583513,2021-08-27
27.7,42.9,133.3,0.424696,1633.0,17.3664,55.3376,0,spatial_background_sample,spatial_background_reference,Arunachal Pradesh,28.352627,94.207518,2016-07-17
63.3,139.4,258.2,0.433412,99.0,1.038,90.0,0,spatial_background_sample,spatial_background_reference,Assam,26.823223,92.552976,2017-07-03
48.7,87.4,117.0,0.489063,104.0,2.1256,150.6085,0,spatial_background_sample,spatial_background_reference,Assam,27.418666,94.806752,2020-06-02
5.0,14.9,34.7,0.399095,73.0,1.3701,312.5357,0,spatial_background_sample,spatial_background_reference,Tripura,23.439949,91.716242,2009-07-10
18.0,66.9,83.7,0.386144,135.0,12.3554,53.8047,0,spatial_background_sample,spatial_background_reference,Tripura,23.83639,91.92553,2018-05-18
0.0,46.3,61.1,0.346153,5348.0,12.4044,274.216,0,spatial_background_sample,spatial_background_reference,Sikkim,27.79892,88.336361,2012-07-17
4.3,12.4,51.8,0.470957,228.0,8.0453,297.2315,0,spatial_background_sample,spatial_background_reference,Assam,25.763822,93.515776,2020-06-02
15.6,83.0,106.3,0.398626,67.0,12.1691,132.4424,0,spatial_background_sample,spatial_background_reference,Tripura,23.867408,91.648925,2018-05-18
51.8,151.3,367.0,0.42835,1634.0,21.7684,246.1141,0,spatial_background_sample,spatial_background_reference,Arunachal Pradesh,27.66377,92.699209,2016-07-17
88.1,143.9,305.6,0.403534,34.0,10.2141,95.1487,0,spatial_background_sample,spatial_background_reference,Meghalaya,25.704926,90.012152,2020-05-26
64.8,150.9,278.1,0.494179,1939.0,36.1753,174.3156,0,spatial_background_sample,spatial_background_reference,Arunachal Pradesh,26.745373,95.462713,2016-04-22
5.0,14.9,34.7,0.396318,59.0,5.6315,349.6994,0,spatial_background_sample,spatial_background_reference,Tripura,23.5006,91.651347,2009-07-10
8.6,74.7,149.5,0.427229,1213.0,14.3108,259.038,0,spatial_background_sample,spatial_background_reference,Manipur,25.325251,93.797528,2007-09-09
11.0,67.9,97.9,0.422229,992.0,34.3551,311.4783,0,spatial_background_sample,spatial_background_reference,Arunachal Pradesh,27.865077,94.633414,2016-07-16
5.0,14.9,34.7,0.396973,109.0,4.7305,12.3108,0,spatial_background_sample,spatial_background_reference,Tripura,23.586822,91.842685,2009-07-10
27.0,77.7,124.8,0.488458,88.0,5.6363,169.4349,0,spatial_background_sample,spatial_background_reference,Assam,26.672241,93.875183,2010-06-20
0.1,3.9,10.9,0.370993,81.0,2.112,331.2735,0,spatial_background_sample,spatial_background_reference,Tripura,24.17942,92.160692,2009-07-10
82.8,115.3,239.4,0.421754,53.0,10.9179,47.8856,0,spatial_background_sample,spatial_background_reference,Meghalaya,25.307594,90.122577,2020-05-26
35.4,71.6,90.2,0.444283,39.0,6.2961,107.0442,0,spatial_background_sample,spatial_background_reference,Tripura,23.114569,91.627732,2018-05-18
10.7,26.2,104.9,0.422704,4007.0,48.2093,333.6448,0,spatial_background_sample,spatial_background_reference,Arunachal Pradesh,28.477731,93.536835,2016-07-16
26.1,70.5,133.2,0.493817,930.0,13.131,270.0,0,spatial_background_sample,spatial_background_reference,Meghalaya,25.697791,92.374367,2014-09-20
14.3,23.2,84.2,0.465743,704.0,8.3419,187.0385,0,spatial_background_sample,spatial_background_reference,Meghalaya,25.851666,91.757466,2020-05-26
9.6,54.2,123.6,0.425124,4194.0,21.0875,151.711,0,spatial_background_sample,spatial_background_reference,Arunachal Pradesh,27.774298,91.763566,2016-07-17
54.1,313.9,433.5,0.379885,645.0,20.5951,139.8745,1,GSI_field_inventory,observed_landslide,Mizoram,23.206239,92.491221,
5.0,14.9,34.7,0.392342,127.0,8.3975,303.207,0,spatial_background_sample,spatial_background_reference,Tripura,23.59777,91.859804,2009-07-10
36.1,88.4,158.0,0.302296,123.0,2.7786,311.7841,0,spatial_background_sample,spatial_background_reference,Assam,26.67023,90.787974,2020-06-02
25.3,98.6,119.6,0.409088,60.0,4.7804,140.6613,0,spatial_background_sample,spatial_background_reference,Tripura,23.785692,91.496084,2018-05-18
135.8,314.5,453.7,0.403914,36.0,5.059,24.0404,0,spatial_background_sample,spatial_background_reference,Assam,26.270805,89.788329,2022-05-16
36.3,93.0,110.9,0.435519,81.0,8.5168,193.6401,0,spatial_background_sample,spatial_background_reference,Tripura,23.686978,91.497018,2018-05-18
36.7,120.7,258.8,0.439223,1300.0,29.6404,204.5851,0,spatial_background_sample,spatial_background_reference,Arunachal Pradesh,27.38479,92.624236,2016-07-17
57.3,288.1,399.0,0.381104,718.0,12.2293,50.5921,1,GSI_field_inventory,observed_landslide,Mizoram,23.32044,92.643229,
8.9,60.9,75.1,0.405292,202.0,8.3402,186.9411,0,spatial_background_sample,spatial_background_reference,Tripura,24.121537,91.900806,2018-05-18
21.7,55.7,112.4,0.428302,560.0,40.9928,236.0273,1,GSI_field_inventory,observed_landslide,Mizoram,24.54263333,93.39741944,
49.4,126.3,165.8,0.376667,974.0,23.1393,158.1335,1,GSI_field_inventory,observed_landslide,Mizoram,23.74472222,92.69277778,
33.3,130.7,236.4,0.427597,2614.0,2.1263,29.4233,0,spatial_background_sample,spatial_background_reference,Arunachal Pradesh,27.561785,92.305524,2016-07-16
13.9,60.8,122.6,0.424432,1041.0,9.4139,167.228,0,spatial_background_sample,spatial_background_reference,Arunachal Pradesh,28.079383,96.988062,2016-07-17
21.9,47.3,79.4,0.49281,251.0,12.2093,274.2856,0,spatial_background_sample,spatial_background_reference,Meghalaya,25.939731,90.465202,2007-07-19
4.7,6.6,43.9,0.388031,1187.0,30.2005,48.6577,1,GSI_field_inventory,observed_landslide,Mizoram,23.5266,93.192968,
11.0,26.3,71.4,0.406208,696.0,21.5595,340.4441,1,GSI_field_inventory,observed_landslide,Mizoram,23.36556111,93.05125278,
35.3,151.0,287.5,0.45899,84.0,3.2529,106.529,0,spatial_background_sample,spatial_background_reference,Assam,27.090194,94.242411,2010-04-02
4.4,13.0,34.2,0.387728,226.0,15.4531,310.0463,0,spatial_background_sample,spatial_background_reference,Tripura,23.525281,91.950661,2009-07-10
8.9,60.9,75.1,0.393012,63.0,8.9478,308.0377,0,spatial_background_sample,spatial_background_reference,Tripura,24.113594,91.957799,2018-05-18
11.5,82.5,133.6,0.495448,879.0,30.3831,55.0467,1,GSI_field_inventory,observed_landslide,Meghalaya,25.695552,91.903777,
41.0,88.4,160.2,0.409414,69.0,11.2649,260.6561,0,spatial_background_sample,spatial_background_reference,Meghalaya,25.17876,90.503866,2018-05-07
30.9,51.4,151.7,0.488887,150.0,3.4734,36.9457,0,spatial_background_sample,spatial_background_reference,Assam,27.570293,95.788955,2016-05-22
24.4,91.0,102.8,0.465482,45.0,0.9264,0.0,0,spatial_background_sample,spatial_background_reference,Tripura,23.429449,91.316238,2018-05-18
17.1,41.0,72.6,0.472821,54.0,10.0855,0.0,0,spatial_background_sample,spatial_background_reference,Tripura,23.091953,91.548843,2009-07-10
3.8,35.0,62.9,0.413312,791.0,23.3379,79.1874,1,GSI_field_inventory,observed_landslide,Mizoram,23.54600556,93.09247222,
54.1,313.9,433.5,0.379885,651.0,23.7909,29.3008,1,GSI_field_inventory,observed_landslide,Mizoram,23.20549,92.543278,
2.4,15.4,47.2,0.490939,62.0,7.3709,284.477,0,spatial_background_sample,spatial_background_reference,Meghalaya,25.355802,90.312023,2007-09-15
1.2,5.4,20.3,0.427058,4585.0,27.4166,4.0432,0,spatial_background_sample,spatial_background_reference,Sikkim,27.846423,88.512856,2025-09-11
30.0,94.4,243.6,0.427318,2861.0,20.453,118.4842,0,spatial_background_sample,spatial_background_reference,Arunachal Pradesh,27.390832,93.370827,2016-07-17
1.3,10.0,56.9,0.414427,573.0,22.8814,257.2587,1,GSI_field_inventory,observed_landslide,Mizoram,23.89305556,92.84722222,
0.3,9.6,159.0,0.469435,408.0,11.566,37.8049,0,spatial_background_sample,spatial_background_reference,Nagaland,25.541404,93.56335,2024-06-01
1.4,50.3,144.4,0.476193,205.0,16.1051,218.3689,0,spatial_background_sample,spatial_background_reference,Assam,25.549843,92.938195,2022-05-15
1.7,3.7,7.6,0.309585,5788.0,5.5373,289.486,0,spatial_background_sample,spatial_background_reference,Sikkim,27.796373,88.27231,2024-07-21
51.8,98.5,164.0,0.425382,3166.0,23.6874,320.7149,0,spatial_background_sample,spatial_background_reference,Arunachal Pradesh,29.17319,94.889879,2016-07-17
35.3,97.7,113.1,0.470025,32.0,7.274,104.6763,0,spatial_background_sample,spatial_background_reference,Tripura,23.557017,91.412471,2018-05-18
14.6,49.1,102.6,0.411482,4031.0,19.2079,151.8639,0,spatial_background_sample,spatial_background_reference,Sikkim,27.651285,88.440367,2013-08-28
0.0,8.0,176.2,0.47278,54.0,1.0349,270.0,0,spatial_background_sample,spatial_background_reference,Assam,26.474656,90.244429,2016-05-22
0.1,0.3,63.5,0.169661,62.0,2.1225,209.2418,0,spatial_background_sample,spatial_background_reference,Assam,26.732804,91.227928,2024-05-24
40.4,170.2,258.5,0.428548,3127.0,26.8586,249.438,0,spatial_background_sample,spatial_background_reference,Sikkim,27.545552,88.383752,2014-06-24
6.7,31.7,59.1,0.484253,206.0,12.037,335.5017,0,spatial_background_sample,spatial_background_reference,Manipur,23.884394,94.158129,2007-08-24
10.8,52.7,172.1,0.426443,1930.0,16.8316,64.6848,0,spatial_background_sample,spatial_background_reference,Arunachal Pradesh,27.511533,93.867188,2016-07-17
55.7,86.2,157.5,0.424551,2782.0,44.1421,25.8805,0,spatial_background_sample,spatial_background_reference,Arunachal Pradesh,28.607717,95.665612,2016-07-17
18.6,18.7,23.1,0.39401,885.0,30.6528,290.7989,1,GSI_field_inventory,observed_landslide,Mizoram,23.01689167,93.283175,
5.3,16.3,40.0,0.411711,20.0,1.3733,312.4162,0,spatial_background_sample,spatial_background_reference,Tripura,23.986226,91.320659,2009-07-10
122.4,217.4,319.6,0.43025,1848.0,47.4833,137.2804,1,GSI_field_inventory,observed_landslide,Sikkim,27.61936111,88.66131389,
42.5,100.3,170.4,0.426897,2421.0,11.0855,325.6165,0,spatial_background_sample,spatial_background_reference,Arunachal Pradesh,28.738851,95.304585,2016-07-17
44.4,115.0,221.1,0.426804,3030.0,9.4901,258.8454,0,spatial_background_sample,spatial_background_reference,Arunachal Pradesh,27.461378,93.365192,2016-07-16
4.1,4.8,7.8,0.39001,720.0,39.2619,66.9747,1,GSI_field_inventory,observed_landslide,Mizoram,24.60921944,93.30050278,
42.5,68.9,158.3,0.423582,583.0,24.8676,240.7642,0,spatial_background_sample,spatial_background_reference,Arunachal Pradesh,28.414153,94.89235,2016-07-17
16.2,83.1,202.3,0.427256,2217.0,29.3652,207.0192,0,spatial_background_sample,spatial_background_reference,Arunachal Pradesh,27.673662,91.698153,2016-07-17
37.8,84.9,109.0,0.427374,68.0,16.5972,57.1463,0,spatial_background_sample,spatial_background_reference,Meghalaya,25.297886,90.116241,2007-07-19
5.7,15.6,38.0,0.452808,12.0,4.2139,208.6187,0,spatial_background_sample,spatial_background_reference,Tripura,23.601477,91.162784,2009-07-10
3.5,20.3,99.7,0.488778,1451.0,19.7937,40.2014,0,spatial_background_sample,spatial_background_reference,Meghalaya,25.195348,92.662967,2024-10-08
1.3,13.6,101.7,0.454905,314.0,9.3604,78.6859,0,spatial_background_sample,spatial_background_reference,Meghalaya,25.797475,90.321079,2023-08-10
2.4,8.2,10.5,0.408427,5284.0,1.0498,270.0,0,spatial_background_sample,spatial_background_reference,Sikkim,28.066091,88.730792,2024-08-21
16.0,42.2,100.2,0.426741,3403.0,20.7242,333.8284,0,spatial_background_sample,spatial_background_reference,Arunachal Pradesh,29.300779,95.779526,2016-07-16
51.5,120.8,182.7,0.426853,2083.0,28.7191,152.2921,0,spatial_background_sample,spatial_background_reference,Arunachal Pradesh,27.305587,93.279932,2016-07-16
0.2,44.8,103.6,0.488128,48.0,2.0625,90.0,0,spatial_background_sample,spatial_background_reference,Assam,26.104936,91.202396,2016-05-22
8.3,46.0,69.6,0.375365,137.0,9.428,73.0145,0,spatial_background_sample,spatial_background_reference,Tripura,23.599734,91.908992,2018-05-18
20.1,65.8,80.2,0.372754,55.0,3.431,35.9917,0,spatial_background_sample,spatial_background_reference,Tripura,23.383467,91.73137,2018-05-18
3.9,38.9,168.7,0.426312,929.0,44.6092,273.9992,1,GSI_field_inventory,observed_landslide,Mizoram,23.4946,92.7044,
14.7,36.2,166.6,0.42571,96.0,2.9659,20.5661,0,spatial_background_sample,spatial_background_reference,Assam,27.325254,94.339927,2016-05-22
19.9,104.6,162.6,0.404573,568.0,24.1828,162.8005,1,GSI_field_inventory,observed_landslide,Mizoram,23.89138889,92.84888889,
23.7,40.6,134.7,0.42322,1298.0,29.0114,73.048,0,spatial_background_sample,spatial_background_reference,Arunachal Pradesh,27.875757,94.578524,2016-07-17
43.6,101.8,139.5,0.426606,57.0,1.385,228.0281,0,spatial_background_sample,spatial_background_reference,Meghalaya,25.905628,90.259154,2009-07-01
37.8,68.3,137.9,0.426308,2957.0,27.9627,123.2471,0,spatial_background_sample,spatial_background_reference,Arunachal Pradesh,29.064255,96.048943,2016-07-17
0.0,8.8,177.0,0.354384,32.0,3.6025,300.908,0,spatial_background_sample,spatial_background_reference,Assam,26.101582,90.353076,2016-05-22
9.4,96.4,188.2,0.439403,1312.0,4.6222,180.0,0,spatial_background_sample,spatial_background_reference,Arunachal Pradesh,27.259084,96.959491,2016-07-17
11.5,139.3,201.3,0.304802,487.0,24.9899,200.4987,0,spatial_background_sample,spatial_background_reference,Arunachal Pradesh,26.924515,92.277063,2016-07-17
0.5,1.6,15.1,0.37617,5802.0,23.7848,265.7921,0,spatial_background_sample,spatial_background_reference,Sikkim,28.007763,88.665317,2022-05-29
9.4,96.4,188.2,0.426466,2312.0,37.7874,322.4196,0,spatial_background_sample,spatial_background_reference,Arunachal Pradesh,27.240488,97.044559,2016-07-17
27.2,132.4,178.4,0.456034,68.0,3.4624,323.297,0,spatial_background_sample,spatial_background_reference,Assam,26.580895,90.540422,2022-05-13
2.0,10.7,41.0,0.457552,645.0,28.8583,308.0876,1,GSI_field_inventory,observed_landslide,Nagaland,26.39936,94.94553,
0.4,12.4,28.0,0.388749,4958.0,19.3509,56.461,0,spatial_background_sample,spatial_background_reference,Sikkim,27.89324,88.676399,2022-08-25
2.5,15.0,30.6,0.427561,32.0,4.2134,151.395,0,spatial_background_sample,spatial_background_reference,Tripura,23.5268,91.555509,2009-07-10
2.5,16.5,23.8,0.473387,324.0,19.905,47.9456,0,spatial_background_sample,spatial_background_reference,Nagaland,25.561167,93.426062,2023-10-02
17.6,34.6,60.2,0.399095,71.0,5.1166,79.596,0,spatial_background_sample,spatial_background_reference,Tripura,23.36029,91.714319,2009-07-10
73.5,133.3,151.4,0.41492,41.0,0.0,180.0,0,spatial_background_sample,spatial_background_reference,Assam,26.348902,91.144759,2014-09-22
42.3,141.4,263.1,0.498987,526.0,8.3412,353.0003,0,spatial_background_sample,spatial_background_reference,Meghalaya,25.180774,92.541269,2007-07-25
57.3,288.1,399.0,0.383406,553.0,9.6631,31.1699,1,GSI_field_inventory,observed_landslide,Mizoram,23.30374,92.672816,
19.3,83.2,154.5,0.400625,978.0,25.9603,305.5804,1,GSI_field_inventory,observed_landslide,Mizoram,23.10074722,93.18785278,
26.3,51.5,154.8,0.421186,406.0,17.5295,13.4332,0,spatial_background_sample,spatial_background_reference,Arunachal Pradesh,28.184399,94.69054,2016-07-17
30.8,97.0,114.1,0.473958,60.0,3.8356,195.2659,0,spatial_background_sample,spatial_background_reference,Tripura,23.653734,91.428205,2018-05-18
5.0,14.9,34.7,0.395037,181.0,23.4149,34.769,0,spatial_background_sample,spatial_background_reference,Tripura,23.556495,91.745205,2009-07-10
9.6,54.2,123.6,0.426472,3924.0,20.591,219.222,0,spatial_background_sample,spatial_background_reference,Arunachal Pradesh,27.768429,91.689858,2016-07-17
49.7,122.5,126.7,0.484234,166.0,2.2725,65.9541,0,spatial_background_sample,spatial_background_reference,Assam,26.826373,92.047341,2017-06-13
6.3,46.8,96.2,0.427626,3494.0,35.899,343.8518,0,spatial_background_sample,spatial_background_reference,Arunachal Pradesh,27.932609,97.286113,2016-07-17
15.3,65.4,81.7,0.404479,88.0,3.1772,253.0645,0,spatial_background_sample,spatial_background_reference,Tripura,24.005977,91.927963,2018-05-18
7.0,47.3,255.4,0.493932,81.0,2.1225,330.7578,0,spatial_background_sample,spatial_background_reference,Assam,26.734673,93.800279,2016-05-22
5.0,14.9,34.7,0.396318,89.0,14.0295,154.9513,0,spatial_background_sample,spatial_background_reference,Tripura,23.502792,91.726102,2009-07-10
7.4,31.6,61.5,0.449664,412.0,18.0216,6.2682,0,spatial_background_sample,spatial_background_reference,Manipur,24.436126,94.36104,2007-08-28
4.8,15.9,31.7,0.482631,45.0,2.2188,114.6661,0,spatial_background_sample,spatial_background_reference,Tripura,23.297391,91.597184,2009-07-10
2.3,10.6,25.0,0.475811,55.0,4.4438,294.5904,0,spatial_background_sample,spatial_background_reference,Tripura,23.756488,91.421597,2009-07-10
4.2,56.0,148.2,0.427768,1967.0,36.7617,36.7889,0,spatial_background_sample,spatial_background_reference,Manipur,25.370173,93.850222,2007-09-10
20.6,50.8,71.7,0.423101,25.0,7.6347,344.8026,0,spatial_background_sample,spatial_background_reference,Tripura,23.027106,91.77617,2018-05-18
1.2,67.3,133.1,0.48468,95.0,2.0571,270.0,0,spatial_background_sample,spatial_background_reference,Assam,25.795138,92.852744,2016-05-22
21.5,42.6,121.1,0.389156,4748.0,39.2004,246.6397,0,spatial_background_sample,spatial_background_reference,Sikkim,27.695617,88.39659,2021-05-18
0.0,0.1,2.6,0.297945,5981.0,10.358,270.0,0,spatial_background_sample,spatial_background_reference,Sikkim,27.789536,88.254444,2025-07-19
17.6,42.6,103.1,0.425458,1570.0,29.8731,213.7604,1,GSI_field_inventory,observed_landslide,Sikkim,27.4432,88.6087,
30.9,52.0,110.3,0.455021,1648.0,21.7458,193.0923,1,GSI_field_inventory,observed_landslide,Nagaland,26.38778,94.82583,
72.4,154.3,313.2,0.485774,84.0,16.2571,183.5346,0,spatial_background_sample,spatial_background_reference,Meghalaya,25.92014,90.853887,2020-05-26
5.7,15.6,38.0,0.484674,41.0,9.2326,119.8267,0,spatial_background_sample,spatial_background_reference,Tripura,23.462927,91.29055,2009-07-10
0.9,10.3,152.1,0.368208,229.0,25.128,239.9707,1,GSI_field_inventory,observed_landslide,Mizoram,23.52583333,92.63861111,
1.2,2.5,24.4,0.427805,5068.0,20.1628,63.8732,0,spatial_background_sample,spatial_background_reference,Sikkim,28.011224,88.573921,2024-07-21
41.3,64.3,115.9,0.425488,3510.0,28.7976,53.9631,0,spatial_background_sample,spatial_background_reference,Arunachal Pradesh,29.187225,94.625748,2016-07-17
50.7,165.7,247.2,0.459268,1667.0,41.5651,313.8613,0,spatial_background_sample,spatial_background_reference,Arunachal Pradesh,27.730043,96.55857,2016-07-17
23.7,40.6,134.7,0.423671,863.0,37.4574,236.7199,0,spatial_background_sample,spatial_background_reference,Arunachal Pradesh,27.921741,94.482263,2016-07-17
2.3,10.6,25.0,0.415516,107.0,21.8048,127.3194,0,spatial_background_sample,spatial_background_reference,Tripura,23.823105,91.528512,2009-07-10
2.7,5.7,30.6,0.423269,4439.0,26.406,138.5031,0,spatial_background_sample,spatial_background_reference,Sikkim,27.788604,88.637102,2022-05-29
18.4,42.5,132.8,0.426347,2247.0,29.995,337.5784,0,spatial_background_sample,spatial_background_reference,Arunachal Pradesh,28.199798,93.54639,2016-07-16
33.2,53.9,111.1,0.48525,96.0,2.7854,48.342,0,spatial_background_sample,spatial_background_reference,Assam,27.170241,94.616834,2020-06-02
52.6,133.2,139.7,0.476778,47.0,1.3878,48.1305,0,spatial_background_sample,spatial_background_reference,Assam,26.325623,91.547407,2017-06-13
4.2,21.6,51.2,0.483829,715.0,6.8801,312.0708,0,spatial_background_sample,spatial_background_reference,Meghalaya,25.492358,90.488697,2025-05-28
18.4,86.6,282.8,0.363417,1028.0,42.4705,296.521,1,GSI_field_inventory,observed_landslide,Mizoram,22.48765,92.886806,
1.5,11.3,28.0,0.403719,89.0,4.9044,124.4243,0,spatial_background_sample,spatial_background_reference,Tripura,23.966459,91.697278,2009-07-10
10.0,65.1,320.0,0.427216,1937.0,46.687,340.9355,0,spatial_background_sample,spatial_background_reference,Sikkim,27.531803,88.424044,2015-07-08
54.1,313.9,433.5,0.379885,735.0,11.0067,256.7692,1,GSI_field_inventory,observed_landslide,Mizoram,23.207082,92.509726,
16.0,17.6,29.0,0.488824,797.0,3.5684,121.2371,0,spatial_background_sample,spatial_background_reference,Manipur,24.527777,94.047989,2024-07-29
33.3,130.7,236.4,0.427997,2748.0,39.9228,55.9188,0,spatial_background_sample,spatial_background_reference,Arunachal Pradesh,27.557805,92.512179,2016-07-16
25.9,57.6,131.6,0.497573,776.0,24.3133,299.5155,1,GSI_field_inventory,observed_landslide,Nagaland,26.425346,94.387013,
25.3,98.6,119.6,0.409088,92.0,23.0026,92.1828,0,spatial_background_sample,spatial_background_reference,Tripura,23.824471,91.525052,2018-05-18
19.6,46.9,50.1,0.423375,165.0,15.2357,262.3149,1,GSI_field_inventory,observed_landslide,Mizoram,23.85194444,92.83305556,
22.8,75.5,95.6,0.410626,93.0,6.822,312.5165,0,spatial_background_sample,spatial_background_reference,Tripura,23.528503,91.609171,2018-05-18
10.4,60.5,81.2,0.387522,107.0,1.8523,0.0,0,spatial_background_sample,spatial_background_reference,Tripura,23.571426,91.775651,2018-05-18
50.6,81.7,140.9,0.426021,3563.0,28.4338,206.3774,0,spatial_background_sample,spatial_background_reference,Arunachal Pradesh,29.095628,95.538993,2016-07-17
10.1,14.6,43.7,0.408329,4808.0,15.6235,313.9363,0,spatial_background_sample,spatial_background_reference,Sikkim,27.963566,88.569735,2012-06-22
20.0,78.3,116.1,0.422371,2226.0,25.4505,130.2063,0,spatial_background_sample,spatial_background_reference,Arunachal Pradesh,27.15941,92.409573,2016-04-22
3.4,34.4,105.2,0.454414,355.0,12.257,227.944,0,spatial_background_sample,spatial_background_reference,Assam,25.554436,93.300354,2022-05-15
15.2,69.8,123.2,0.414362,269.0,12.1917,248.0251,0,spatial_background_sample,spatial_background_reference,Arunachal Pradesh,27.409828,94.077804,2016-07-16
17.6,34.6,60.2,0.481198,77.0,7.5783,52.5778,0,spatial_background_sample,spatial_background_reference,Tripura,23.334557,91.673988,2009-07-10
3.0,105.8,214.3,0.480427,613.0,24.7827,2.2199,1,GSI_field_inventory,observed_landslide,Assam,25.15572222,93.02277778,
2.5,16.9,35.6,0.420211,5329.0,14.8146,191.9909,0,spatial_background_sample,spatial_background_reference,Sikkim,28.016816,88.643246,2012-07-17
2.5,15.0,30.6,0.427561,133.0,6.5349,188.8538,0,spatial_background_sample,spatial_background_reference,Tripura,23.493033,91.617745,2009-07-10
6.9,39.5,68.3,0.39879,5184.0,30.5085,188.9282,0,spatial_background_sample,spatial_background_reference,Sikkim,27.861471,88.303861,2012-06-26
16.7,43.2,78.5,0.413277,2674.0,28.9616,286.9879,0,spatial_background_sample,spatial_background_reference,Sikkim,27.631554,88.382468,2023-10-04
24.2,60.5,78.1,0.456738,50.0,4.1023,132.5596,0,spatial_background_sample,spatial_background_reference,Tripura,23.328756,91.618584,2018-05-18
3.3,63.1,106.4,0.41158,57.0,5.2159,79.7974,0,spatial_background_sample,spatial_background_reference,Meghalaya,25.858479,90.107636,2014-09-23
0.4,39.3,145.3,0.488735,50.0,0.0,180.0,0,spatial_background_sample,spatial_background_reference,Assam,26.4551,92.208663,2016-05-22
24.6,107.8,151.1,0.482156,323.0,14.9193,223.2599,0,spatial_background_sample,spatial_background_reference,Arunachal Pradesh,27.680552,95.996183,2016-07-17
6.8,59.2,121.5,0.426662,4436.0,18.4034,337.4226,0,spatial_background_sample,spatial_background_reference,Arunachal Pradesh,27.617983,92.228848,2016-07-17
8.6,60.8,75.4,0.408757,58.0,1.3732,312.4189,0,spatial_background_sample,spatial_background_reference,Tripura,23.97405,91.705946,2018-05-18
35.4,49.8,60.5,0.487704,64.0,2.9633,159.5693,0,spatial_background_sample,spatial_background_reference,Assam,26.512047,91.93196,2018-06-14
28.2,75.5,203.4,0.490662,97.0,2.1249,29.3557,0,spatial_background_sample,spatial_background_reference,Assam,27.256828,94.684571,2016-05-22
18.3,103.4,146.9,0.490089,391.0,4.8325,319.9093,0,spatial_background_sample,spatial_background_reference,Arunachal Pradesh,27.0075,95.285701,2016-07-16
106.7,192.6,325.0,0.462092,127.0,1.8523,0.0,0,spatial_background_sample,spatial_background_reference,Assam,27.827169,95.489404,2022-05-14
61.1,139.0,163.3,0.307741,710.0,12.3255,53.6996,0,spatial_background_sample,spatial_background_reference,Mizoram,23.331125,92.428516,2024-05-28
2.5,15.0,30.6,0.488388,89.0,5.4643,227.4582,0,spatial_background_sample,spatial_background_reference,Tripura,23.411535,91.60737,2009-07-10
49.6,154.5,245.7,0.427284,869.0,40.8429,136.8418,0,spatial_background_sample,spatial_background_reference,Arunachal Pradesh,28.950688,94.867573,2016-07-17
0.0,11.1,192.3,0.42051,40.0,2.265,294.1309,0,spatial_background_sample,spatial_background_reference,Assam,26.370839,90.963911,2016-05-22
25.5,156.0,287.1,0.471186,47.0,4.1506,48.0525,0,spatial_background_sample,spatial_background_reference,Assam,26.006214,91.035387,2016-05-17
5.9,26.9,65.4,0.422385,838.0,30.7796,60.7126,1,GSI_field_inventory,observed_landslide,Mizoram,23.186296,92.7356,
12.8,117.7,154.6,0.408905,102.0,11.3863,15.5278,0,spatial_background_sample,spatial_background_reference,Meghalaya,25.871522,90.160478,2025-05-31
6.9,11.9,22.2,0.487104,1584.0,18.1981,113.9687,1,GSI_field_inventory,observed_landslide,Meghalaya,25.49551944,91.49585278,
60.2,199.7,230.9,0.48769,333.0,11.3249,260.7074,0,spatial_background_sample,spatial_background_reference,Meghalaya,25.851073,90.638305,2025-05-30
1.8,38.1,128.3,0.48285,79.0,7.6863,306.8013,0,spatial_background_sample,spatial_background_reference,Assam,26.135019,92.89699,2016-05-22
14.0,81.7,102.6,0.405372,144.0,13.6683,175.8306,0,spatial_background_sample,spatial_background_reference,Tripura,23.863457,91.750895,2018-05-18
10.9,84.9,335.6,0.465626,94.0,1.3949,228.3926,0,spatial_background_sample,spatial_background_reference,Assam,27.36781,94.490931,2025-06-04
19.6,90.8,113.8,0.472973,27.0,3.032,90.0,0,spatial_background_sample,spatial_background_reference,Tripura,23.679705,91.3112,2018-05-18
9.9,33.3,65.1,0.423951,4112.0,29.2855,11.4053,0,spatial_background_sample,spatial_background_reference,Arunachal Pradesh,28.981626,96.106581,2016-07-16
9.3,54.0,64.8,0.414812,715.0,24.376,2.3063,0,spatial_background_sample,spatial_background_reference,Arunachal Pradesh,27.528946,94.203672,2016-04-22
68.2,243.6,295.5,0.271625,77.0,0.9264,0.0,0,spatial_background_sample,spatial_background_reference,Assam,26.667282,91.469977,2022-05-14
1.7,8.0,200.6,0.323058,120.0,2.1226,150.7556,0,spatial_background_sample,spatial_background_reference,Assam,26.744958,91.430282,2016-05-22
71.4,104.1,233.9,0.494707,138.0,14.1415,67.3524,0,spatial_background_sample,spatial_background_reference,Meghalaya,25.309799,90.514547,2007-07-25
45.3,125.6,187.5,0.399414,27.0,2.0568,90.0,0,spatial_background_sample,spatial_background_reference,Meghalaya,25.780128,89.973028,2025-05-30
49.4,126.3,165.8,0.376667,909.0,26.1155,251.2189,1,GSI_field_inventory,observed_landslide,Mizoram,23.71697222,92.70817222,
7.5,10.8,33.1,0.417031,1872.0,25.1099,332.8041,1,GSI_field_inventory,observed_landslide,Sikkim,27.37211111,88.61671944,
18.8,125.0,235.3,0.425787,3702.0,30.6586,220.202,0,spatial_background_sample,spatial_background_reference,Sikkim,27.446393,88.144699,2012-07-17
18.8,40.6,119.9,0.495966,567.0,10.3639,308.2364,0,spatial_background_sample,spatial_background_reference,Meghalaya,25.774092,90.829979,2022-06-17
6.8,59.2,121.5,0.426662,4540.0,29.223,113.8703,0,spatial_background_sample,spatial_background_reference,Arunachal Pradesh,27.743799,92.235679,2016-07-17
10.9,35.5,76.9,0.424958,4373.0,39.5739,183.8406,0,spatial_background_sample,spatial_background_reference,Arunachal Pradesh,28.808061,96.567562,2016-07-16
24.6,67.9,196.7,0.48043,573.0,22.2433,113.2891,0,spatial_background_sample,spatial_background_reference,Meghalaya,25.320737,90.868177,2020-05-26
21.3,52.7,120.6,0.424387,2052.0,32.5887,78.3252,0,spatial_background_sample,spatial_background_reference,Arunachal Pradesh,28.575551,94.720523,2016-07-16
30.6,76.1,151.1,0.37125,856.0,43.8405,101.4238,1,GSI_field_inventory,observed_landslide,Mizoram,23.6868033,92.7251987,
0.0,7.9,182.5,0.492493,30.0,3.6016,59.0834,0,spatial_background_sample,spatial_background_reference,Assam,26.061647,90.035142,2016-05-22
8.6,60.8,75.4,0.408757,67.0,4.1139,312.4112,0,spatial_background_sample,spatial_background_reference,Tripura,24.008801,91.721635,2018-05-18
131.9,390.3,432.6,0.467845,46.0,0.9264,0.0,0,spatial_background_sample,spatial_background_reference,Assam,26.306803,91.433093,2022-05-15
0.9,16.3,30.3,0.416266,5339.0,19.3736,222.6302,0,spatial_background_sample,spatial_background_reference,Sikkim,28.035956,88.47782,2012-07-17
26.1,138.4,222.3,0.465112,93.0,3.6197,239.2553,0,spatial_background_sample,spatial_background_reference,Assam,26.846869,94.417719,2010-04-02
1.0,1.3,36.6,0.392323,5380.0,14.8126,191.9515,0,spatial_background_sample,spatial_background_reference,Sikkim,27.649393,88.14995,2022-10-10
3.1,7.8,44.4,0.425085,4711.0,34.3255,110.8068,0,spatial_background_sample,spatial_background_reference,Sikkim,27.542898,88.147681,2022-10-10
17.1,41.0,72.6,0.482004,67.0,17.1584,152.91,0,spatial_background_sample,spatial_background_reference,Tripura,23.073218,91.560105,2009-07-10
20.9,44.4,99.1,0.425699,3784.0,32.4126,237.6695,0,spatial_background_sample,spatial_background_reference,Arunachal Pradesh,29.0693,95.502723,2016-07-16
1.6,7.6,20.7,0.417458,5296.0,15.4572,276.7162,0,spatial_background_sample,spatial_background_reference,Sikkim,27.970046,88.341273,2014-07-08
15.3,15.8,36.3,0.399823,5386.0,42.8305,311.5163,0,spatial_background_sample,spatial_background_reference,Sikkim,27.719968,88.264048,2025-09-11
24.6,107.8,151.1,0.480631,149.0,1.3984,48.5191,0,spatial_background_sample,spatial_background_reference,Arunachal Pradesh,27.855121,95.927724,2016-07-17
63.7,135.0,335.7,0.49499,609.0,26.6373,182.0468,0,spatial_background_sample,spatial_background_reference,Meghalaya,25.495463,90.454741,2020-05-26
2.7,12.2,20.0,0.399807,83.0,11.0492,305.4251,0,spatial_background_sample,spatial_background_reference,Tripura,23.856827,91.710396,2009-07-10
0.2,10.3,26.1,0.393585,5357.0,18.3192,70.0096,0,spatial_background_sample,spatial_background_reference,Sikkim,27.93681,88.37521,2022-08-25
10.7,72.1,87.3,0.393012,72.0,12.2335,325.1189,0,spatial_background_sample,spatial_background_reference,Tripura,24.097998,92.017508,2018-05-18
67.8,120.5,158.2,0.379417,952.0,21.7513,279.9293,1,GSI_field_inventory,observed_landslide,Mizoram,23.58583333,92.71638889,
14.1,59.2,80.9,0.385725,150.0,11.5041,322.6054,0,spatial_background_sample,spatial_background_reference,Tripura,23.688876,91.788048,2018-05-18
10.0,30.6,63.3,0.486536,187.0,4.7345,12.5303,0,spatial_background_sample,spatial_background_reference,Assam,25.856953,93.316961,2018-08-24
15.2,141.3,175.6,0.411964,67.0,17.2168,152.509,0,spatial_background_sample,spatial_background_reference,Meghalaya,25.265817,90.112334,2025-05-31
3.1,38.5,88.6,0.355716,1484.0,9.2389,6.2474,0,spatial_background_sample,spatial_background_reference,Manipur,24.010663,93.674678,2011-05-31
80.6,213.7,258.8,0.495516,415.0,12.9091,170.9976,0,spatial_background_sample,spatial_background_reference,Meghalaya,25.614998,90.512567,2025-05-30
56.6,95.3,115.9,0.396899,84.0,11.954,57.6821,0,spatial_background_sample,spatial_background_reference,Meghalaya,25.347237,89.959616,2024-06-30
60.8,87.2,158.2,0.424186,1816.0,42.2144,29.1492,0,spatial_background_sample,spatial_background_reference,Arunachal Pradesh,28.572216,95.662663,2016-07-17
25.9,49.0,129.6,0.4225,3736.0,26.6305,118.9278,0,spatial_background_sample,spatial_background_reference,Sikkim,27.839494,88.553452,2012-06-22
10.4,14.3,33.0,0.383652,5707.0,21.8034,27.2221,0,spatial_background_sample,spatial_background_reference,Sikkim,27.918703,88.784548,2022-10-10
10.1,19.3,26.2,0.411534,1171.0,57.6111,317.6052,0,spatial_background_sample,spatial_background_reference,Arunachal Pradesh,28.072214,93.76676,2016-04-22
31.6,158.6,195.9,0.361543,321.0,4.1305,132.1996,0,spatial_background_sample,spatial_background_reference,Manipur,24.942367,93.328899,2011-05-31
1.7,28.1,90.0,0.487972,106.0,10.3301,270.0,0,spatial_background_sample,spatial_background_reference,Assam,27.48814,94.907569,2016-05-27
17.6,34.6,60.2,0.481198,103.0,8.1631,312.5585,0,spatial_background_sample,spatial_background_reference,Tripura,23.334159,91.69607,2009-07-10
6.3,27.0,50.9,0.417454,603.0,28.6957,294.4283,0,spatial_background_sample,spatial_background_reference,Manipur,24.710243,94.505143,2007-08-28
0.3,59.1,90.4,0.491664,138.0,8.82,200.3021,0,spatial_background_sample,spatial_background_reference,Assam,25.707845,92.939688,2016-05-22
13.9,60.8,122.6,0.4256,3070.0,16.7077,257.5564,0,spatial_background_sample,spatial_background_reference,Arunachal Pradesh,28.036331,96.794845,2016-07-17
37.8,84.9,109.0,0.427374,85.0,14.829,322.5576,0,spatial_background_sample,spatial_background_reference,Meghalaya,25.295889,90.113277,2007-07-19
54.1,313.9,433.5,0.379885,726.0,12.6492,17.1156,1,GSI_field_inventory,observed_landslide,Mizoram,23.208823,92.53749,
37.5,70.1,197.8,0.426552,3576.0,34.9009,284.771,0,spatial_background_sample,spatial_background_reference,Sikkim,27.515114,88.381791,2012-06-22
14.3,52.2,104.2,0.490863,117.0,1.3976,131.5092,0,spatial_background_sample,spatial_background_reference,Assam,27.747008,95.147058,2010-06-20
7.2,23.0,86.5,0.323972,28.0,2.7772,180.0,0,spatial_background_sample,spatial_background_reference,Assam,25.83031,89.854801,2014-06-27
18.0,71.5,85.8,0.398804,82.0,10.2714,308.6527,0,spatial_background_sample,spatial_background_reference,Tripura,23.928244,91.854896,2018-05-18
21.4,171.4,181.9,0.410933,29.0,1.3838,312.0172,0,spatial_background_sample,spatial_background_reference,Meghalaya,25.717031,89.985117,2019-06-27
54.9,118.1,157.5,0.379844,858.0,34.5831,267.3084,1,GSI_field_inventory,observed_landslide,Mizoram,23.545,92.70333333,
0.0,17.0,156.0,0.492488,42.0,1.0326,270.0,0,spatial_background_sample,spatial_background_reference,Assam,26.21576,91.18986,2016-05-22
3.6,36.3,54.9,0.418792,4976.0,22.8752,119.8827,0,spatial_background_sample,spatial_background_reference,Sikkim,27.866625,88.71549,2014-07-01
0.5,6.1,13.1,0.397138,99.0,14.0424,82.571,0,spatial_background_sample,spatial_background_reference,Tripura,24.112505,91.883796,2009-07-10
18.5,64.5,106.3,0.494467,442.0,10.2852,216.6823,0,spatial_background_sample,spatial_background_reference,Assam,26.494492,93.589407,2022-05-15
0.0,0.0,9.6,0.264167,4923.0,31.5156,147.5488,0,spatial_background_sample,spatial_background_reference,Sikkim,27.79649,88.373037,2022-11-20
49.0,68.7,97.5,0.396844,843.0,21.8792,253.0072,1,GSI_field_inventory,observed_landslide,Mizoram,23.53986111,92.70063889,
6.3,33.5,61.7,0.393128,771.0,2.1137,331.1884,0,spatial_background_sample,spatial_background_reference,Manipur,24.624036,93.848343,2008-06-19
5.0,14.9,34.7,0.395037,93.0,20.6077,279.9044,0,spatial_background_sample,spatial_background_reference,Tripura,23.55388,91.739692,2009-07-10
3.4,5.2,10.8,0.412552,5393.0,3.2751,286.4135,0,spatial_background_sample,spatial_background_reference,Sikkim,27.90612,88.82008,2014-07-08
9.9,60.6,74.0,0.488865,706.0,17.9208,0.0,0,spatial_background_sample,spatial_background_reference,Nagaland,26.898615,95.177695,2007-08-12
18.2,56.9,69.4,0.444159,34.0,2.7772,180.0,0,spatial_background_sample,spatial_background_reference,Tripura,23.175761,91.801107,2018-05-18
17.6,34.6,60.2,0.482631,66.0,9.185,0.0,0,spatial_background_sample,spatial_background_reference,Tripura,23.339569,91.635253,2009-07-10
1.2,3.1,44.3,0.421696,4922.0,29.2185,234.6757,0,spatial_background_sample,spatial_background_reference,Sikkim,27.644387,88.215646,2022-10-10
12.3,27.5,128.5,0.487402,92.0,1.0381,270.0,0,spatial_background_sample,spatial_background_reference,Assam,26.832299,93.230672,2018-08-31
30.2,60.9,166.5,0.425728,611.0,15.7936,128.9641,0,spatial_background_sample,spatial_background_reference,Arunachal Pradesh,28.082723,93.605945,2016-07-17
9.1,117.0,267.2,0.42779,174.0,8.4583,77.4396,0,spatial_background_sample,spatial_background_reference,Assam,26.974661,92.85039,2020-06-28
30.0,118.7,123.4,0.498521,78.0,7.8639,251.1977,1,GSI_field_inventory,observed_landslide,Assam,26.15428,91.79264,
7.6,20.7,39.8,0.485208,48.0,2.9543,199.9551,0,spatial_background_sample,spatial_background_reference,Tripura,23.355058,91.339934,2009-07-10
5.7,66.6,105.6,0.491354,110.0,3.2542,286.5223,0,spatial_background_sample,spatial_background_reference,Assam,27.137837,95.169383,2020-07-12
8.2,91.4,133.6,0.464784,30.0,1.3857,131.9488,0,spatial_background_sample,spatial_background_reference,Assam,26.000815,89.906998,2020-06-02
10.6,28.2,51.2,0.38122,3381.0,70.0342,61.9693,0,spatial_background_sample,spatial_background_reference,Arunachal Pradesh,29.331392,95.977256,2016-04-22
19.5,20.8,23.3,0.34275,6358.0,41.9646,307.6862,0,spatial_background_sample,spatial_background_reference,Sikkim,27.612145,88.131248,2022-06-15
1.9,12.3,24.2,0.406494,23.0,3.4376,36.1428,0,spatial_background_sample,spatial_background_reference,Tripura,24.105653,91.398976,2009-07-10
0.5,6.1,13.1,0.385262,77.0,7.0634,90.0,0,spatial_background_sample,spatial_background_reference,Tripura,24.00973,91.952354,2009-07-10
4.1,9.6,69.6,0.411027,4941.0,38.4994,105.3235,0,spatial_background_sample,spatial_background_reference,Sikkim,27.71575,88.380366,2022-10-10
23.1,53.3,115.4,0.424601,3037.0,30.5607,266.8604,0,spatial_background_sample,spatial_background_reference,Arunachal Pradesh,28.644586,95.605355,2016-07-16
54.9,118.1,157.5,0.379844,822.0,37.9605,228.7932,1,GSI_field_inventory,observed_landslide,Mizoram,23.50694444,92.69638889,
2.4,64.7,89.1,0.423307,1538.0,28.6329,332.6852,0,spatial_background_sample,spatial_background_reference,Manipur,25.367854,93.795523,2018-08-02
30.0,118.7,123.4,0.498521,78.0,7.8639,251.1977,1,GSI_field_inventory,observed_landslide,Assam,26.15427778,91.79263889,
11.2,116.2,183.5,0.42747,2431.0,9.9124,303.7228,0,spatial_background_sample,spatial_background_reference,Arunachal Pradesh,27.128073,92.217837,2016-07-17
45.3,125.6,187.5,0.399345,24.0,2.2548,294.2466,0,spatial_background_sample,spatial_background_reference,Meghalaya,25.737731,89.972255,2025-05-30
65.0,128.9,173.2,0.377844,1503.0,17.3118,235.16,1,GSI_field_inventory,observed_landslide,Mizoram,23.43277778,92.76111111,
18.0,47.6,112.5,0.423951,3906.0,22.9796,7.5176,0,spatial_background_sample,spatial_background_reference,Arunachal Pradesh,29.03111,96.057281,2016-07-16
54.9,118.1,157.5,0.379417,834.0,32.9737,307.2351,1,GSI_field_inventory,observed_landslide,Mizoram,23.55027778,92.70444444,
49.4,126.3,165.8,0.376667,862.0,18.2265,218.1368,1,GSI_field_inventory,observed_landslide,Mizoram,23.73111111,92.70222222,
27.7,42.9,133.3,0.424786,2997.0,19.1581,167.7924,0,spatial_background_sample,spatial_background_reference,Arunachal Pradesh,28.306795,94.373375,2016-07-17
17.1,41.0,72.6,0.47807,57.0,7.6344,164.809,0,spatial_background_sample,spatial_background_reference,Tripura,22.967781,91.61523,2009-07-10
11.5,69.9,132.6,0.426432,4496.0,31.7976,47.3035,0,spatial_background_sample,spatial_background_reference,Sikkim,27.479842,88.092503,2021-08-27
41.7,95.2,121.5,0.494807,94.0,9.3693,281.303,0,spatial_background_sample,spatial_background_reference,Meghalaya,25.916743,90.471715,2009-07-01
4.4,13.0,34.2,0.396795,114.0,16.714,266.9132,0,spatial_background_sample,spatial_background_reference,Tripura,23.544415,91.918616,2009-07-10
25.9,52.0,181.9,0.488747,111.0,1.3952,48.4024,0,spatial_background_sample,spatial_background_reference,Assam,27.405891,95.05497,2016-05-22
49.4,108.6,154.4,0.376667,865.0,25.0056,356.1963,1,GSI_field_inventory,observed_landslide,Mizoram,23.71571389,92.72659722,
77.9,125.6,237.7,0.456501,76.0,3.8426,195.6435,0,spatial_background_sample,spatial_background_reference,Assam,26.775445,93.602312,2022-05-15
10.5,35.4,60.0,0.401125,1202.0,21.8119,126.6274,1,GSI_field_inventory,observed_landslide,Mizoram,23.10184722,93.20138889,
16.2,39.4,57.9,0.414359,2227.0,32.3204,122.46,0,spatial_background_sample,spatial_background_reference,Arunachal Pradesh,28.549151,94.44317,2016-04-22
18.0,31.7,42.2,0.410685,4854.0,9.6905,341.2459,0,spatial_background_sample,spatial_background_reference,Sikkim,27.924803,88.341267,2023-10-04
5.9,26.0,38.3,0.425679,5299.0,36.0585,258.4706,0,spatial_background_sample,spatial_background_reference,Sikkim,27.878502,88.486378,2024-08-21
92.7,180.8,274.7,0.45474,138.0,8.5256,193.8856,0,spatial_background_sample,spatial_background_reference,Meghalaya,25.982563,90.492868,2024-06-15
9.2,23.8,133.5,0.40424,1001.0,36.1116,221.0231,1,GSI_field_inventory,observed_landslide,Mizoram,24.10710778,93.11535444,
10.2,75.3,92.4,0.443576,22.0,4.1085,47.5207,0,spatial_background_sample,spatial_background_reference,Tripura,23.699635,91.214588,2018-05-18
31.2,63.2,158.8,0.425634,1455.0,27.088,152.2771,0,spatial_background_sample,spatial_background_reference,Arunachal Pradesh,27.935519,93.16408,2016-07-17
6.9,12.8,34.2,0.406198,5422.0,12.4345,265.7946,0,spatial_background_sample,spatial_background_reference,Sikkim,28.07024,88.612117,2025-09-11
43.3,95.4,348.0,0.494859,90.0,3.4684,216.8353,0,spatial_background_sample,spatial_background_reference,Assam,27.125554,94.389032,2024-07-05
2.5,15.0,30.6,0.486573,29.0,5.3665,290.1367,0,spatial_background_sample,spatial_background_reference,Tripura,23.553747,91.399853,2009-07-10
11.7,98.8,158.0,0.489137,97.0,4.1645,270.0,0,spatial_background_sample,spatial_background_reference,Assam,27.340453,94.46364,2020-06-26
93.8,177.3,235.7,0.303257,114.0,3.8425,15.638,0,spatial_background_sample,spatial_background_reference,Assam,26.733033,91.436542,2016-05-17
1.5,11.3,28.0,0.403719,157.0,25.6587,216.1144,0,spatial_background_sample,spatial_background_reference,Tripura,23.971924,91.747308,2009-07-10
19.3,39.1,68.4,0.477826,41.0,2.1077,28.5146,0,spatial_background_sample,spatial_background_reference,Tripura,23.026086,91.735874,2009-07-10
21.9,47.3,79.4,0.486461,187.0,35.3417,159.2087,0,spatial_background_sample,spatial_background_reference,Meghalaya,25.931122,90.568807,2007-07-19
7.6,20.7,39.8,0.463299,33.0,12.0317,189.5117,0,spatial_background_sample,spatial_background_reference,Tripura,23.336221,91.320034,2009-07-10
25.5,156.0,287.1,0.48658,44.0,4.2337,29.1054,0,spatial_background_sample,spatial_background_reference,Assam,26.087658,90.9501,2016-05-17
33.7,235.2,356.1,0.372094,1038.0,20.0449,167.4429,1,GSI_field_inventory,observed_landslide,Mizoram,23.319156,92.857722,
15.5,62.2,78.2,0.404479,195.0,23.8636,270.0,0,spatial_background_sample,spatial_background_reference,Tripura,23.965838,91.918702,2018-05-18
2.7,80.7,128.7,0.422912,2250.0,32.5963,215.9827,0,spatial_background_sample,spatial_background_reference,Manipur,25.334388,93.900478,2018-08-02
4.3,43.5,87.9,0.481429,474.0,10.0311,336.0813,0,spatial_background_sample,spatial_background_reference,Assam,25.596832,93.337385,2016-05-17
24.0,180.2,211.6,0.494884,987.0,10.9374,70.4462,0,spatial_background_sample,spatial_background_reference,Arunachal Pradesh,27.384495,96.345369,2016-07-17
4.8,29.9,54.7,0.404719,5066.0,10.0855,0.0,0,spatial_background_sample,spatial_background_reference,Sikkim,27.953114,88.685616,2021-08-27
17.6,91.5,113.9,0.472937,54.0,3.0342,270.0,0,spatial_background_sample,spatial_background_reference,Tripura,23.774546,91.437827,2018-05-18
20.7,67.8,93.3,0.321649,5735.0,20.6024,8.3886,0,spatial_background_sample,spatial_background_reference,Sikkim,27.807619,88.297536,2014-06-24
13.8,78.6,135.9,0.426458,184.0,13.2817,62.4258,1,GSI_field_inventory,observed_landslide,Mizoram,24.6273,93.20404444,
3.4,185.6,247.9,0.48635,610.0,14.2116,277.3364,0,spatial_background_sample,spatial_background_reference,Meghalaya,25.678132,90.871731,2025-05-31
2.6,50.1,83.4,0.446496,771.0,5.5414,0.0,0,spatial_background_sample,spatial_background_reference,Manipur,24.684414,93.830153,2007-08-28
3.5,9.5,17.9,0.339228,6408.0,32.5807,123.8248,0,spatial_background_sample,spatial_background_reference,Sikkim,27.960484,88.838431,2015-07-08
15.4,96.6,166.5,0.482592,96.0,6.3535,150.6115,0,spatial_background_sample,spatial_background_reference,Assam,27.405324,94.664283,2020-06-05
25.1,29.2,96.8,0.497286,1013.0,5.2079,100.2185,0,spatial_background_sample,spatial_background_reference,Meghalaya,25.66967,92.232951,2020-05-26
21.4,27.3,45.8,0.426423,2268.0,8.2018,141.7473,0,spatial_background_sample,spatial_background_reference,Manipur,25.044513,93.866838,2024-07-29
43.7,84.0,106.9,0.430973,37.0,5.0382,156.499,0,spatial_background_sample,spatial_background_reference,Tripura,23.089776,91.54496,2018-05-18
4.4,13.0,34.2,0.392342,124.0,4.7305,347.6869,0,spatial_background_sample,spatial_background_reference,Tripura,23.612404,91.914296,2009-07-10
12.1,13.1,18.6,0.358246,5419.0,43.6282,306.4204,0,spatial_background_sample,spatial_background_reference,Sikkim,27.702224,88.332829,2025-07-19
11.0,20.5,27.9,0.36799,5221.0,42.4648,197.4342,0,spatial_background_sample,spatial_background_reference,Sikkim,27.804958,88.791857,2023-10-04
47.0,200.6,362.8,0.493144,53.0,2.2659,245.8798,0,spatial_background_sample,spatial_background_reference,Assam,26.428884,91.458633,2016-05-18
62.0,123.0,185.2,0.377844,1331.0,27.7599,162.4406,1,GSI_field_inventory,observed_landslide,Mizoram,23.44138889,92.77888889,
56.6,86.3,155.3,0.425536,1941.0,37.1062,225.1394,0,spatial_background_sample,spatial_background_reference,Arunachal Pradesh,29.011636,95.718541,2016-07-17
31.0,68.7,86.3,0.436249,14.0,1.3676,47.3674,0,spatial_background_sample,spatial_background_reference,Tripura,22.98624,91.691499,2018-05-18
9.9,65.6,82.8,0.40918,53.0,3.0416,90.0,0,spatial_background_sample,spatial_background_reference,Tripura,24.086672,91.681215,2018-05-18
9.9,45.4,60.4,0.414311,1021.0,48.9323,287.2104,0,spatial_background_sample,spatial_background_reference,Arunachal Pradesh,27.748405,94.290245,2016-04-22
3.8,8.2,24.4,0.401533,5040.0,36.8807,345.8822,0,spatial_background_sample,spatial_background_reference,Sikkim,27.927166,88.674096,2025-09-11
33.7,235.2,356.1,0.372094,989.0,9.2114,130.454,1,GSI_field_inventory,observed_landslide,Mizoram,23.323423,92.860926,
20.8,44.8,99.9,0.425365,851.0,43.0716,0.2709,1,GSI_field_inventory,observed_landslide,Mizoram,23.73361111,92.85305556,
25.7,96.6,134.3,0.406156,770.0,23.6414,288.3201,1,GSI_field_inventory,observed_landslide,Mizoram,23.735,92.85666667,
9.3,22.6,82.9,0.420098,4559.0,11.8082,231.7748,0,spatial_background_sample,spatial_background_reference,Sikkim,27.614286,88.204025,2021-06-18
42.5,100.3,170.4,0.427298,2718.0,19.6831,309.259,0,spatial_background_sample,spatial_background_reference,Arunachal Pradesh,28.874911,95.206626,2016-07-17
21.4,27.3,45.8,0.476884,1811.0,45.4909,269.0893,0,spatial_background_sample,spatial_background_reference,Manipur,25.025303,93.863919,2024-07-29
42.5,68.9,158.3,0.423582,682.0,19.236,151.6955,0,spatial_background_sample,spatial_background_reference,Arunachal Pradesh,28.410695,94.936456,2016-07-17
16.1,23.5,92.7,0.34475,5454.0,45.9756,144.3569,0,spatial_background_sample,spatial_background_reference,Sikkim,27.746558,88.310223,2012-06-22
9.7,87.6,153.5,0.427095,3292.0,37.5294,310.7348,0,spatial_background_sample,spatial_background_reference,Arunachal Pradesh,27.255441,92.131231,2016-07-17
37.5,70.1,197.8,0.428397,3659.0,23.0246,216.9651,0,spatial_background_sample,spatial_background_reference,Sikkim,27.647451,88.286996,2012-06-22
33.7,235.2,356.1,0.372094,1030.0,23.5241,52.1512,1,GSI_field_inventory,observed_landslide,Mizoram,23.317543,92.858683,
14.1,59.2,80.9,0.387522,125.0,1.3712,47.505,0,spatial_background_sample,spatial_background_reference,Tripura,23.627312,91.816016,2018-05-18
4.7,23.6,33.6,0.364963,5354.0,11.0285,354.6096,0,spatial_background_sample,spatial_background_reference,Sikkim,27.973831,88.77213,2014-06-24
24.3,124.2,187.8,0.494414,697.0,23.0969,170.3274,0,spatial_background_sample,spatial_background_reference,Meghalaya,25.493391,90.487949,2007-09-08
11.1,69.7,89.9,0.405292,179.0,13.086,262.0029,0,spatial_background_sample,spatial_background_reference,Tripura,24.050982,91.910436,2018-05-18
17.5,35.2,79.4,0.404594,1140.0,27.489,288.1261,1,GSI_field_inventory,observed_landslide,Mizoram,23.56672222,93.13764444,
6.1,12.6,55.4,0.410628,5220.0,33.9916,207.4691,0,spatial_background_sample,spatial_background_reference,Sikkim,27.898581,88.730247,2025-07-19
32.9,97.3,120.4,0.401818,75.0,23.6655,121.1005,0,spatial_background_sample,spatial_background_reference,Meghalaya,25.193444,90.420752,2024-06-15
11.7,18.1,138.3,0.392625,706.0,4.5267,90.0,1,GSI_field_inventory,observed_landslide,Mizoram,23.05805556,92.67583333,
1.9,12.3,24.2,0.398341,72.0,7.6381,15.2925,0,spatial_background_sample,spatial_background_reference,Tripura,23.890764,91.589498,2009-07-10
0.1,3.9,10.9,0.375207,41.0,0.0,180.0,0,spatial_background_sample,spatial_background_reference,Tripura,24.269519,92.147452,2009-07-10
20.3,99.6,144.0,0.449229,1196.0,18.1882,339.41,1,GSI_field_inventory,observed_landslide,Manipur,24.40639,94.06583,
3.7,14.2,52.7,0.415208,951.0,40.4279,237.2107,1,GSI_field_inventory,observed_landslide,Mizoram,23.73305556,92.75,
49.4,126.3,165.8,0.376667,885.0,13.7226,286.364,1,GSI_field_inventory,observed_landslide,Mizoram,23.73132778,92.70821944,
2.5,15.0,30.6,0.484092,33.0,5.0406,23.5636,0,spatial_background_sample,spatial_background_reference,Tripura,23.487101,91.469311,2009-07-10
1.5,11.3,28.0,0.403719,223.0,2.1111,151.316,0,spatial_background_sample,spatial_background_reference,Tripura,23.953715,91.748905,2009-07-10
7.1,14.0,31.1,0.36083,4675.0,38.5156,121.8861,0,spatial_background_sample,spatial_background_reference,Sikkim,27.71063,88.423853,2024-08-21
4.8,15.9,31.7,0.486214,50.0,3.7006,0.0,0,spatial_background_sample,spatial_background_reference,Tripura,23.373641,91.530719,2009-07-10
9.3,31.8,49.2,0.415924,5212.0,51.1703,351.5333,0,spatial_background_sample,spatial_background_reference,Sikkim,27.879736,88.470581,2014-06-24
10.9,35.5,76.9,0.425089,3656.0,34.8474,324.3743,0,spatial_background_sample,spatial_background_reference,Arunachal Pradesh,28.699848,96.414468,2016-07-16
2.8,5.0,20.4,0.411147,5324.0,6.3416,278.3659,0,spatial_background_sample,spatial_background_reference,Sikkim,28.072224,88.576281,2021-06-18
23.6,70.0,130.5,0.495469,1483.0,3.1786,150.9825,1,GSI_field_inventory,observed_landslide,Nagaland,25.66083,94.10278,
10.0,16.3,239.8,0.484042,135.0,0.9264,180.0,0,spatial_background_sample,spatial_background_reference,Assam,27.89321,95.773756,2016-05-22
4.4,74.3,166.7,0.493034,70.0,6.3409,330.816,0,spatial_background_sample,spatial_background_reference,Assam,26.461936,92.646867,2020-06-28
3.0,15.5,80.7,0.475939,916.0,22.0314,23.2145,0,spatial_background_sample,spatial_background_reference,Manipur,24.168566,93.759808,2008-07-01
5.0,14.9,34.7,0.400799,114.0,15.66,125.2255,0,spatial_background_sample,spatial_background_reference,Tripura,23.376784,91.80191,2009-07-10
21.6,38.8,85.1,0.423725,4173.0,31.0226,326.4586,0,spatial_background_sample,spatial_background_reference,Arunachal Pradesh,28.850225,96.395978,2016-07-17
49.0,68.7,97.5,0.396844,777.0,26.2091,311.1242,1,GSI_field_inventory,observed_landslide,Mizoram,23.54380556,92.70136111,
18.3,39.8,102.9,0.491921,90.0,3.2518,106.5347,0,spatial_background_sample,spatial_background_reference,Assam,27.049168,94.380765,2018-08-24
13.6,81.0,106.0,0.404893,58.0,2.9559,339.9563,0,spatial_background_sample,spatial_background_reference,Tripura,23.984076,91.554627,2018-05-18
2.0,3.0,5.3,0.318149,5601.0,38.5447,116.5194,0,spatial_background_sample,spatial_background_reference,Sikkim,27.798005,88.326826,2022-06-15
24.2,60.5,78.1,0.456738,36.0,6.2348,306.3006,0,spatial_background_sample,spatial_background_reference,Tripura,23.330391,91.586809,2018-05-18
3.1,4.7,16.9,0.397174,5197.0,29.5786,93.2663,0,spatial_background_sample,spatial_background_reference,Sikkim,27.800596,88.859599,2021-05-18
26.9,65.8,86.8,0.436249,21.0,3.1551,72.9419,0,spatial_background_sample,spatial_background_reference,Tripura,22.998171,91.699543,2018-05-18
0.0,0.0,55.0,0.215555,40.0,2.1196,29.1003,0,spatial_background_sample,spatial_background_reference,Assam,26.062989,90.429454,2011-03-23
4.2,8.5,12.6,0.385503,122.0,1.3718,47.5288,0,spatial_background_sample,spatial_background_reference,Tripura,23.736251,91.892893,2009-07-10
85.3,190.2,366.8,0.487177,72.0,1.8523,0.0,0,spatial_background_sample,spatial_background_reference,Assam,26.701835,92.928472,2022-05-16
45.1,121.6,290.9,0.485513,262.0,9.8347,291.9071,0,spatial_background_sample,spatial_background_reference,Meghalaya,25.201444,90.867546,2020-05-26
1.3,17.9,229.9,0.453506,409.0,23.2701,55.6678,0,spatial_background_sample,spatial_background_reference,Manipur,24.4064,94.358924,2007-09-10
10.8,21.5,74.9,0.324418,4741.0,15.4359,83.2741,0,spatial_background_sample,spatial_background_reference,Sikkim,27.811636,88.437965,2021-05-18
41.1,129.6,236.1,0.380969,885.0,26.8343,359.5014,1,GSI_field_inventory,observed_landslide,Mizoram,23.187383,92.89826,
73.5,121.3,280.6,0.427625,1913.0,34.1058,17.2371,0,spatial_background_sample,spatial_background_reference,Sikkim,27.581949,88.44989,2012-06-22
41.1,227.9,271.1,0.480689,1574.0,8.19,276.4507,0,spatial_background_sample,spatial_background_reference,Meghalaya,25.242854,92.592211,2025-05-31
18.0,71.5,85.8,0.405372,239.0,16.9428,80.8376,0,spatial_background_sample,spatial_background_reference,Tripura,23.937729,91.765611,2018-05-18
1.8,90.9,133.0,0.491674,174.0,6.2079,81.4511,0,spatial_background_sample,spatial_background_reference,Assam,25.585681,92.89872,2016-05-22
47.6,123.9,218.9,0.340741,50.0,1.9971,270.0,0,spatial_background_sample,spatial_background_reference,Mizoram,21.964895,92.912632,2025-05-31
6.3,21.7,84.5,0.417875,3270.0,62.9032,103.8821,0,spatial_background_sample,spatial_background_reference,Sikkim,27.587292,88.311248,2022-08-25
2.9,9.2,23.4,0.364088,4792.0,24.8467,303.9667,0,spatial_background_sample,spatial_background_reference,Sikkim,27.848663,88.351732,2025-09-11
22.4,46.5,74.1,0.47771,359.0,13.7771,306.4059,0,spatial_background_sample,spatial_background_reference,Meghalaya,25.671354,90.481214,2007-07-19
26.0,82.2,96.8,0.483214,296.0,28.0387,346.3017,0,spatial_background_sample,spatial_background_reference,Assam,26.173466,93.693456,2022-05-14
67.8,120.5,158.2,0.379417,855.0,35.2608,322.7155,1,GSI_field_inventory,observed_landslide,Mizoram,23.57138889,92.70972222,
6.8,61.0,84.1,0.405714,69.0,14.228,145.9981,0,spatial_background_sample,spatial_background_reference,Tripura,24.177435,91.783399,2018-05-18
1.5,11.3,28.0,0.399807,102.0,4.7311,192.343,0,spatial_background_sample,spatial_background_reference,Tripura,23.937674,91.720405,2009-07-10
0.0,4.0,6.1,0.26975,901.0,24.4511,268.47,1,GSI_field_inventory,observed_landslide,Mizoram,23.49991667,92.70136111,
25.4,35.6,56.5,0.480286,276.0,21.9826,258.4466,0,spatial_background_sample,spatial_background_reference,Meghalaya,25.913035,90.710707,2025-05-28
49.4,108.6,154.4,0.376667,924.0,26.9756,115.4264,1,GSI_field_inventory,observed_landslide,Mizoram,23.71138889,92.72444444,
16.6,63.7,206.4,0.426503,2121.0,31.077,173.06,0,spatial_background_sample,spatial_background_reference,Arunachal Pradesh,27.357341,93.633397,2016-07-17
6.4,27.0,69.4,0.494594,1635.0,22.3604,78.6525,1,GSI_field_inventory,observed_landslide,Meghalaya,25.43561,91.862056,
83.2,138.6,189.3,0.366165,78.0,11.5366,315.4758,0,spatial_background_sample,spatial_background_reference,Meghalaya,25.34124,89.864272,2025-05-30
16.1,23.5,92.7,0.354426,5385.0,7.7919,69.2374,0,spatial_background_sample,spatial_background_reference,Sikkim,27.796593,88.321268,2012-06-22
32.1,67.4,96.6,0.486046,120.0,1.3934,311.6637,0,spatial_background_sample,spatial_background_reference,Assam,27.147939,95.291817,2017-06-13
7.6,9.3,30.2,0.390104,5130.0,16.4881,21.7667,0,spatial_background_sample,spatial_background_reference,Sikkim,27.882959,88.785312,2012-06-22
61.9,120.9,163.8,0.379417,843.0,37.8044,4.8998,1,GSI_field_inventory,observed_landslide,Mizoram,23.6375,92.72277778,
6.8,48.2,80.2,0.427351,4811.0,10.2919,191.6168,0,spatial_background_sample,spatial_background_reference,Sikkim,27.818095,88.79921,2021-08-27
35.5,169.0,229.9,0.498141,1140.0,21.9287,274.6075,0,spatial_background_sample,spatial_background_reference,Arunachal Pradesh,27.564125,96.487108,2016-07-17
5.8,15.9,44.3,0.41329,59.0,15.8577,14.6023,0,spatial_background_sample,spatial_background_reference,Meghalaya,25.423314,89.854245,2007-09-15
16.5,84.6,105.1,0.486356,123.0,4.2499,330.5027,0,spatial_background_sample,spatial_background_reference,Arunachal Pradesh,27.890373,95.394084,2016-07-16
30.0,118.7,123.4,0.498521,96.0,18.4368,260.92,1,GSI_field_inventory,observed_landslide,Assam,26.17755556,91.76588889,
44.4,146.5,428.7,0.427573,1830.0,36.9403,112.7729,0,spatial_background_sample,spatial_background_reference,Sikkim,27.593775,88.377686,2022-06-15
31.2,63.2,158.8,0.426689,2254.0,23.9299,204.3653,0,spatial_background_sample,spatial_background_reference,Arunachal Pradesh,27.96711,92.994535,2016-07-17
60.6,302.9,428.6,0.380031,817.0,20.6832,243.9283,1,GSI_field_inventory,observed_landslide,Mizoram,23.234538,92.637234,
12.4,95.7,197.2,0.360042,45.0,2.1211,330.8299,0,spatial_background_sample,spatial_background_reference,Assam,26.396304,91.091606,2010-04-02
39.3,112.8,188.1,0.427146,3325.0,36.7761,338.47,0,spatial_background_sample,spatial_background_reference,Arunachal Pradesh,27.844769,96.664188,2016-07-16
38.9,84.8,158.3,0.491979,184.0,2.9678,159.3354,0,spatial_background_sample,spatial_background_reference,Arunachal Pradesh,27.896697,96.083795,2016-07-17
13.4,30.6,88.5,0.421189,4584.0,40.3477,166.1086,0,spatial_background_sample,spatial_background_reference,Arunachal Pradesh,29.295199,96.07928,2016-07-16
3.4,5.2,10.8,0.378882,5558.0,32.0934,31.6964,0,spatial_background_sample,spatial_background_reference,Sikkim,27.957974,88.802536,2014-07-08
6.5,39.5,52.8,0.489521,74.0,1.0294,270.0,0,spatial_background_sample,spatial_background_reference,Meghalaya,25.852313,90.776616,2007-09-15
68.4,97.5,118.3,0.476649,70.0,1.39,48.2121,0,spatial_background_sample,spatial_background_reference,Assam,26.655202,93.243119,2017-06-13
6.3,13.4,23.3,0.36,6216.0,56.4151,263.8363,0,spatial_background_sample,spatial_background_reference,Sikkim,27.681155,88.255416,2014-07-08
31.2,59.4,126.2,0.488729,145.0,3.2791,253.607,0,spatial_background_sample,spatial_background_reference,Arunachal Pradesh,28.048844,95.397918,2016-07-17
60.6,302.9,428.6,0.380031,709.0,17.0192,7.4383,1,GSI_field_inventory,observed_landslide,Mizoram,23.199415,92.585883,
26.1,108.4,132.1,0.420674,94.0,4.1499,131.9563,0,spatial_background_sample,spatial_background_reference,Assam,25.969973,92.959127,2022-05-14
43.9,69.0,186.1,0.493677,96.0,28.307,159.9215,1,GSI_field_inventory,observed_landslide,Assam,26.18841667,91.85125,
3.1,17.3,98.8,0.247385,62.0,5.8067,61.5098,0,spatial_background_sample,spatial_background_reference,Meghalaya,25.236272,90.137866,2022-04-04
4.7,23.6,33.6,0.415534,5124.0,6.3972,125.2312,0,spatial_background_sample,spatial_background_reference,Sikkim,28.018353,88.773609,2014-06-24
16.8,69.0,88.9,0.374821,82.0,6.2407,306.2611,0,spatial_background_sample,spatial_background_reference,Tripura,23.521699,91.735979,2018-05-18
19.1,48.4,122.8,0.42579,2230.0,33.5833,3.1833,0,spatial_background_sample,spatial_background_reference,Arunachal Pradesh,28.705396,94.251905,2016-07-17
24.6,107.8,151.1,0.482409,249.0,2.127,150.5455,0,spatial_background_sample,spatial_background_reference,Arunachal Pradesh,27.70084,96.104095,2016-07-17
52.9,149.3,263.7,0.370573,1159.0,23.3854,250.8801,1,GSI_field_inventory,observed_landslide,Mizoram,22.904615,92.75705,
17.0,82.7,172.5,0.482821,109.0,1.3931,311.674,0,spatial_background_sample,spatial_background_reference,Assam,27.107611,95.014522,2016-05-18
91.6,247.5,380.5,0.409025,26.0,2.0589,270.0,0,spatial_background_sample,spatial_background_reference,Meghalaya,25.901206,90.074124,2024-06-17
33.7,235.2,356.1,0.372094,971.0,32.8634,231.6711,1,GSI_field_inventory,observed_landslide,Mizoram,23.315273,92.856524,
5.5,25.1,106.5,0.45751,88.0,4.5098,114.2055,0,spatial_background_sample,spatial_background_reference,Assam,25.964238,93.005801,2014-06-27
26.4,97.8,182.0,0.426879,3624.0,35.0991,206.1943,0,spatial_background_sample,spatial_background_reference,Arunachal Pradesh,27.614955,91.581662,2016-07-16
0.4,8.1,29.7,0.394626,31.0,7.6114,327.8886,0,spatial_background_sample,spatial_background_reference,Tripura,24.420822,92.147818,2009-07-10
3.4,5.2,10.8,0.408749,4998.0,11.9385,72.1876,0,spatial_background_sample,spatial_background_reference,Sikkim,27.921993,88.647608,2014-07-08
31.1,65.1,80.1,0.450195,36.0,1.008,90.0,0,spatial_background_sample,spatial_background_reference,Tripura,23.213749,91.642112,2018-05-18
21.7,73.4,91.9,0.466682,71.0,8.8051,316.9465,0,spatial_background_sample,spatial_background_reference,Tripura,23.443518,91.554959,2018-05-18
10.5,35.0,167.6,0.425176,1483.0,9.5145,78.875,0,spatial_background_sample,spatial_background_reference,Arunachal Pradesh,27.760071,93.827711,2016-07-17
52.1,227.7,339.3,0.35604,259.0,34.221,106.5761,0,spatial_background_sample,spatial_background_reference,Mizoram,23.395993,92.478194,2025-06-01
21.6,38.8,85.1,0.425095,4053.0,38.205,152.0555,0,spatial_background_sample,spatial_background_reference,Arunachal Pradesh,28.740771,96.434427,2016-07-17
61.9,120.9,163.8,0.380563,380.0,36.492,156.7922,1,GSI_field_inventory,observed_landslide,Mizoram,23.61472222,92.79583333,
49.4,108.6,154.4,0.376667,918.0,31.9993,172.276,1,GSI_field_inventory,observed_landslide,Mizoram,23.70972222,92.72222222,
67.8,132.9,245.7,0.470125,97.0,2.1249,150.6434,0,spatial_background_sample,spatial_background_reference,Assam,27.260971,94.465361,2022-05-13
26.0,59.6,262.2,0.489632,119.0,4.2321,209.0681,0,spatial_background_sample,spatial_background_reference,Meghalaya,25.907546,90.447223,2007-08-18
36.1,62.5,122.1,0.425905,3236.0,50.2684,55.6358,0,spatial_background_sample,spatial_background_reference,Arunachal Pradesh,28.45773,96.24453,2016-07-17
2.5,63.0,78.3,0.476437,59.0,10.7723,1.3579,1,GSI_field_inventory,observed_landslide,Assam,26.158193,91.755807,
26.6,134.8,259.3,0.439223,969.0,29.1174,218.3885,0,spatial_background_sample,spatial_background_reference,Arunachal Pradesh,27.349585,92.578917,2016-07-17
20.6,39.8,205.6,0.486647,129.0,3.2708,106.4358,0,spatial_background_sample,spatial_background_reference,Assam,27.750476,95.646305,2016-05-22
30.9,113.8,267.1,0.427908,1268.0,24.3142,75.4919,0,spatial_background_sample,spatial_background_reference,Arunachal Pradesh,27.476027,93.134805,2016-07-17
35.4,88.9,109.6,0.463687,65.0,2.7772,0.0,0,spatial_background_sample,spatial_background_reference,Assam,26.392547,92.52836,2022-05-13
11.4,24.7,79.2,0.420937,4102.0,40.0091,315.4604,0,spatial_background_sample,spatial_background_reference,Arunachal Pradesh,28.492822,93.363954,2016-07-17
24.0,180.2,211.6,0.495841,527.0,11.3465,270.0,0,spatial_background_sample,spatial_background_reference,Arunachal Pradesh,27.576939,96.339853,2016-07-17
64.2,108.1,136.0,0.451028,55.0,1.3875,228.1201,0,spatial_background_sample,spatial_background_reference,Assam,26.283483,92.252891,2022-05-14
0.0,2.4,87.5,0.415674,119.0,2.2699,65.9249,0,spatial_background_sample,spatial_background_reference,Assam,26.670868,90.295666,2011-03-23
29.8,77.7,97.2,0.457341,87.0,7.1186,155.0025,0,spatial_background_sample,spatial_background_reference,Tripura,23.193732,91.718278,2018-05-18
88.1,143.9,305.6,0.403534,68.0,10.2208,315.8438,0,spatial_background_sample,spatial_background_reference,Meghalaya,25.689022,90.004202,2020-05-26
25.5,88.4,279.5,0.3705,984.0,35.0395,271.9844,1,GSI_field_inventory,observed_landslide,Mizoram,22.491,92.97076,
22.3,96.9,136.9,0.461268,360.0,14.1005,205.6836,0,spatial_background_sample,spatial_background_reference,Arunachal Pradesh,26.980703,93.097234,2016-07-17
5.4,15.6,74.9,0.446335,1552.0,19.9906,327.6202,0,spatial_background_sample,spatial_background_reference,Manipur,24.078563,93.708203,2007-09-09
14.3,65.7,176.2,0.427055,3279.0,37.5754,288.3747,0,spatial_background_sample,spatial_background_reference,Arunachal Pradesh,27.653342,91.596187,2016-07-17
11.3,67.1,77.7,0.389427,26.0,2.235,294.4756,0,spatial_background_sample,spatial_background_reference,Tripura,24.436266,92.225093,2018-05-18
1.5,11.3,28.0,0.404866,76.0,4.1563,282.8564,0,spatial_background_sample,spatial_background_reference,Tripura,24.087702,91.690893,2009-07-10
1.7,3.7,7.6,0.309585,5989.0,40.2863,318.0694,0,spatial_background_sample,spatial_background_reference,Sikkim,27.754767,88.223864,2024-07-21
2.5,15.0,30.6,0.484272,57.0,10.1681,280.3877,0,spatial_background_sample,spatial_background_reference,Tripura,23.570807,91.540332,2009-07-10
0.0,0.0,0.0,0.391917,1545.0,23.3977,276.4442,1,GSI_field_inventory,observed_landslide,Meghalaya,25.365263,91.878497,
11.5,139.3,201.3,0.490891,1364.0,27.7652,88.24,0,spatial_background_sample,spatial_background_reference,Arunachal Pradesh,26.986465,92.182769,2016-07-17
4.5,15.9,43.1,0.402174,4499.0,48.0091,252.203,0,spatial_background_sample,spatial_background_reference,Sikkim,27.55216,88.178868,2022-08-25
39.3,112.8,188.1,0.440283,3428.0,41.7014,176.4763,0,spatial_background_sample,spatial_background_reference,Arunachal Pradesh,27.650943,96.810294,2016-07-16
41.5,212.7,342.8,0.385885,1365.0,14.1234,71.2358,1,GSI_field_inventory,observed_landslide,Mizoram,23.469247,92.744068,
10.0,65.1,320.0,0.426876,2842.0,31.1445,265.3957,0,spatial_background_sample,spatial_background_reference,Sikkim,27.642276,88.453828,2015-07-08
33.4,169.0,254.6,0.489449,1724.0,24.7719,108.3822,0,spatial_background_sample,spatial_background_reference,Arunachal Pradesh,27.605281,96.437788,2016-04-22
59.1,112.4,143.7,0.378135,937.0,22.8517,257.2398,1,GSI_field_inventory,observed_landslide,Mizoram,23.69472222,92.85972222,
56.6,86.3,155.3,0.426493,3384.0,37.3694,75.2816,0,spatial_background_sample,spatial_background_reference,Arunachal Pradesh,28.880566,95.652802,2016-07-17
54.9,118.1,157.5,0.379844,783.0,33.6774,302.7195,1,GSI_field_inventory,observed_landslide,Mizoram,23.53972222,92.69944444,
0.5,6.1,13.1,0.384027,39.0,1.0148,90.0,0,spatial_background_sample,spatial_background_reference,Tripura,24.092785,91.966077,2009-07-10
29.7,46.0,151.6,0.424786,2541.0,25.2442,116.4755,0,spatial_background_sample,spatial_background_reference,Arunachal Pradesh,28.217086,94.44434,2016-07-17
50.1,557.0,590.0,0.49851,1441.0,32.8104,72.0866,1,GSI_field_inventory,observed_landslide,Meghalaya,25.340415,91.774142,
1.5,11.3,28.0,0.403719,99.0,7.6045,147.9717,0,spatial_background_sample,spatial_background_reference,Tripura,24.01008,91.726051,2009-07-10
0.1,3.9,10.9,0.371025,89.0,2.7475,47.6335,0,spatial_background_sample,spatial_background_reference,Tripura,24.209212,92.127433,2009-07-10
37.5,70.1,197.8,0.426548,3908.0,48.7539,253.5267,0,spatial_background_sample,spatial_background_reference,Sikkim,27.486651,88.132888,2012-06-22
3.4,185.6,247.9,0.48635,618.0,9.5964,312.0251,0,spatial_background_sample,spatial_background_reference,Meghalaya,25.684114,90.894435,2025-05-31
32.7,92.4,165.2,0.462292,124.0,0.9264,0.0,0,spatial_background_sample,spatial_background_reference,Assam,27.282487,95.40991,2022-05-14
0.3,17.3,63.5,0.468902,287.0,14.803,348.2326,0,spatial_background_sample,spatial_background_reference,Meghalaya,25.832667,90.914508,2009-07-17
30.6,47.8,72.6,0.413996,4443.0,19.9314,153.1044,0,spatial_background_sample,spatial_background_reference,Sikkim,27.480577,88.750895,2023-10-04
19.3,39.1,68.4,0.476865,64.0,3.1574,252.9551,0,spatial_background_sample,spatial_background_reference,Tripura,23.108218,91.719713,2009-07-10
19.7,45.3,120.2,0.424476,4148.0,5.2091,270.0,0,spatial_background_sample,spatial_background_reference,Sikkim,27.525496,88.367577,2021-06-18
22.3,96.9,136.9,0.490097,604.0,34.0904,83.1393,0,spatial_background_sample,spatial_background_reference,Arunachal Pradesh,27.083632,93.034749,2016-07-17
34.4,101.9,194.8,0.367354,1149.0,17.0639,253.9264,1,GSI_field_inventory,observed_landslide,Mizoram,23.177311,93.198157,
17.6,34.6,60.2,0.481198,78.0,11.9263,270.0,0,spatial_background_sample,spatial_background_reference,Tripura,23.267359,91.65961,2009-07-10
13.2,74.4,153.6,0.425917,4303.0,51.618,133.7577,0,spatial_background_sample,spatial_background_reference,Sikkim,27.548639,88.322873,2021-08-27
1.2,9.7,194.8,0.478296,156.0,0.9264,0.0,0,spatial_background_sample,spatial_background_reference,Assam,26.789368,91.953317,2016-05-22
10.3,18.1,21.9,0.36799,5252.0,15.322,69.2615,0,spatial_background_sample,spatial_background_reference,Sikkim,27.934326,88.76644,2023-10-04
1.3,5.5,19.0,0.421976,4823.0,23.7154,48.5052,0,spatial_background_sample,spatial_background_reference,Sikkim,27.802172,88.777138,2025-09-11
43.5,107.7,139.5,0.424372,1583.0,19.0144,127.5882,0,spatial_background_sample,spatial_background_reference,Arunachal Pradesh,27.35167,93.543926,2016-04-22
34.6,110.9,250.1,0.362625,469.0,41.2451,332.9718,1,GSI_field_inventory,observed_landslide,Mizoram,22.444376,92.947323,
9.1,69.7,125.9,0.420606,4093.0,32.5733,90.0,0,spatial_background_sample,spatial_background_reference,Sikkim,27.644877,88.435746,2021-08-27
16.1,23.5,92.7,0.381817,4954.0,36.264,84.9419,0,spatial_background_sample,spatial_background_reference,Sikkim,27.736482,88.367672,2012-06-22
0.0,1.8,3.2,0.301997,5834.0,25.4705,86.1072,0,spatial_background_sample,spatial_background_reference,Sikkim,27.795411,88.253553,2022-08-25
45.3,125.6,187.5,0.399345,48.0,7.1444,334.5572,0,spatial_background_sample,spatial_background_reference,Meghalaya,25.732204,90.043908,2025-05-30
2.2,7.0,11.9,0.415426,4402.0,31.7348,306.966,0,spatial_background_sample,spatial_background_reference,Sikkim,27.930679,88.527717,2015-07-08
49.7,111.1,119.1,0.369528,109.0,5.4927,109.6519,0,spatial_background_sample,spatial_background_reference,Assam,26.777244,90.977087,2018-06-14
23.7,95.4,132.2,0.406531,892.0,37.3915,118.4592,1,GSI_field_inventory,observed_landslide,Mizoram,23.73222222,92.76555556,
2.7,12.2,20.0,0.392601,198.0,10.6551,110.1072,0,spatial_background_sample,spatial_background_reference,Tripura,23.762173,91.736647,2009-07-10
14.5,215.4,250.5,0.47835,998.0,7.6447,164.5255,0,spatial_background_sample,spatial_background_reference,Meghalaya,25.440435,90.520833,2025-05-31
5.0,14.9,34.7,0.402095,85.0,10.1597,100.3966,0,spatial_background_sample,spatial_background_reference,Tripura,23.455849,91.76507,2009-07-10
27.0,87.2,106.2,0.394906,122.0,11.9717,90.0,0,spatial_background_sample,spatial_background_reference,Tripura,23.781935,91.815167,2018-05-18
34.2,58.9,119.9,0.42507,2447.0,42.196,160.9545,0,spatial_background_sample,spatial_background_reference,Arunachal Pradesh,29.015929,94.483363,2016-07-17
15.4,33.9,331.9,0.430125,79.0,3.618,120.7606,0,spatial_background_sample,spatial_background_reference,Assam,26.774913,92.786317,2014-06-27
1.5,11.3,28.0,0.399807,95.0,4.216,331.329,0,spatial_background_sample,spatial_background_reference,Tripura,23.883777,91.697925,2009-07-10
25.5,67.3,125.9,0.426879,3691.0,46.1713,39.0969,0,spatial_background_sample,spatial_background_reference,Arunachal Pradesh,27.617892,91.571243,2016-07-16
0.0,0.0,9.1,0.367356,4937.0,21.2098,180.0,0,spatial_background_sample,spatial_background_reference,Sikkim,27.874482,88.728394,2022-11-20
8.2,160.9,195.2,0.492683,146.0,0.9264,180.0,0,spatial_background_sample,spatial_background_reference,Arunachal Pradesh,27.616116,95.783079,2016-07-17
18.0,48.0,79.4,0.492301,529.0,18.34,112.9685,0,spatial_background_sample,spatial_background_reference,Meghalaya,25.7591,90.844702,2025-06-25
21.4,71.9,92.8,0.466682,76.0,6.1209,41.0698,0,spatial_background_sample,spatial_background_reference,Tripura,23.35968,91.585348,2018-05-18
19.2,108.2,210.2,0.37299,712.0,19.7674,101.6947,1,GSI_field_inventory,observed_landslide,Mizoram,23.077813,92.89844,
9.3,92.5,267.8,0.480342,912.0,11.189,55.0951,0,spatial_background_sample,spatial_background_reference,Assam,26.221791,93.567268,2014-05-10
5.9,10.1,30.1,0.393253,4812.0,58.3957,104.9918,0,spatial_background_sample,spatial_background_reference,Sikkim,27.651568,88.348896,2022-05-29
15.5,45.8,126.5,0.413799,90.0,5.214,100.2064,0,spatial_background_sample,spatial_background_reference,Meghalaya,25.813552,90.173984,2007-08-18
7.6,9.3,30.2,0.408034,5053.0,3.4789,322.9322,0,spatial_background_sample,spatial_background_reference,Sikkim,28.051891,88.725709,2012-06-22
0.0,0.0,9.6,0.264167,4673.0,27.032,284.6863,0,spatial_background_sample,spatial_background_reference,Sikkim,27.80328,88.352817,2022-11-20
15.3,65.4,81.7,0.39574,68.0,4.6222,0.0,0,spatial_background_sample,spatial_background_reference,Tripura,23.99618,91.956018,2018-05-18
11.8,31.4,64.6,0.440432,1118.0,21.6542,215.4576,0,spatial_background_sample,spatial_background_reference,Manipur,24.119681,93.68166,2007-08-24
61.9,120.9,163.8,0.380563,451.0,30.0593,180.4373,1,GSI_field_inventory,observed_landslide,Mizoram,23.61138889,92.80333333,
17.1,29.4,136.8,0.420698,988.0,33.4164,178.8381,1,GSI_field_inventory,observed_landslide,Manipur,24.84833,93.45917,
3.8,13.5,41.4,0.424472,4243.0,7.7465,306.4652,0,spatial_background_sample,spatial_background_reference,Sikkim,27.523093,88.113342,2022-05-29
2.5,15.0,30.6,0.408042,55.0,8.4897,71.0357,0,spatial_background_sample,spatial_background_reference,Tripura,23.602221,91.562122,2009-07-10
15.3,29.2,85.0,0.477394,139.0,2.7885,131.6025,0,spatial_background_sample,spatial_background_reference,Assam,27.386951,95.576925,2017-06-16
30.2,149.9,265.2,0.372094,1024.0,36.4526,208.1086,1,GSI_field_inventory,observed_landslide,Mizoram,23.272548,92.874296,
5.5,51.2,65.4,0.413885,5270.0,42.321,79.7717,0,spatial_background_sample,spatial_background_reference,Sikkim,27.853304,88.601704,2014-07-01
24.5,51.5,108.5,0.425475,2076.0,8.5777,77.6198,0,spatial_background_sample,spatial_background_reference,Arunachal Pradesh,28.596597,96.05878,2016-07-17
8.4,35.1,51.1,0.414704,799.0,40.1605,282.1675,0,spatial_background_sample,spatial_background_reference,Arunachal Pradesh,28.108469,94.491901,2016-04-22
2.9,9.2,23.4,0.364088,4610.0,34.5155,344.5891,0,spatial_background_sample,spatial_background_reference,Sikkim,27.770122,88.34185,2025-09-11
6.7,66.4,92.7,0.426445,4842.0,10.5172,209.4282,0,spatial_background_sample,spatial_background_reference,Sikkim,27.583639,88.196874,2014-07-01
6.7,14.8,39.7,0.419827,4576.0,5.5435,289.4633,0,spatial_background_sample,spatial_background_reference,Sikkim,27.933183,88.433983,2022-06-15
1.6,5.5,19.9,0.39236,5151.0,38.6576,79.5183,0,spatial_background_sample,spatial_background_reference,Sikkim,27.879327,88.790169,2025-09-11
15.5,34.9,102.3,0.424954,3603.0,18.222,252.8605,0,spatial_background_sample,spatial_background_reference,Arunachal Pradesh,29.098638,94.404132,2016-07-16
0.4,39.3,145.3,0.493885,58.0,3.4608,216.6661,0,spatial_background_sample,spatial_background_reference,Assam,26.426497,92.318134,2016-05-22
53.2,66.5,103.9,0.487632,104.0,3.6368,300.5841,0,spatial_background_sample,spatial_background_reference,Assam,27.559077,94.91797,2016-07-14
61.9,120.9,163.8,0.376667,888.0,25.1637,30.5219,1,GSI_field_inventory,observed_landslide,Mizoram,23.66055556,92.72527778,
2.4,15.4,47.2,0.490939,53.0,4.941,55.867,0,spatial_background_sample,spatial_background_reference,Meghalaya,25.330616,90.284677,2007-09-15
1.5,11.3,28.0,0.404493,49.0,2.0291,90.0,0,spatial_background_sample,spatial_background_reference,Tripura,24.110221,91.844847,2009-07-10
54.1,313.9,433.5,0.379885,762.0,18.6793,81.7412,1,GSI_field_inventory,observed_landslide,Mizoram,23.17824,92.491031,
11.6,56.2,71.2,0.379405,39.0,7.3707,180.0,0,spatial_background_sample,spatial_background_reference,Tripura,24.322675,91.97261,2018-05-18
62.6,81.1,221.6,0.468488,52.0,0.9264,180.0,0,spatial_background_sample,spatial_background_reference,Assam,26.04786,91.496464,2017-06-16
24.6,107.8,151.1,0.491979,207.0,3.8455,195.7976,0,spatial_background_sample,spatial_background_reference,Arunachal Pradesh,27.917287,96.142,2016-07-17
5.9,24.4,37.4,0.39558,5074.0,23.0696,133.1074,0,spatial_background_sample,spatial_background_reference,Sikkim,27.868165,88.797048,2012-06-26
48.6,119.1,145.6,0.49324,186.0,21.9533,281.5706,0,spatial_background_sample,spatial_background_reference,Meghalaya,25.731196,90.272428,2009-07-01
44.2,151.2,167.9,0.493046,207.0,7.3707,180.0,0,spatial_background_sample,spatial_background_reference,Arunachal Pradesh,27.858606,96.192827,2016-07-16
99.2,169.1,332.7,0.403866,59.0,1.0296,90.0,0,spatial_background_sample,spatial_background_reference,Meghalaya,25.878322,90.132726,2020-05-26
12.8,30.4,64.8,0.493594,1523.0,19.763,88.7092,1,GSI_field_inventory,observed_landslide,Nagaland,25.66754722,94.08075278,
21.1,77.3,79.6,0.42076,789.0,26.6637,335.6003,1,GSI_field_inventory,observed_landslide,Mizoram,23.51944444,92.70055556,
50.9,155.2,216.8,0.495778,725.0,39.089,211.1415,0,spatial_background_sample,spatial_background_reference,Arunachal Pradesh,27.71941,96.470087,2016-07-17
22.3,36.8,92.0,0.481548,104.0,2.9639,339.5375,0,spatial_background_sample,spatial_background_reference,Assam,26.706452,91.804838,2020-06-02
20.1,65.8,80.2,0.372754,89.0,16.6862,35.9872,0,spatial_background_sample,spatial_background_reference,Tripura,23.361763,91.662964,2018-05-18
31.2,94.3,112.9,0.460378,27.0,3.1666,73.0058,0,spatial_background_sample,spatial_background_reference,Tripura,23.528841,91.4584,2018-05-18
22.1,52.5,168.8,0.421,110.0,10.5356,314.1322,1,GSI_field_inventory,observed_landslide,Mizoram,24.56062778,93.18938889,
2.0,7.4,50.6,0.46258,145.0,1.8523,180.0,0,spatial_background_sample,spatial_background_reference,Assam,25.960439,93.111349,2020-06-02
3.1,10.5,56.4,0.426976,4019.0,31.1445,302.3543,0,spatial_background_sample,spatial_background_reference,Sikkim,27.51352,88.178025,2022-10-10
23.7,93.9,155.0,0.393781,816.0,28.773,21.7874,1,GSI_field_inventory,observed_landslide,Mizoram,24.02782222,93.28944444,
12.3,15.8,36.4,0.399244,4835.0,54.1294,257.8507,0,spatial_background_sample,spatial_background_reference,Sikkim,27.742911,88.326516,2022-06-15
5.9,10.5,51.8,0.409082,5132.0,55.6449,90.0,0,spatial_background_sample,spatial_background_reference,Sikkim,27.842178,88.604056,2022-10-10
9.5,68.3,82.2,0.384543,44.0,2.2309,65.4759,0,spatial_background_sample,spatial_background_reference,Tripura,24.15109,92.008041,2018-05-18
16.1,23.5,92.7,0.354426,5058.0,7.5223,255.8239,0,spatial_background_sample,spatial_background_reference,Sikkim,27.860831,88.269393,2012-06-22
32.3,193.2,214.1,0.487964,178.0,4.2469,330.5736,0,spatial_background_sample,spatial_background_reference,Arunachal Pradesh,27.57546,96.005799,2016-07-16
21.5,68.8,120.5,0.426775,3044.0,46.9289,176.0749,0,spatial_background_sample,spatial_background_reference,Arunachal Pradesh,27.957502,97.05349,2016-07-16
9.9,49.6,74.8,0.374674,140.0,4.2132,28.5993,0,spatial_background_sample,spatial_background_reference,Tripura,23.495583,91.94265,2018-05-18
9.7,32.4,137.0,0.486591,118.0,6.5372,8.9865,0,spatial_background_sample,spatial_background_reference,Meghalaya,25.3986,90.262579,2007-08-18
14.7,161.8,209.1,0.490173,740.0,21.6065,317.2964,0,spatial_background_sample,spatial_background_reference,Meghalaya,25.449996,90.454929,2025-05-31
13.1,70.1,180.5,0.346821,645.0,15.6134,305.3527,0,spatial_background_sample,spatial_background_reference,Mizoram,22.743058,93.093954,2025-05-31
15.7,61.0,75.3,0.372086,199.0,19.5166,209.9145,0,spatial_background_sample,spatial_background_reference,Tripura,23.828985,91.961152,2018-05-18
22.0,60.0,99.6,0.367725,85.0,8.8863,136.3796,0,spatial_background_sample,spatial_background_reference,Meghalaya,25.91434,90.660463,2022-04-04
5.0,14.9,34.7,0.399095,51.0,2.2205,294.6463,0,spatial_background_sample,spatial_background_reference,Tripura,23.418494,91.655561,2009-07-10
6.3,13.1,32.9,0.480016,28.0,4.4409,294.6077,0,spatial_background_sample,spatial_background_reference,Tripura,23.652255,91.276986,2009-07-10
57.8,114.3,148.9,0.469564,79.0,5.5423,213.5714,0,spatial_background_sample,spatial_background_reference,Meghalaya,25.304412,90.162901,2025-05-30
61.9,120.9,163.8,0.376667,978.0,39.3651,102.8256,1,GSI_field_inventory,observed_landslide,Mizoram,23.69277778,92.72055556,
44.0,81.0,97.3,0.407885,35.0,2.7772,180.0,0,spatial_background_sample,spatial_background_reference,Meghalaya,25.226757,90.260042,2009-06-29
13.9,60.8,122.6,0.425626,3296.0,35.9937,348.3704,0,spatial_background_sample,spatial_background_reference,Arunachal Pradesh,27.941261,97.015514,2016-07-17
18.0,66.3,87.0,0.387527,62.0,7.1185,82.5607,0,spatial_background_sample,spatial_background_reference,Tripura,23.931729,92.000729,2018-05-18
7.3,52.6,130.7,0.424963,5030.0,25.0647,69.7732,0,spatial_background_sample,spatial_background_reference,Sikkim,27.833907,88.853236,2012-07-17
79.8,111.0,197.4,0.42208,1633.0,39.9076,335.3224,0,spatial_background_sample,spatial_background_reference,Arunachal Pradesh,28.379458,95.56307,2016-07-17
60.6,302.9,428.6,0.380031,549.0,17.0433,324.9328,1,GSI_field_inventory,observed_landslide,Mizoram,23.206413,92.632701,
19.9,104.6,162.6,0.404573,239.0,19.4743,210.8694,1,GSI_field_inventory,observed_landslide,Mizoram,23.86222222,92.83666667,
4.2,8.5,12.6,0.386482,142.0,6.0524,90.0,0,spatial_background_sample,spatial_background_reference,Tripura,23.792511,91.909036,2009-07-10
3.0,14.5,58.8,0.475677,252.0,19.239,210.8968,1,GSI_field_inventory,observed_landslide,Assam,25.40586111,93.11097222,
15.0,29.0,106.3,0.424177,1788.0,21.9643,272.2978,0,spatial_background_sample,spatial_background_reference,Arunachal Pradesh,28.023095,93.938801,2016-07-17
36.7,177.6,279.2,0.47504,2870.0,36.6683,214.3816,0,spatial_background_sample,spatial_background_reference,Arunachal Pradesh,27.801047,96.553713,2016-04-22
1.2,1.5,19.4,0.34275,5677.0,16.1929,250.4828,0,spatial_background_sample,spatial_background_reference,Sikkim,27.607566,88.144521,2022-05-29
18.3,103.4,146.9,0.490089,367.0,19.9763,36.8038,0,spatial_background_sample,spatial_background_reference,Arunachal Pradesh,26.997059,95.274694,2016-07-16
104.8,129.3,159.3,0.400714,62.0,22.0619,23.4175,0,spatial_background_sample,spatial_background_reference,Meghalaya,25.378611,89.860741,2024-06-30
14.9,77.9,103.2,0.403296,30.0,2.7459,132.3969,0,spatial_background_sample,spatial_background_reference,Tripura,24.073227,91.568927,2018-05-18
2.7,12.2,20.0,0.391854,240.0,21.5194,38.8165,0,spatial_background_sample,spatial_background_reference,Tripura,23.665145,91.737886,2009-07-10
11.7,45.5,84.7,0.426121,4072.0,51.1413,289.008,0,spatial_background_sample,spatial_background_reference,Arunachal Pradesh,28.130484,96.912244,2016-07-16
21.5,68.8,120.5,0.420006,2301.0,14.2192,163.1713,0,spatial_background_sample,spatial_background_reference,Arunachal Pradesh,28.158186,97.142491,2016-07-16
7.6,9.3,30.2,0.286686,5651.0,14.9383,136.6588,0,spatial_background_sample,spatial_background_reference,Sikkim,27.988718,88.838247,2012-06-22
79.6,219.1,295.4,0.300747,29.0,3.4575,36.593,0,spatial_background_sample,spatial_background_reference,Assam,26.11719,90.479798,2022-05-14
1.9,12.3,24.2,0.398457,41.0,2.1115,151.2977,0,spatial_background_sample,spatial_background_reference,Tripura,24.051186,91.552851,2009-07-10
2.5,15.0,30.6,0.48618,55.0,10.8298,47.4526,0,spatial_background_sample,spatial_background_reference,Tripura,23.385831,91.384338,2009-07-10
17.2,31.5,143.0,0.411396,94.0,0.9264,0.0,0,spatial_background_sample,spatial_background_reference,Assam,27.382696,94.438514,2016-05-22
15.1,58.8,78.2,0.372092,101.0,2.2205,114.646,0,spatial_background_sample,spatial_background_reference,Tripura,23.420142,91.868133,2018-05-18
10.4,29.2,70.5,0.481403,186.0,1.0285,90.0,0,spatial_background_sample,spatial_background_reference,Nagaland,25.752522,93.627564,2025-07-29
17.1,76.4,126.8,0.426969,3946.0,35.0818,337.0582,0,spatial_background_sample,spatial_background_reference,Arunachal Pradesh,27.631866,92.323322,2016-07-16
3.3,36.0,139.4,0.461518,779.0,3.8377,15.3786,0,spatial_background_sample,spatial_background_reference,Manipur,24.639828,94.033902,2007-09-09
10.3,33.3,51.8,0.469368,34.0,0.0,180.0,0,spatial_background_sample,spatial_background_reference,Assam,26.23085,90.783097,2016-05-27
9.5,68.3,82.2,0.384543,36.0,7.0713,90.0,0,spatial_background_sample,spatial_background_reference,Tripura,24.154181,92.027151,2018-05-18
13.1,47.5,72.4,0.415908,3206.0,35.8982,75.7751,0,spatial_background_sample,spatial_background_reference,Arunachal Pradesh,28.868432,96.400692,2016-04-22
21.0,53.7,110.7,0.49044,702.0,7.6633,291.1321,0,spatial_background_sample,spatial_background_reference,Meghalaya,25.596537,90.912333,2024-06-17
14.0,26.2,43.7,0.39432,76.0,13.745,329.2452,0,spatial_background_sample,spatial_background_reference,Meghalaya,25.190221,90.403983,2013-08-06
13.6,69.4,88.9,0.42175,1082.0,29.6546,132.4753,1,GSI_field_inventory,observed_landslide,Mizoram,23.7175,92.71972222,
5.4,133.9,217.7,0.384222,777.0,0.9264,180.0,0,spatial_background_sample,spatial_background_reference,Manipur,24.642555,93.947686,2018-06-14
7.0,57.3,98.1,0.490793,206.0,1.8523,0.0,0,spatial_background_sample,spatial_background_reference,Manipur,23.959829,94.168132,2007-08-28
22.3,96.9,136.9,0.463159,146.0,1.3922,131.7089,0,spatial_background_sample,spatial_background_reference,Arunachal Pradesh,26.969734,93.010441,2016-07-17
19.1,48.4,122.8,0.425439,2420.0,23.8219,123.3225,0,spatial_background_sample,spatial_background_reference,Arunachal Pradesh,28.766733,94.210004,2016-07-17
25.5,156.0,287.1,0.480815,58.0,4.1139,90.0,0,spatial_background_sample,spatial_background_reference,Assam,25.939356,90.960178,2016-05-17
0.4,6.8,19.0,0.402174,4937.0,23.6971,228.4612,0,spatial_background_sample,spatial_background_reference,Sikkim,27.633295,88.171568,2022-08-25
26.9,92.3,209.8,0.489344,405.0,8.9282,322.994,1,GSI_field_inventory,observed_landslide,Meghalaya,26.00294,91.86692,
51.8,151.3,367.0,0.428055,1467.0,39.9948,77.7598,0,spatial_background_sample,spatial_background_reference,Arunachal Pradesh,27.440259,92.849044,2016-07-17
1.5,11.3,28.0,0.402128,222.0,36.9934,199.2016,0,spatial_background_sample,spatial_background_reference,Tripura,23.990649,91.761947,2009-07-10
10.9,28.1,79.0,0.422522,4749.0,40.9538,245.8021,0,spatial_background_sample,spatial_background_reference,Arunachal Pradesh,28.559692,93.542701,2016-07-17
3.8,8.2,24.4,0.401533,4979.0,6.2672,90.0,0,spatial_background_sample,spatial_background_reference,Sikkim,27.943283,88.704764,2025-09-11
3.5,9.5,17.9,0.413134,5256.0,25.0599,78.0248,0,spatial_background_sample,spatial_background_reference,Sikkim,27.899669,88.659876,2015-07-08
0.1,3.9,10.9,0.371025,71.0,10.2868,51.4172,0,spatial_background_sample,spatial_background_reference,Tripura,24.249114,92.14354,2009-07-10
61.9,120.9,163.8,0.376667,1000.0,21.2531,268.8076,1,GSI_field_inventory,observed_landslide,Mizoram,23.67444444,92.71472222,
66.5,99.9,174.1,0.425713,3746.0,19.0753,73.7063,0,spatial_background_sample,spatial_background_reference,Arunachal Pradesh,28.729015,95.426071,2016-07-17
106.7,176.3,245.5,0.416757,108.0,5.8271,118.3803,0,spatial_background_sample,spatial_background_reference,Meghalaya,25.786496,90.197184,2024-06-30
3.5,8.9,48.5,0.428674,3952.0,18.2708,326.3662,0,spatial_background_sample,spatial_background_reference,Sikkim,27.842567,88.529353,2024-07-21
9.3,31.8,49.2,0.415924,5382.0,31.9712,190.1277,0,spatial_background_sample,spatial_background_reference,Sikkim,27.878842,88.4846,2014-06-24
14.0,76.3,96.8,0.409296,21.0,2.7449,132.4167,0,spatial_background_sample,spatial_background_reference,Tripura,23.983865,91.321692,2018-05-18
7.6,20.7,39.8,0.463299,13.0,2.2187,114.6673,0,spatial_background_sample,spatial_background_reference,Tripura,23.290268,91.312183,2009-07-10
4.3,37.9,196.3,0.425917,3000.0,37.8543,307.1099,0,spatial_background_sample,spatial_background_reference,Sikkim,27.500487,88.334853,2024-07-21
18.9,33.7,83.1,0.477719,62.0,2.261,245.8246,0,spatial_background_sample,spatial_background_reference,Assam,26.129376,92.613108,2016-05-27
2.0,21.0,85.4,0.484417,251.0,5.9059,159.6976,0,spatial_background_sample,spatial_background_reference,Nagaland,25.710317,93.59779,2009-08-20
5.0,14.9,34.7,0.396973,188.0,2.7407,47.5028,0,spatial_background_sample,spatial_background_reference,Tripura,23.617358,91.841136,2009-07-10
51.3,113.6,137.1,0.482176,92.0,1.0369,90.0,0,spatial_background_sample,spatial_background_reference,Assam,26.693195,91.948845,2017-06-13
61.9,120.9,163.8,0.376667,1046.0,52.0775,98.8877,1,GSI_field_inventory,observed_landslide,Mizoram,23.66416667,92.72055556,
0.9,9.4,20.4,0.398661,50.0,1.0152,90.0,0,spatial_background_sample,spatial_background_reference,Tripura,24.153156,91.795004,2009-07-10
33.9,86.2,104.5,0.46986,55.0,7.598,328.0519,0,spatial_background_sample,spatial_background_reference,Tripura,23.60562,91.527984,2018-05-18
34.4,64.3,133.8,0.348458,838.0,30.376,253.9677,1,GSI_field_inventory,observed_landslide,Mizoram,23.141474,92.750577,
18.4,42.5,132.8,0.425033,2777.0,60.8987,199.0844,0,spatial_background_sample,spatial_background_reference,Arunachal Pradesh,28.251678,93.631358,2016-07-16
24.2,60.5,78.1,0.456738,79.0,1.3695,47.4403,0,spatial_background_sample,spatial_background_reference,Tripura,23.328516,91.644975,2018-05-18
52.3,117.8,140.2,0.415991,47.0,11.6913,51.309,0,spatial_background_sample,spatial_background_reference,Meghalaya,25.709611,90.036962,2009-07-01
2.8,5.0,20.4,0.411147,5947.0,34.3357,353.8406,0,spatial_background_sample,spatial_background_reference,Sikkim,28.053773,88.559033,2021-06-18
0.0,8.9,197.0,0.368077,66.0,3.2393,73.3994,0,spatial_background_sample,spatial_background_reference,Assam,26.571829,89.890295,2016-05-22
4.6,27.7,48.2,0.320077,5634.0,14.6102,259.2751,0,spatial_background_sample,spatial_background_reference,Sikkim,27.886931,88.185216,2013-08-28
10.0,27.9,67.8,0.421987,3990.0,15.2896,270.0,0,spatial_background_sample,spatial_background_reference,Sikkim,27.473796,88.167228,2025-09-11
16.1,23.5,92.7,0.34475,5163.0,8.8387,159.3679,0,spatial_background_sample,spatial_background_reference,Sikkim,27.709952,88.223483,2012-06-22
33.0,218.5,308.4,0.344942,500.0,24.4237,355.5492,0,spatial_background_sample,spatial_background_reference,Mizoram,23.412423,92.493,2025-05-31
3.2,23.5,36.3,0.36083,4965.0,14.12,25.8544,0,spatial_background_sample,spatial_background_reference,Sikkim,27.822163,88.430603,2024-08-21
19.3,83.2,154.5,0.400625,878.0,29.0428,183.1794,1,GSI_field_inventory,observed_landslide,Mizoram,23.09758333,93.21623333,
3.6,18.7,36.8,0.357665,5228.0,33.3404,155.4211,0,spatial_background_sample,spatial_background_reference,Sikkim,27.582652,88.080123,2015-07-08
3.0,89.6,151.9,0.501385,624.0,23.2591,54.2849,1,GSI_field_inventory,observed_landslide,Assam,25.24194444,93.14319444,
16.6,74.9,128.3,0.399135,673.0,23.0086,223.5909,1,GSI_field_inventory,observed_landslide,Mizoram,24.18566111,93.53935278,
3.7,7.3,14.3,0.423421,5272.0,36.3606,309.5642,0,spatial_background_sample,spatial_background_reference,Sikkim,27.969087,88.640646,2022-06-15
22.0,51.5,64.0,0.491266,1104.0,17.6815,329.5739,0,spatial_background_sample,spatial_background_reference,Meghalaya,25.654713,91.430439,2022-06-17
65.0,128.9,173.2,0.379844,1007.0,51.7628,301.9619,1,GSI_field_inventory,observed_landslide,Mizoram,23.49083333,92.70555556,
49.4,108.6,154.4,0.376667,1002.0,36.1416,172.6988,1,GSI_field_inventory,observed_landslide,Mizoram,23.69972222,92.71694444,
18.0,32.1,82.8,0.402734,5062.0,25.7217,199.9764,0,spatial_background_sample,spatial_background_reference,Sikkim,27.840552,88.361602,2021-06-18
21.3,59.6,162.8,0.425708,1087.0,44.3792,214.2905,0,spatial_background_sample,spatial_background_reference,Arunachal Pradesh,28.372121,95.098353,2016-07-17
1.0,16.2,165.3,0.408432,29.0,1.3848,228.0204,0,spatial_background_sample,spatial_background_reference,Assam,25.873652,90.008651,2016-05-22
8.1,38.9,131.8,0.489012,781.0,21.5436,349.414,0,spatial_background_sample,spatial_background_reference,Nagaland,26.901711,95.182183,2008-08-16
61.9,120.9,163.8,0.379417,829.0,21.132,337.1319,1,GSI_field_inventory,observed_landslide,Mizoram,23.64166667,92.72416667,
20.2,29.5,73.5,0.428046,4485.0,43.4308,334.8589,0,spatial_background_sample,spatial_background_reference,Sikkim,27.812482,88.760624,2012-06-22
61.9,120.9,163.8,0.376667,1098.0,19.559,22.6813,1,GSI_field_inventory,observed_landslide,Mizoram,23.68743333,92.72129167,
25.3,73.9,184.7,0.485515,102.0,1.8523,0.0,0,spatial_background_sample,spatial_background_reference,Assam,27.143526,94.895938,2016-05-22
2.7,12.2,20.0,0.392527,146.0,0.9264,180.0,0,spatial_background_sample,spatial_background_reference,Tripura,23.806932,91.796526,2009-07-10
203.2,281.2,390.1,0.322735,97.0,4.2097,28.5123,0,spatial_background_sample,spatial_background_reference,Mizoram,23.013411,92.443089,2025-05-30
13.6,20.5,119.6,0.425835,2013.0,12.7938,184.5173,0,spatial_background_sample,spatial_background_reference,Manipur,25.299502,93.840255,2007-09-12
63.0,119.1,243.4,0.475152,1486.0,12.234,98.5774,0,spatial_background_sample,spatial_background_reference,Assam,25.176861,92.682386,2020-06-02
20.6,49.0,67.9,0.484812,276.0,31.252,102.3074,0,spatial_background_sample,spatial_background_reference,Meghalaya,25.847874,90.72269,2019-06-27
2.4,5.5,17.5,0.410235,4789.0,23.7695,66.1804,0,spatial_background_sample,spatial_background_reference,Sikkim,28.00311,88.587739,2025-09-11
57.3,288.1,399.0,0.383406,418.0,17.8295,168.9424,1,GSI_field_inventory,observed_landslide,Mizoram,23.299312,92.692614,
1.5,11.3,28.0,0.399807,90.0,7.1156,82.5575,0,spatial_background_sample,spatial_background_reference,Tripura,23.877031,91.681638,2009-07-10
2.4,8.1,22.8,0.38422,5332.0,25.3138,135.8815,0,spatial_background_sample,spatial_background_reference,Sikkim,27.879814,88.744637,2022-08-25
2.9,4.1,5.1,0.33306,5973.0,50.1265,358.2473,0,spatial_background_sample,spatial_background_reference,Sikkim,27.962326,88.290662,2023-10-04
12.3,58.0,106.7,0.488668,138.0,1.0468,270.0,0,spatial_background_sample,spatial_background_reference,Arunachal Pradesh,27.75401,95.830726,2016-07-17
37.5,70.1,197.8,0.352592,5812.0,62.8821,6.4374,0,spatial_background_sample,spatial_background_reference,Sikkim,27.588393,88.148045,2012-06-22
25.0,74.8,115.3,0.426786,3499.0,37.3077,109.8474,0,spatial_background_sample,spatial_background_reference,Arunachal Pradesh,28.377863,96.294139,2016-04-22
62.0,123.0,185.2,0.381719,1076.0,31.3452,344.454,1,GSI_field_inventory,observed_landslide,Mizoram,23.471041,92.85503,
85.1,204.5,323.4,0.422171,45.0,2.2657,114.1221,0,spatial_background_sample,spatial_background_reference,Assam,26.418572,90.927631,2016-05-17
20.4,73.1,89.9,0.466682,174.0,3.1647,287.0044,0,spatial_background_sample,spatial_background_reference,Tripura,23.444498,91.626282,2018-05-18
20.6,49.5,148.5,0.425932,2395.0,42.3546,248.1326,0,spatial_background_sample,spatial_background_reference,Arunachal Pradesh,28.463648,93.890896,2016-07-16
5.7,15.6,38.0,0.481923,22.0,6.1127,98.684,0,spatial_background_sample,spatial_background_reference,Tripura,23.592384,91.336084,2009-07-10
12.0,98.4,142.9,0.448975,61.0,2.1196,150.9028,0,spatial_background_sample,spatial_background_reference,Assam,26.048026,92.668548,2016-05-17
65.0,128.9,173.2,0.376812,1095.0,22.7387,12.7667,1,GSI_field_inventory,observed_landslide,Mizoram,23.41694444,92.71805556,
34.5,129.3,165.5,0.432692,397.0,2.1286,29.5342,0,spatial_background_sample,spatial_background_reference,Arunachal Pradesh,28.052246,96.03241,2016-04-22
114.4,290.8,419.9,0.494439,39.0,5.6341,349.559,0,spatial_background_sample,spatial_background_reference,Meghalaya,25.250202,90.283458,2022-06-17
3.4,5.2,10.8,0.412552,4959.0,14.7535,295.4554,0,spatial_background_sample,spatial_background_reference,Sikkim,27.866437,88.787432,2014-07-08
34.2,58.9,119.9,0.425488,3845.0,27.0754,203.4632,0,spatial_background_sample,spatial_background_reference,Arunachal Pradesh,29.086161,94.587247,2016-07-17
15.9,87.0,113.5,0.399568,90.0,10.3957,74.6678,0,spatial_background_sample,spatial_background_reference,Tripura,23.948388,91.542255,2018-05-18
52.9,243.6,378.2,0.348985,242.0,25.2307,256.1016,0,spatial_background_sample,spatial_background_reference,Mizoram,23.207397,92.370696,2025-06-01
20.2,29.5,73.5,0.426884,4919.0,12.9862,45.4803,0,spatial_background_sample,spatial_background_reference,Sikkim,27.7442,88.837137,2012-06-22
0.4,0.4,2.0,0.34525,4942.0,0.9264,180.0,0,spatial_background_sample,spatial_background_reference,Sikkim,28.060955,88.64477,2021-05-18
51.5,120.8,182.7,0.426853,1666.0,23.72,276.3385,0,spatial_background_sample,spatial_background_reference,Arunachal Pradesh,27.296788,93.343189,2016-07-16
26.6,52.6,123.6,0.425046,2054.0,53.2828,92.765,0,spatial_background_sample,spatial_background_reference,Arunachal Pradesh,28.187377,93.835736,2016-07-17
32.2,214.3,317.7,0.372094,941.0,20.7805,7.3382,1,GSI_field_inventory,observed_landslide,Mizoram,23.298928,92.857435,
15.9,16.6,17.5,0.32225,5409.0,25.8365,289.5081,0,spatial_background_sample,spatial_background_reference,Sikkim,27.662698,88.241287,2022-06-15
28.0,147.9,382.2,0.428699,2847.0,25.9483,304.3944,0,spatial_background_sample,spatial_background_reference,Sikkim,27.635638,88.382892,2012-07-17
1.5,11.3,28.0,0.403719,47.0,3.5578,58.6593,0,spatial_background_sample,spatial_background_reference,Tripura,24.010207,91.679413,2009-07-10
14.8,57.4,99.4,0.423772,2054.0,57.8349,31.331,0,spatial_background_sample,spatial_background_reference,Arunachal Pradesh,28.355009,96.507127,2016-07-16
4.8,15.9,31.7,0.488574,36.0,2.9541,199.9465,0,spatial_background_sample,spatial_background_reference,Tripura,23.293274,91.385438,2009-07-10
1.7,4.0,6.9,0.397923,4796.0,39.0763,44.202,0,spatial_background_sample,spatial_background_reference,Sikkim,27.69435,88.362619,2022-08-25
19.1,45.2,70.5,0.38565,57.0,0.0,180.0,0,spatial_background_sample,spatial_background_reference,Assam,26.604193,90.865944,2016-08-31
2.7,12.2,20.0,0.396973,164.0,13.9901,67.0826,0,spatial_background_sample,spatial_background_reference,Tripura,23.649942,91.76015,2009-07-10
83.1,210.6,264.2,0.490824,558.0,4.23,150.9836,0,spatial_background_sample,spatial_background_reference,Meghalaya,25.655287,90.833039,2025-05-30
9.4,23.7,40.9,0.385479,821.0,36.376,306.0048,1,GSI_field_inventory,observed_landslide,Mizoram,23.53333333,92.69722222,
1.2,166.5,218.2,0.476836,470.0,24.0542,322.8404,0,spatial_background_sample,spatial_background_reference,Meghalaya,25.897316,90.953837,2025-05-31
21.7,73.4,91.9,0.460333,75.0,3.5461,58.5436,0,spatial_background_sample,spatial_background_reference,Tripura,23.417762,91.536647,2018-05-18
16.2,80.9,102.8,0.39176,81.0,14.4256,235.5464,0,spatial_background_sample,spatial_background_reference,Tripura,23.824769,91.716361,2018-05-18
0.0,0.0,0.1,0.403007,647.0,20.6035,130.1775,0,spatial_background_sample,spatial_background_reference,Meghalaya,25.751566,90.924348,2023-04-13
34.7,80.2,97.7,0.487167,81.0,4.9578,235.9991,0,spatial_background_sample,spatial_background_reference,Meghalaya,25.923739,90.797145,2009-07-01
51.0,84.3,152.9,0.425811,3356.0,22.9553,94.3789,0,spatial_background_sample,spatial_background_reference,Arunachal Pradesh,28.28323,96.328649,2016-07-17
0.0,29.5,139.8,0.492872,49.0,7.6832,233.1812,0,spatial_background_sample,spatial_background_reference,Assam,26.060799,90.985625,2016-05-22
85.5,142.7,205.6,0.377844,936.0,22.9939,255.0785,1,GSI_field_inventory,observed_landslide,Mizoram,23.382175,92.843876,
27.1,41.9,82.2,0.42507,2974.0,38.4744,46.2284,0,spatial_background_sample,spatial_background_reference,Arunachal Pradesh,29.133794,94.416239,2016-07-17
91.1,163.4,205.6,0.485955,67.0,1.3897,311.7989,0,spatial_background_sample,spatial_background_reference,Assam,26.610781,91.616033,2010-06-03
11.1,49.8,130.6,0.426168,1688.0,28.7527,193.4656,0,spatial_background_sample,spatial_background_reference,Arunachal Pradesh,27.638367,93.996098,2016-07-16
20.0,156.4,197.7,0.371513,83.0,6.1617,138.4933,0,spatial_background_sample,spatial_background_reference,Meghalaya,25.307859,89.917452,2025-05-31
2.5,15.0,30.6,0.48514,35.0,10.836,312.5166,0,spatial_background_sample,spatial_background_reference,Tripura,23.528142,91.381619,2009-07-10
1.2,24.0,184.4,0.418271,95.0,3.1112,90.0,0,spatial_background_sample,spatial_background_reference,Assam,26.815412,92.580353,2016-05-22
5.0,14.9,34.7,0.400799,94.0,4.1354,282.923,0,spatial_background_sample,spatial_background_reference,Tripura,23.392035,91.776569,2009-07-10
44.6,124.3,183.2,0.421171,126.0,6.1727,41.6223,0,spatial_background_sample,spatial_background_reference,Meghalaya,25.795082,90.202164,2025-05-30
16.8,69.0,88.9,0.374821,51.0,3.8353,344.7497,0,spatial_background_sample,spatial_background_reference,Tripura,23.512999,91.735875,2018-05-18
25.1,124.1,213.2,0.420656,378.0,24.6464,188.9272,1,GSI_field_inventory,observed_landslide,Mizoram,24.57151389,93.141725,
12.6,35.1,51.4,0.421949,2950.0,35.8694,169.7214,0,spatial_background_sample,spatial_background_reference,Arunachal Pradesh,28.683467,96.329453,2016-04-22
35.5,106.4,145.8,0.418472,2073.0,19.1624,201.4679,0,spatial_background_sample,spatial_background_reference,Arunachal Pradesh,27.128177,92.050579,2016-04-22
87.5,167.6,271.6,0.436646,605.0,28.9955,28.9215,0,spatial_background_sample,spatial_background_reference,Meghalaya,25.184162,92.562905,2020-05-26
11.0,26.3,71.4,0.407969,568.0,40.7688,111.4753,1,GSI_field_inventory,observed_landslide,Mizoram,23.36966389,93.04609444,
2.8,45.4,68.6,0.448098,774.0,5.0475,336.2563,0,spatial_background_sample,spatial_background_reference,Manipur,24.585531,93.974292,2007-08-28
14.1,59.2,80.9,0.387522,120.0,7.2788,75.3336,0,spatial_background_sample,spatial_background_reference,Tripura,23.649531,91.76784,2018-05-18
34.7,206.4,413.4,0.458246,96.0,1.3952,131.5987,0,spatial_background_sample,spatial_background_reference,Assam,27.401689,94.454943,2022-05-15
74.4,175.7,213.8,0.486345,395.0,7.2002,262.6464,0,spatial_background_sample,spatial_background_reference,Meghalaya,25.394521,90.498936,2019-06-27
3.6,11.7,30.5,0.211771,234.0,4.1451,90.0,0,spatial_background_sample,spatial_background_reference,Assam,26.816986,90.278681,2010-04-02
17.0,43.3,74.6,0.468231,51.0,4.4262,245.3053,0,spatial_background_sample,spatial_background_reference,Tripura,23.121475,91.367109,2009-07-10
6.3,13.1,32.9,0.480016,32.0,4.041,90.0,0,spatial_background_sample,spatial_background_reference,Tripura,23.717545,91.271526,2009-07-10
33.9,86.2,104.5,0.46986,37.0,2.2232,114.6145,0,spatial_background_sample,spatial_background_reference,Tripura,23.611173,91.515713,2018-05-18
23.9,148.2,194.0,0.401946,26.0,4.2117,257.316,0,spatial_background_sample,spatial_background_reference,Meghalaya,25.806604,89.959169,2025-05-31
32.3,193.2,214.1,0.491957,156.0,2.1263,150.5764,0,spatial_background_sample,spatial_background_reference,Arunachal Pradesh,27.56311,95.905905,2016-07-16
15.3,22.1,24.9,0.47583,305.0,10.3223,79.7724,0,spatial_background_sample,spatial_background_reference,Nagaland,25.560708,93.424881,2023-09-08
0.3,9.6,159.0,0.469435,472.0,17.4694,214.7078,0,spatial_background_sample,spatial_background_reference,Nagaland,25.530943,93.558311,2024-06-01
20.7,67.8,93.3,0.353033,4999.0,12.7954,4.6148,0,spatial_background_sample,spatial_background_reference,Sikkim,27.759818,88.256257,2014-06-24
10.1,19.3,26.2,0.405716,1461.0,16.2298,43.7694,0,spatial_background_sample,spatial_background_reference,Arunachal Pradesh,27.956337,93.785673,2016-04-22
36.1,62.5,122.1,0.425999,4258.0,24.4702,230.2426,0,spatial_background_sample,spatial_background_reference,Arunachal Pradesh,28.582853,96.219083,2016-07-17
20.1,65.8,80.2,0.372754,93.0,5.6314,190.2907,0,spatial_background_sample,spatial_background_reference,Tripura,23.370962,91.713445,2018-05-18
24.9,67.5,98.0,0.478406,789.0,28.7725,19.3816,1,GSI_field_inventory,observed_landslide,Arunachal Pradesh,27.339267,93.802581,
13.1,25.1,43.8,0.476217,35.0,0.0,180.0,0,spatial_background_sample,spatial_background_reference,Assam,26.1929,91.043187,2010-06-16
4.0,28.4,48.7,0.319731,5820.0,2.0962,270.0,0,spatial_background_sample,spatial_background_reference,Sikkim,27.927074,88.811099,2021-08-27
2.7,12.2,20.0,0.395037,165.0,14.0776,39.3064,0,spatial_background_sample,spatial_background_reference,Tripura,23.635976,91.724232,2009-07-10
19.2,63.0,78.6,0.444159,204.0,6.2997,107.034,0,spatial_background_sample,spatial_background_reference,Tripura,23.199783,91.754076,2018-05-18
10.2,84.3,112.7,0.49943,662.0,15.2438,259.7465,0,spatial_background_sample,spatial_background_reference,Meghalaya,25.248896,92.557357,2013-08-06
31.5,73.2,96.4,0.485717,100.0,12.0596,24.7395,0,spatial_background_sample,spatial_background_reference,Meghalaya,25.276567,90.191579,2019-06-27
17.9,43.7,121.8,0.425414,2103.0,28.3123,304.7699,0,spatial_background_sample,spatial_background_reference,Arunachal Pradesh,28.725427,94.580213,2016-07-16
4.8,15.9,31.7,0.484531,42.0,3.4304,215.9782,0,spatial_background_sample,spatial_background_reference,Tripura,23.318136,91.519956,2009-07-10
5.4,32.8,74.3,0.421222,54.0,1.388,131.8639,0,spatial_background_sample,spatial_background_reference,Assam,26.348491,90.025317,2018-08-31
10.0,74.2,90.3,0.411153,125.0,12.793,4.4737,0,spatial_background_sample,spatial_background_reference,Tripura,24.08472,91.769471,2018-05-18
12.2,55.6,130.9,0.449787,169.0,19.3401,313.7131,0,spatial_background_sample,spatial_background_reference,Nagaland,26.833596,94.872399,2024-06-01
20.2,38.6,225.1,0.492935,69.0,2.071,270.0,0,spatial_background_sample,spatial_background_reference,Assam,26.582675,90.381266,2014-06-27
3.6,35.0,94.5,0.346576,1461.0,22.386,94.5032,0,spatial_background_sample,spatial_background_reference,Manipur,25.079452,94.743811,2018-05-03
13.2,40.7,120.0,0.455688,451.0,27.6762,143.367,1,GSI_field_inventory,observed_landslide,Assam,25.14872222,93.03191667,
0.0,0.0,1.1,0.376266,4982.0,32.3534,247.488,0,spatial_background_sample,spatial_background_reference,Sikkim,27.849531,88.498705,2022-11-20
6.2,198.3,260.7,0.498771,1138.0,30.1156,12.6622,0,spatial_background_sample,spatial_background_reference,Arunachal Pradesh,27.100728,95.882147,2016-07-17
23.7,33.4,68.9,0.425714,3474.0,21.8997,118.8608,0,spatial_background_sample,spatial_background_reference,Arunachal Pradesh,29.233646,96.198783,2016-07-17
1.9,12.3,24.2,0.402751,129.0,16.1068,162.163,0,spatial_background_sample,spatial_background_reference,Tripura,23.9301,91.520136,2009-07-10
51.0,84.3,152.9,0.426226,2487.0,8.6355,57.8354,0,spatial_background_sample,spatial_background_reference,Arunachal Pradesh,28.307084,96.33401,2016-07-17
10.1,21.0,47.9,0.466827,111.0,6.5371,8.9788,0,spatial_background_sample,spatial_background_reference,Meghalaya,25.294255,90.23827,2025-05-28
25.8,41.3,84.3,0.42674,4231.0,28.0985,358.0175,0,spatial_background_sample,spatial_background_reference,Arunachal Pradesh,28.905996,96.22574,2016-07-17
18.9,48.8,93.7,0.489196,309.0,8.2504,131.9967,0,spatial_background_sample,spatial_background_reference,Meghalaya,25.802541,90.835252,2025-07-02
18.5,38.5,79.0,0.416179,116.0,11.177,90.0,0,spatial_background_sample,spatial_background_reference,Meghalaya,25.818055,90.17644,2009-06-29
4.2,50.2,67.3,0.487146,1057.0,21.1787,330.1062,1,GSI_field_inventory,observed_landslide,Meghalaya,25.68625,91.118358,
5.7,17.2,48.0,0.414923,4697.0,26.6494,78.8532,0,spatial_background_sample,spatial_background_reference,Sikkim,27.541052,88.114843,2022-08-25
19.3,39.1,68.4,0.47807,24.0,2.1076,151.4922,0,spatial_background_sample,spatial_background_reference,Tripura,22.987996,91.645127,2009-07-10
21.6,38.8,85.1,0.426768,4525.0,28.0693,346.0026,0,spatial_background_sample,spatial_background_reference,Arunachal Pradesh,28.654615,96.46905,2016-07-17
5.7,15.6,38.0,0.452808,46.0,10.8069,139.6739,0,spatial_background_sample,spatial_background_reference,Tripura,23.612012,91.221009,2009-07-10
33.8,67.0,89.7,0.438436,28.0,4.7695,39.1782,0,spatial_background_sample,spatial_background_reference,Tripura,23.029092,91.557939,2018-05-18
2.5,15.0,30.6,0.408042,88.0,12.2395,296.5661,0,spatial_background_sample,spatial_background_reference,Tripura,23.550406,91.610012,2009-07-10
12.0,72.0,91.0,0.409281,207.0,21.5028,317.6272,0,spatial_background_sample,spatial_background_reference,Tripura,24.008129,91.764483,2018-05-18
35.4,71.6,90.2,0.444283,30.0,4.8823,124.6033,0,spatial_background_sample,spatial_background_reference,Tripura,23.085835,91.626566,2018-05-18
168.5,229.5,325.6,0.367979,744.0,30.2739,233.8937,1,GSI_field_inventory,observed_landslide,Mizoram,23.341022,92.776761,
42.5,100.3,170.4,0.426598,3466.0,17.1423,308.9815,0,spatial_background_sample,spatial_background_reference,Arunachal Pradesh,28.754667,95.091857,2016-07-17
12.4,67.6,89.6,0.408757,49.0,4.1146,312.4022,0,spatial_background_sample,spatial_background_reference,Tripura,24.049111,91.66315,2018-05-18
1.9,12.3,24.2,0.401341,38.0,1.3736,132.4045,0,spatial_background_sample,spatial_background_reference,Tripura,24.038825,91.585407,2009-07-10
3.0,105.8,214.3,0.455583,732.0,27.2772,146.2985,1,GSI_field_inventory,observed_landslide,Assam,25.14041667,93.02038889,
4.2,8.5,12.6,0.392342,160.0,18.9125,124.4944,0,spatial_background_sample,spatial_background_reference,Tripura,23.625592,91.906906,2009-07-10
26.4,59.8,149.4,0.425491,2041.0,12.6837,234.9168,0,spatial_background_sample,spatial_background_reference,Arunachal Pradesh,28.60204,94.102994,2016-07-17
13.9,60.8,122.6,0.424682,2647.0,36.5399,200.2375,0,spatial_background_sample,spatial_background_reference,Arunachal Pradesh,27.978859,96.927024,2016-07-17
27.0,57.9,151.3,0.426327,4333.0,19.6058,182.9319,0,spatial_background_sample,spatial_background_reference,Sikkim,27.440246,88.091195,2012-06-22
7.0,11.4,27.4,0.406198,5298.0,14.2185,16.8192,0,spatial_background_sample,spatial_background_reference,Sikkim,28.093965,88.648197,2025-09-11
6.5,96.0,137.4,0.426442,4167.0,25.391,215.154,0,spatial_background_sample,spatial_background_reference,Sikkim,27.438643,88.118284,2012-07-17
34.1,87.7,151.1,0.42647,4040.0,22.475,56.8254,0,spatial_background_sample,spatial_background_reference,Sikkim,27.472747,88.744116,2014-07-08
10.6,27.8,42.0,0.425265,4106.0,35.4094,347.9678,0,spatial_background_sample,spatial_background_reference,Arunachal Pradesh,29.206729,94.461911,2016-04-22
12.4,126.1,190.6,0.490585,76.0,1.3915,311.7321,0,spatial_background_sample,spatial_background_reference,Assam,26.877955,94.038401,2020-07-12
10.1,14.6,43.7,0.410327,5442.0,27.7189,282.44,0,spatial_background_sample,spatial_background_reference,Sikkim,28.068757,88.573019,2012-06-22
47.1,100.0,258.3,0.427124,2443.0,45.1308,42.2333,0,spatial_background_sample,spatial_background_reference,Sikkim,27.620569,88.338783,2022-06-15
0.0,2.3,3.5,0.363991,6672.0,44.6948,229.178,0,spatial_background_sample,spatial_background_reference,Sikkim,27.693857,88.176439,2022-08-25
7.6,9.3,30.2,0.358443,6264.0,16.331,90.0,0,spatial_background_sample,spatial_background_reference,Sikkim,27.998591,88.668755,2012-06-22
3.9,38.9,168.7,0.425854,806.0,20.8835,259.6116,1,GSI_field_inventory,observed_landslide,Mizoram,23.5625,92.70777778,
5.8,24.4,49.8,0.489187,537.0,19.2379,38.0311,0,spatial_background_sample,spatial_background_reference,Meghalaya,25.51408,90.463379,2007-09-15
29.0,120.6,174.4,0.468435,88.0,2.7772,180.0,0,spatial_background_sample,spatial_background_reference,Assam,26.907529,94.427982,2022-05-13
2.2,83.5,120.9,0.424804,2167.0,24.3981,108.7137,0,spatial_background_sample,spatial_background_reference,Manipur,25.400729,93.892176,2018-08-02
22.9,54.1,75.1,0.419958,670.0,7.0637,161.2861,1,GSI_field_inventory,observed_landslide,Mizoram,23.631219,93.118033,
1.5,11.3,28.0,0.400847,241.0,11.9118,175.1908,0,spatial_background_sample,spatial_background_reference,Tripura,23.894801,91.764173,2009-07-10
4.6,29.3,57.6,0.307738,5037.0,25.2763,221.1175,0,spatial_background_sample,spatial_background_reference,Sikkim,27.717962,88.41266,2021-08-27
5.6,39.5,68.0,0.402259,5244.0,39.3428,299.5467,0,spatial_background_sample,spatial_background_reference,Sikkim,27.83622,88.668036,2021-08-27
23.7,40.6,134.7,0.423432,599.0,37.0034,256.349,0,spatial_background_sample,spatial_background_reference,Arunachal Pradesh,27.974857,94.445033,2016-07-17
0.3,0.3,2.7,0.346862,5234.0,19.7965,351.2154,0,spatial_background_sample,spatial_background_reference,Sikkim,28.063532,88.729727,2021-05-18
0.4,4.5,101.8,0.287649,150.0,2.1224,150.7643,0,spatial_background_sample,spatial_background_reference,Assam,26.704473,90.24984,2016-05-22
0.8,21.2,67.0,0.395844,595.0,30.2762,306.1025,1,GSI_field_inventory,observed_landslide,Mizoram,23.35958611,93.04477222,
47.1,84.1,288.4,0.495348,82.0,1.0373,270.0,0,spatial_background_sample,spatial_background_reference,Assam,26.747191,93.872611,2024-07-05
10.9,29.2,84.4,0.416356,80.0,11.9647,274.3761,0,spatial_background_sample,spatial_background_reference,Mizoram,23.319423,92.382968,2024-08-13
69.1,138.8,190.5,0.377844,1273.0,30.8044,176.184,1,GSI_field_inventory,observed_landslide,Mizoram,23.37972222,92.75166667,
16.2,39.4,57.9,0.415229,1966.0,22.2003,71.5199,0,spatial_background_sample,spatial_background_reference,Arunachal Pradesh,28.681867,94.304109,2016-04-22
53.1,87.7,114.3,0.425385,14.0,3.4282,35.9264,0,spatial_background_sample,spatial_background_reference,Tripura,23.06343,91.399226,2018-05-18
28.1,56.6,124.2,0.47996,158.0,1.3993,131.4477,0,spatial_background_sample,spatial_background_reference,Arunachal Pradesh,27.981406,95.673946,2016-07-17
76.3,128.6,228.4,0.426757,1296.0,34.372,265.9332,0,spatial_background_sample,spatial_background_reference,Arunachal Pradesh,28.731127,94.629787,2016-07-17
16.0,86.8,125.9,0.406455,1949.0,23.9324,43.2256,0,spatial_background_sample,spatial_background_reference,Manipur,25.264179,93.816842,2018-06-06
41.1,111.6,151.4,0.423408,1377.0,37.7792,343.6626,0,spatial_background_sample,spatial_background_reference,Arunachal Pradesh,27.133669,93.301832,2016-04-22
11.3,64.2,85.1,0.403155,68.0,3.1753,286.9457,0,spatial_background_sample,spatial_background_reference,Tripura,23.924168,91.676914,2018-05-18
8.6,60.8,75.4,0.408757,241.0,3.4367,36.1216,0,spatial_background_sample,spatial_background_reference,Tripura,24.005761,91.749861,2018-05-18
8.0,13.8,29.1,0.364376,770.0,4.122,47.6926,0,spatial_background_sample,spatial_background_reference,Manipur,24.471901,93.952671,2018-05-03
39.8,134.1,183.6,0.424101,3395.0,33.8396,80.2805,0,spatial_background_sample,spatial_background_reference,Arunachal Pradesh,28.250595,96.215527,2016-04-22
67.2,187.2,240.1,0.486321,356.0,29.5375,235.1995,0,spatial_background_sample,spatial_background_reference,Meghalaya,25.372478,90.504088,2009-07-01
6.7,66.4,92.7,0.320472,5603.0,32.786,323.4484,0,spatial_background_sample,spatial_background_reference,Sikkim,27.723343,88.261714,2014-07-01
121.0,150.3,267.4,0.485774,45.0,3.0964,90.0,0,spatial_background_sample,spatial_background_reference,Assam,26.266327,91.219977,2017-06-16
0.5,0.6,10.7,0.31275,5303.0,10.3197,224.7315,0,spatial_background_sample,spatial_background_reference,Sikkim,27.964285,88.727281,2021-05-18
10.6,22.9,30.0,0.399685,4736.0,14.7554,123.5413,0,spatial_background_sample,spatial_background_reference,Sikkim,27.884,88.83178,2023-10-04
1.6,28.4,83.4,0.455546,265.0,8.2211,83.5741,0,spatial_background_sample,spatial_background_reference,Assam,25.71001,93.395471,2014-06-27
15.9,87.0,113.5,0.399568,86.0,1.0133,270.0,0,spatial_background_sample,spatial_background_reference,Tripura,23.908982,91.493751,2018-05-18
2.2,52.5,191.0,0.491302,68.0,1.8523,180.0,0,spatial_background_sample,spatial_background_reference,Assam,26.439612,92.84478,2016-05-22
12.3,15.8,36.4,0.318149,4952.0,35.7849,326.0977,0,spatial_background_sample,spatial_background_reference,Sikkim,27.776204,88.360505,2022-06-15
46.4,140.8,240.6,0.438994,1303.0,18.0799,317.9831,0,spatial_background_sample,spatial_background_reference,Arunachal Pradesh,27.381694,92.553704,2016-07-16
17.6,91.5,113.9,0.472937,57.0,7.6006,31.9799,0,spatial_background_sample,spatial_background_reference,Tripura,23.767158,91.435016,2018-05-18
62.6,183.5,283.5,0.49367,998.0,37.1173,219.7181,0,spatial_background_sample,spatial_background_reference,Meghalaya,25.471665,90.435976,2022-06-17
0.3,1.2,21.0,0.32444,5624.0,28.9958,286.9632,0,spatial_background_sample,spatial_background_reference,Sikkim,27.799513,88.316017,2022-10-10
4.1,15.7,40.6,0.402234,109.0,6.8845,36.5317,0,spatial_background_sample,spatial_background_reference,Meghalaya,25.854091,90.184063,2025-05-28
35.3,63.1,115.7,0.474729,581.0,17.0167,222.2261,1,GSI_field_inventory,observed_landslide,Assam,25.16579,93.00948,
54.9,118.1,157.5,0.379844,910.0,21.8346,179.3688,1,GSI_field_inventory,observed_landslide,Mizoram,23.53555556,92.72333333,
25.9,80.3,105.2,0.410626,30.0,2.7772,0.0,0,spatial_background_sample,spatial_background_reference,Tripura,23.549438,91.642907,2018-05-18
0.8,16.5,60.2,0.452135,133.0,4.8312,139.9282,0,spatial_background_sample,spatial_background_reference,Assam,26.931909,94.867382,2024-05-24
23.4,42.9,166.2,0.490262,365.0,18.0349,110.3427,0,spatial_background_sample,spatial_background_reference,Meghalaya,25.787632,90.751234,2007-08-18
5.0,14.9,34.7,0.396973,165.0,6.3065,331.3846,0,spatial_background_sample,spatial_background_reference,Tripura,23.583216,91.760496,2009-07-10
4.7,5.5,22.8,0.316762,5654.0,9.006,35.296,0,spatial_background_sample,spatial_background_reference,Sikkim,28.011993,88.826153,2021-06-18
35.4,71.6,90.2,0.444283,68.0,4.8826,304.6012,0,spatial_background_sample,spatial_background_reference,Tripura,23.096609,91.556705,2018-05-18
52.0,119.5,151.7,0.488932,1378.0,29.2487,253.2172,0,spatial_background_sample,spatial_background_reference,Meghalaya,25.207363,92.645085,2019-06-27
107.3,199.4,212.5,0.320679,266.0,19.2397,65.3569,0,spatial_background_sample,spatial_background_reference,Mizoram,23.43806,92.465766,2024-05-28
28.1,50.2,55.8,0.38225,58.0,2.9623,20.3791,0,spatial_background_sample,spatial_background_reference,Assam,26.19328,92.168697,2016-04-18
5.0,14.9,34.7,0.396318,112.0,30.122,70.4619,0,spatial_background_sample,spatial_background_reference,Tripura,23.546258,91.738267,2009-07-10
1.6,58.9,160.6,0.489155,188.0,10.2853,191.4316,0,spatial_background_sample,spatial_background_reference,Assam,25.952371,93.594303,2016-05-22
27.1,125.4,412.8,0.496905,111.0,2.1266,209.4381,0,spatial_background_sample,spatial_background_reference,Assam,27.627686,94.895879,2017-07-04
12.5,31.7,57.6,0.48804,142.0,16.6968,193.9926,0,spatial_background_sample,spatial_background_reference,Nagaland,26.902949,94.98041,2018-08-23
8.6,60.8,75.4,0.408757,71.0,7.0893,238.6638,0,spatial_background_sample,spatial_background_reference,Tripura,24.032725,91.691707,2018-05-18
20.4,73.0,95.8,0.490085,866.0,2.7661,132.016,0,spatial_background_sample,spatial_background_reference,Meghalaya,25.722123,92.431221,2009-07-01
76.5,175.7,248.7,0.478771,86.0,2.7772,180.0,0,spatial_background_sample,spatial_background_reference,Assam,26.673875,92.211141,2016-05-17
40.7,44.2,103.6,0.415375,350.0,18.087,212.5844,1,GSI_field_inventory,observed_landslide,Mizoram,23.02280556,92.67255556,
11.9,30.3,76.9,0.42494,4650.0,10.5158,29.414,0,spatial_background_sample,spatial_background_reference,Sikkim,27.519713,88.095351,2024-07-21
39.1,72.3,129.1,0.498312,1308.0,45.2194,91.6109,1,GSI_field_inventory,observed_landslide,Meghalaya,25.31458,91.45242,
10.8,19.8,47.2,0.478839,131.0,1.3915,48.2656,0,spatial_background_sample,spatial_background_reference,Nagaland,26.868535,94.934027,2009-06-20
50.9,153.0,184.6,0.383481,47.0,2.7772,0.0,0,spatial_background_sample,spatial_background_reference,Meghalaya,25.181336,90.376282,2025-05-31
29.1,239.5,335.7,0.370698,756.0,18.7672,138.6199,1,GSI_field_inventory,observed_landslide,Mizoram,23.239077,92.745631,
20.6,32.6,128.0,0.422792,968.0,17.5043,140.2687,0,spatial_background_sample,spatial_background_reference,Arunachal Pradesh,28.076293,94.362624,2016-07-17
20.7,67.8,93.3,0.407702,4669.0,17.7427,113.8465,0,spatial_background_sample,spatial_background_reference,Sikkim,27.865628,88.351169,2014-06-24
21.2,97.2,152.5,0.426109,4611.0,31.3044,208.6624,0,spatial_background_sample,spatial_background_reference,Sikkim,27.504296,88.099065,2014-06-24
61.9,120.9,163.8,0.379417,827.0,24.0431,214.3626,1,GSI_field_inventory,observed_landslide,Mizoram,23.64083333,92.72472222,
16.9,119.3,233.1,0.476781,1005.0,23.4149,0.5963,1,GSI_field_inventory,observed_landslide,Assam,26.11,94.76,
27.4,85.6,178.7,0.423417,1530.0,27.8301,120.3947,1,GSI_field_inventory,observed_landslide,Sikkim,27.28408,88.54611,
15.5,78.6,98.5,0.443469,19.0,1.8523,180.0,0,spatial_background_sample,spatial_background_reference,Tripura,23.588619,91.181971,2018-05-18
47.6,83.5,110.5,0.487076,233.0,11.2038,265.3175,0,spatial_background_sample,spatial_background_reference,Nagaland,25.71218,93.628324,2013-07-16
1.5,11.3,28.0,0.397138,84.0,8.9453,128.0501,0,spatial_background_sample,spatial_background_reference,Tripura,24.056316,91.860728,2009-07-10
13.8,62.4,83.1,0.387527,130.0,8.9052,325.6457,0,spatial_background_sample,spatial_background_reference,Tripura,23.885744,91.96238,2018-05-18
1.9,79.1,121.6,0.488604,387.0,3.0498,292.3205,1,GSI_field_inventory,observed_landslide,Assam,25.41733333,93.12908333,
24.6,55.3,135.2,0.425935,3473.0,42.3122,337.4659,0,spatial_background_sample,spatial_background_reference,Arunachal Pradesh,28.281038,93.341354,2016-07-17
16.2,80.9,102.8,0.39176,178.0,14.7602,47.5388,0,spatial_background_sample,spatial_background_reference,Tripura,23.782056,91.743411,2018-05-18
3.6,102.0,186.0,0.49625,973.0,16.1276,18.0777,0,spatial_background_sample,spatial_background_reference,Meghalaya,25.705006,91.338265,2025-05-31
52.3,117.8,140.2,0.418744,110.0,10.0338,203.9539,0,spatial_background_sample,spatial_background_reference,Meghalaya,25.794272,90.106307,2009-07-01
31.2,51.6,236.8,0.485938,45.0,8.5247,340.9041,1,GSI_field_inventory,observed_landslide,Assam,24.79489,92.55506,
28.3,58.0,116.3,0.42665,3758.0,30.7998,347.5541,0,spatial_background_sample,spatial_background_reference,Arunachal Pradesh,28.234804,96.820957,2016-07-17
13.6,16.5,45.7,0.32324,5729.0,40.3357,141.3286,0,spatial_background_sample,spatial_background_reference,Sikkim,27.898384,88.181136,2012-06-22
0.5,6.1,13.1,0.383046,98.0,6.2539,126.1714,0,spatial_background_sample,spatial_background_reference,Tripura,23.949456,91.964422,2009-07-10
41.5,111.5,167.3,0.480635,71.0,0.9264,180.0,0,spatial_background_sample,spatial_background_reference,Assam,26.510226,92.909448,2022-05-14
28.6,53.0,79.1,0.413996,3895.0,20.8655,239.3996,0,spatial_background_sample,spatial_background_reference,Sikkim,27.487338,88.757202,2023-10-04
69.9,109.1,243.7,0.430094,1482.0,18.4849,46.368,1,GSI_field_inventory,observed_landslide,Sikkim,27.56941667,88.65272222,
10.0,74.2,90.3,0.405292,65.0,2.0288,90.0,0,spatial_background_sample,spatial_background_reference,Tripura,24.091377,91.8566,2018-05-18
51.0,84.3,152.9,0.425466,2543.0,36.85,7.0443,0,spatial_background_sample,spatial_background_reference,Arunachal Pradesh,28.401977,96.197709,2016-07-17
69.0,112.3,201.5,0.360625,941.0,20.6498,24.1099,1,GSI_field_inventory,observed_landslide,Mizoram,23.061745,92.770105,
26.0,112.0,202.6,0.426723,1481.0,17.1734,241.9076,0,spatial_background_sample,spatial_background_reference,Arunachal Pradesh,27.172767,93.279154,2016-07-17
7.1,11.7,13.3,0.283935,5364.0,22.926,28.4419,0,spatial_background_sample,spatial_background_reference,Sikkim,27.995846,88.817211,2023-10-04
12.8,78.8,99.4,0.489743,145.0,2.1269,209.4517,0,spatial_background_sample,spatial_background_reference,Arunachal Pradesh,27.68837,95.818555,2016-07-16
35.3,97.7,113.1,0.470025,62.0,2.7406,227.5004,0,spatial_background_sample,spatial_background_reference,Tripura,23.606406,91.441602,2018-05-18
69.0,112.3,201.5,0.357104,959.0,25.6628,27.8215,1,GSI_field_inventory,observed_landslide,Mizoram,23.015005,92.765065,
49.7,210.8,362.1,0.495923,131.0,2.2867,293.8872,0,spatial_background_sample,spatial_background_reference,Assam,27.656798,95.559687,2010-04-02
4.5,17.2,25.9,0.393103,5166.0,26.9783,319.6713,0,spatial_background_sample,spatial_background_reference,Sikkim,27.935807,88.730095,2024-08-21
7.5,13.4,73.5,0.423698,58.0,2.1217,330.7976,0,spatial_background_sample,spatial_background_reference,Assam,26.548547,91.422699,2016-07-14
0.0,1.7,3.3,0.335167,19.0,1.1214,245.5754,1,GSI_field_inventory,observed_landslide,Mizoram,24.73197222,92.75988889,
15.9,87.0,113.5,0.399568,125.0,12.1712,132.433,0,spatial_background_sample,spatial_background_reference,Tripura,23.910318,91.516752,2018-05-18
145.3,224.3,236.7,0.325754,170.0,17.0538,77.8281,0,spatial_background_sample,spatial_background_reference,Mizoram,23.551389,92.337501,2024-05-28
64.5,160.5,193.7,0.486189,185.0,11.1399,54.9145,0,spatial_background_sample,spatial_background_reference,Meghalaya,25.427414,90.286099,2009-07-01
2.8,24.6,226.3,0.496408,402.0,10.1355,5.7561,0,spatial_background_sample,spatial_background_reference,Meghalaya,25.596977,90.493974,2024-10-08
30.8,138.6,217.1,0.47064,88.0,3.6256,300.6892,0,spatial_background_sample,spatial_background_reference,Assam,27.095011,94.384644,2016-05-17
0.3,5.2,11.8,0.378287,41.0,3.8367,344.6758,0,spatial_background_sample,spatial_background_reference,Tripura,24.170612,92.042293,2009-07-10
2.5,15.0,30.6,0.486573,59.0,9.3974,12.3127,0,spatial_background_sample,spatial_background_reference,Tripura,23.607787,91.43129,2009-07-10
56.3,182.3,302.1,0.381208,1087.0,34.3018,234.454,1,GSI_field_inventory,observed_landslide,Mizoram,23.270548,92.877577,
48.7,134.2,170.6,0.492917,311.0,15.4946,187.4507,0,spatial_background_sample,spatial_background_reference,Meghalaya,25.895288,90.709846,2024-06-30
9.9,64.6,84.0,0.404893,47.0,6.7635,17.3721,0,spatial_background_sample,spatial_background_reference,Tripura,24.038114,91.57614,2018-05-18
3.6,36.3,54.9,0.401286,5328.0,20.9814,114.9383,0,spatial_background_sample,spatial_background_reference,Sikkim,27.933206,88.715354,2014-07-01
50.3,261.5,389.0,0.380031,806.0,19.5651,7.8309,1,GSI_field_inventory,observed_landslide,Mizoram,23.17252,92.611434,
0.9,4.5,118.4,0.482427,936.0,22.7978,91.6552,1,GSI_field_inventory,observed_landslide,Nagaland,26.387181,94.444132,
26.3,119.1,251.5,0.428201,2350.0,30.8856,124.5894,0,spatial_background_sample,spatial_background_reference,Arunachal Pradesh,27.550604,92.508021,2016-07-17
7.3,28.2,91.2,0.496667,99.0,1.041,90.0,0,spatial_background_sample,spatial_background_reference,Assam,27.140604,94.803052,2018-08-31
7.4,15.9,29.4,0.423507,4217.0,19.4585,262.1083,0,spatial_background_sample,spatial_background_reference,Arunachal Pradesh,28.611863,93.840799,2016-04-22
37.5,70.1,197.8,0.428397,3648.0,20.9531,346.2183,0,spatial_background_sample,spatial_background_reference,Sikkim,27.590157,88.274377,2012-06-22
21.4,66.1,104.7,0.428872,4371.0,49.0095,220.6441,0,spatial_background_sample,spatial_background_reference,Sikkim,27.814486,88.69242,2012-06-26
66.5,99.9,174.1,0.425991,2327.0,21.1217,65.2555,0,spatial_background_sample,spatial_background_reference,Arunachal Pradesh,28.873315,95.489605,2016-07-17
98.8,134.5,196.5,0.453512,734.0,24.3337,30.8921,0,spatial_background_sample,spatial_background_reference,Meghalaya,25.13078,92.597954,2014-09-23
83.3,194.1,224.6,0.468424,695.0,2.9603,339.7264,0,spatial_background_sample,spatial_background_reference,Meghalaya,25.525589,90.932595,2025-05-30
1.5,11.3,28.0,0.399807,117.0,6.4577,0.0,0,spatial_background_sample,spatial_background_reference,Tripura,23.892794,91.724677,2009-07-10
0.4,8.1,29.7,0.388251,86.0,14.0703,82.5864,0,spatial_background_sample,spatial_background_reference,Tripura,24.379888,92.257104,2009-07-10
38.3,81.3,102.1,0.488256,460.0,17.0958,54.6681,0,spatial_background_sample,spatial_background_reference,Nagaland,25.550599,93.418524,2013-07-16
7.5,50.0,73.5,0.339299,334.0,16.4235,208.6332,0,spatial_background_sample,spatial_background_reference,Tripura,23.680376,92.227097,2018-05-18
19.3,39.1,68.4,0.477826,23.0,4.7296,347.7398,0,spatial_background_sample,spatial_background_reference,Tripura,23.022281,91.696608,2009-07-10
65.0,128.9,173.2,0.377844,1132.0,29.6848,67.0164,1,GSI_field_inventory,observed_landslide,Mizoram,23.410771,92.753123,
5.5,51.2,65.4,0.410759,5218.0,17.9208,0.0,0,spatial_background_sample,spatial_background_reference,Sikkim,27.920382,88.395938,2014-07-01
25.7,77.2,117.7,0.414747,78.0,4.1635,48.2118,0,spatial_background_sample,spatial_background_reference,Assam,26.653909,92.37285,2010-06-20
7.6,9.3,30.2,0.390104,5523.0,38.7091,134.9245,0,spatial_background_sample,spatial_background_reference,Sikkim,27.946955,88.799594,2012-06-22
6.7,66.4,92.7,0.426765,4531.0,17.7523,329.1614,0,spatial_background_sample,spatial_background_reference,Sikkim,27.534009,88.240237,2014-07-01
17.6,34.6,60.2,0.481198,78.0,4.73,12.2808,0,spatial_background_sample,spatial_background_reference,Tripura,23.253862,91.718267,2009-07-10
9.8,39.2,61.2,0.419094,4124.0,53.9567,314.9099,0,spatial_background_sample,spatial_background_reference,Arunachal Pradesh,28.290045,97.206653,2016-07-16
7.0,15.4,25.1,0.415342,4018.0,22.7422,15.3403,0,spatial_background_sample,spatial_background_reference,Arunachal Pradesh,28.969617,94.273243,2016-04-22
27.2,54.7,119.6,0.493609,72.0,3.2412,253.4092,0,spatial_background_sample,spatial_background_reference,Assam,26.643663,92.517768,2018-08-24
1.8,7.6,193.5,0.497698,1729.0,22.6906,145.3574,1,GSI_field_inventory,observed_landslide,Nagaland,25.52164,94.13426,
15.1,30.1,145.7,0.378237,55.0,7.6483,111.1759,0,spatial_background_sample,spatial_background_reference,Meghalaya,25.323123,89.949356,2018-05-07
13.6,16.5,45.7,0.396214,4984.0,24.516,353.0881,0,spatial_background_sample,spatial_background_reference,Sikkim,27.89119,88.299769,2012-06-22
16.3,38.1,66.3,0.391365,51.0,1.3889,228.1712,0,spatial_background_sample,spatial_background_reference,Assam,26.49056,91.318003,2016-08-31
12.6,185.5,216.4,0.489374,157.0,3.2632,106.4755,0,spatial_background_sample,spatial_background_reference,Arunachal Pradesh,27.471088,95.916824,2016-07-17
2.7,12.2,20.0,0.385503,125.0,19.6303,243.042,0,spatial_background_sample,spatial_background_reference,Tripura,23.72546,91.862709,2009-07-10
1.4,5.1,7.5,0.401238,5221.0,11.5263,80.8756,0,spatial_background_sample,spatial_background_reference,Sikkim,27.949251,88.373267,2015-07-08
23.1,53.3,115.4,0.426275,2192.0,39.6454,314.6288,0,spatial_background_sample,spatial_background_reference,Arunachal Pradesh,28.664302,95.410399,2016-07-16
20.2,29.5,73.5,0.428484,4693.0,45.9858,181.0116,0,spatial_background_sample,spatial_background_reference,Sikkim,27.765455,88.680502,2012-06-22
0.6,20.5,40.7,0.438019,783.0,11.4623,118.5853,0,spatial_background_sample,spatial_background_reference,Manipur,24.750368,93.982907,2010-06-10
4.2,115.4,303.1,0.494317,1190.0,22.76,222.9217,0,spatial_background_sample,spatial_background_reference,Assam,25.10575,92.548147,2016-05-22
0.7,9.2,218.1,0.476257,34.0,2.7719,48.0921,0,spatial_background_sample,spatial_background_reference,Assam,26.168764,90.539778,2016-05-22
33.2,89.9,170.8,0.426687,1145.0,14.6588,19.3082,1,GSI_field_inventory,observed_landslide,Sikkim,27.24883333,88.60191667,
7.8,32.8,58.4,0.309073,1238.0,18.2737,39.4563,1,GSI_field_inventory,observed_landslide,Manipur,24.985167,93.508306,
33.9,86.2,104.5,0.46986,78.0,9.2047,281.5115,0,spatial_background_sample,spatial_background_reference,Tripura,23.583752,91.513868,2018-05-18
1.9,2.7,13.2,0.255,5277.0,17.1067,356.5897,0,spatial_background_sample,spatial_background_reference,Sikkim,27.968082,88.766572,2021-05-18
37.3,111.4,228.8,0.381135,1110.0,29.8009,243.1131,1,GSI_field_inventory,observed_landslide,Mizoram,23.21795,92.998007,
2.5,15.0,30.6,0.484092,70.0,7.2699,255.315,0,spatial_background_sample,spatial_background_reference,Tripura,23.475672,91.541097,2009-07-10
12.0,72.0,91.0,0.404479,65.0,14.367,255.374,0,spatial_background_sample,spatial_background_reference,Tripura,24.023309,91.854596,2018-05-18
3.2,8.7,38.4,0.424653,4327.0,28.2351,72.4752,0,spatial_background_sample,spatial_background_reference,Sikkim,27.850531,88.702157,2025-07-19
4.4,13.0,34.2,0.396241,117.0,4.8911,124.5322,0,spatial_background_sample,spatial_background_reference,Tripura,23.439784,91.937162,2009-07-10
13.6,16.5,45.7,0.396214,5300.0,13.4991,246.163,0,spatial_background_sample,spatial_background_reference,Sikkim,27.91434,88.303766,2012-06-22
2.7,12.2,20.0,0.386482,156.0,12.7995,141.5276,0,spatial_background_sample,spatial_background_reference,Tripura,23.764276,91.851577,2009-07-10
28.3,58.0,116.3,0.425545,2589.0,39.6139,216.7764,0,spatial_background_sample,spatial_background_reference,Arunachal Pradesh,28.231878,96.712448,2016-07-17
12.3,58.0,106.7,0.490824,145.0,2.2865,113.8889,0,spatial_background_sample,spatial_background_reference,Arunachal Pradesh,27.647826,95.855753,2016-07-17
20.2,29.5,73.5,0.428484,4129.0,32.5644,283.1714,0,spatial_background_sample,spatial_background_reference,Sikkim,27.861135,88.693724,2012-06-22
2.5,15.0,30.6,0.427561,100.0,15.37,180.0,0,spatial_background_sample,spatial_background_reference,Tripura,23.545076,91.588333,2009-07-10
27.2,40.9,108.0,0.31917,80.0,2.1226,29.2441,0,spatial_background_sample,spatial_background_reference,Assam,26.743285,90.989929,2016-07-14
24.2,60.5,78.1,0.456738,75.0,7.6357,164.7741,0,spatial_background_sample,spatial_background_reference,Tripura,23.290301,91.624801,2018-05-18
61.9,120.9,163.8,0.376667,976.0,50.3344,113.1177,1,GSI_field_inventory,observed_landslide,Mizoram,23.67611111,92.71972222,
64.5,160.5,193.7,0.486189,213.0,19.1489,68.1281,0,spatial_background_sample,spatial_background_reference,Meghalaya,25.416584,90.300148,2009-07-01
2.3,10.6,25.0,0.484272,73.0,9.2422,119.7919,0,spatial_background_sample,spatial_background_reference,Tripura,23.647634,91.474789,2009-07-10
1.8,16.6,182.4,0.408385,370.0,42.3935,125.1899,1,GSI_field_inventory,observed_landslide,Sikkim,27.179,88.53313889,
0.3,6.9,115.8,0.327135,242.0,0.9264,0.0,0,spatial_background_sample,spatial_background_reference,Assam,26.844017,90.407579,2016-05-22
27.0,57.9,151.3,0.352592,5889.0,57.5688,320.4027,0,spatial_background_sample,spatial_background_reference,Sikkim,27.559138,88.078427,2012-06-22
3.1,7.0,63.3,0.428344,4556.0,8.281,141.0485,0,spatial_background_sample,spatial_background_reference,Sikkim,27.920509,88.427185,2014-08-26
9.6,13.3,16.8,0.387705,5329.0,22.893,265.6078,0,spatial_background_sample,spatial_background_reference,Sikkim,27.955874,88.321235,2023-10-04
61.9,120.9,163.8,0.379417,837.0,34.9969,117.1708,1,GSI_field_inventory,observed_landslide,Mizoram,23.635,92.72361111,
6.3,13.1,32.9,0.480016,23.0,1.8523,0.0,0,spatial_background_sample,spatial_background_reference,Tripura,23.694129,91.301479,2009-07-10
1.6,5.9,34.9,0.467845,123.0,1.3867,228.0882,0,spatial_background_sample,spatial_background_reference,Assam,26.15298,93.856124,2020-06-02
14.6,22.0,48.3,0.432208,2004.0,24.7167,283.7321,1,GSI_field_inventory,observed_landslide,Nagaland,26.36083,94.84,
1.9,12.3,24.2,0.398341,57.0,5.4754,47.5654,0,spatial_background_sample,spatial_background_reference,Tripura,23.902867,91.607961,2009-07-10
7.3,30.8,219.7,0.482336,76.0,2.9645,339.5049,0,spatial_background_sample,spatial_background_reference,Assam,26.902959,93.700101,2016-05-22
1.3,12.7,18.8,0.37158,6311.0,38.4288,109.0309,0,spatial_background_sample,spatial_background_reference,Sikkim,27.885014,88.876971,2013-08-28
0.0,0.0,1.1,0.401289,4744.0,7.2621,120.5012,0,spatial_background_sample,spatial_background_reference,Sikkim,27.919053,88.500826,2022-11-20
1.3,20.2,189.0,0.48285,90.0,2.1223,150.7716,0,spatial_background_sample,spatial_background_reference,Assam,26.670361,92.195394,2016-05-22
2.4,3.1,10.4,0.379771,724.0,25.5783,226.7768,1,GSI_field_inventory,observed_landslide,Mizoram,23.56332778,93.10553333,
17.6,34.6,60.2,0.482278,83.0,7.4377,352.2567,0,spatial_background_sample,spatial_background_reference,Tripura,23.178031,91.693759,2009-07-10
10.9,134.6,202.8,0.427055,2271.0,28.4926,283.7873,0,spatial_background_sample,spatial_background_reference,Arunachal Pradesh,27.184951,92.082284,2016-07-17
18.0,66.3,87.0,0.387527,57.0,0.9264,0.0,0,spatial_background_sample,spatial_background_reference,Tripura,23.911372,91.99761,2018-05-18
0.3,5.2,11.8,0.378287,61.0,8.8072,200.071,0,spatial_background_sample,spatial_background_reference,Tripura,24.17419,92.007426,2009-07-10
1.9,12.3,24.2,0.398457,33.0,1.8523,0.0,0,spatial_background_sample,spatial_background_reference,Tripura,24.084975,91.611481,2009-07-10
17.7,43.4,137.5,0.42515,2179.0,28.122,139.1458,0,spatial_background_sample,spatial_background_reference,Arunachal Pradesh,28.503861,93.667813,2016-07-16
3.7,55.8,136.4,0.483673,273.0,11.4889,76.1923,0,spatial_background_sample,spatial_background_reference,Nagaland,25.691078,93.633688,2025-07-07
59.4,104.0,207.9,0.427673,1020.0,17.9642,75.5607,0,spatial_background_sample,spatial_background_reference,Arunachal Pradesh,28.900774,95.049151,2016-07-16
17.7,80.8,96.3,0.380582,54.0,3.438,36.1514,0,spatial_background_sample,spatial_background_reference,Tripura,24.145705,92.125123,2018-05-18
13.9,42.8,83.7,0.426016,3861.0,23.2822,20.043,0,spatial_background_sample,spatial_background_reference,Arunachal Pradesh,28.699997,96.283698,2016-07-16
9.8,39.2,61.2,0.42393,4302.0,19.1868,201.6675,0,spatial_background_sample,spatial_background_reference,Arunachal Pradesh,28.240884,97.296272,2016-07-16
70.4,169.4,188.3,0.44885,147.0,14.1865,134.7179,0,spatial_background_sample,spatial_background_reference,Meghalaya,25.81775,90.292137,2019-06-27
52.3,117.8,140.2,0.418744,32.0,2.7677,48.0141,0,spatial_background_sample,spatial_background_reference,Meghalaya,25.84756,90.053785,2009-07-01
4.8,31.0,65.2,0.433677,632.0,12.7412,300.0751,1,GSI_field_inventory,observed_landslide,Mizoram,24.492825,93.58643611,
30.8,97.0,114.1,0.46986,69.0,2.955,340.0075,0,spatial_background_sample,spatial_background_reference,Tripura,23.623716,91.450888,2018-05-18
13.6,24.6,26.7,0.34229,5513.0,9.75,253.6023,0,spatial_background_sample,spatial_background_reference,Sikkim,28.015683,88.672741,2023-10-04
24.5,51.5,108.5,0.424939,2723.0,65.6491,200.4915,0,spatial_background_sample,spatial_background_reference,Arunachal Pradesh,28.597348,95.983473,2016-07-17
14.2,30.9,103.9,0.423402,3058.0,17.3156,331.8485,0,spatial_background_sample,spatial_background_reference,Arunachal Pradesh,28.42629,93.559967,2016-07-17
3.8,8.2,24.4,0.401533,4980.0,36.8482,187.0129,0,spatial_background_sample,spatial_background_reference,Sikkim,27.918395,88.677617,2025-09-11
60.2,199.7,230.9,0.495034,121.0,8.9499,34.7773,0,spatial_background_sample,spatial_background_reference,Meghalaya,25.839503,90.68054,2025-05-30
49.4,108.6,154.4,0.376667,875.0,35.998,93.8329,1,GSI_field_inventory,observed_landslide,Mizoram,23.70638889,92.72055556,
0.8,21.2,67.0,0.395844,516.0,10.5397,301.4687,1,GSI_field_inventory,observed_landslide,Mizoram,23.35406111,93.04156111,
1.5,11.3,28.0,0.397138,76.0,6.3369,286.93,0,spatial_background_sample,spatial_background_reference,Tripura,24.050628,91.86065,2009-07-10
8.3,46.0,69.6,0.387522,104.0,2.1097,28.6118,0,spatial_background_sample,spatial_background_reference,Tripura,23.563961,91.849486,2018-05-18
14.5,34.2,89.7,0.425137,2851.0,24.2376,318.9585,0,spatial_background_sample,spatial_background_reference,Arunachal Pradesh,28.932663,94.287204,2016-07-17
29.7,95.6,197.4,0.426551,1237.0,25.2511,138.9573,0,spatial_background_sample,spatial_background_reference,Arunachal Pradesh,27.428948,93.577951,2016-07-16
15.7,110.4,160.5,0.490116,86.0,10.2495,63.4412,0,spatial_background_sample,spatial_background_reference,Meghalaya,25.87398,90.791009,2014-09-23
180.5,340.3,510.3,0.393957,62.0,1.0364,270.0,0,spatial_background_sample,spatial_background_reference,Assam,26.640055,91.30661,2022-05-15
7.6,20.7,39.8,0.419926,38.0,7.5909,328.1392,0,spatial_background_sample,spatial_background_reference,Tripura,23.155535,91.346485,2009-07-10
0.5,6.1,13.1,0.385262,74.0,4.4505,65.4496,0,spatial_background_sample,spatial_background_reference,Tripura,23.995485,91.997795,2009-07-10
20.9,74.4,121.7,0.502135,85.0,7.0174,126.2843,1,GSI_field_inventory,observed_landslide,Assam,26.195306,91.765639,
21.7,50.1,130.3,0.422536,436.0,10.5444,280.0051,0,spatial_background_sample,spatial_background_reference,Arunachal Pradesh,28.104265,94.674923,2016-07-17
8.9,22.4,29.7,0.417815,4473.0,30.3755,145.8552,0,spatial_background_sample,spatial_background_reference,Sikkim,27.78468,88.829312,2024-08-21
20.6,49.5,148.5,0.425619,2710.0,20.6473,219.4303,0,spatial_background_sample,spatial_background_reference,Arunachal Pradesh,28.56203,94.099403,2016-07-16
5.0,14.9,34.7,0.395037,186.0,16.4798,349.69,0,spatial_background_sample,spatial_background_reference,Tripura,23.623937,91.746835,2009-07-10
5.7,15.6,38.0,0.484674,31.0,3.1668,286.9928,0,spatial_background_sample,spatial_background_reference,Tripura,23.539983,91.312734,2009-07-10
13.8,23.9,35.0,0.413302,1235.0,20.3964,112.3919,1,GSI_field_inventory,observed_landslide,Manipur,24.98611,93.50583,
21.6,38.8,85.1,0.423975,3807.0,34.0478,33.1202,0,spatial_background_sample,spatial_background_reference,Arunachal Pradesh,28.849096,96.492216,2016-07-17
35.9,141.4,249.7,0.411138,84.0,1.8523,0.0,0,spatial_background_sample,spatial_background_reference,Assam,26.958113,93.902033,2022-05-14
69.8,101.9,152.8,0.468135,306.0,16.4388,166.8657,1,GSI_field_inventory,observed_landslide,Assam,25.121,92.915028,
1.6,6.4,58.1,0.488626,774.0,13.1026,346.554,0,spatial_background_sample,spatial_background_reference,Assam,26.326474,93.465441,2020-06-02
16.1,23.5,92.7,0.396214,5236.0,28.7453,27.8259,0,spatial_background_sample,spatial_background_reference,Sikkim,27.853864,88.293413,2012-06-22
14.2,43.3,66.3,0.487746,68.0,2.1214,209.1867,0,spatial_background_sample,spatial_background_reference,Assam,26.474531,92.607168,2020-06-05
4.8,15.9,31.7,0.488574,30.0,6.5346,188.8393,0,spatial_background_sample,spatial_background_reference,Tripura,23.273062,91.393562,2009-07-10
28.9,146.3,210.5,0.468174,107.0,1.0432,90.0,0,spatial_background_sample,spatial_background_reference,Assam,27.38263,94.983543,2022-05-14
12.3,58.0,106.7,0.491244,146.0,0.9264,180.0,0,spatial_background_sample,spatial_background_reference,Arunachal Pradesh,27.677847,95.839216,2016-07-17
0.7,16.0,38.8,0.401875,908.0,56.8394,342.6658,1,GSI_field_inventory,observed_landslide,Mizoram,23.91777778,92.73805556,
28.0,74.5,99.6,0.419182,2033.0,19.7786,125.7713,0,spatial_background_sample,spatial_background_reference,Arunachal Pradesh,27.535837,93.873585,2016-04-22
18.8,112.1,269.3,0.420304,45.0,2.1211,209.1736,0,spatial_background_sample,spatial_background_reference,Assam,26.412469,90.964853,2017-07-04
5.9,26.9,65.4,0.422385,838.0,30.7796,60.7126,1,GSI_field_inventory,observed_landslide,Mizoram,23.186501,92.735632,
6.3,13.1,32.9,0.480016,42.0,2.1101,28.6313,0,spatial_background_sample,spatial_background_reference,Tripura,23.669606,91.324345,2009-07-10
2.5,15.0,30.6,0.488388,62.0,11.551,71.5509,0,spatial_background_sample,spatial_background_reference,Tripura,23.448275,91.595265,2009-07-10
55.9,132.8,162.0,0.489091,230.0,22.7047,81.1074,0,spatial_background_sample,spatial_background_reference,Meghalaya,25.885435,90.599628,2024-06-30
111.4,220.5,241.5,0.381388,31.0,1.0317,270.0,0,spatial_background_sample,spatial_background_reference,Assam,26.115112,89.881854,2022-05-14
13.9,60.8,122.6,0.423446,3215.0,50.4805,79.2375,0,spatial_background_sample,spatial_background_reference,Arunachal Pradesh,28.051925,97.084464,2016-07-17
34.6,55.1,115.1,0.421354,4077.0,24.0733,127.9722,0,spatial_background_sample,spatial_background_reference,Arunachal Pradesh,29.269647,96.05205,2016-07-17
24.5,107.0,153.1,0.406365,774.0,33.297,222.8421,1,GSI_field_inventory,observed_landslide,Mizoram,23.76527778,92.85,
25.8,41.3,84.3,0.424415,4057.0,31.5864,203.0144,0,spatial_background_sample,spatial_background_reference,Arunachal Pradesh,29.023856,96.090905,2016-07-17
29.7,46.0,151.6,0.424786,2604.0,31.1855,171.2775,0,spatial_background_sample,spatial_background_reference,Arunachal Pradesh,28.260571,94.423559,2016-07-17
36.3,70.3,170.7,0.426299,1414.0,35.3409,46.8368,0,spatial_background_sample,spatial_background_reference,Arunachal Pradesh,28.915934,94.567601,2016-07-16
5.6,23.1,32.6,0.398115,5286.0,26.1457,308.745,0,spatial_background_sample,spatial_background_reference,Sikkim,27.512454,88.228408,2013-08-28
30.8,97.0,114.1,0.473958,66.0,8.3398,186.9163,0,spatial_background_sample,spatial_background_reference,Tripura,23.653998,91.426992,2018-05-18
35.5,116.7,201.1,0.440101,3523.0,31.0936,308.0729,0,spatial_background_sample,spatial_background_reference,Arunachal Pradesh,27.685468,96.719057,2016-07-17
0.0,0.0,0.2,0.397208,71.0,1.0246,270.0,0,spatial_background_sample,spatial_background_reference,Meghalaya,25.299234,90.43088,2023-04-13
3.5,9.5,17.9,0.411793,5334.0,10.8321,59.5331,0,spatial_background_sample,spatial_background_reference,Sikkim,28.066467,88.759534,2015-07-08
34.5,129.3,165.5,0.488735,584.0,30.6329,262.153,0,spatial_background_sample,spatial_background_reference,Arunachal Pradesh,28.111245,95.959004,2016-04-22
66.5,99.9,174.1,0.424695,2649.0,33.3325,296.2659,0,spatial_background_sample,spatial_background_reference,Arunachal Pradesh,28.679529,95.407777,2016-07-17
8.3,46.0,69.6,0.375365,135.0,13.1099,245.381,0,spatial_background_sample,spatial_background_reference,Tripura,23.584245,91.908005,2018-05-18
6.7,66.4,92.7,0.320472,5832.0,32.554,56.1358,0,spatial_background_sample,spatial_background_reference,Sikkim,27.799255,88.276183,2014-07-01
4.8,27.1,46.1,0.403204,98.0,22.8206,177.5827,0,spatial_background_sample,spatial_background_reference,Assam,24.345393,92.368184,2016-07-20
1.6,5.4,99.2,0.381771,780.0,7.8078,135.0985,1,GSI_field_inventory,observed_landslide,Mizoram,23.099615,92.752199,
6.8,48.2,80.2,0.427351,4801.0,46.6333,215.9558,0,spatial_background_sample,spatial_background_reference,Sikkim,27.822841,88.73427,2021-08-27
1.0,3.0,4.3,0.409144,4963.0,40.3461,148.9366,0,spatial_background_sample,spatial_background_reference,Sikkim,27.699853,88.387569,2024-08-21
94.9,233.0,312.9,0.473435,64.0,2.7772,180.0,0,spatial_background_sample,spatial_background_reference,Assam,26.5309,91.906024,2022-05-15
61.9,120.9,163.8,0.379417,805.0,33.1469,263.9528,1,GSI_field_inventory,observed_landslide,Mizoram,23.64555556,92.72444444,
32.0,82.4,105.8,0.442818,19.0,2.7363,47.4191,0,spatial_background_sample,spatial_background_reference,Tripura,23.229502,91.393222,2018-05-18
51.6,76.5,87.3,0.383759,83.0,3.6258,59.3126,0,spatial_background_sample,spatial_background_reference,Assam,27.103137,94.085194,2017-06-13
13.3,64.2,79.3,0.38874,105.0,8.516,193.619,0,spatial_background_sample,spatial_background_reference,Tripura,23.475889,91.779884,2018-05-18
41.4,97.2,246.5,0.483802,948.0,16.9684,165.5137,1,GSI_field_inventory,observed_landslide,Meghalaya,25.663444,91.915944,
24.4,45.6,95.7,0.42674,3811.0,40.9566,123.9787,0,spatial_background_sample,spatial_background_reference,Arunachal Pradesh,28.81784,96.239065,2016-07-17
0.6,1.8,30.2,0.387437,819.0,23.4516,50.6273,1,GSI_field_inventory,observed_landslide,Mizoram,23.486306,93.220639,
9.5,14.1,51.9,0.390229,773.0,33.181,327.3185,1,GSI_field_inventory,observed_landslide,Mizoram,23.51980556,92.70066667,
16.1,23.5,92.7,0.406126,4664.0,33.7488,99.7532,0,spatial_background_sample,spatial_background_reference,Sikkim,27.871514,88.352332,2012-06-22
27.6,117.0,235.6,0.354333,865.0,31.7724,191.4464,1,GSI_field_inventory,observed_landslide,Mizoram,22.793307,92.819831,
10.7,58.8,81.5,0.38874,137.0,17.692,84.1813,0,spatial_background_sample,spatial_background_reference,Tripura,23.486751,91.773194,2018-05-18
17.1,38.0,107.1,0.425125,2199.0,46.0544,332.6672,0,spatial_background_sample,spatial_background_reference,Arunachal Pradesh,28.052645,93.852111,2016-07-17
9.8,39.2,61.2,0.422216,3527.0,2.7991,48.5906,0,spatial_background_sample,spatial_background_reference,Arunachal Pradesh,28.126168,97.270842,2016-07-16
67.8,120.5,158.2,0.379417,957.0,16.308,319.5328,1,GSI_field_inventory,observed_landslide,Mizoram,23.58694444,92.7175,
2.1,22.0,68.6,0.412219,973.0,26.3786,146.3396,1,GSI_field_inventory,observed_landslide,Mizoram,24.10641389,93.12339944,
4.9,10.1,39.2,0.424732,5085.0,41.4277,50.111,0,spatial_background_sample,spatial_background_reference,Sikkim,27.924673,88.490047,2024-07-21
10.4,31.3,103.7,0.422884,4533.0,40.366,204.0685,0,spatial_background_sample,spatial_background_reference,Sikkim,27.599982,88.219374,2024-07-21
67.8,120.5,158.2,0.379417,763.0,19.9226,290.2514,1,GSI_field_inventory,observed_landslide,Mizoram,23.5925,92.71666667,
0.3,5.2,11.8,0.3935,69.0,10.1068,264.7954,0,spatial_background_sample,spatial_background_reference,Tripura,24.371611,92.045576,2009-07-10
14.9,77.9,103.2,0.403296,31.0,1.3738,47.6036,0,spatial_background_sample,spatial_background_reference,Tripura,24.07511,91.55285,2018-05-18
6.3,13.1,32.9,0.481923,23.0,1.8523,0.0,0,spatial_background_sample,spatial_background_reference,Tripura,23.636039,91.321855,2009-07-10
15.3,65.4,81.7,0.404479,151.0,14.4709,151.3021,0,spatial_background_sample,spatial_background_reference,Tripura,24.027626,91.895534,2018-05-18
2.7,12.2,20.0,0.390185,126.0,6.2459,306.2257,0,spatial_background_sample,spatial_background_reference,Tripura,23.691523,91.796953,2009-07-10
24.9,38.8,56.4,0.39774,202.0,3.1281,90.0,0,spatial_background_sample,spatial_background_reference,Assam,27.422862,94.153369,2020-06-02
29.7,100.0,255.8,0.352208,949.0,43.5056,266.5778,1,GSI_field_inventory,observed_landslide,Mizoram,22.688472,92.842907,
2.3,10.6,25.0,0.408042,149.0,6.842,323.9563,0,spatial_background_sample,spatial_background_reference,Tripura,23.635033,91.596144,2009-07-10
6.8,16.1,34.4,0.414179,5257.0,1.3992,48.5467,0,spatial_background_sample,spatial_background_reference,Sikkim,27.960057,88.381859,2025-09-11
35.5,116.7,201.1,0.440101,3570.0,34.7717,47.5149,0,spatial_background_sample,spatial_background_reference,Arunachal Pradesh,27.838122,96.692897,2016-07-17
27.2,74.9,97.2,0.460378,36.0,1.0102,270.0,0,spatial_background_sample,spatial_background_reference,Tripura,23.50293,91.522037,2018-05-18
45.1,95.3,108.2,0.475445,94.0,1.3904,311.7748,0,spatial_background_sample,spatial_background_reference,Assam,26.70768,92.112285,2017-06-13
9.7,32.9,53.1,0.412905,81.0,4.5074,65.7806,0,spatial_background_sample,spatial_background_reference,Meghalaya,25.887825,90.140267,2007-09-15
24.7,62.6,135.7,0.427003,3428.0,21.8737,36.3386,0,spatial_background_sample,spatial_background_reference,Arunachal Pradesh,27.917883,92.907093,2016-07-17
12.0,42.9,66.6,0.418146,1119.0,12.3086,137.8228,0,spatial_background_sample,spatial_background_reference,Arunachal Pradesh,27.995696,94.829647,2016-04-22
23.7,95.4,132.2,0.406531,209.0,19.0675,94.0283,1,GSI_field_inventory,observed_landslide,Mizoram,23.72138889,92.79944444,
19.3,39.1,68.4,0.476865,38.0,3.1571,107.0465,0,spatial_background_sample,spatial_background_reference,Tripura,23.094928,91.74774,2009-07-10
61.9,120.9,163.8,0.379417,807.0,35.583,60.5216,1,GSI_field_inventory,observed_landslide,Mizoram,23.6325,92.72388889,
5.2,32.6,194.2,0.483115,49.0,7.6542,233.0166,0,spatial_background_sample,spatial_background_reference,Meghalaya,25.34876,90.319833,2007-08-18
12.8,92.0,186.7,0.427801,1751.0,24.0578,241.9106,0,spatial_background_sample,spatial_background_reference,Manipur,25.417424,93.891538,2007-09-09
7.7,39.8,72.4,0.363784,4860.0,42.982,334.4536,0,spatial_background_sample,spatial_background_reference,Sikkim,27.729321,88.406646,2021-08-27
51.9,78.5,115.3,0.474211,91.0,1.0392,90.0,0,spatial_background_sample,spatial_background_reference,Assam,26.94924,93.695955,2018-08-24
49.4,126.3,165.8,0.376667,897.0,30.647,175.7213,1,GSI_field_inventory,observed_landslide,Mizoram,23.72669444,92.69519444,
54.9,118.1,157.5,0.379844,824.0,32.1827,302.696,1,GSI_field_inventory,observed_landslide,Mizoram,23.51055556,92.69972222,
4.5,24.7,61.6,0.488012,260.0,10.6682,120.9985,0,spatial_background_sample,spatial_background_reference,Meghalaya,25.678774,90.534074,2025-06-25
2.3,3.3,9.1,0.339097,5447.0,23.2821,301.7416,0,spatial_background_sample,spatial_background_reference,Sikkim,27.90356,88.16741,2025-09-11
61.9,120.9,163.8,0.379417,860.0,24.216,177.1852,1,GSI_field_inventory,observed_landslide,Mizoram,23.63055556,92.72305556,
7.0,39.2,84.1,0.367063,5925.0,22.6003,112.8577,0,spatial_background_sample,spatial_background_reference,Sikkim,27.717975,88.188888,2014-08-26
4.2,18.9,63.7,0.419824,4064.0,65.4658,89.5771,0,spatial_background_sample,spatial_background_reference,Sikkim,27.663231,88.330809,2025-09-11
0.3,9.6,159.0,0.469435,369.0,19.4814,23.911,0,spatial_background_sample,spatial_background_reference,Nagaland,25.553527,93.495899,2024-06-01
64.4,111.3,125.7,0.400286,61.0,2.0708,270.0,0,spatial_background_sample,spatial_background_reference,Assam,26.568321,91.333052,2018-06-14
25.2,66.6,84.2,0.457341,92.0,8.3394,173.1066,0,spatial_background_sample,spatial_background_reference,Tripura,23.210927,91.69845,2018-05-18
59.9,262.5,377.3,0.380906,764.0,11.8024,140.7779,1,GSI_field_inventory,observed_landslide,Mizoram,23.239137,92.744468,
3.4,9.8,77.6,0.420594,1244.0,11.2318,121.9961,1,GSI_field_inventory,observed_landslide,Mizoram,24.05808333,93.49808333,
23.7,110.7,195.7,0.477077,100.0,3.116,90.0,0,spatial_background_sample,spatial_background_reference,Assam,26.98959,94.790859,2016-05-17
7.6,9.3,30.2,0.390104,5196.0,25.5546,275.8228,0,spatial_background_sample,spatial_background_reference,Sikkim,27.894495,88.832867,2012-06-22
1.4,12.3,36.8,0.313571,5641.0,31.9123,151.9839,0,spatial_background_sample,spatial_background_reference,Sikkim,27.816191,88.253017,2021-08-27
14.5,112.2,220.9,0.416414,4756.0,3.4764,322.987,0,spatial_background_sample,spatial_background_reference,Sikkim,27.837223,88.517975,2014-07-01
34.2,58.9,119.9,0.425668,3369.0,33.0636,6.5143,0,spatial_background_sample,spatial_background_reference,Arunachal Pradesh,28.86669,94.48728,2016-07-17
18.4,18.4,28.9,0.393771,1546.0,25.5904,296.6068,1,GSI_field_inventory,observed_landslide,Mizoram,23.54294167,93.23821667,
61.9,120.9,163.8,0.376667,872.0,30.7963,121.5212,1,GSI_field_inventory,observed_landslide,Mizoram,23.65416667,92.71777778,
11.0,51.0,70.8,0.374674,103.0,3.4324,323.976,0,spatial_background_sample,spatial_background_reference,Tripura,23.540072,91.880588,2018-05-18
61.9,120.9,163.8,0.380563,314.0,10.1451,174.3336,1,GSI_field_inventory,observed_landslide,Mizoram,23.61861111,92.79,
5.7,95.3,145.0,0.484115,289.0,10.1355,5.7556,0,spatial_background_sample,spatial_background_reference,Meghalaya,25.58683,90.519896,2014-09-23
33.5,36.0,208.1,0.484885,113.0,18.977,126.884,1,GSI_field_inventory,observed_landslide,Assam,26.166185,91.7147,
50.9,155.2,216.8,0.495841,393.0,7.7826,110.7888,0,spatial_background_sample,spatial_background_reference,Arunachal Pradesh,27.646536,96.296121,2016-07-17
25.9,49.0,129.6,0.420695,4561.0,40.5891,348.9258,0,spatial_background_sample,spatial_background_reference,Sikkim,27.836357,88.47578,2012-06-22
2.3,3.8,15.6,0.290436,5582.0,32.1638,157.7687,0,spatial_background_sample,spatial_background_reference,Sikkim,27.932894,88.789532,2025-07-19
24.4,45.6,95.7,0.425095,3843.0,23.7384,342.9361,0,spatial_background_sample,spatial_background_reference,Arunachal Pradesh,28.703834,96.354566,2016-07-17
7.0,40.5,168.1,0.48899,85.0,26.8482,327.0832,1,GSI_field_inventory,observed_landslide,Assam,26.17672222,91.78672222,
15.5,34.9,102.3,0.42497,2271.0,48.6699,28.156,0,spatial_background_sample,spatial_background_reference,Arunachal Pradesh,29.079446,94.481575,2016-07-16
35.6,114.4,143.7,0.406842,49.0,4.1491,48.0336,0,spatial_background_sample,spatial_background_reference,Meghalaya,25.928344,90.245531,2025-05-30
4.6,29.3,57.6,0.411607,4794.0,35.946,253.1482,0,spatial_background_sample,spatial_background_reference,Sikkim,27.69788,88.276554,2021-08-27
4.2,8.5,12.6,0.386482,134.0,8.4079,123.1602,0,spatial_background_sample,spatial_background_reference,Tripura,23.830527,91.926745,2009-07-10
3.6,17.2,56.8,0.487558,100.0,2.2714,114.0582,0,spatial_background_sample,spatial_background_reference,Assam,26.761208,94.337255,2010-06-16
6.3,13.1,32.9,0.480016,25.0,1.0118,90.0,0,spatial_background_sample,spatial_background_reference,Tripura,23.716661,91.263017,2009-07-10
24.1,57.3,110.3,0.415323,45.0,4.4361,200.1203,1,GSI_field_inventory,observed_landslide,Assam,24.511306,92.693028,
28.7,106.0,285.7,0.48761,58.0,1.3889,311.8295,0,spatial_background_sample,spatial_background_reference,Assam,26.487766,92.133878,2016-05-18
0.7,5.5,101.0,0.383375,785.0,18.1515,138.8499,1,GSI_field_inventory,observed_landslide,Mizoram,23.191775,92.734778,
26.1,108.4,132.1,0.436235,79.0,8.2385,96.412,0,spatial_background_sample,spatial_background_reference,Assam,25.967876,92.938213,2022-05-14
15.6,83.0,106.3,0.398626,63.0,2.1109,151.3267,0,spatial_background_sample,spatial_background_reference,Tripura,23.896208,91.599581,2018-05-18
29.3,79.3,117.7,0.42774,1112.0,22.3947,51.0561,1,GSI_field_inventory,observed_landslide,Mizoram,24.60719444,93.46784722,
20.2,29.5,73.5,0.428281,3597.0,31.3176,97.636,0,spatial_background_sample,spatial_background_reference,Sikkim,27.766631,88.808902,2012-06-22
21.0,34.5,77.1,0.488347,271.0,3.5972,300.9586,0,spatial_background_sample,spatial_background_reference,Meghalaya,25.86617,90.710712,2007-07-19
10.7,80.4,91.9,0.414987,47.0,3.2344,253.3732,0,spatial_background_sample,spatial_background_reference,Assam,26.380093,90.300312,2017-06-13
18.3,103.4,146.9,0.493536,286.0,11.871,0.0,0,spatial_background_sample,spatial_background_reference,Arunachal Pradesh,26.996795,95.226688,2016-07-16
53.9,152.3,214.2,0.484125,2407.0,36.0494,358.5606,0,spatial_background_sample,spatial_background_reference,Arunachal Pradesh,27.827151,96.537665,2016-07-16
49.4,126.3,165.8,0.376667,873.0,20.0617,175.8348,1,GSI_field_inventory,observed_landslide,Mizoram,23.73111111,92.70388889,
33.7,235.2,356.1,0.372094,1006.0,24.5661,105.4023,1,GSI_field_inventory,observed_landslide,Mizoram,23.322039,92.859147,
23.1,53.3,115.4,0.425466,2980.0,33.9065,350.5176,0,spatial_background_sample,spatial_background_reference,Arunachal Pradesh,28.818348,95.434463,2016-07-16
9.4,19.6,29.2,0.484249,138.0,1.3857,311.947,0,spatial_background_sample,spatial_background_reference,Assam,26.008358,93.812111,2010-06-20
67.5,165.8,207.1,0.47661,348.0,4.228,151.034,0,spatial_background_sample,spatial_background_reference,Meghalaya,25.40617,90.495377,2025-05-30
0.0,29.5,139.8,0.492054,45.0,1.031,90.0,0,spatial_background_sample,spatial_background_reference,Assam,26.036193,90.922611,2016-05-22
11.3,38.7,244.0,0.491296,200.0,12.8681,336.949,0,spatial_background_sample,spatial_background_reference,Meghalaya,25.330101,90.52609,2024-10-08
32.3,101.4,163.0,0.502427,1047.0,17.9653,356.8345,1,GSI_field_inventory,observed_landslide,Meghalaya,25.29967,91.46108,
0.0,5.3,6.3,0.376674,493.0,30.902,1.6872,0,spatial_background_sample,spatial_background_reference,Mizoram,23.430721,92.434242,2024-10-21
0.6,42.7,86.8,0.478652,75.0,1.0297,270.0,0,spatial_background_sample,spatial_background_reference,Assam,25.890098,92.859742,2016-05-22
38.7,79.0,187.8,0.487217,86.0,2.1221,330.7778,0,spatial_background_sample,spatial_background_reference,Assam,26.641253,93.814611,2022-05-15
7.0,39.2,84.1,0.307826,6021.0,34.191,1.5418,0,spatial_background_sample,spatial_background_reference,Sikkim,27.797647,88.22668,2014-08-26
61.9,120.9,163.8,0.376667,871.0,30.1726,98.8091,1,GSI_field_inventory,observed_landslide,Mizoram,23.69,92.72361111,
9.2,92.4,307.1,0.49117,73.0,19.9146,200.4,0,spatial_background_sample,spatial_background_reference,Assam,26.323466,91.724138,2024-07-05
17.5,74.9,97.9,0.430659,66.0,0.0,180.0,0,spatial_background_sample,spatial_background_reference,Assam,26.054369,92.850343,2022-05-14
10.8,76.0,121.0,0.489988,1010.0,12.523,161.1517,0,spatial_background_sample,spatial_background_reference,Meghalaya,25.664371,92.281712,2013-08-06
0.0,12.0,286.7,0.408644,33.0,4.8175,140.1224,0,spatial_background_sample,spatial_background_reference,Assam,26.142201,89.872144,2016-05-22
23.7,95.4,132.2,0.405021,899.0,40.499,40.6972,1,GSI_field_inventory,observed_landslide,Mizoram,23.70277778,92.72083333,
0.0,9.7,14.0,0.380802,854.0,22.6701,124.8643,1,GSI_field_inventory,observed_landslide,Mizoram,24.60067222,93.37223056,
66.5,99.9,174.1,0.424568,2297.0,25.6662,118.1046,0,spatial_background_sample,spatial_background_reference,Arunachal Pradesh,28.672831,95.4481,2016-07-17
0.5,6.1,13.1,0.372784,268.0,18.0061,19.0578,0,spatial_background_sample,spatial_background_reference,Tripura,23.918864,92.088803,2009-07-10
2.5,15.0,30.6,0.427561,92.0,12.3344,306.2689,0,spatial_background_sample,spatial_background_reference,Tripura,23.483833,91.595016,2009-07-10
1.4,1.7,14.0,0.35951,727.0,24.919,325.8459,1,GSI_field_inventory,observed_landslide,Mizoram,23.73361111,92.84833333,
46.8,123.9,185.6,0.386124,4643.0,29.1617,38.5198,0,spatial_background_sample,spatial_background_reference,Sikkim,27.865204,88.446513,2012-06-26
24.4,45.6,95.7,0.424679,4572.0,62.0014,244.5419,0,spatial_background_sample,spatial_background_reference,Arunachal Pradesh,28.838542,96.274789,2016-07-17
7.6,9.3,30.2,0.405744,4564.0,58.1197,309.3155,0,spatial_background_sample,spatial_background_reference,Sikkim,27.879054,88.692607,2012-06-22
31.2,94.3,112.9,0.462375,34.0,2.7772,0.0,0,spatial_background_sample,spatial_background_reference,Tripura,23.54287,91.428324,2018-05-18
17.5,39.4,62.3,0.428065,4726.0,40.42,232.5878,0,spatial_background_sample,spatial_background_reference,Sikkim,27.820799,88.792583,2014-07-08
54.8,96.1,127.8,0.489204,421.0,1.8523,0.0,0,spatial_background_sample,spatial_background_reference,Meghalaya,25.831176,90.880491,2024-06-15
20.3,44.9,49.5,0.419521,823.0,29.3812,154.9109,1,GSI_field_inventory,observed_landslide,Mizoram,23.74361111,92.85416667,
4.3,34.8,81.3,0.421359,51.0,0.9264,0.0,0,spatial_background_sample,spatial_background_reference,Assam,26.344483,89.926389,2018-08-31
10.9,43.6,109.7,0.422558,242.0,33.4986,342.3274,0,spatial_background_sample,spatial_background_reference,Arunachal Pradesh,27.718517,94.348426,2016-07-16
24.6,88.4,144.7,0.4945,111.0,2.9649,200.5137,0,spatial_background_sample,spatial_background_reference,Assam,27.014297,95.13481,2016-05-22
22.1,52.5,168.8,0.421,301.0,26.4287,137.1221,1,GSI_field_inventory,observed_landslide,Mizoram,24.57296389,93.17700556,
22.5,86.2,122.9,0.404644,1693.0,46.9611,270.8651,0,spatial_background_sample,spatial_background_reference,Arunachal Pradesh,27.008418,92.267282,2016-04-22
13.7,82.1,101.8,0.472973,26.0,11.3943,298.7768,0,spatial_background_sample,spatial_background_reference,Tripura,23.740357,91.305146,2018-05-18
23.7,40.6,134.7,0.422792,1315.0,36.7745,174.3737,0,spatial_background_sample,spatial_background_reference,Arunachal Pradesh,28.031854,94.406628,2016-07-17
1.9,12.3,24.2,0.402751,85.0,2.1109,331.326,0,spatial_background_sample,spatial_background_reference,Tripura,23.899904,91.471675,2009-07-10
3.9,21.9,61.4,0.408948,371.0,24.6057,56.7775,1,GSI_field_inventory,observed_landslide,Mizoram,24.70553333,93.33064167,
3.4,38.5,57.5,0.40975,566.0,2.1126,208.6375,1,GSI_field_inventory,observed_landslide,Mizoram,23.70333333,92.87638889,
2.7,12.2,20.0,0.391854,137.0,11.1378,279.4542,0,spatial_background_sample,spatial_background_reference,Tripura,23.670382,91.727301,2009-07-10
16.1,23.5,92.7,0.323001,5600.0,12.7553,0.0,0,spatial_background_sample,spatial_background_reference,Sikkim,27.830628,88.257816,2012-06-22
6.7,24.0,52.3,0.419629,4167.0,18.7916,323.8865,0,spatial_background_sample,spatial_background_reference,Sikkim,27.513859,88.171091,2024-08-21
2.5,16.9,35.6,0.409952,5138.0,14.6438,351.9372,0,spatial_background_sample,spatial_background_reference,Sikkim,28.065788,88.67303,2012-07-17
33.4,169.0,254.6,0.487317,1273.0,38.7575,248.7433,0,spatial_background_sample,spatial_background_reference,Arunachal Pradesh,27.614559,96.388351,2016-04-22
6.3,46.8,96.2,0.426759,3728.0,48.1982,133.9471,0,spatial_background_sample,spatial_background_reference,Arunachal Pradesh,27.922793,97.14987,2016-07-17
0.7,9.8,28.4,0.397177,4957.0,14.3079,120.4772,0,spatial_background_sample,spatial_background_reference,Sikkim,28.022541,88.624357,2024-08-21
32.2,214.3,317.7,0.372094,999.0,29.6102,217.7745,1,GSI_field_inventory,observed_landslide,Mizoram,23.310074,92.858498,
32.2,214.3,317.7,0.372094,997.0,20.4761,235.6971,1,GSI_field_inventory,observed_landslide,Mizoram,23.309295,92.860017,
1.5,11.3,28.0,0.403719,133.0,14.7717,132.4187,0,spatial_background_sample,spatial_background_reference,Tripura,23.974745,91.729889,2009-07-10
2.0,6.6,14.0,0.471629,854.0,14.9728,212.1727,0,spatial_background_sample,spatial_background_reference,Manipur,24.718412,94.026809,2018-06-22
45.3,118.1,227.2,0.425807,609.0,31.0429,274.6228,0,spatial_background_sample,spatial_background_reference,Arunachal Pradesh,27.196603,92.86144,2016-07-16
11.7,45.5,84.7,0.426121,3723.0,31.6139,176.5842,0,spatial_background_sample,spatial_background_reference,Arunachal Pradesh,28.140491,96.915062,2016-07-16
1.5,11.3,28.0,0.400847,112.0,11.9851,270.0,0,spatial_background_sample,spatial_background_reference,Tripura,23.931274,91.785858,2009-07-10
9.0,25.9,76.8,0.398042,741.0,11.5983,115.7089,1,GSI_field_inventory,observed_landslide,Mizoram,23.197825,92.73502,
1.5,11.3,28.0,0.397138,121.0,6.8503,323.8603,0,spatial_background_sample,spatial_background_reference,Tripura,24.090701,91.871909,2009-07-10
0.3,5.2,11.8,0.373176,95.0,4.2179,28.7169,0,spatial_background_sample,spatial_background_reference,Tripura,24.128877,92.089343,2009-07-10
13.6,16.5,45.7,0.33378,6767.0,29.8123,215.078,0,spatial_background_sample,spatial_background_reference,Sikkim,27.886804,88.140395,2012-06-22
12.3,58.0,106.7,0.491244,143.0,4.2484,209.4618,0,spatial_background_sample,spatial_background_reference,Arunachal Pradesh,27.733505,95.789596,2016-07-17
17.1,41.0,72.6,0.482004,51.0,4.7297,12.2638,0,spatial_background_sample,spatial_background_reference,Tripura,23.062837,91.608003,2009-07-10
0.7,5.5,140.7,0.485583,1669.0,21.2569,64.0921,1,GSI_field_inventory,observed_landslide,Nagaland,25.5651,94.1390034,
0.0,0.0,14.8,0.32225,5516.0,38.1867,341.0237,0,spatial_background_sample,spatial_background_reference,Sikkim,27.738575,88.212838,2022-05-29
21.0,66.5,80.0,0.460333,37.0,3.835,344.7646,0,spatial_background_sample,spatial_background_reference,Tripura,23.377439,91.535375,2018-05-18
6.3,13.1,32.9,0.452808,39.0,4.1426,77.1,0,spatial_background_sample,spatial_background_reference,Tripura,23.634463,91.220339,2009-07-10
26.3,119.1,251.5,0.42831,2646.0,18.5371,125.3566,0,spatial_background_sample,spatial_background_reference,Arunachal Pradesh,27.513334,92.543428,2016-07-17
15.2,69.8,123.2,0.426341,2451.0,48.3166,65.3202,0,spatial_background_sample,spatial_background_reference,Arunachal Pradesh,27.457484,93.906224,2016-07-16
35.5,116.7,201.1,0.4606,3467.0,13.964,167.2651,0,spatial_background_sample,spatial_background_reference,Arunachal Pradesh,27.753542,96.687473,2016-07-17
33.9,86.2,104.5,0.46986,66.0,14.4603,208.6181,0,spatial_background_sample,spatial_background_reference,Tripura,23.598138,91.484113,2018-05-18
61.9,141.1,154.1,0.307741,71.0,2.219,294.6638,0,spatial_background_sample,spatial_background_reference,Mizoram,23.311608,92.383537,2024-05-28
30.8,66.3,199.0,0.396781,263.0,4.2396,29.2489,0,spatial_background_sample,spatial_background_reference,Assam,26.765714,90.823453,2010-06-20
1.3,4.7,17.9,0.402888,87.0,13.3552,197.5358,0,spatial_background_sample,spatial_background_reference,Meghalaya,25.284174,90.137837,2009-07-17
37.8,68.3,137.9,0.425714,3167.0,23.6667,152.3066,0,spatial_background_sample,spatial_background_reference,Arunachal Pradesh,29.16261,96.199089,2016-07-17
15.2,76.6,98.8,0.443469,29.0,11.4624,315.8645,0,spatial_background_sample,spatial_background_reference,Tripura,23.634056,91.221816,2018-05-18
54.1,313.9,433.5,0.379885,775.0,13.0942,294.6812,1,GSI_field_inventory,observed_landslide,Mizoram,23.204706,92.533825,
28.3,89.0,181.2,0.49133,506.0,4.1414,132.0623,0,spatial_background_sample,spatial_background_reference,Nagaland,25.528106,93.541146,2025-07-07
27.3,70.8,85.9,0.408774,52.0,8.4807,302.8345,0,spatial_background_sample,spatial_background_reference,Meghalaya,25.387102,89.923242,2019-06-27
25.7,96.6,134.3,0.406156,792.0,34.1986,296.1477,1,GSI_field_inventory,observed_landslide,Mizoram,23.72138889,92.85777778,
13.6,57.5,114.8,0.42267,1364.0,16.3468,311.4177,0,spatial_background_sample,spatial_background_reference,Arunachal Pradesh,28.095145,94.409253,2016-07-16
2.5,15.0,30.6,0.408042,114.0,14.2083,326.121,0,spatial_background_sample,spatial_background_reference,Tripura,23.578355,91.609002,2009-07-10
6.3,13.1,32.9,0.446201,7.0,2.7421,312.4712,0,spatial_background_sample,spatial_background_reference,Tripura,23.736574,91.219031,2009-07-10
20.2,29.5,73.5,0.428281,3872.0,25.8895,60.0177,0,spatial_background_sample,spatial_background_reference,Sikkim,27.792716,88.822439,2012-06-22
3.8,13.5,41.4,0.424472,4603.0,24.1302,43.7858,0,spatial_background_sample,spatial_background_reference,Sikkim,27.524753,88.171027,2022-05-29
23.4,52.1,139.0,0.419824,4200.0,26.3825,138.5698,0,spatial_background_sample,spatial_background_reference,Sikkim,27.531868,88.311438,2025-09-11
22.6,58.2,138.8,0.497595,413.0,32.6768,36.226,0,spatial_background_sample,spatial_background_reference,Assam,26.388602,93.387732,2017-07-03
26.8,60.5,80.8,0.492031,159.0,21.6954,46.2976,0,spatial_background_sample,spatial_background_reference,Meghalaya,25.909934,90.926935,2009-07-01
6.9,31.2,65.2,0.403438,372.0,21.9422,169.8927,1,GSI_field_inventory,observed_landslide,Mizoram,23.667553,92.89259,
0.2,0.9,64.4,0.394146,90.0,4.1275,90.0,1,GSI_field_inventory,observed_landslide,Assam,26.19622,91.76336,
65.9,136.1,207.5,0.428246,2192.0,54.6534,256.064,0,spatial_background_sample,spatial_background_reference,Sikkim,27.597961,88.408485,2014-07-08
35.6,61.1,139.8,0.422955,785.0,9.161,233.0155,0,spatial_background_sample,spatial_background_reference,Arunachal Pradesh,28.519922,94.511982,2016-07-17
24.3,119.7,235.4,0.361,777.0,32.0617,95.1897,1,GSI_field_inventory,observed_landslide,Mizoram,22.892426,92.822937,
18.4,42.5,132.8,0.426104,1824.0,9.185,0.0,0,spatial_background_sample,spatial_background_reference,Arunachal Pradesh,28.20677,93.380539,2016-07-16
65.0,128.9,173.2,0.379844,1135.0,27.7789,2.8805,1,GSI_field_inventory,observed_landslide,Mizoram,23.46805556,92.71638889,
22.1,47.3,83.8,0.373281,128.0,3.7693,222.5118,1,GSI_field_inventory,observed_landslide,Mizoram,24.62604722,93.22583889,
74.0,145.6,188.4,0.294832,444.0,14.1427,309.9198,0,spatial_background_sample,spatial_background_reference,Mizoram,23.01703,92.425527,2024-05-28
2.5,3.3,27.0,0.415582,4975.0,11.663,314.8305,0,spatial_background_sample,spatial_background_reference,Sikkim,27.914606,88.609116,2022-05-29
25.0,43.0,102.4,0.490375,188.0,25.465,291.9569,1,GSI_field_inventory,observed_landslide,Assam,26.112667,91.853889,
3.5,67.6,263.3,0.495713,678.0,12.2284,270.0,0,spatial_background_sample,spatial_background_reference,Assam,26.452871,93.374107,2016-05-22
54.1,313.9,433.5,0.379885,785.0,10.3656,329.64,1,GSI_field_inventory,observed_landslide,Mizoram,23.182466,92.487731,
0.9,2.1,4.0,0.259927,888.0,38.0342,41.3961,1,GSI_field_inventory,observed_landslide,Mizoram,23.74150833,92.70785833,
12.6,185.5,216.4,0.489522,393.0,20.6062,292.7704,0,spatial_background_sample,spatial_background_reference,Arunachal Pradesh,27.607037,96.054321,2016-07-17
9.9,65.6,82.8,0.408757,196.0,12.8074,110.8328,0,spatial_background_sample,spatial_background_reference,Tripura,24.042038,91.745425,2018-05-18
23.2,74.7,91.4,0.386144,142.0,4.7308,347.6695,0,spatial_background_sample,spatial_background_reference,Tripura,23.802014,91.914364,2018-05-18
61.9,120.9,163.8,0.376667,978.0,43.2822,56.6303,1,GSI_field_inventory,observed_landslide,Mizoram,23.66694444,92.72194444,
33.2,81.6,114.2,0.428009,3289.0,26.6993,25.8131,0,spatial_background_sample,spatial_background_reference,Sikkim,27.621775,88.359451,2014-07-08
31.2,63.2,158.8,0.425847,2344.0,37.7787,231.2552,0,spatial_background_sample,spatial_background_reference,Arunachal Pradesh,28.032727,93.190703,2016-07-17
1.5,31.7,92.8,0.483107,106.0,2.2665,114.1132,0,spatial_background_sample,spatial_background_reference,Assam,26.46613,93.87781,2016-05-27
18.6,100.9,149.9,0.445615,781.0,22.4169,191.1744,1,GSI_field_inventory,observed_landslide,Mizoram,24.32773611,93.57937222,
50.7,165.7,247.2,0.4985,2250.0,23.9155,81.6136,0,spatial_background_sample,spatial_background_reference,Arunachal Pradesh,27.804037,96.497268,2016-07-17
4.8,15.9,31.7,0.472409,51.0,9.185,180.0,0,spatial_background_sample,spatial_background_reference,Tripura,23.246851,91.376682,2009-07-10
40.7,52.6,87.4,0.475301,72.0,7.1741,90.0,0,spatial_background_sample,spatial_background_reference,Meghalaya,25.942504,90.842885,2025-05-28
0.9,9.4,20.4,0.398457,42.0,7.1297,262.5725,0,spatial_background_sample,spatial_background_reference,Tripura,24.139599,91.643952,2009-07-10
144.8,270.0,406.2,0.463518,55.0,1.8523,180.0,0,spatial_background_sample,spatial_background_reference,Assam,26.492638,90.591215,2022-05-15
14.0,139.3,382.4,0.42699,1233.0,21.8032,315.9116,1,GSI_field_inventory,observed_landslide,Sikkim,27.5091,88.53848,
37.8,84.9,109.0,0.427374,85.0,10.1391,90.0,0,spatial_background_sample,spatial_background_reference,Meghalaya,25.286557,90.056328,2007-07-19
4.9,17.1,112.1,0.493833,64.0,11.0264,185.2676,0,spatial_background_sample,spatial_background_reference,Meghalaya,25.330432,90.277267,2023-08-10
11.8,12.6,20.1,0.422161,1284.0,38.6175,253.537,0,spatial_background_sample,spatial_background_reference,Sikkim,27.558969,88.430909,2022-05-29
2.7,12.2,20.0,0.396973,146.0,9.2386,6.2292,0,spatial_background_sample,spatial_background_reference,Tripura,23.627,91.831571,2009-07-10
75.8,212.3,308.2,0.403054,146.0,17.202,80.9854,0,spatial_background_sample,spatial_background_reference,Meghalaya,25.973559,90.34605,2024-06-17
6.3,13.1,32.9,0.481923,20.0,4.1073,47.5051,0,spatial_background_sample,spatial_background_reference,Tripura,23.628158,91.28263,2009-07-10
0.0,1.1,15.7,0.414314,5103.0,4.7385,192.75,0,spatial_background_sample,spatial_background_reference,Sikkim,27.887285,88.270422,2022-05-29
54.9,118.1,157.5,0.379844,1043.0,34.2792,348.4193,1,GSI_field_inventory,observed_landslide,Mizoram,23.53111111,92.73361111,
48.6,119.1,145.6,0.454988,143.0,8.8827,316.4047,0,spatial_background_sample,spatial_background_reference,Meghalaya,25.810706,90.270405,2009-07-01
0.5,6.1,13.1,0.396208,97.0,10.5156,163.3793,0,spatial_background_sample,spatial_background_reference,Tripura,23.986367,91.930879,2009-07-10
43.5,154.4,267.5,0.415312,372.0,6.4847,175.5038,1,GSI_field_inventory,observed_landslide,Mizoram,24.72074444,93.30899167,
29.7,95.6,197.4,0.427083,1540.0,20.6635,35.4512,0,spatial_background_sample,spatial_background_reference,Arunachal Pradesh,27.496551,93.515441,2016-07-16
34.6,55.1,115.1,0.427844,3496.0,20.7391,200.0362,0,spatial_background_sample,spatial_background_reference,Arunachal Pradesh,29.25192,96.118184,2016-07-17
5.4,8.2,28.6,0.378231,5171.0,26.2726,349.3222,0,spatial_background_sample,spatial_background_reference,Sikkim,27.87881,88.793267,2025-07-19
10.8,66.1,147.1,0.406574,133.0,22.3188,349.9699,0,spatial_background_sample,spatial_background_reference,Meghalaya,25.227127,90.360172,2024-06-17
22.6,56.3,121.9,0.425515,2844.0,38.1859,194.93,0,spatial_background_sample,spatial_background_reference,Arunachal Pradesh,28.628086,96.087777,2016-07-17
16.1,23.5,92.7,0.419705,4941.0,22.1319,279.1506,0,spatial_background_sample,spatial_background_reference,Sikkim,27.633085,88.226078,2012-06-22
33.7,87.3,147.0,0.426393,3660.0,16.8993,205.2057,0,spatial_background_sample,spatial_background_reference,Arunachal Pradesh,28.97656,95.158664,2016-07-17
25.7,80.6,124.8,0.414342,2548.0,36.1999,154.9333,0,spatial_background_sample,spatial_background_reference,Sikkim,27.564766,88.388548,2023-10-04
2.3,10.6,25.0,0.480165,44.0,0.0,180.0,0,spatial_background_sample,spatial_background_reference,Tripura,23.70442,91.42135,2009-07-10
25.8,134.6,189.1,0.484028,435.0,6.3561,330.5703,0,spatial_background_sample,spatial_background_reference,Arunachal Pradesh,27.590095,96.128038,2016-04-22
16.0,17.6,29.0,0.449793,781.0,1.3768,132.2809,0,spatial_background_sample,spatial_background_reference,Manipur,24.588203,94.045042,2024-07-29
1.1,7.5,24.7,0.401125,765.0,22.4324,40.1262,1,GSI_field_inventory,observed_landslide,Mizoram,24.12682222,93.54013889,
77.9,217.5,232.6,0.39047,50.0,2.1207,330.8464,0,spatial_background_sample,spatial_background_reference,Assam,26.317623,90.411549,2022-05-14
51.0,84.3,152.9,0.425429,2621.0,16.8685,318.2934,0,spatial_background_sample,spatial_background_reference,Arunachal Pradesh,28.156402,96.356556,2016-07-17
66.5,99.9,174.1,0.426281,2715.0,18.5662,81.6962,0,spatial_background_sample,spatial_background_reference,Arunachal Pradesh,28.87006,95.603029,2016-07-17
8.9,47.5,111.4,0.4579,169.0,4.162,90.0,0,spatial_background_sample,spatial_background_reference,Assam,27.274947,95.479923,2010-04-02
57.6,168.3,200.1,0.473756,491.0,19.808,315.9135,0,spatial_background_sample,spatial_background_reference,Meghalaya,25.397168,90.568155,2025-05-30
10.3,63.3,82.0,0.384543,50.0,5.528,33.3462,0,spatial_background_sample,spatial_background_reference,Tripura,24.24329,91.989805,2018-05-18
21.5,68.8,120.5,0.424089,2236.0,43.0348,43.3324,0,spatial_background_sample,spatial_background_reference,Arunachal Pradesh,27.955666,96.98599,2016-07-16
0.1,3.9,10.9,0.380034,70.0,10.8323,40.4875,0,spatial_background_sample,spatial_background_reference,Tripura,24.347464,92.240159,2009-07-10
46.2,90.4,114.0,0.442818,19.0,2.9537,199.927,0,spatial_background_sample,spatial_background_reference,Tripura,23.1512,91.384923,2018-05-18
22.7,66.5,81.3,0.464432,45.0,3.5444,301.4729,0,spatial_background_sample,spatial_background_reference,Tripura,23.331914,91.423499,2018-05-18
2.8,45.4,68.6,0.399353,770.0,4.6222,0.0,0,spatial_background_sample,spatial_background_reference,Manipur,24.60204,93.877395,2007-08-28
33.4,61.1,109.8,0.427113,2443.0,29.0534,259.9423,0,spatial_background_sample,spatial_background_reference,Sikkim,27.522418,88.410032,2021-05-18
6.3,13.1,32.9,0.474612,28.0,7.1239,334.9093,0,spatial_background_sample,spatial_background_reference,Tripura,23.753472,91.308966,2009-07-10
32.1,59.6,238.3,0.424074,35.0,1.3873,311.8863,0,spatial_background_sample,spatial_background_reference,Assam,26.257237,90.323194,2025-06-04
23.7,40.6,134.7,0.423432,803.0,28.8371,63.8636,0,spatial_background_sample,spatial_background_reference,Arunachal Pradesh,27.965567,94.432028,2016-07-17
1.2,9.7,18.0,0.413173,4788.0,8.4548,29.5128,0,spatial_background_sample,spatial_background_reference,Sikkim,27.958617,88.59053,2022-08-25
11.3,45.5,153.6,0.426929,4481.0,22.5138,325.0066,0,spatial_background_sample,spatial_background_reference,Sikkim,27.833518,88.82809,2014-08-26
58.9,209.0,261.1,0.490824,346.0,1.3836,132.0241,0,spatial_background_sample,spatial_background_reference,Meghalaya,25.688165,90.837429,2025-05-30
0.3,5.2,11.8,0.371025,44.0,0.9264,180.0,0,spatial_background_sample,spatial_background_reference,Tripura,24.156186,92.064471,2009-07-10
19.2,63.0,78.6,0.3655,54.0,2.7772,180.0,0,spatial_background_sample,spatial_background_reference,Tripura,23.255536,91.757004,2018-05-18
15.1,58.6,71.9,0.378866,91.0,5.464,132.5448,0,spatial_background_sample,spatial_background_reference,Tripura,23.397625,91.783401,2018-05-18
61.9,120.9,163.8,0.376667,859.0,26.8857,247.4722,1,GSI_field_inventory,observed_landslide,Mizoram,23.655,92.71444444,
5.0,14.9,34.7,0.396795,116.0,15.2873,161.1774,0,spatial_background_sample,spatial_background_reference,Tripura,23.540499,91.853213,2009-07-10
0.8,15.5,21.6,0.406805,5045.0,31.2578,201.1962,0,spatial_background_sample,spatial_background_reference,Sikkim,27.857315,88.371524,2015-07-08
23.7,36.5,49.7,0.410457,4538.0,30.4986,123.3012,0,spatial_background_sample,spatial_background_reference,Sikkim,27.523076,88.202069,2023-10-04
32.2,214.3,317.7,0.372094,937.0,36.7748,27.3771,1,GSI_field_inventory,observed_landslide,Mizoram,23.300837,92.855693,
31.1,144.7,192.9,0.467399,94.0,0.9264,180.0,0,spatial_background_sample,spatial_background_reference,Assam,26.928055,94.620355,2025-05-31
7.0,39.2,84.1,0.423013,4615.0,2.1273,150.5309,0,spatial_background_sample,spatial_background_reference,Sikkim,27.765847,88.321269,2014-08-26
7.3,44.2,79.9,0.413482,4855.0,31.7484,173.2132,0,spatial_background_sample,spatial_background_reference,Sikkim,27.810887,88.664774,2021-08-27
35.3,63.1,115.7,0.474729,586.0,18.1225,250.4967,1,GSI_field_inventory,observed_landslide,Assam,25.15859,93.01292,
10.6,84.7,108.4,0.472937,52.0,3.1717,106.9657,0,spatial_background_sample,spatial_background_reference,Tripura,23.761677,91.371278,2018-05-18
28.9,133.3,211.6,0.403958,610.0,29.8947,224.6857,1,GSI_field_inventory,observed_landslide,Mizoram,24.365715,92.930137,
13.8,62.4,83.1,0.372086,123.0,16.417,21.1,0,spatial_background_sample,spatial_background_reference,Tripura,23.841082,91.971074,2018-05-18
42.8,104.7,144.2,0.421543,1369.0,34.2683,175.3733,0,spatial_background_sample,spatial_background_reference,Arunachal Pradesh,28.038394,94.884296,2016-07-16
51.5,154.2,387.2,0.494646,1424.0,14.9837,10.6292,1,GSI_field_inventory,observed_landslide,Nagaland,25.6125,94.1272,
4.3,11.0,24.4,0.497688,1532.0,31.7862,318.1149,1,GSI_field_inventory,observed_landslide,Nagaland,25.85442778,94.15844444,
46.7,130.7,174.9,0.48708,420.0,22.8134,281.0814,0,spatial_background_sample,spatial_background_reference,Meghalaya,25.718727,90.807841,2007-09-08
1.8,5.4,16.6,0.396195,5142.0,16.2361,43.7939,0,spatial_background_sample,spatial_background_reference,Sikkim,28.048536,88.755589,2025-07-19
1.3,5.1,23.9,0.266792,5139.0,24.149,316.1615,0,spatial_background_sample,spatial_background_reference,Sikkim,27.726221,88.380976,2021-05-18
2.3,10.6,25.0,0.442741,67.0,9.0749,275.8102,0,spatial_background_sample,spatial_background_reference,Tripura,23.679044,91.461286,2009-07-10
17.1,41.0,72.6,0.482004,43.0,5.3509,290.1983,0,spatial_background_sample,spatial_background_reference,Tripura,23.112675,91.601308,2009-07-10
12.6,185.5,216.4,0.492437,166.0,1.3954,228.4082,0,spatial_background_sample,spatial_background_reference,Arunachal Pradesh,27.428451,95.97401,2016-07-17
8.1,10.2,25.0,0.410124,5310.0,7.2693,59.5324,0,spatial_background_sample,spatial_background_reference,Sikkim,28.063873,88.758574,2025-09-11
27.2,74.9,97.2,0.460378,71.0,7.5835,52.6084,0,spatial_background_sample,spatial_background_reference,Tripura,23.481268,91.544099,2018-05-18
1.8,7.6,193.5,0.497698,1693.0,23.0969,71.1774,1,GSI_field_inventory,observed_landslide,Nagaland,25.538422,94.136039,
40.4,170.2,258.5,0.426795,3514.0,54.4228,349.4702,0,spatial_background_sample,spatial_background_reference,Sikkim,27.612847,88.382933,2014-06-24
47.0,72.9,140.7,0.492354,28.0,2.9582,159.8361,0,spatial_background_sample,spatial_background_reference,Assam,24.805566,92.940626,2017-07-04
10.2,75.3,92.4,0.472973,26.0,7.5664,111.4194,0,spatial_background_sample,spatial_background_reference,Tripura,23.746643,91.268242,2018-05-18
13.0,53.7,109.4,0.361254,6120.0,22.3624,290.7158,0,spatial_background_sample,spatial_background_reference,Arunachal Pradesh,28.063172,92.685713,2016-07-17
13.7,158.7,247.4,0.493661,138.0,2.9597,339.7553,0,spatial_background_sample,spatial_background_reference,Meghalaya,25.338114,90.469795,2024-07-02
36.1,62.5,122.1,0.424829,3448.0,31.6709,174.8751,0,spatial_background_sample,spatial_background_reference,Arunachal Pradesh,28.326332,96.373626,2016-07-17
0.0,29.5,139.8,0.48874,51.0,2.2585,294.2043,0,spatial_background_sample,spatial_background_reference,Assam,25.97075,90.956226,2016-05-22
10.8,52.7,172.1,0.427074,1122.0,7.2412,59.4003,0,spatial_background_sample,spatial_background_reference,Arunachal Pradesh,27.490722,93.64075,2016-07-17
50.6,81.7,140.9,0.42571,3435.0,39.3103,9.1017,0,spatial_background_sample,spatial_background_reference,Arunachal Pradesh,29.087126,95.585648,2016-07-17
37.3,111.4,228.8,0.381135,1082.0,19.5255,281.1866,1,GSI_field_inventory,observed_landslide,Mizoram,23.217324,92.99812,
50.9,155.2,216.8,0.487595,241.0,2.2876,66.1231,0,spatial_background_sample,spatial_background_reference,Arunachal Pradesh,27.709992,96.216479,2016-07-17
2.6,41.7,67.1,0.47269,1031.0,19.8027,302.6069,0,spatial_background_sample,spatial_background_reference,Manipur,25.009546,93.898113,2018-08-02
24.8,71.1,125.9,0.422354,57.0,14.1141,317.7624,1,GSI_field_inventory,observed_landslide,Assam,24.515944,92.540889,
12.3,17.1,35.0,0.397174,5125.0,32.6511,94.3416,0,spatial_background_sample,spatial_background_reference,Sikkim,27.657943,88.835839,2021-05-18
50.3,261.5,389.0,0.380031,793.0,15.502,270.836,1,GSI_field_inventory,observed_landslide,Mizoram,23.173258,92.611929,
2.5,16.9,35.6,0.424963,4844.0,39.108,81.9963,0,spatial_background_sample,spatial_background_reference,Sikkim,27.894143,88.842398,2012-07-17
2.0,3.4,21.1,0.326266,4874.0,7.7571,126.4066,0,spatial_background_sample,spatial_background_reference,Sikkim,27.757117,88.262231,2022-05-29
24.0,58.1,182.4,0.493728,382.0,17.9842,206.2842,0,spatial_background_sample,spatial_background_reference,Meghalaya,25.856671,90.880637,2007-08-18
18.9,99.0,161.7,0.41772,87.0,1.3931,131.6743,0,spatial_background_sample,spatial_background_reference,Assam,27.106279,94.09957,2020-07-12
31.2,94.3,112.9,0.462375,31.0,4.7304,192.3029,0,spatial_background_sample,spatial_background_reference,Tripura,23.500177,91.394157,2018-05-18
6.4,24.7,112.7,0.493874,98.0,3.7006,0.0,0,spatial_background_sample,spatial_background_reference,Assam,26.647843,94.028047,2016-07-14
17.8,32.6,103.7,0.421963,733.0,19.638,342.1017,0,spatial_background_sample,spatial_background_reference,Arunachal Pradesh,27.788104,94.461055,2016-07-17
27.4,180.2,269.9,0.370698,787.0,16.6696,124.5858,1,GSI_field_inventory,observed_landslide,Mizoram,23.173606,92.739793,
13.2,40.7,120.0,0.492656,617.0,16.3853,318.0067,1,GSI_field_inventory,observed_landslide,Assam,25.15561111,93.02222222,
46.5,111.8,145.3,0.489981,159.0,21.0734,37.128,0,spatial_background_sample,spatial_background_reference,Meghalaya,25.342003,90.483015,2024-06-30
48.6,119.1,145.6,0.418744,110.0,5.9066,200.3201,0,spatial_background_sample,spatial_background_reference,Meghalaya,25.822751,90.127382,2009-07-01
1.1,43.0,154.8,0.493964,58.0,0.9264,180.0,0,spatial_background_sample,spatial_background_reference,Assam,26.39545,92.41395,2016-05-22
18.4,58.7,75.8,0.3655,77.0,1.8523,180.0,0,spatial_background_sample,spatial_background_reference,Tripura,23.332715,91.793199,2018-05-18
12.1,87.8,270.5,0.390156,785.0,18.1515,138.8499,1,GSI_field_inventory,observed_landslide,Mizoram,23.191747,92.73459,
6.4,44.4,65.4,0.375365,249.0,8.2374,282.9079,0,spatial_background_sample,spatial_background_reference,Tripura,23.551188,91.948165,2018-05-18
32.2,214.3,317.7,0.372094,882.0,34.7092,134.048,1,GSI_field_inventory,observed_landslide,Mizoram,23.286735,92.85703,
5.9,10.1,30.1,0.393253,4642.0,38.808,287.5524,0,spatial_background_sample,spatial_background_reference,Sikkim,27.668335,88.357683,2022-05-29
8.2,110.2,181.6,0.389003,165.0,17.5978,29.9275,0,spatial_background_sample,spatial_background_reference,Mizoram,23.124405,92.400431,2024-07-02
32.9,61.6,122.6,0.426296,3211.0,37.1068,37.7333,0,spatial_background_sample,spatial_background_reference,Arunachal Pradesh,29.170689,95.627836,2016-07-17
2.5,15.0,30.6,0.484092,72.0,11.4972,322.6517,0,spatial_background_sample,spatial_background_reference,Tripura,23.46902,91.530772,2009-07-10
54.1,313.9,433.5,0.379885,744.0,9.0499,236.0148,1,GSI_field_inventory,observed_landslide,Mizoram,23.180354,92.486971,
0.4,8.1,29.7,0.386503,28.0,2.9571,339.8954,0,spatial_background_sample,spatial_background_reference,Tripura,24.404887,92.21023,2009-07-10
35.3,54.9,217.8,0.485469,44.0,14.2809,152.9161,1,GSI_field_inventory,observed_landslide,Assam,24.78002778,92.45372222,
1.2,25.2,249.2,0.426033,283.0,22.9765,254.5168,0,spatial_background_sample,spatial_background_reference,Manipur,24.470692,94.39493,2007-09-10
32.3,52.4,154.1,0.491429,153.0,2.2821,246.0615,0,spatial_background_sample,spatial_background_reference,Assam,27.390976,95.888155,2016-05-22
32.2,214.3,317.7,0.372094,980.0,25.4051,35.1144,1,GSI_field_inventory,observed_landslide,Mizoram,23.301381,92.853078,
27.0,47.0,140.4,0.484283,591.0,35.3034,288.6436,0,spatial_background_sample,spatial_background_reference,Nagaland,26.917686,95.214816,2025-08-01
23.4,48.0,90.9,0.474205,96.0,2.0794,270.0,0,spatial_background_sample,spatial_background_reference,Assam,27.04332,94.81592,2020-06-02
5.7,19.6,102.5,0.386189,449.0,10.2256,143.7783,0,spatial_background_sample,spatial_background_reference,Manipur,24.472295,94.36172,2018-06-06
24.5,43.0,85.3,0.425307,4381.0,55.9344,113.179,0,spatial_background_sample,spatial_background_reference,Arunachal Pradesh,28.342919,96.849045,2016-07-17
19.3,39.1,68.4,0.477826,41.0,2.2152,114.7095,0,spatial_background_sample,spatial_background_reference,Tripura,23.030159,91.731233,2009-07-10
14.5,34.2,89.7,0.425092,3958.0,19.2041,338.1932,0,spatial_background_sample,spatial_background_reference,Arunachal Pradesh,28.983509,94.322411,2016-07-17
24.7,47.7,76.7,0.48675,1425.0,13.4404,190.8292,1,GSI_field_inventory,observed_landslide,Nagaland,25.66667,94.10972,
38.9,84.8,158.3,0.437613,582.0,18.0685,107.3003,0,spatial_background_sample,spatial_background_reference,Arunachal Pradesh,28.054468,96.11296,2016-07-17
14.7,36.2,166.6,0.493957,87.0,1.3933,228.3321,0,spatial_background_sample,spatial_background_reference,Assam,27.131494,94.302917,2016-05-22
50.5,250.5,371.3,0.382812,1144.0,49.1993,245.4363,1,GSI_field_inventory,observed_landslide,Mizoram,23.367366,92.767304,
16.4,52.1,59.5,0.357469,569.0,35.8934,246.2577,1,GSI_field_inventory,observed_landslide,Mizoram,23.60111111,92.75888889,
10.4,60.5,81.2,0.387522,107.0,1.0109,270.0,0,spatial_background_sample,spatial_background_reference,Tripura,23.601619,91.815315,2018-05-18
8.4,43.1,177.1,0.483844,1522.0,9.2076,264.2688,1,GSI_field_inventory,observed_landslide,Meghalaya,25.407917,91.998889,
25.8,134.6,189.1,0.485741,376.0,26.2698,169.3593,0,spatial_background_sample,spatial_background_reference,Arunachal Pradesh,27.490492,96.279508,2016-04-22
20.2,29.5,73.5,0.428046,4726.0,38.8577,86.5482,0,spatial_background_sample,spatial_background_reference,Sikkim,27.790082,88.849652,2012-06-22
1.3,4.7,17.9,0.37925,56.0,6.7135,294.3365,0,spatial_background_sample,spatial_background_reference,Meghalaya,25.23474,90.277635,2009-07-17
10.7,26.2,104.9,0.423548,4230.0,37.0767,206.0095,0,spatial_background_sample,spatial_background_reference,Arunachal Pradesh,28.558118,93.397312,2016-07-16
6.8,45.4,71.9,0.489415,151.0,0.9264,180.0,0,spatial_background_sample,spatial_background_reference,Assam,27.306928,95.77965,2018-08-24
66.4,100.3,240.1,0.490674,433.0,12.045,292.2653,0,spatial_background_sample,spatial_background_reference,Meghalaya,25.74573,90.723848,2020-05-26
12.7,70.1,85.9,0.370259,92.0,1.0158,90.0,0,spatial_background_sample,spatial_background_reference,Tripura,24.225818,92.146226,2018-05-18
72.7,217.6,270.7,0.417536,36.0,2.2633,65.8504,0,spatial_background_sample,spatial_background_reference,Assam,26.269314,89.778747,2010-06-03
7.5,28.5,56.8,0.49861,65.0,3.6096,239.1601,0,spatial_background_sample,spatial_background_reference,Assam,26.414756,92.601075,2010-06-16
17.6,34.6,60.2,0.481198,74.0,4.1026,132.5551,0,spatial_background_sample,spatial_background_reference,Tripura,23.349822,91.736887,2009-07-10
18.6,91.1,111.9,0.399568,61.0,3.4354,143.9075,0,spatial_background_sample,spatial_background_reference,Tripura,23.867837,91.48155,2018-05-18
82.0,107.3,128.9,0.490524,108.0,1.397,48.4662,0,spatial_background_sample,spatial_background_reference,Assam,27.652634,94.967213,2020-06-02
0.3,5.2,11.8,0.371025,47.0,8.1912,132.3759,0,spatial_background_sample,spatial_background_reference,Tripura,24.167451,92.065965,2009-07-10
3.9,16.6,35.0,0.427653,5271.0,31.8724,109.7594,0,spatial_background_sample,spatial_background_reference,Sikkim,27.842046,88.405785,2013-08-28
21.6,38.8,85.1,0.426768,4310.0,22.2679,29.6867,0,spatial_background_sample,spatial_background_reference,Arunachal Pradesh,28.709654,96.486728,2016-07-17
27.0,57.9,151.3,0.426327,4256.0,15.3241,27.7329,0,spatial_background_sample,spatial_background_reference,Sikkim,27.42318,88.073006,2012-06-22
49.4,108.6,154.4,0.376667,879.0,41.3603,15.1327,1,GSI_field_inventory,observed_landslide,Mizoram,23.70305556,92.72055556,
61.9,120.9,163.8,0.376667,905.0,31.7289,143.6158,1,GSI_field_inventory,observed_landslide,Mizoram,23.68027778,92.72472222,
1.1,1.6,18.1,0.3625,5946.0,47.7957,310.1816,0,spatial_background_sample,spatial_background_reference,Sikkim,28.00569,88.533716,2021-05-18
16.1,23.5,92.7,0.386412,4744.0,0.9264,180.0,0,spatial_background_sample,spatial_background_reference,Sikkim,27.7567,88.291262,2012-06-22
2.3,10.2,16.6,0.427435,4135.0,31.9331,146.1205,0,spatial_background_sample,spatial_background_reference,Sikkim,27.837564,88.569677,2024-08-21
15.1,100.0,135.2,0.425906,4192.0,19.3597,123.5202,0,spatial_background_sample,spatial_background_reference,Arunachal Pradesh,27.970294,97.360107,2016-04-22
32.2,214.3,317.7,0.372094,864.0,23.7064,145.1109,1,GSI_field_inventory,observed_landslide,Mizoram,23.301587,92.868485,
108.1,211.1,254.6,0.321935,213.0,2.0769,90.0,0,spatial_background_sample,spatial_background_reference,Assam,26.903647,92.391175,2020-06-26
13.5,89.6,177.3,0.426432,4525.0,18.7941,216.1247,0,spatial_background_sample,spatial_background_reference,Sikkim,27.558944,88.16921,2021-08-27
51.8,151.3,367.0,0.428201,2230.0,32.9125,346.9858,0,spatial_background_sample,spatial_background_reference,Arunachal Pradesh,27.438582,92.672682,2016-07-17
38.4,46.8,118.1,0.488725,118.0,2.1244,150.6665,0,spatial_background_sample,spatial_background_reference,Assam,27.155574,95.236218,2016-07-14
28.3,89.0,181.2,0.493254,343.0,3.0775,90.0,0,spatial_background_sample,spatial_background_reference,Nagaland,25.543663,93.544772,2025-07-07
1.3,10.0,56.9,0.412135,582.0,26.3374,155.1507,1,GSI_field_inventory,observed_landslide,Mizoram,23.89277778,92.85083333,
5.2,18.6,76.2,0.491695,417.0,36.2386,257.2547,0,spatial_background_sample,spatial_background_reference,Meghalaya,25.20871,92.539125,2007-09-15
18.4,86.6,282.8,0.363417,888.0,18.4206,91.3925,1,GSI_field_inventory,observed_landslide,Mizoram,22.519716,92.891037,
67.8,120.5,158.2,0.379417,911.0,28.1911,244.9873,1,GSI_field_inventory,observed_landslide,Mizoram,23.58138889,92.71416667,
6.3,13.4,23.3,0.36,5417.0,36.6633,305.909,0,spatial_background_sample,spatial_background_reference,Sikkim,27.744379,88.231964,2014-07-08
24.0,58.1,182.4,0.493728,375.0,14.5191,29.0586,0,spatial_background_sample,spatial_background_reference,Meghalaya,25.861204,90.925865,2007-08-18
14.3,77.7,94.3,0.488664,1036.0,24.7799,191.2627,0,spatial_background_sample,spatial_background_reference,Assam,26.272235,93.399333,2022-05-15
17.3,51.0,83.5,0.301707,144.0,2.0764,270.0,0,spatial_background_sample,spatial_background_reference,Assam,26.876859,92.466999,2018-08-24
2.4,16.0,27.7,0.425679,4811.0,42.4769,59.1929,0,spatial_background_sample,spatial_background_reference,Sikkim,27.85281,88.463344,2024-08-21
17.0,81.2,150.2,0.406417,978.0,13.7922,47.4742,1,GSI_field_inventory,observed_landslide,Mizoram,23.4855,92.7033,
15.3,25.5,48.8,0.383652,5024.0,23.9976,70.9196,0,spatial_background_sample,spatial_background_reference,Sikkim,27.876019,88.841041,2022-10-10
19.8,63.2,87.7,0.417362,1883.0,42.0409,23.8579,0,spatial_background_sample,spatial_background_reference,Arunachal Pradesh,27.537125,94.056075,2016-04-22
26.9,92.3,209.8,0.493062,68.0,15.3732,90.8434,1,GSI_field_inventory,observed_landslide,Assam,26.10711111,91.78916667,
2.5,16.9,35.6,0.407937,4924.0,55.3928,290.9188,0,spatial_background_sample,spatial_background_reference,Sikkim,27.880011,88.688137,2012-07-17
10.9,23.8,76.6,0.35175,5290.0,14.5808,259.2523,0,spatial_background_sample,spatial_background_reference,Sikkim,27.649602,88.243971,2021-06-18
22.3,96.9,136.9,0.418835,281.0,9.079,307.3822,0,spatial_background_sample,spatial_background_reference,Arunachal Pradesh,26.949233,93.106691,2016-07-17
31.1,65.1,80.1,0.456738,48.0,9.6518,328.837,0,spatial_background_sample,spatial_background_reference,Tripura,23.267702,91.624847,2018-05-18
19.3,39.1,68.4,0.476865,38.0,4.1272,102.9492,0,spatial_background_sample,spatial_background_reference,Tripura,23.111897,91.701524,2009-07-10
1.2,17.1,88.4,0.252963,25.0,2.0485,90.0,0,spatial_background_sample,spatial_background_reference,Meghalaya,25.295143,89.885685,2022-04-04
5.7,15.6,38.0,0.481923,24.0,12.2448,243.4467,0,spatial_background_sample,spatial_background_reference,Tripura,23.623757,91.252894,2009-07-10
13.7,19.7,42.9,0.416125,1023.0,26.7757,353.98,1,GSI_field_inventory,observed_landslide,Mizoram,23.41421944,93.10569167,
4.4,13.0,34.2,0.392342,194.0,12.7697,69.1007,0,spatial_background_sample,spatial_background_reference,Tripura,23.589342,91.939268,2009-07-10
18.6,109.7,304.8,0.482674,145.0,5.0669,155.7596,0,spatial_background_sample,spatial_background_reference,Assam,27.331394,95.763771,2022-05-14
7.1,135.5,165.0,0.481414,145.0,3.8439,164.2884,0,spatial_background_sample,spatial_background_reference,Assam,27.287941,95.705729,2018-06-14
15.7,65.1,143.4,0.249153,437.0,37.3623,207.1933,0,spatial_background_sample,spatial_background_reference,Mizoram,22.053648,92.9681,2024-05-28
12.1,87.8,270.5,0.390156,793.0,25.8645,81.8417,1,GSI_field_inventory,observed_landslide,Mizoram,23.193237,92.734819,
2.2,52.5,191.0,0.491302,70.0,3.6095,59.1586,0,spatial_background_sample,spatial_background_reference,Assam,26.408288,92.819355,2016-05-22
28.0,147.9,382.2,0.428699,3338.0,44.4084,151.03,0,spatial_background_sample,spatial_background_reference,Sikkim,27.613193,88.442442,2012-07-17
34.5,67.2,85.8,0.444283,41.0,5.0385,336.4906,0,spatial_background_sample,spatial_background_reference,Tripura,23.143509,91.640659,2018-05-18
61.7,241.3,357.7,0.383979,662.0,44.0522,297.9375,1,GSI_field_inventory,observed_landslide,Mizoram,23.281443,92.840145,
56.5,111.9,160.4,0.29004,172.0,0.0,180.0,0,spatial_background_sample,spatial_background_reference,Assam,26.711279,90.763089,2016-05-17
9.5,68.3,82.2,0.393012,46.0,2.9563,159.9334,0,spatial_background_sample,spatial_background_reference,Tripura,24.143302,91.97702,2018-05-18
16.1,23.5,92.7,0.426548,4466.0,31.4552,347.9623,0,spatial_background_sample,spatial_background_reference,Sikkim,27.477652,88.246176,2012-06-22
10.0,30.9,59.5,0.421844,875.0,26.9373,313.2288,1,GSI_field_inventory,observed_landslide,Mizoram,23.34297778,93.057775,
9.7,10.7,11.2,0.473683,165.0,21.9696,121.4042,0,spatial_background_sample,spatial_background_reference,Nagaland,26.839701,94.879585,2023-10-02
52.3,117.8,140.2,0.419366,32.0,4.8122,140.1986,0,spatial_background_sample,spatial_background_reference,Meghalaya,25.824568,89.952656,2009-07-01
0.4,9.6,33.2,0.407042,984.0,34.5172,140.9651,1,GSI_field_inventory,observed_landslide,Mizoram,23.69777778,92.71944444,
9.3,31.8,49.2,0.407702,4692.0,9.753,327.849,0,spatial_background_sample,spatial_background_reference,Sikkim,27.885701,88.379443,2014-06-24
10.1,14.6,43.7,0.393408,4563.0,15.4552,263.2829,0,spatial_background_sample,spatial_background_reference,Sikkim,27.955677,88.573003,2012-06-22
10.1,14.6,43.7,0.393408,4421.0,23.045,142.9598,0,spatial_background_sample,spatial_background_reference,Sikkim,27.944027,88.570052,2012-06-22
61.9,120.9,163.8,0.376667,891.0,19.8351,23.0768,1,GSI_field_inventory,observed_landslide,Mizoram,23.66,92.72638889,
2.2,7.0,11.9,0.403391,4920.0,19.0715,52.5539,0,spatial_background_sample,spatial_background_reference,Sikkim,27.913824,88.602149,2015-07-08
3.0,105.8,214.3,0.501385,535.0,23.6625,171.1938,1,GSI_field_inventory,observed_landslide,Assam,25.18955556,93.09641667,
2.5,15.0,30.6,0.484272,45.0,7.5983,328.0484,0,spatial_background_sample,spatial_background_reference,Tripura,23.623539,91.499391,2009-07-10
19.6,90.8,113.8,0.472973,19.0,2.2242,294.6024,0,spatial_background_sample,spatial_background_reference,Tripura,23.684506,91.285817,2018-05-18
57.4,292.5,455.3,0.336731,121.0,4.1274,102.9486,0,spatial_background_sample,spatial_background_reference,Mizoram,23.118138,92.397251,2025-05-31
6.8,59.2,121.5,0.427183,4790.0,17.9208,0.0,0,spatial_background_sample,spatial_background_reference,Arunachal Pradesh,27.68952,92.305598,2016-07-17
8.3,63.3,135.3,0.428551,4186.0,20.1052,267.4682,0,spatial_background_sample,spatial_background_reference,Sikkim,27.831606,88.687184,2014-07-01
0.0,17.0,156.0,0.478043,41.0,2.1209,150.8392,0,spatial_background_sample,spatial_background_reference,Assam,26.352143,91.255338,2016-05-22
18.6,81.9,169.6,0.427254,1295.0,5.9172,339.4021,0,spatial_background_sample,spatial_background_reference,Arunachal Pradesh,27.511627,93.721163,2016-07-16
9.7,15.2,99.1,0.413545,49.0,4.5306,65.9132,0,spatial_background_sample,spatial_background_reference,Assam,26.608338,91.121804,2016-07-14
18.4,44.5,116.3,0.420999,182.0,10.4262,28.508,0,spatial_background_sample,spatial_background_reference,Mizoram,22.989145,92.575708,2025-09-13
23.3,42.7,108.3,0.425397,1498.0,53.3811,18.3164,0,spatial_background_sample,spatial_background_reference,Arunachal Pradesh,28.42051,93.833059,2016-07-17
47.7,88.6,107.8,0.37651,558.0,33.7158,49.0828,1,GSI_field_inventory,observed_landslide,Mizoram,23.80750556,92.83417222,
49.4,126.3,165.8,0.376667,993.0,15.334,154.1951,1,GSI_field_inventory,observed_landslide,Mizoram,23.73583333,92.69777778,
1.5,11.3,28.0,0.400847,75.0,4.4492,114.5583,0,spatial_background_sample,spatial_background_reference,Tripura,23.948517,91.841274,2009-07-10
12.6,185.5,216.4,0.490531,198.0,0.9264,180.0,0,spatial_background_sample,spatial_background_reference,Arunachal Pradesh,27.454516,96.084105,2016-07-17
0.0,7.8,19.4,0.486687,126.0,1.8523,180.0,0,spatial_background_sample,spatial_background_reference,Nagaland,26.99713,95.155466,2022-09-30
17.6,34.6,60.2,0.482278,107.0,5.3539,110.1865,0,spatial_background_sample,spatial_background_reference,Tripura,23.197832,91.706251,2009-07-10
21.5,68.8,120.5,0.425449,2395.0,35.5353,283.0849,0,spatial_background_sample,spatial_background_reference,Arunachal Pradesh,27.965244,96.94246,2016-07-16
49.4,108.6,154.4,0.377302,346.0,21.7924,239.5956,1,GSI_field_inventory,observed_landslide,Mizoram,23.73638889,92.79805556,
10.1,93.9,331.6,0.371677,216.0,27.6457,257.5207,0,spatial_background_sample,spatial_background_reference,Mizoram,23.525909,92.350238,2025-06-02
0.4,5.2,120.2,0.296731,109.0,5.0618,335.8891,0,spatial_background_sample,spatial_background_reference,Assam,26.651303,90.079623,2016-05-22
25.1,43.5,108.6,0.391094,4975.0,41.1323,181.1992,0,spatial_background_sample,spatial_background_reference,Sikkim,27.794412,88.358291,2021-06-18
0.5,6.1,13.1,0.392711,140.0,7.5757,68.6086,0,spatial_background_sample,spatial_background_reference,Tripura,23.933409,91.902471,2009-07-10
85.3,239.6,264.1,0.341978,31.0,9.4058,192.5475,0,spatial_background_sample,spatial_background_reference,Assam,26.022872,89.994915,2022-05-14
16.2,80.9,102.8,0.39176,99.0,18.9667,188.8763,0,spatial_background_sample,spatial_background_reference,Tripura,23.830969,91.716222,2018-05-18
5.0,14.9,34.7,0.427561,74.0,10.5339,121.449,0,spatial_background_sample,spatial_background_reference,Tripura,23.456147,91.647674,2009-07-10
28.1,81.0,211.6,0.42379,4241.0,34.7317,227.4366,0,spatial_background_sample,spatial_background_reference,Sikkim,27.538439,88.276969,2021-05-18
33.3,462.3,494.7,0.49851,1621.0,38.2543,141.7492,1,GSI_field_inventory,observed_landslide,Meghalaya,25.355042,91.767525,
0.0,0.2,0.2,0.383671,3499.0,20.0718,57.9245,0,spatial_background_sample,spatial_background_reference,Sikkim,27.398381,88.071794,2022-11-20
11.3,64.2,85.1,0.403155,120.0,10.5152,163.3868,0,spatial_background_sample,spatial_background_reference,Tripura,23.925312,91.718326,2018-05-18
33.8,67.0,89.7,0.438436,40.0,1.3679,132.6206,0,spatial_background_sample,spatial_background_reference,Tripura,23.043033,91.639211,2018-05-18
31.2,59.4,126.2,0.485405,137.0,2.968,200.6755,0,spatial_background_sample,spatial_background_reference,Arunachal Pradesh,27.959284,95.529057,2016-07-17
3.9,21.2,32.2,0.37158,5830.0,31.8412,76.4477,0,spatial_background_sample,spatial_background_reference,Sikkim,27.891859,88.870006,2013-08-28
17.7,43.9,107.4,0.425557,3432.0,29.7174,306.5052,0,spatial_background_sample,spatial_background_reference,Arunachal Pradesh,28.227764,93.040137,2016-07-17
12.1,87.8,270.5,0.390156,850.0,24.9868,61.4702,1,GSI_field_inventory,observed_landslide,Mizoram,23.18675,92.735178,
3.0,105.8,214.3,0.480427,346.0,17.385,210.0005,1,GSI_field_inventory,observed_landslide,Assam,25.20552778,93.02013889,
20.1,65.8,80.2,0.372754,107.0,3.835,344.7668,0,spatial_background_sample,spatial_background_reference,Tripura,23.357407,91.676713,2018-05-18
5.7,15.6,38.0,0.48618,50.0,3.8351,164.7608,0,spatial_background_sample,spatial_background_reference,Tripura,23.412279,91.367722,2009-07-10
18.9,46.3,113.9,0.425251,1919.0,27.501,62.2313,0,spatial_background_sample,spatial_background_reference,Arunachal Pradesh,28.649287,94.361314,2016-07-16
16.1,23.5,92.7,0.323001,5742.0,46.8178,139.3533,0,spatial_background_sample,spatial_background_reference,Sikkim,27.718084,88.317207,2012-06-22
40.2,202.8,296.9,0.488177,1318.0,10.2675,36.46,1,GSI_field_inventory,observed_landslide,Meghalaya,25.54261,92.09842,
65.0,128.9,173.2,0.376812,1224.0,27.7617,343.9505,1,GSI_field_inventory,observed_landslide,Mizoram,23.41,92.74944444,
5.0,63.8,154.0,0.42403,3855.0,63.6464,324.0028,0,spatial_background_sample,spatial_background_reference,Sikkim,27.639917,88.365934,2012-07-17
8.3,12.2,28.6,0.397174,5090.0,35.6544,337.5401,0,spatial_background_sample,spatial_background_reference,Sikkim,27.748417,88.83541,2021-05-18
10.3,63.3,82.0,0.384543,42.0,3.4387,323.8314,0,spatial_background_sample,spatial_background_reference,Tripura,24.226306,92.026893,2018-05-18
29.7,100.0,255.8,0.352208,815.0,27.755,253.4685,1,GSI_field_inventory,observed_landslide,Mizoram,22.702165,92.836523,
12.6,56.8,78.5,0.406409,75.0,4.2187,151.2634,0,spatial_background_sample,spatial_background_reference,Tripura,24.232726,91.749486,2018-05-18
2.5,15.0,30.6,0.484272,81.0,2.9549,199.9902,0,spatial_background_sample,spatial_background_reference,Tripura,23.606974,91.509784,2009-07-10
91.8,132.7,393.0,0.491747,75.0,1.0368,270.0,0,spatial_background_sample,spatial_background_reference,Assam,26.68209,93.195687,2017-07-04
74.0,145.6,188.4,0.294832,433.0,28.9002,151.4892,0,spatial_background_sample,spatial_background_reference,Mizoram,23.004964,92.424684,2024-05-28
22.8,75.5,95.6,0.374821,56.0,9.185,0.0,0,spatial_background_sample,spatial_background_reference,Tripura,23.492737,91.65765,2018-05-18
1.6,16.0,76.4,0.475885,157.0,2.0776,90.0,0,spatial_background_sample,spatial_background_reference,Nagaland,26.94253,95.135478,2025-08-01
13.8,62.4,83.1,0.387527,88.0,8.1042,263.4798,0,spatial_background_sample,spatial_background_reference,Tripura,23.886905,91.974214,2018-05-18
0.9,35.3,58.4,0.489808,44.0,2.7772,180.0,0,spatial_background_sample,spatial_background_reference,Assam,26.282199,91.256995,2025-06-06
81.6,139.5,196.9,0.496344,997.0,25.0492,300.1482,1,GSI_field_inventory,observed_landslide,Meghalaya,25.67761389,91.89865833,
19.6,49.2,124.8,0.425737,3491.0,44.9532,129.1717,0,spatial_background_sample,spatial_background_reference,Arunachal Pradesh,28.66606,93.881683,2016-07-17
25.9,88.7,102.6,0.465888,55.0,1.0096,270.0,0,spatial_background_sample,spatial_background_reference,Tripura,23.430528,91.380214,2018-05-18
8.7,32.1,122.1,0.491969,69.0,0.0,180.0,0,spatial_background_sample,spatial_background_reference,Assam,26.484523,92.626349,2018-08-31
118.6,225.7,342.4,0.500802,1414.0,22.8511,246.2128,1,GSI_field_inventory,observed_landslide,Meghalaya,25.50335,91.28335,
16.2,31.5,46.8,0.414832,2429.0,26.7216,154.0722,0,spatial_background_sample,spatial_background_reference,Arunachal Pradesh,28.173801,93.585689,2016-04-22
0.0,24.7,161.3,0.457164,32.0,3.2279,106.6613,0,spatial_background_sample,spatial_background_reference,Assam,26.124976,90.044983,2014-05-10
25.9,49.0,129.6,0.4225,3877.0,18.0677,340.3473,0,spatial_background_sample,spatial_background_reference,Sikkim,27.839002,88.564304,2012-06-22
2.0,5.0,26.0,0.410312,4904.0,28.4959,289.1258,0,spatial_background_sample,spatial_background_reference,Sikkim,28.027055,88.59213,2022-10-10
55.7,86.2,157.5,0.426635,2756.0,24.9889,346.2674,0,spatial_background_sample,spatial_background_reference,Arunachal Pradesh,28.733054,95.718032,2016-07-17
26.3,119.1,251.5,0.428039,3229.0,34.3566,238.6424,0,spatial_background_sample,spatial_background_reference,Arunachal Pradesh,27.577959,92.435643,2016-07-17
0.5,6.1,13.1,0.384027,46.0,4.1157,47.6122,0,spatial_background_sample,spatial_background_reference,Tripura,24.113838,91.974367,2009-07-10
1.4,18.8,59.0,0.414988,794.0,8.7795,137.1286,0,spatial_background_sample,spatial_background_reference,Mizoram,22.583526,93.071057,2024-09-28
1.4,4.9,23.0,0.479241,90.0,8.3422,187.0564,0,spatial_background_sample,spatial_background_reference,Assam,26.153587,93.073875,2020-06-02
10.3,22.5,54.5,0.471458,55.0,6.1966,278.5647,0,spatial_background_sample,spatial_background_reference,Meghalaya,25.360663,90.246127,2025-05-28
37.3,131.6,201.2,0.447594,2986.0,38.1401,85.2753,0,spatial_background_sample,spatial_background_reference,Arunachal Pradesh,27.31696,96.980102,2016-07-16
39.6,127.6,149.3,0.40496,31.0,1.0297,270.0,0,spatial_background_sample,spatial_background_reference,Meghalaya,25.887433,90.10362,2025-05-30
9.3,31.8,49.2,0.414115,5420.0,25.9251,344.7148,0,spatial_background_sample,spatial_background_reference,Sikkim,27.965531,88.54781,2014-06-24
9.6,54.2,123.6,0.425302,3435.0,23.6708,236.4066,0,spatial_background_sample,spatial_background_reference,Arunachal Pradesh,27.669028,91.77914,2016-07-17
2.5,15.0,30.6,0.427561,129.0,16.1761,232.1808,0,spatial_background_sample,spatial_background_reference,Tripura,23.458773,91.622457,2009-07-10
0.4,22.6,63.7,0.490052,131.0,2.9646,339.5015,0,spatial_background_sample,spatial_background_reference,Nagaland,26.923469,94.949197,2022-10-15
54.9,118.1,157.5,0.379844,825.0,37.4496,209.3301,1,GSI_field_inventory,observed_landslide,Mizoram,23.52861111,92.6975,
21.3,71.9,117.6,0.404156,663.0,7.3704,81.0002,1,GSI_field_inventory,observed_landslide,Mizoram,23.27598056,93.14351667,
26.3,119.1,251.5,0.428201,2604.0,32.2793,356.6905,0,spatial_background_sample,spatial_background_reference,Arunachal Pradesh,27.521065,92.593157,2016-07-17
8.3,46.0,69.6,0.375365,149.0,8.8025,340.0127,0,spatial_background_sample,spatial_background_reference,Tripura,23.586475,91.872062,2018-05-18
26.3,50.2,65.6,0.475274,79.0,2.9595,20.2317,0,spatial_background_sample,spatial_background_reference,Meghalaya,25.253503,90.196561,2014-09-20
15.6,65.5,75.6,0.375095,72.0,0.9264,0.0,0,spatial_background_sample,spatial_background_reference,Tripura,24.145658,92.166359,2018-05-18
26.3,32.7,71.3,0.464354,26.0,2.0405,90.0,0,spatial_background_sample,spatial_background_reference,Assam,24.81489,92.87787,2016-05-17
1.9,187.2,368.2,0.306234,61.0,2.0737,270.0,0,spatial_background_sample,spatial_background_reference,Assam,26.728185,91.218697,2014-09-23
27.0,87.2,106.2,0.386144,112.0,3.7006,0.0,0,spatial_background_sample,spatial_background_reference,Tripura,23.780348,91.852014,2018-05-18
21.4,105.1,226.3,0.431692,4433.0,24.8475,228.4369,0,spatial_background_sample,spatial_background_reference,Sikkim,27.539545,88.269815,2014-08-26
18.6,33.3,204.2,0.491135,128.0,2.7772,0.0,0,spatial_background_sample,spatial_background_reference,Assam,27.678787,95.56697,2016-05-22
8.3,62.5,121.0,0.47724,543.0,7.4763,98.8699,1,GSI_field_inventory,observed_landslide,Assam,25.158138,93.024778,
25.8,41.3,84.3,0.425344,3811.0,31.2665,52.2313,0,spatial_background_sample,spatial_background_reference,Arunachal Pradesh,28.85239,96.114169,2016-07-17
17.7,80.8,96.3,0.370259,57.0,5.1468,259.6583,0,spatial_background_sample,spatial_background_reference,Tripura,24.158308,92.102389,2018-05-18
17.0,60.2,72.6,0.386144,169.0,7.958,22.2798,0,spatial_background_sample,spatial_background_reference,Tripura,23.756851,91.933392,2018-05-18
3.0,105.8,214.3,0.501385,564.0,15.4525,17.9,1,GSI_field_inventory,observed_landslide,Assam,25.17638889,93.11613889,
49.2,208.7,239.7,0.493723,155.0,24.0491,322.8583,0,spatial_background_sample,spatial_background_reference,Meghalaya,25.820519,90.5608,2025-05-30
6.3,46.8,96.2,0.426987,3980.0,49.5827,198.1729,0,spatial_background_sample,spatial_background_reference,Arunachal Pradesh,27.992588,97.329955,2016-07-17
35.3,97.7,113.1,0.470025,31.0,2.1097,151.3858,0,spatial_background_sample,spatial_background_reference,Tripura,23.576671,91.420568,2018-05-18
3.9,11.4,55.3,0.481658,1255.0,7.4232,75.6283,0,spatial_background_sample,spatial_background_reference,Assam,26.258927,93.362044,2017-05-20
18.0,66.9,83.7,0.386144,177.0,14.7691,322.8765,0,spatial_background_sample,spatial_background_reference,Tripura,23.84884,91.931749,2018-05-18
14.5,31.9,75.2,0.412854,834.0,39.1656,281.1721,1,GSI_field_inventory,observed_landslide,Mizoram,23.56555556,92.7075,
27.2,56.2,138.4,0.425429,2162.0,19.958,20.7602,0,spatial_background_sample,spatial_background_reference,Arunachal Pradesh,28.436714,93.475771,2016-07-17
4.3,28.2,47.4,0.398943,4630.0,27.6971,77.5483,0,spatial_background_sample,spatial_background_reference,Sikkim,27.964194,88.583862,2012-06-26
23.7,36.5,49.7,0.410457,4204.0,23.9144,24.2724,0,spatial_background_sample,spatial_background_reference,Sikkim,27.496135,88.204351,2023-10-04
3.9,21.2,32.2,0.291135,5317.0,34.1148,197.2992,0,spatial_background_sample,spatial_background_reference,Sikkim,27.997471,88.776083,2013-08-28
18.2,106.2,148.0,0.419054,3783.0,41.8304,22.8776,0,spatial_background_sample,spatial_background_reference,Arunachal Pradesh,28.00471,96.877329,2016-04-22
49.4,108.6,154.4,0.376667,949.0,25.09,76.5046,1,GSI_field_inventory,observed_landslide,Mizoram,23.71865833,92.72335278,
14.2,30.9,103.9,0.425006,3832.0,35.7798,331.0472,0,spatial_background_sample,spatial_background_reference,Arunachal Pradesh,28.284408,93.547443,2016-07-17
0.9,9.4,20.4,0.404493,102.0,18.6933,204.7696,0,spatial_background_sample,spatial_background_reference,Tripura,24.145305,91.769581,2009-07-10
4.0,17.4,80.4,0.490804,669.0,15.6566,157.3819,0,spatial_background_sample,spatial_background_reference,Assam,25.831429,92.391072,2020-06-02
2.5,15.0,30.6,0.427561,58.0,7.4692,42.2686,0,spatial_background_sample,spatial_background_reference,Tripura,23.533073,91.569796,2009-07-10
1.6,28.4,83.4,0.454433,248.0,1.3834,132.0328,0,spatial_background_sample,spatial_background_reference,Assam,25.65168,93.465784,2014-06-27
19.3,39.1,68.4,0.476865,60.0,6.0892,81.2819,0,spatial_background_sample,spatial_background_reference,Tripura,23.064036,91.743797,2009-07-10
43.2,141.9,266.8,0.478909,67.0,3.7006,0.0,0,spatial_background_sample,spatial_background_reference,Assam,26.720444,93.335789,2022-05-14
9.6,18.0,37.8,0.451174,788.0,3.0557,270.0,0,spatial_background_sample,spatial_background_reference,Manipur,24.674995,94.030056,2018-06-06
41.2,89.4,152.9,0.487673,125.0,0.0,180.0,0,spatial_background_sample,spatial_background_reference,Assam,27.842075,95.47146,2018-08-24
16.9,71.7,116.8,0.427365,3711.0,16.87,46.1186,0,spatial_background_sample,spatial_background_reference,Sikkim,27.411849,88.073391,2014-07-01
50.0,108.7,133.6,0.491836,271.0,9.3163,281.3693,0,spatial_background_sample,spatial_background_reference,Meghalaya,25.197338,90.863254,2007-07-19
1.1,1.6,18.1,0.3625,5391.0,16.8719,335.0049,0,spatial_background_sample,spatial_background_reference,Sikkim,27.965703,88.544924,2021-05-18
2.7,12.2,20.0,0.398341,68.0,2.7772,0.0,0,spatial_background_sample,spatial_background_reference,Tripura,23.855574,91.647881,2009-07-10
1.5,11.3,28.0,0.403719,69.0,8.2799,0.0,0,spatial_background_sample,spatial_background_reference,Tripura,24.048883,91.701672,2009-07-10
4.6,16.2,44.9,0.488168,392.0,10.6965,300.9055,0,spatial_background_sample,spatial_background_reference,Assam,26.112947,93.329857,2017-05-20
65.0,127.6,248.7,0.42772,1208.0,41.3525,13.1725,0,spatial_background_sample,spatial_background_reference,Arunachal Pradesh,27.526438,93.139895,2016-07-16
107.9,190.6,284.0,0.471077,131.0,0.9264,0.0,0,spatial_background_sample,spatial_background_reference,Assam,27.833975,95.621771,2022-05-14
20.7,67.8,93.3,0.36,6856.0,66.7142,297.3415,0,spatial_background_sample,spatial_background_reference,Sikkim,27.716084,88.172813,2014-06-24
32.3,193.2,214.1,0.490006,204.0,3.4727,323.0694,0,spatial_background_sample,spatial_background_reference,Arunachal Pradesh,27.509944,96.111687,2016-07-16
31.2,59.4,126.2,0.487979,126.0,2.0957,270.0,0,spatial_background_sample,spatial_background_reference,Arunachal Pradesh,27.901462,95.412444,2016-07-17
14.1,59.2,80.9,0.387522,111.0,9.6562,18.1335,0,spatial_background_sample,spatial_background_reference,Tripura,23.646667,91.800894,2018-05-18
8.0,15.1,21.5,0.486232,810.0,24.1093,83.7772,0,spatial_background_sample,spatial_background_reference,Manipur,24.680701,93.956176,2007-08-24
5.0,14.9,34.7,0.396318,48.0,2.9547,340.0198,0,spatial_background_sample,spatial_background_reference,Tripura,23.535634,91.680813,2009-07-10
19.2,45.5,107.8,0.425156,2228.0,29.2858,191.4083,0,spatial_background_sample,spatial_background_reference,Arunachal Pradesh,29.008659,95.707154,2016-07-16
5.6,47.4,108.7,0.491969,311.0,4.5076,294.2184,0,spatial_background_sample,spatial_background_reference,Meghalaya,25.893566,90.374981,2025-06-25
122.0,205.9,357.7,0.478548,82.0,1.0391,270.0,0,spatial_background_sample,spatial_background_reference,Assam,26.940971,93.900204,2022-05-15
2.7,20.3,37.0,0.319731,5622.0,12.1096,334.7366,0,spatial_background_sample,spatial_background_reference,Sikkim,28.002806,88.836225,2021-08-27
5.6,23.1,32.6,0.358632,5631.0,34.6461,190.6567,0,spatial_background_sample,spatial_background_reference,Sikkim,27.659045,88.232374,2013-08-28
49.4,108.6,154.4,0.377302,215.0,24.9147,343.4113,1,GSI_field_inventory,observed_landslide,Mizoram,23.72222222,92.79861111,
15.8,37.2,50.3,0.415897,1473.0,40.7345,32.3365,0,spatial_background_sample,spatial_background_reference,Arunachal Pradesh,28.650296,95.982449,2016-04-22
25.8,41.3,84.3,0.424679,3747.0,38.5009,267.67,0,spatial_background_sample,spatial_background_reference,Arunachal Pradesh,28.978963,96.339667,2016-07-17
12.5,34.3,73.7,0.403438,808.0,31.0903,257.2045,1,GSI_field_inventory,observed_landslide,Mizoram,23.747519,92.853155,
0.5,6.1,13.1,0.372784,342.0,9.1917,334.0705,0,spatial_background_sample,spatial_background_reference,Tripura,23.922141,92.106599,2009-07-10
23.5,46.1,139.9,0.424911,2546.0,27.9993,91.7427,0,spatial_background_sample,spatial_background_reference,Arunachal Pradesh,28.073889,93.199286,2016-07-16
16.6,63.7,206.4,0.427318,2322.0,45.5227,288.5145,0,spatial_background_sample,spatial_background_reference,Arunachal Pradesh,27.448905,93.43175,2016-07-17
4.4,13.0,34.2,0.392342,169.0,20.0032,119.2484,0,spatial_background_sample,spatial_background_reference,Tripura,23.601918,91.876815,2009-07-10
13.7,53.3,129.4,0.420466,948.0,19.0189,127.5768,0,spatial_background_sample,spatial_background_reference,Arunachal Pradesh,27.397417,93.948748,2016-07-17
30.0,72.5,157.9,0.352125,830.0,22.7778,102.8071,1,GSI_field_inventory,observed_landslide,Mizoram,23.193401,92.900218,
27.6,50.6,126.0,0.426872,3036.0,24.4678,148.5187,0,spatial_background_sample,spatial_background_reference,Arunachal Pradesh,27.801598,92.981561,2016-07-16
5.9,26.9,65.4,0.422385,786.0,24.2857,99.8117,1,GSI_field_inventory,observed_landslide,Mizoram,23.174341,92.740855,
33.1,162.6,275.5,0.392708,407.0,20.2133,124.0946,1,GSI_field_inventory,observed_landslide,Mizoram,23.67701,92.87895,
7.6,9.3,30.2,0.286686,5565.0,6.5344,73.6006,0,spatial_background_sample,spatial_background_reference,Sikkim,28.003952,88.827878,2012-06-22
77.6,117.5,128.3,0.498354,179.0,11.1472,110.4349,1,GSI_field_inventory,observed_landslide,Meghalaya,26.02547,91.87158,
16.1,23.5,92.7,0.428397,3831.0,33.2354,282.8317,0,spatial_background_sample,spatial_background_reference,Sikkim,27.65043,88.283163,2012-06-22
10.9,28.1,79.0,0.423963,4435.0,14.705,79.3482,0,spatial_background_sample,spatial_background_reference,Arunachal Pradesh,28.633003,93.468311,2016-07-17
3.2,3.9,27.8,0.415531,4880.0,5.5816,34.1784,0,spatial_background_sample,spatial_background_reference,Sikkim,27.92162,88.366065,2022-05-29
0.4,8.1,29.7,0.386503,27.0,2.9571,20.1064,0,spatial_background_sample,spatial_background_reference,Tripura,24.417198,92.19199,2009-07-10
37.5,70.1,197.8,0.428397,4026.0,42.979,138.2586,0,spatial_background_sample,spatial_background_reference,Sikkim,27.604097,88.238924,2012-06-22
1.4,9.6,31.3,0.422717,1667.0,30.2528,356.4131,0,spatial_background_sample,spatial_background_reference,Sikkim,27.593887,88.445121,2022-08-25
11.3,45.5,153.6,0.426929,4820.0,25.885,101.533,0,spatial_background_sample,spatial_background_reference,Sikkim,27.843199,88.799456,2014-08-26
12.6,59.4,76.6,0.370731,239.0,16.6331,314.7194,0,spatial_background_sample,spatial_background_reference,Tripura,23.924715,92.082523,2018-05-18
4.1,11.4,63.5,0.494098,811.0,14.1644,239.1661,0,spatial_background_sample,spatial_background_reference,Assam,26.442541,93.546881,2020-06-02
7.0,11.4,27.4,0.370604,5200.0,27.4168,175.9495,0,spatial_background_sample,spatial_background_reference,Sikkim,28.042287,88.725325,2025-09-11
49.4,108.6,154.4,0.377302,296.0,13.9691,264.3983,1,GSI_field_inventory,observed_landslide,Mizoram,23.73416667,92.79861111,
33.2,81.6,114.2,0.423216,3971.0,16.2753,93.1749,0,spatial_background_sample,spatial_background_reference,Sikkim,27.437735,88.13639,2014-07-08
56.9,168.8,297.3,0.483138,86.0,2.2761,294.0054,0,spatial_background_sample,spatial_background_reference,Assam,27.040683,93.984425,2014-09-23
7.3,44.2,79.9,0.404719,4896.0,18.4103,22.6329,0,spatial_background_sample,spatial_background_reference,Sikkim,27.915072,88.730316,2021-08-27
57.3,288.1,399.0,0.383406,358.0,26.5238,144.9806,1,GSI_field_inventory,observed_landslide,Mizoram,23.300291,92.69577,
14.2,126.3,140.6,0.480067,140.0,0.9264,0.0,0,spatial_background_sample,spatial_background_reference,Assam,27.64123,95.734937,2018-06-14
24.7,41.9,108.8,0.393552,86.0,1.3935,228.3407,0,spatial_background_sample,spatial_background_reference,Assam,27.165301,94.129865,2020-06-02
0.5,6.1,13.1,0.396208,176.0,1.373,227.5759,0,spatial_background_sample,spatial_background_reference,Tripura,23.950278,91.94406,2009-07-10
3.0,105.8,214.3,0.480427,624.0,24.0655,175.4062,1,GSI_field_inventory,observed_landslide,Assam,25.15658333,93.01961111,
0.8,15.5,21.6,0.409004,4469.0,34.9874,300.549,0,spatial_background_sample,spatial_background_reference,Sikkim,27.712187,88.282322,2015-07-08
26.3,32.7,71.3,0.464625,40.0,2.2413,294.4028,0,spatial_background_sample,spatial_background_reference,Assam,24.857383,92.943073,2016-05-17
2.2,52.7,73.3,0.487743,780.0,8.1539,96.4798,0,spatial_background_sample,spatial_background_reference,Manipur,24.683995,93.959739,2007-08-28
17.1,31.1,90.4,0.425246,3424.0,22.8969,336.7558,0,spatial_background_sample,spatial_background_reference,Arunachal Pradesh,29.181445,94.864687,2016-07-16
3.1,38.5,88.6,0.355716,1314.0,29.4238,216.6093,0,spatial_background_sample,spatial_background_reference,Manipur,24.022401,93.682262,2011-05-31
1.5,11.3,28.0,0.403719,69.0,8.8058,200.0459,0,spatial_background_sample,spatial_background_reference,Tripura,23.999899,91.684116,2009-07-10
2.0,3.8,18.5,0.357746,5449.0,40.898,333.6455,0,spatial_background_sample,spatial_background_reference,Sikkim,27.981728,88.756508,2024-07-21
17.8,32.6,103.7,0.419984,533.0,27.471,150.5516,0,spatial_background_sample,spatial_background_reference,Arunachal Pradesh,27.673611,94.410255,2016-07-17
17.8,32.6,103.7,0.422539,957.0,22.9215,65.1259,0,spatial_background_sample,spatial_background_reference,Arunachal Pradesh,27.73355,94.545074,2016-07-17
0.7,5.5,101.0,0.381771,861.0,10.0884,62.9402,1,GSI_field_inventory,observed_landslide,Mizoram,23.144687,92.750609,
20.2,29.5,73.5,0.405744,4930.0,16.2137,70.5102,0,spatial_background_sample,spatial_background_reference,Sikkim,27.773342,88.689681,2012-06-22
20.0,78.3,116.1,0.424856,1647.0,29.6211,185.5126,0,spatial_background_sample,spatial_background_reference,Arunachal Pradesh,27.361816,92.503018,2016-04-22
1.4,14.5,37.8,0.380551,771.0,2.1132,331.2115,0,spatial_background_sample,spatial_background_reference,Manipur,24.504217,93.934275,2010-06-10
10.6,37.4,60.5,0.4791,430.0,17.2825,111.3334,0,spatial_background_sample,spatial_background_reference,Nagaland,26.785628,94.848582,2025-07-29
19.2,108.2,210.2,0.37299,749.0,38.7077,106.126,1,GSI_field_inventory,observed_landslide,Mizoram,23.081023,92.897247,
0.4,8.1,29.7,0.403138,35.0,5.0467,336.2765,0,spatial_background_sample,spatial_background_reference,Tripura,24.465195,92.207594,2009-07-10
4.3,8.5,63.6,0.390951,5184.0,29.4444,193.1162,0,spatial_background_sample,spatial_background_reference,Sikkim,27.920881,88.740893,2014-08-26
65.0,128.9,173.2,0.379844,1075.0,16.9356,72.999,1,GSI_field_inventory,observed_landslide,Mizoram,23.4725,92.71444444,
15.2,76.6,98.8,0.471704,10.0,2.0217,90.0,0,spatial_background_sample,spatial_background_reference,Tripura,23.63444,91.269307,2018-05-18
24.2,37.0,42.0,0.402167,4704.0,31.5082,230.7231,0,spatial_background_sample,spatial_background_reference,Sikkim,27.628814,88.1841,2023-10-04
66.5,99.9,174.1,0.425991,2310.0,23.3719,79.2176,0,spatial_background_sample,spatial_background_reference,Arunachal Pradesh,28.832162,95.501263,2016-07-17
17.3,40.5,90.8,0.425275,4027.0,29.8779,163.1223,0,spatial_background_sample,spatial_background_reference,Arunachal Pradesh,29.252958,95.61378,2016-07-16
22.1,37.2,204.0,0.474372,116.0,2.0925,270.0,0,spatial_background_sample,spatial_background_reference,Assam,27.736427,95.108314,2016-05-22
5.0,14.9,34.7,0.396318,44.0,2.1095,151.3997,0,spatial_background_sample,spatial_background_reference,Tripura,23.501042,91.690662,2009-07-10
0.0,0.0,5.4,0.375622,5245.0,19.7188,299.7519,0,spatial_background_sample,spatial_background_reference,Sikkim,27.948539,88.368001,2022-11-20
118.4,169.1,246.8,0.363687,778.0,29.5221,51.0315,1,GSI_field_inventory,observed_landslide,Mizoram,23.194007,92.734654,
13.3,80.2,242.8,0.386875,833.0,21.847,87.107,1,GSI_field_inventory,observed_landslide,Mizoram,23.113126,92.74564,
12.9,17.3,134.3,0.493164,81.0,20.6277,310.1156,0,spatial_background_sample,spatial_background_reference,Assam,26.010604,90.933285,2016-06-22
16.7,39.5,253.4,0.493458,102.0,13.6691,4.2181,0,spatial_background_sample,spatial_background_reference,Meghalaya,25.32166,90.154795,2024-10-08
2.2,7.5,162.4,0.485583,1620.0,26.3638,127.1744,1,GSI_field_inventory,observed_landslide,Nagaland,25.6032619,94.1122188,
21.9,85.1,210.5,0.490519,97.0,2.2734,294.0359,0,spatial_background_sample,spatial_background_reference,Assam,26.87951,94.582686,2016-05-22
21.4,71.9,92.8,0.372754,102.0,7.9267,242.3207,0,spatial_background_sample,spatial_background_reference,Tripura,23.369768,91.651304,2018-05-18
19.6,87.4,110.5,0.422217,3480.0,38.3522,16.1597,0,spatial_background_sample,spatial_background_reference,Arunachal Pradesh,28.22112,96.798281,2016-04-22
21.6,183.9,458.2,0.428546,3118.0,36.0068,218.8538,0,spatial_background_sample,spatial_background_reference,Sikkim,27.540452,88.387239,2014-07-01
0.5,2.6,21.4,0.378247,31.0,4.1106,270.0,0,spatial_background_sample,spatial_background_reference,Meghalaya,25.84477,90.062359,2009-07-17
62.0,123.0,185.2,0.381719,1072.0,16.8421,97.6827,1,GSI_field_inventory,observed_landslide,Mizoram,23.465558,92.855991,
36.8,154.7,192.8,0.345272,23.0,1.3812,312.1145,0,spatial_background_sample,spatial_background_reference,Meghalaya,25.306996,89.845155,2025-05-31
5.3,16.3,40.0,0.402185,17.0,1.3729,132.431,0,spatial_background_sample,spatial_background_reference,Tripura,23.919345,91.236459,2009-07-10
0.0,0.5,30.2,0.37174,129.0,11.833,124.0674,1,GSI_field_inventory,observed_landslide,Mizoram,24.577475,93.19105,
19.3,39.1,68.4,0.482004,40.0,2.9535,160.0853,0,spatial_background_sample,spatial_background_reference,Tripura,23.061093,91.638829,2009-07-10
11.8,22.0,33.9,0.479994,902.0,24.2396,159.0237,0,spatial_background_sample,spatial_background_reference,Meghalaya,25.46092,90.509963,2013-08-06
47.6,83.5,110.5,0.496302,290.0,23.2863,117.4357,1,GSI_field_inventory,observed_landslide,Nagaland,25.76939,93.80278,
5.0,14.9,34.7,0.402095,110.0,8.8211,245.3686,0,spatial_background_sample,spatial_background_reference,Tripura,23.508751,91.812126,2009-07-10
24.4,45.6,95.7,0.42674,4282.0,22.486,101.2634,0,spatial_background_sample,spatial_background_reference,Arunachal Pradesh,28.803042,96.095733,2016-07-17
33.8,67.0,89.7,0.438436,72.0,3.5385,58.4684,0,spatial_background_sample,spatial_background_reference,Tripura,23.024316,91.610098,2018-05-18
2.3,10.6,25.0,0.415516,49.0,8.4079,123.16,0,spatial_background_sample,spatial_background_reference,Tripura,23.83143,91.477505,2009-07-10
17.7,63.1,97.9,0.36374,5190.0,12.3489,324.3345,0,spatial_background_sample,spatial_background_reference,Sikkim,27.536115,88.094262,2014-06-24
43.4,145.5,203.3,0.467335,56.0,1.0342,270.0,0,spatial_background_sample,spatial_background_reference,Assam,26.394624,92.38831,2022-05-15
18.2,46.3,95.5,0.4256,3385.0,35.6314,37.8541,0,spatial_background_sample,spatial_background_reference,Arunachal Pradesh,28.07949,96.807776,2016-07-17
8.6,12.3,36.7,0.382762,6446.0,63.361,346.7325,0,spatial_background_sample,spatial_background_reference,Sikkim,27.926485,88.838503,2021-06-18
0.3,5.2,11.8,0.378287,59.0,9.2391,186.2577,0,spatial_background_sample,spatial_background_reference,Tripura,24.222192,91.986221,2009-07-10
54.8,96.1,127.8,0.489204,313.0,19.588,149.6951,0,spatial_background_sample,spatial_background_reference,Meghalaya,25.775461,90.889689,2024-06-15
0.5,5.0,159.9,0.37504,103.0,3.4645,216.7497,0,spatial_background_sample,spatial_background_reference,Assam,26.774525,90.978614,2016-05-22
6.3,13.1,32.9,0.446201,28.0,6.8273,132.4756,0,spatial_background_sample,spatial_background_reference,Tripura,23.716515,91.181564,2009-07-10
4.8,15.9,31.7,0.486214,48.0,7.5942,328.0979,0,spatial_background_sample,spatial_background_reference,Tripura,23.36977,91.524283,2009-07-10
24.2,60.5,78.1,0.456738,52.0,7.5784,127.4214,0,spatial_background_sample,spatial_background_reference,Tripura,23.338711,91.608344,2018-05-18
2.7,24.4,126.8,0.432308,773.0,0.0,180.0,0,spatial_background_sample,spatial_background_reference,Manipur,24.625098,93.997725,2008-07-01
38.0,106.5,156.6,0.418951,1549.0,29.9668,327.2802,0,spatial_background_sample,spatial_background_reference,Arunachal Pradesh,28.11505,96.042202,2016-04-22
24.4,45.6,95.7,0.42674,3911.0,24.7438,341.3127,0,spatial_background_sample,spatial_background_reference,Arunachal Pradesh,28.835281,96.150387,2016-07-17
18.7,71.1,89.6,0.405372,119.0,4.15,77.1234,0,spatial_background_sample,spatial_background_reference,Tripura,23.879084,91.838113,2018-05-18
14.5,34.2,89.7,0.423143,4327.0,37.0728,15.6236,0,spatial_background_sample,spatial_background_reference,Arunachal Pradesh,29.060083,94.265158,2016-07-17
49.4,126.3,165.8,0.376667,802.0,38.9334,113.9391,1,GSI_field_inventory,observed_landslide,Mizoram,23.74916667,92.69416667,
72.6,143.6,260.9,0.38581,33.0,2.7722,311.9025,0,spatial_background_sample,spatial_background_reference,Assam,26.191166,89.769607,2016-05-17
6.7,47.7,228.4,0.427987,3121.0,58.1068,35.4101,0,spatial_background_sample,spatial_background_reference,Sikkim,27.669207,88.447675,2015-07-08
47.7,88.6,107.8,0.37651,737.0,27.1837,318.4693,1,GSI_field_inventory,observed_landslide,Mizoram,23.77361111,92.84944444,
24.7,62.6,135.7,0.427667,2915.0,23.8771,350.4907,0,spatial_background_sample,spatial_background_reference,Arunachal Pradesh,27.820137,92.986466,2016-07-17
3.2,61.4,195.5,0.491766,77.0,4.5144,65.8206,0,spatial_background_sample,spatial_background_reference,Assam,26.107521,92.966946,2019-07-16
8.3,83.8,135.9,0.404979,112.0,1.0328,90.0,0,spatial_background_sample,spatial_background_reference,Assam,26.243809,93.952039,2018-06-14
49.4,126.3,165.8,0.376667,1039.0,18.0007,310.3644,1,GSI_field_inventory,observed_landslide,Mizoram,23.74027778,92.69722222,
27.8,79.0,163.4,0.48781,121.0,2.1249,150.6432,0,spatial_background_sample,spatial_background_reference,Assam,27.261508,95.325212,2016-05-22
15.9,87.0,113.5,0.404893,65.0,7.4385,172.2107,0,spatial_background_sample,spatial_background_reference,Tripura,23.965797,91.562978,2018-05-18
8.8,22.0,36.2,0.417182,2627.0,41.9552,208.1963,0,spatial_background_sample,spatial_background_reference,Arunachal Pradesh,28.891025,95.166295,2016-04-22
8.9,48.0,148.4,0.356196,83.0,3.4645,36.7499,0,spatial_background_sample,spatial_background_reference,Assam,26.775659,92.664658,2010-04-02
26.0,112.0,202.6,0.426723,1364.0,13.1082,13.5516,0,spatial_background_sample,spatial_background_reference,Arunachal Pradesh,27.24772,93.340793,2016-07-17
8.0,44.5,58.0,0.413201,1037.0,38.5147,299.184,0,spatial_background_sample,spatial_background_reference,Arunachal Pradesh,27.832801,94.544188,2016-04-22
0.3,5.2,11.8,0.394626,66.0,0.0,180.0,0,spatial_background_sample,spatial_background_reference,Tripura,24.361636,92.057135,2009-07-10
62.4,84.9,188.4,0.415076,73.0,17.283,78.0021,0,spatial_background_sample,spatial_background_reference,Meghalaya,25.417642,89.922158,2007-07-25
51.4,100.3,144.5,0.419085,54.0,12.1349,265.6872,0,spatial_background_sample,spatial_background_reference,Meghalaya,25.179783,90.441607,2024-06-30
14.2,30.9,103.9,0.425006,3875.0,40.9974,165.3166,0,spatial_background_sample,spatial_background_reference,Arunachal Pradesh,28.275347,93.527406,2016-07-17
16.1,23.5,92.7,0.354426,5378.0,11.6567,45.138,0,spatial_background_sample,spatial_background_reference,Sikkim,27.795564,88.322288,2012-06-22
16.1,23.5,92.7,0.354426,5362.0,22.5224,200.6343,0,spatial_background_sample,spatial_background_reference,Sikkim,27.722823,88.329512,2012-06-22
18.8,125.0,235.3,0.427687,3637.0,56.0162,163.5749,0,spatial_background_sample,spatial_background_reference,Sikkim,27.550681,88.314441,2012-07-17
27.6,50.6,126.0,0.425443,3204.0,41.3425,145.7927,0,spatial_background_sample,spatial_background_reference,Arunachal Pradesh,28.038738,93.041701,2016-07-16
1.9,2.8,21.5,0.36543,5213.0,22.9624,83.4259,0,spatial_background_sample,spatial_background_reference,Sikkim,27.925748,88.704565,2021-05-18
2.3,10.6,25.0,0.480165,59.0,9.4914,219.3107,0,spatial_background_sample,spatial_background_reference,Tripura,23.655723,91.430669,2009-07-10
15.5,34.9,102.3,0.425394,4032.0,48.3058,126.196,0,spatial_background_sample,spatial_background_reference,Arunachal Pradesh,29.005839,94.411259,2016-07-16
2.2,7.0,11.9,0.415426,4501.0,28.1156,331.3581,0,spatial_background_sample,spatial_background_reference,Sikkim,27.8833,88.518684,2015-07-08
1.5,11.3,28.0,0.402128,58.0,1.3735,132.4063,0,spatial_background_sample,spatial_background_reference,Tripura,24.03077,91.844964,2009-07-10
14.0,81.7,102.6,0.403155,92.0,4.1113,47.5562,0,spatial_background_sample,spatial_background_reference,Tripura,23.86134,91.670871,2018-05-18
20.8,39.9,69.2,0.480126,726.0,14.9014,252.3129,0,spatial_background_sample,spatial_background_reference,Nagaland,26.760232,94.844294,2009-07-27
19.3,83.2,154.5,0.400625,979.0,17.9933,230.5453,1,GSI_field_inventory,observed_landslide,Mizoram,23.0983,93.17597222,
13.0,67.2,135.3,0.43682,2072.0,14.3461,67.7073,0,spatial_background_sample,spatial_background_reference,Arunachal Pradesh,27.340384,93.582622,2016-07-17
15.5,34.9,102.3,0.425394,4028.0,24.0207,19.3799,0,spatial_background_sample,spatial_background_reference,Arunachal Pradesh,28.98814,94.426179,2016-07-16
5.5,16.8,83.1,0.373146,1490.0,34.8607,182.2029,1,GSI_field_inventory,observed_landslide,Manipur,24.9252,94.3371,
4.0,4.6,28.5,0.422254,4432.0,47.6245,196.4853,0,spatial_background_sample,spatial_background_reference,Sikkim,27.89927,88.502143,2022-05-29
2.5,16.9,35.6,0.348463,5965.0,51.8793,293.1617,0,spatial_background_sample,spatial_background_reference,Sikkim,27.96657,88.815337,2012-07-17
34.5,69.1,87.9,0.47957,1012.0,4.4941,114.2959,0,spatial_background_sample,spatial_background_reference,Meghalaya,25.462855,90.447771,2007-07-19
42.3,141.4,263.1,0.497811,1000.0,49.8721,154.0987,0,spatial_background_sample,spatial_background_reference,Meghalaya,25.197897,92.583853,2007-07-25
11.1,69.7,89.9,0.405292,176.0,24.0124,96.2513,0,spatial_background_sample,spatial_background_reference,Tripura,24.099778,91.888258,2018-05-18
61.7,241.3,357.7,0.383979,621.0,36.7733,145.9432,1,GSI_field_inventory,observed_landslide,Mizoram,23.280947,92.8367,
1.5,11.3,28.0,0.404866,77.0,5.1441,259.6527,0,spatial_background_sample,spatial_background_reference,Tripura,24.08771,91.702879,2009-07-10
4.3,11.0,24.4,0.497688,1489.0,41.691,319.3572,1,GSI_field_inventory,observed_landslide,Nagaland,25.857991,94.159346,
5.8,28.1,59.8,0.413482,4861.0,28.78,145.5104,0,spatial_background_sample,spatial_background_reference,Sikkim,27.902758,88.586686,2021-08-27
33.9,86.2,104.5,0.46986,29.0,0.9264,180.0,0,spatial_background_sample,spatial_background_reference,Tripura,23.564231,91.527104,2018-05-18
17.5,62.9,79.7,0.370725,220.0,4.2395,330.7522,0,spatial_background_sample,spatial_background_reference,Assam,26.760673,90.861044,2017-06-13
22.2,33.5,82.7,0.482537,77.0,2.1228,150.7442,0,spatial_background_sample,spatial_background_reference,Assam,26.798078,93.639416,2018-08-24
89.8,217.6,297.5,0.387845,69.0,0.0,180.0,0,spatial_background_sample,spatial_background_reference,Assam,26.589182,91.52654,2022-05-14
3.7,17.4,77.9,0.378,819.0,39.3131,235.0205,1,GSI_field_inventory,observed_landslide,Mizoram,23.535,92.69694444,
33.3,130.7,236.4,0.427516,2441.0,36.177,354.2795,0,spatial_background_sample,spatial_background_reference,Arunachal Pradesh,27.459433,92.339835,2016-07-16
84.7,140.4,182.2,0.37375,982.0,35.0202,243.2259,1,GSI_field_inventory,observed_landslide,Mizoram,23.281264,92.869279,
33.7,235.2,356.1,0.372094,916.0,19.4496,103.2503,1,GSI_field_inventory,observed_landslide,Mizoram,23.313996,92.863984,
41.8,88.3,165.4,0.418525,3559.0,42.1743,119.9843,0,spatial_background_sample,spatial_background_reference,Sikkim,27.614755,88.490043,2022-06-15
18.1,29.4,89.9,0.352592,5156.0,27.1177,198.6978,0,spatial_background_sample,spatial_background_reference,Sikkim,27.572597,88.083919,2012-06-22
25.2,66.6,84.2,0.457341,134.0,4.4287,65.3199,0,spatial_background_sample,spatial_background_reference,Tripura,23.211339,91.743925,2018-05-18
26.1,80.4,102.6,0.43997,47.0,5.6313,349.7141,0,spatial_background_sample,spatial_background_reference,Tripura,23.30721,91.346307,2018-05-18
4.0,21.1,75.8,0.420085,87.0,2.073,270.0,0,spatial_background_sample,spatial_background_reference,Assam,26.693316,92.387835,2018-08-31
50.8,122.7,151.1,0.37968,207.0,15.4198,103.562,0,spatial_background_sample,spatial_background_reference,Meghalaya,25.232294,90.425232,2025-05-30
0.5,24.2,97.1,0.44181,130.0,1.0314,270.0,0,spatial_background_sample,spatial_background_reference,Assam,26.087385,93.876202,2014-06-27
2.7,12.2,20.0,0.386482,122.0,6.845,323.9224,0,spatial_background_sample,spatial_background_reference,Tripura,23.797262,91.857622,2009-07-10
32.2,214.3,317.7,0.372094,993.0,21.4154,270.5912,1,GSI_field_inventory,observed_landslide,Mizoram,23.308629,92.860039,
16.2,31.3,362.5,0.425055,146.0,1.0397,90.0,0,spatial_background_sample,spatial_background_reference,Assam,27.003624,92.840496,2014-06-27
2.7,12.2,20.0,0.392527,220.0,17.6438,297.2287,0,spatial_background_sample,spatial_background_reference,Tripura,23.825417,91.756646,2009-07-10
13.5,31.9,135.9,0.491875,85.0,7.0174,126.2843,1,GSI_field_inventory,observed_landslide,Assam,26.19530556,91.76563889,
1.0,2.9,10.4,0.371281,71.0,10.3365,51.6414,0,spatial_background_sample,spatial_background_reference,Meghalaya,25.247557,90.079856,2009-07-17
3.1,6.4,21.6,0.42344,4975.0,17.2798,200.6711,0,spatial_background_sample,spatial_background_reference,Sikkim,27.934054,88.642099,2025-07-19
13.3,64.2,79.3,0.38874,176.0,8.1637,217.9072,0,spatial_background_sample,spatial_background_reference,Tripura,23.465137,91.804119,2018-05-18
9.4,96.4,188.2,0.439403,1495.0,11.9141,355.0552,0,spatial_background_sample,spatial_background_reference,Arunachal Pradesh,27.24053,96.989754,2016-07-17
0.9,9.4,20.4,0.404866,50.0,4.218,331.2794,0,spatial_background_sample,spatial_background_reference,Tripura,24.148538,91.67199,2009-07-10
17.6,34.6,60.2,0.482278,72.0,4.211,331.454,0,spatial_background_sample,spatial_background_reference,Tripura,23.201463,91.690212,2009-07-10
29.0,85.0,112.6,0.394403,57.0,2.7772,0.0,0,spatial_background_sample,spatial_background_reference,Tripura,23.622378,91.642759,2018-05-18
34.6,55.1,115.1,0.428113,4226.0,33.5528,358.3983,0,spatial_background_sample,spatial_background_reference,Arunachal Pradesh,29.279159,96.013513,2016-07-17
14.8,57.4,99.4,0.424515,3230.0,31.2707,338.7291,0,spatial_background_sample,spatial_background_reference,Arunachal Pradesh,28.27274,96.407627,2016-07-16
4.2,50.2,67.3,0.487042,257.0,2.7668,312.0038,0,spatial_background_sample,spatial_background_reference,Meghalaya,25.772828,90.895674,2007-09-15
3.6,8.3,40.4,0.384719,5035.0,11.0285,174.6132,0,spatial_background_sample,spatial_background_reference,Sikkim,27.901332,88.257341,2025-07-19
21.0,66.5,80.0,0.45611,30.0,1.3696,227.4437,0,spatial_background_sample,spatial_background_reference,Tripura,23.344463,91.516555,2018-05-18
9.2,39.8,62.6,0.411677,4940.0,56.0181,108.4257,0,spatial_background_sample,spatial_background_reference,Sikkim,27.800143,88.852468,2013-08-28
1.7,7.6,12.6,0.387234,771.0,1.0185,90.0,0,spatial_background_sample,spatial_background_reference,Manipur,24.561185,93.924669,2018-06-22
2.8,24.6,226.3,0.496408,476.0,8.3652,282.7046,0,spatial_background_sample,spatial_background_reference,Meghalaya,25.607202,90.481871,2024-10-08
29.4,41.9,76.7,0.464603,247.0,4.1029,90.0,0,spatial_background_sample,spatial_background_reference,Nagaland,25.621942,93.456899,2009-07-27
43.0,163.7,265.8,0.377052,838.0,16.924,86.187,1,GSI_field_inventory,observed_landslide,Mizoram,23.11239,92.745417,
0.0,7.9,182.5,0.387917,30.0,2.0615,90.0,0,spatial_background_sample,spatial_background_reference,Assam,26.049039,89.976498,2016-05-22
11.7,89.2,137.0,0.485362,90.0,11.5731,37.8516,0,spatial_background_sample,spatial_background_reference,Assam,25.741994,92.87656,2016-05-17
1.1,47.6,172.1,0.438304,59.0,1.3885,131.843,0,spatial_background_sample,spatial_background_reference,Assam,26.433069,92.482831,2014-05-10
25.4,110.8,121.0,0.485728,177.0,3.2753,106.4123,0,spatial_background_sample,spatial_background_reference,Arunachal Pradesh,27.914355,96.009642,2016-07-16
61.9,120.9,163.8,0.380563,549.0,25.3917,154.6568,1,GSI_field_inventory,observed_landslide,Mizoram,23.61361111,92.80777778,
12.8,101.8,345.9,0.390156,748.0,12.0387,114.6756,1,GSI_field_inventory,observed_landslide,Mizoram,23.239287,92.74818,
33.2,81.6,114.2,0.423552,4193.0,4.2465,209.4173,0,spatial_background_sample,spatial_background_reference,Sikkim,27.534615,88.130796,2014-07-08
65.0,128.9,173.2,0.376812,874.0,17.5106,78.1569,1,GSI_field_inventory,observed_landslide,Mizoram,23.44805556,92.68333333,
12.6,35.1,51.4,0.425071,2829.0,30.4027,7.2216,0,spatial_background_sample,spatial_background_reference,Arunachal Pradesh,28.732471,96.153548,2016-04-22
35.5,98.1,141.8,0.492388,67.0,5.2371,280.1606,0,spatial_background_sample,spatial_background_reference,Assam,26.350895,92.791579,2020-06-26
6.0,15.3,45.3,0.421277,4664.0,12.3046,317.8438,0,spatial_background_sample,spatial_background_reference,Sikkim,27.916181,88.485465,2024-07-21
28.4,120.9,207.4,0.498988,1377.0,34.0461,62.9552,0,spatial_background_sample,spatial_background_reference,Arunachal Pradesh,27.541542,96.699538,2016-07-17
87.8,143.9,191.9,0.364817,52.0,10.206,135.9311,0,spatial_background_sample,spatial_background_reference,Meghalaya,25.322884,89.969051,2025-05-30
4.8,15.9,31.7,0.484531,33.0,2.2194,245.3404,0,spatial_background_sample,spatial_background_reference,Tripura,23.337209,91.471073,2009-07-10
8.7,34.9,56.1,0.48503,249.0,3.5863,301.0635,0,spatial_background_sample,spatial_background_reference,Meghalaya,25.370747,90.593183,2025-07-02
5.7,15.6,38.0,0.484674,38.0,4.4369,65.3686,0,spatial_background_sample,spatial_background_reference,Tripura,23.508936,91.33887,2009-07-10
19.0,46.2,149.1,0.425467,597.0,18.5893,125.2342,0,spatial_background_sample,spatial_background_reference,Arunachal Pradesh,28.006302,93.542201,2016-07-16
0.0,0.7,5.2,0.333107,5623.0,4.8489,319.6796,0,spatial_background_sample,spatial_background_reference,Sikkim,27.904174,88.150007,2025-07-19
7.4,10.5,39.9,0.316762,5410.0,21.7383,346.7265,0,spatial_background_sample,spatial_background_reference,Sikkim,27.976937,88.751808,2021-06-18
2.5,15.0,30.6,0.488388,71.0,5.04,336.4511,0,spatial_background_sample,spatial_background_reference,Tripura,23.394029,91.589075,2009-07-10
112.4,184.5,281.9,0.428388,2244.0,25.7039,260.3307,0,spatial_background_sample,spatial_background_reference,Sikkim,27.627527,88.461913,2021-05-18
88.1,143.9,305.6,0.403534,45.0,11.1626,190.4799,0,spatial_background_sample,spatial_background_reference,Meghalaya,25.708146,89.968656,2020-05-26
19.7,45.2,76.3,0.425915,3516.0,17.0436,74.7088,0,spatial_background_sample,spatial_background_reference,Arunachal Pradesh,28.967884,95.518241,2016-04-22
51.8,151.3,367.0,0.428177,1639.0,25.9755,76.5663,0,spatial_background_sample,spatial_background_reference,Arunachal Pradesh,27.479517,92.544695,2016-07-17
34.5,67.2,85.8,0.444283,102.0,7.4377,7.7411,0,spatial_background_sample,spatial_background_reference,Tripura,23.139551,91.577805,2018-05-18
2.2,7.5,162.4,0.485583,1475.0,24.1531,145.2091,1,GSI_field_inventory,observed_landslide,Nagaland,25.6387,94.10979,
2.7,12.2,20.0,0.400847,111.0,3.4352,216.0894,0,spatial_background_sample,spatial_background_reference,Tripura,23.853461,91.844461,2009-07-10
1.1,4.5,10.0,0.360635,5540.0,13.6157,222.7493,0,spatial_background_sample,spatial_background_reference,Sikkim,27.733089,88.317898,2024-08-21
11.1,69.7,89.9,0.405292,52.0,0.9264,0.0,0,spatial_background_sample,spatial_background_reference,Tripura,24.077295,91.933725,2018-05-18
1.9,12.3,24.2,0.402751,74.0,2.0258,270.0,0,spatial_background_sample,spatial_background_reference,Tripura,23.894578,91.470448,2009-07-10
12.6,35.1,51.4,0.421949,3151.0,32.785,41.1368,0,spatial_background_sample,spatial_background_reference,Arunachal Pradesh,28.632816,96.261379,2016-04-22
0.0,1.1,79.0,0.431164,40.0,7.2452,262.6928,0,spatial_background_sample,spatial_background_reference,Assam,26.154402,90.895836,2024-05-24
2.4,16.0,27.7,0.40685,4557.0,1.0484,90.0,0,spatial_background_sample,spatial_background_reference,Sikkim,27.919128,88.423364,2024-08-21
13.8,62.4,83.1,0.387527,104.0,0.9264,0.0,0,spatial_background_sample,spatial_background_reference,Tripura,23.898116,91.965694,2018-05-18
2.8,21.3,48.3,0.493251,607.0,10.2122,84.8504,0,spatial_background_sample,spatial_background_reference,Meghalaya,25.683076,90.871721,2025-06-25
15.9,42.7,118.3,0.424823,2758.0,41.6262,169.2824,0,spatial_background_sample,spatial_background_reference,Arunachal Pradesh,28.28837,93.783555,2016-07-16
0.9,16.3,30.3,0.420211,4936.0,12.1458,58.2697,0,spatial_background_sample,spatial_background_reference,Sikkim,27.951106,88.550103,2012-07-17
24.6,107.8,151.1,0.480631,146.0,0.0,180.0,0,spatial_background_sample,spatial_background_reference,Arunachal Pradesh,27.861333,95.89911,2016-07-17
33.7,87.3,147.0,0.426295,3334.0,15.3603,19.6433,0,spatial_background_sample,spatial_background_reference,Arunachal Pradesh,28.89483,95.266971,2016-07-17
86.0,94.4,112.0,0.49072,59.0,2.265,114.1304,0,spatial_background_sample,spatial_background_reference,Assam,26.373325,92.410568,2010-06-03
3.0,105.8,214.3,0.455583,757.0,13.5649,114.792,1,GSI_field_inventory,observed_landslide,Assam,25.13447222,93.01897222,
36.4,132.7,336.7,0.497414,267.0,13.4253,101.7254,0,spatial_background_sample,spatial_background_reference,Meghalaya,25.921826,90.491808,2022-06-17
26.8,56.4,107.1,0.42571,3339.0,26.359,231.6832,0,spatial_background_sample,spatial_background_reference,Arunachal Pradesh,29.142466,95.550162,2016-07-17
131.8,182.2,277.1,0.290207,109.0,0.0,180.0,0,spatial_background_sample,spatial_background_reference,Assam,26.756658,90.898421,2022-05-15
113.8,322.5,508.4,0.493997,75.0,4.093,270.0,0,spatial_background_sample,spatial_background_reference,Meghalaya,25.330959,90.479204,2022-06-17
54.1,313.9,433.5,0.379885,669.0,22.5162,58.1856,1,GSI_field_inventory,observed_landslide,Mizoram,23.208921,92.541174,
24.6,107.8,151.1,0.489522,358.0,4.8441,40.2532,0,spatial_background_sample,spatial_background_reference,Arunachal Pradesh,27.645598,96.060474,2016-07-17
26.3,119.1,251.5,0.42831,2563.0,31.8248,250.2024,0,spatial_background_sample,spatial_background_reference,Arunachal Pradesh,27.613848,92.490693,2016-07-17
12.0,72.0,91.0,0.409281,73.0,2.229,65.4536,0,spatial_background_sample,spatial_background_reference,Tripura,24.019244,91.802063,2018-05-18
19.6,89.5,123.9,0.487757,980.0,11.1987,94.6847,0,spatial_background_sample,spatial_background_reference,Meghalaya,25.656726,92.308043,2009-07-01
9.2,160.5,195.5,0.484671,158.0,1.3941,48.361,0,spatial_background_sample,spatial_background_reference,Arunachal Pradesh,27.244741,95.534702,2016-07-17
44.7,155.7,176.9,0.465357,82.0,16.799,71.255,0,spatial_background_sample,spatial_background_reference,Meghalaya,25.18299,90.81122,2025-05-30
15.3,25.5,48.8,0.410985,4998.0,53.9789,203.5019,0,spatial_background_sample,spatial_background_reference,Sikkim,27.813298,88.790185,2022-10-10
11.0,20.5,27.9,0.357049,4973.0,28.1078,83.0448,0,spatial_background_sample,spatial_background_reference,Sikkim,27.81875,88.736784,2023-10-04
0.5,16.3,33.1,0.401875,1081.0,52.4742,294.81,1,GSI_field_inventory,observed_landslide,Mizoram,23.89638889,92.73638889,
13.4,20.5,23.0,0.31506,6096.0,14.3588,34.8008,0,spatial_background_sample,spatial_background_reference,Sikkim,27.69953,88.253025,2023-10-04
27.0,87.2,106.2,0.394906,103.0,13.6586,158.678,0,spatial_background_sample,spatial_background_reference,Tripura,23.796423,91.823,2018-05-18
5.7,15.6,38.0,0.484674,28.0,2.7394,132.522,0,spatial_background_sample,spatial_background_reference,Tripura,23.503019,91.333437,2009-07-10
11.0,51.0,70.8,0.374674,115.0,16.3402,186.9098,0,spatial_background_sample,spatial_background_reference,Tripura,23.528212,91.925335,2018-05-18
52.3,117.8,140.2,0.418744,137.0,14.138,273.6805,0,spatial_background_sample,spatial_background_reference,Meghalaya,25.767401,90.102581,2009-07-01
10.2,75.3,92.4,0.472973,22.0,3.5521,121.3969,0,spatial_background_sample,spatial_background_reference,Tripura,23.724249,91.259373,2018-05-18
4.6,27.7,48.2,0.386497,5108.0,7.1699,334.1281,0,spatial_background_sample,spatial_background_reference,Sikkim,27.906554,88.281581,2013-08-28
7.6,20.7,39.8,0.488574,61.0,7.262,104.7015,0,spatial_background_sample,spatial_background_reference,Tripura,23.320177,91.351629,2009-07-10
10.8,52.7,172.1,0.426298,1184.0,25.4366,197.8396,0,spatial_background_sample,spatial_background_reference,Arunachal Pradesh,27.403334,93.669302,2016-07-17
5.7,15.6,38.0,0.452808,34.0,10.134,174.3336,0,spatial_background_sample,spatial_background_reference,Tripura,23.619083,91.230536,2009-07-10
24.0,180.2,211.6,0.493155,498.0,18.5433,305.342,0,spatial_background_sample,spatial_background_reference,Arunachal Pradesh,27.572414,96.163556,2016-07-17
10.1,22.5,32.8,0.406251,895.0,23.2256,334.7319,0,spatial_background_sample,spatial_background_reference,Arunachal Pradesh,28.025655,93.997314,2016-04-22
6.8,61.0,84.1,0.411153,43.0,5.0626,270.0,0,spatial_background_sample,spatial_background_reference,Tripura,24.130586,91.820159,2018-05-18
99.0,127.9,209.6,0.490353,316.0,18.6311,140.1187,0,spatial_background_sample,spatial_background_reference,Assam,26.157767,93.194184,2014-09-22
16.8,130.0,299.8,0.48194,386.0,27.4859,354.0242,0,spatial_background_sample,spatial_background_reference,Assam,26.413387,93.63455,2014-05-10
9.4,67.0,87.1,0.398626,66.0,4.1122,132.4323,0,spatial_background_sample,spatial_background_reference,Tripura,23.913094,91.649151,2018-05-18
76.9,149.1,183.0,0.376667,1025.0,11.5158,142.6113,1,GSI_field_inventory,observed_landslide,Mizoram,23.66083333,92.67277778,
26.4,59.8,149.4,0.426121,2917.0,19.9649,168.3024,0,spatial_background_sample,spatial_background_reference,Arunachal Pradesh,28.579857,94.027922,2016-07-17
36.1,62.5,122.1,0.42561,3726.0,12.4598,274.1966,0,spatial_background_sample,spatial_background_reference,Arunachal Pradesh,28.295319,96.238403,2016-07-17
38.9,84.8,158.3,0.437085,224.0,5.0201,123.5202,0,spatial_background_sample,spatial_background_reference,Arunachal Pradesh,27.970367,96.076767,2016-07-17
16.6,63.7,206.4,0.427318,2618.0,19.3694,195.0096,0,spatial_background_sample,spatial_background_reference,Arunachal Pradesh,27.37835,93.376126,2016-07-17
10.2,21.3,65.3,0.424321,3830.0,20.0478,74.5818,0,spatial_background_sample,spatial_background_reference,Arunachal Pradesh,29.151996,94.522892,2016-07-16
67.8,120.5,158.2,0.379417,795.0,17.9917,130.3902,1,GSI_field_inventory,observed_landslide,Mizoram,23.62111111,92.72444444,
0.5,6.1,152.1,0.473455,389.0,27.3178,223.9457,0,spatial_background_sample,spatial_background_reference,Nagaland,25.555327,93.425035,2024-06-01
7.6,20.7,39.8,0.419926,19.0,2.1085,208.5505,0,spatial_background_sample,spatial_background_reference,Tripura,23.226756,91.329575,2009-07-10
5.7,15.6,38.0,0.486573,36.0,7.2774,104.6692,0,spatial_background_sample,spatial_background_reference,Tripura,23.62352,91.350387,2009-07-10
26.3,69.9,184.8,0.362958,1548.0,20.8789,138.8755,1,GSI_field_inventory,observed_landslide,Mizoram,23.14788,93.323791,
6.3,13.1,32.9,0.480165,27.0,2.2241,65.3964,0,spatial_background_sample,spatial_background_reference,Tripura,23.676911,91.36268,2009-07-10
5.5,51.2,65.4,0.410759,4784.0,23.7206,92.1089,0,spatial_background_sample,spatial_background_reference,Sikkim,27.89778,88.376569,2014-07-01
9.2,39.8,62.6,0.424402,4821.0,32.9138,166.9739,0,spatial_background_sample,spatial_background_reference,Sikkim,27.542778,88.771103,2013-08-28
22.7,66.5,81.3,0.464432,49.0,4.6222,0.0,0,spatial_background_sample,spatial_background_reference,Tripura,23.271275,91.381241,2018-05-18
5.7,15.6,38.0,0.484674,53.0,8.1694,47.4825,0,spatial_background_sample,spatial_background_reference,Tripura,23.523799,91.264641,2009-07-10
56.0,150.6,279.7,0.477719,27.0,0.0,180.0,0,spatial_background_sample,spatial_background_reference,Assam,26.156651,90.331998,2016-05-17
1.5,11.3,28.0,0.403719,90.0,12.9658,147.4317,0,spatial_background_sample,spatial_background_reference,Tripura,24.04217,91.713529,2009-07-10
4.0,28.4,48.7,0.402259,5740.0,27.7198,169.973,0,spatial_background_sample,spatial_background_reference,Sikkim,27.90818,88.80836,2021-08-27
1.5,11.3,28.0,0.400847,71.0,2.1111,28.6799,0,spatial_background_sample,spatial_background_reference,Tripura,23.931924,91.836817,2009-07-10
0.4,12.4,28.0,0.388749,4955.0,7.4431,351.9554,0,spatial_background_sample,spatial_background_reference,Sikkim,27.818935,88.648758,2022-08-25
16.8,40.6,109.9,0.425024,4108.0,35.5571,13.4155,0,spatial_background_sample,spatial_background_reference,Arunachal Pradesh,28.656986,93.700016,2016-07-17
8.7,19.7,34.2,0.416362,3078.0,36.1113,317.0072,0,spatial_background_sample,spatial_background_reference,Arunachal Pradesh,28.644101,94.23684,2016-04-22
49.4,126.3,165.8,0.376667,900.0,22.3116,203.4874,1,GSI_field_inventory,observed_landslide,Mizoram,23.71735556,92.70753333,
118.4,169.1,246.8,0.363687,793.0,25.8645,81.8418,1,GSI_field_inventory,observed_landslide,Mizoram,23.193468,92.734849,
6.3,13.4,23.3,0.318728,5686.0,5.0149,303.5592,0,spatial_background_sample,spatial_background_reference,Sikkim,27.810562,88.208608,2014-07-08
16.0,180.6,212.0,0.492507,792.0,23.5204,137.9899,0,spatial_background_sample,spatial_background_reference,Arunachal Pradesh,27.355266,96.507893,2016-07-17
90.3,142.2,161.6,0.466482,56.0,1.8523,0.0,0,spatial_background_sample,spatial_background_reference,Assam,26.359195,92.009367,2022-05-14
50.3,261.5,389.0,0.380031,591.0,23.5181,82.5194,1,GSI_field_inventory,observed_landslide,Mizoram,23.197283,92.632661,
19.8,37.4,71.8,0.478016,106.0,1.3943,228.3696,0,spatial_background_sample,spatial_background_reference,Assam,27.278423,95.049274,2020-06-02
10.1,14.6,43.7,0.393408,4702.0,28.0363,335.6335,0,spatial_background_sample,spatial_background_reference,Sikkim,27.973032,88.573908,2012-06-22
7.8,42.4,53.9,0.485751,418.0,17.045,83.9452,0,spatial_background_sample,spatial_background_reference,Meghalaya,25.62941,90.632837,2019-06-27
1.5,11.3,28.0,0.392711,102.0,3.1746,253.05,0,spatial_background_sample,spatial_background_reference,Tripura,23.88924,91.867386,2009-07-10
27.5,238.2,661.5,0.406333,1075.0,20.6196,47.3436,1,GSI_field_inventory,observed_landslide,Manipur,22.873558,92.755953,
17.5,19.3,23.8,0.389677,923.0,15.9504,242.1429,1,GSI_field_inventory,observed_landslide,Mizoram,24.09210556,93.29866667,
4.7,156.0,314.0,0.405542,49.0,5.8806,231.0479,1,GSI_field_inventory,observed_landslide,Assam,24.57025,92.685,
25.3,98.6,119.6,0.409088,75.0,7.5679,291.4146,0,spatial_background_sample,spatial_background_reference,Tripura,23.778551,91.496263,2018-05-18
93.3,158.0,173.6,0.379844,628.0,36.4956,221.9334,1,GSI_field_inventory,observed_landslide,Mizoram,23.54277778,92.67472222,
42.8,121.4,192.6,0.49801,33.0,4.6844,299.5967,1,GSI_field_inventory,observed_landslide,Assam,24.659389,92.497361,
19.0,51.9,86.7,0.422146,997.0,24.8931,54.8585,1,GSI_field_inventory,observed_landslide,Mizoram,23.4807,92.7025,
13.6,27.9,42.7,0.415685,648.0,35.754,112.444,0,spatial_background_sample,spatial_background_reference,Arunachal Pradesh,28.986549,94.916112,2016-04-22
5.5,52.3,113.3,0.413064,68.0,10.1352,174.2609,0,spatial_background_sample,spatial_background_reference,Meghalaya,25.237837,90.200128,2025-06-25
7.9,27.9,170.4,0.489379,338.0,18.5775,136.1902,0,spatial_background_sample,spatial_background_reference,Meghalaya,25.385594,90.446614,2007-08-18
11.4,24.7,79.2,0.425951,3892.0,22.448,141.5127,0,spatial_background_sample,spatial_background_reference,Arunachal Pradesh,28.306794,93.353124,2016-07-17
49.4,108.6,154.4,0.376667,1031.0,22.7696,244.898,1,GSI_field_inventory,observed_landslide,Mizoram,23.70027778,92.71611111,
13.1,26.9,153.0,0.378192,100.0,9.2401,186.3162,0,spatial_background_sample,spatial_background_reference,Meghalaya,25.385768,89.852586,2018-05-07
79.8,111.0,197.4,0.423872,2049.0,18.7804,220.4637,0,spatial_background_sample,spatial_background_reference,Arunachal Pradesh,28.446186,95.595039,2016-07-17
5.3,13.7,32.8,0.414231,4777.0,37.32,158.9474,0,spatial_background_sample,spatial_background_reference,Sikkim,27.666034,88.839303,2022-08-25
5.0,14.9,34.7,0.427561,46.0,6.1238,318.8991,0,spatial_background_sample,spatial_background_reference,Tripura,23.504782,91.644054,2009-07-10
10.7,58.2,63.3,0.480381,70.0,2.2671,65.8937,0,spatial_background_sample,spatial_background_reference,Assam,26.503428,92.783765,2018-06-14
21.5,68.8,120.5,0.424923,3783.0,33.7892,80.2618,0,spatial_background_sample,spatial_background_reference,Arunachal Pradesh,28.040864,96.870654,2016-07-16
28.3,58.0,116.3,0.4256,3162.0,41.4601,32.6593,0,spatial_background_sample,spatial_background_reference,Arunachal Pradesh,28.140333,96.74649,2016-07-17
79.8,111.0,197.4,0.423872,1943.0,36.2047,313.217,0,spatial_background_sample,spatial_background_reference,Arunachal Pradesh,28.478095,95.558957,2016-07-17
105.6,157.1,188.0,0.48742,1085.0,24.9443,268.0078,0,spatial_background_sample,spatial_background_reference,Meghalaya,25.255991,92.541884,2024-06-15
21.4,75.5,91.2,0.465888,58.0,2.9543,340.042,0,spatial_background_sample,spatial_background_reference,Tripura,23.376165,91.392334,2018-05-18
40.6,184.3,310.9,0.484624,92.0,3.2526,106.5306,0,spatial_background_sample,spatial_background_reference,Assam,27.078649,94.557706,2010-04-02
2.5,15.0,30.6,0.408042,151.0,8.1664,142.0683,0,spatial_background_sample,spatial_background_reference,Tripura,23.58125,91.604537,2009-07-10
2.7,12.2,20.0,0.391854,270.0,21.8248,255.9802,0,spatial_background_sample,spatial_background_reference,Tripura,23.716258,91.743992,2009-07-10
17.7,68.4,117.6,0.424324,2106.0,61.357,105.8895,0,spatial_background_sample,spatial_background_reference,Arunachal Pradesh,28.173234,96.352381,2016-07-16
13.6,24.6,26.7,0.34229,6442.0,35.2258,330.4819,0,spatial_background_sample,spatial_background_reference,Sikkim,27.981671,88.686845,2023-10-04
13.9,60.8,122.6,0.4256,3604.0,23.7787,252.9272,0,spatial_background_sample,spatial_background_reference,Arunachal Pradesh,27.996982,96.864645,2016-07-17
72.9,161.8,269.6,0.476506,115.0,1.3943,131.6312,0,spatial_background_sample,spatial_background_reference,Assam,27.27509,95.24361,2022-05-15
24.0,180.2,211.6,0.493207,1029.0,29.1598,113.9361,0,spatial_background_sample,spatial_background_reference,Arunachal Pradesh,27.403545,96.296497,2016-07-17
25.8,41.3,84.3,0.42308,3914.0,32.8232,318.7673,0,spatial_background_sample,spatial_background_reference,Arunachal Pradesh,28.984743,96.177113,2016-07-17
12.8,169.0,209.5,0.492043,262.0,17.9472,356.7846,0,spatial_background_sample,spatial_background_reference,Arunachal Pradesh,27.122146,95.476668,2016-07-16
3.7,55.8,136.4,0.483673,274.0,13.5771,227.9682,0,spatial_background_sample,spatial_background_reference,Nagaland,25.656115,93.596514,2025-07-07
9.9,65.6,82.8,0.40918,70.0,2.0283,90.0,0,spatial_background_sample,spatial_background_reference,Tripura,24.057624,91.697086,2018-05-18
38.2,209.9,428.2,0.462226,92.0,2.1253,209.3739,0,spatial_background_sample,spatial_background_reference,Assam,27.339322,94.406844,2022-05-15
29.4,110.0,172.5,0.427597,2948.0,24.5101,92.0324,0,spatial_background_sample,spatial_background_reference,Arunachal Pradesh,27.480625,92.372328,2016-07-16
19.5,78.5,128.1,0.489336,1091.0,17.5066,258.1675,0,spatial_background_sample,spatial_background_reference,Arunachal Pradesh,27.077999,92.870501,2016-07-17
55.7,86.2,157.5,0.425845,2907.0,6.386,261.6932,0,spatial_background_sample,spatial_background_reference,Arunachal Pradesh,28.832816,95.645481,2016-07-17
18.2,46.3,95.5,0.426746,3407.0,36.1788,354.2434,0,spatial_background_sample,spatial_background_reference,Arunachal Pradesh,28.147386,96.932861,2016-07-17
36.7,120.7,258.8,0.427973,1346.0,37.8617,192.1569,0,spatial_background_sample,spatial_background_reference,Arunachal Pradesh,27.263623,92.85453,2016-07-17
21.9,85.1,210.5,0.487674,90.0,2.7772,180.0,0,spatial_background_sample,spatial_background_reference,Assam,27.108912,94.431252,2016-05-22
20.2,29.5,73.5,0.428484,4410.0,26.6815,303.1603,0,spatial_background_sample,spatial_background_reference,Sikkim,27.871094,88.690371,2012-06-22
36.3,70.3,170.7,0.425929,1453.0,25.4746,324.5414,0,spatial_background_sample,spatial_background_reference,Arunachal Pradesh,28.650649,94.749093,2016-07-16
49.4,108.6,154.4,0.376667,983.0,28.765,21.7399,1,GSI_field_inventory,observed_landslide,Mizoram,23.71638889,92.72111111,
3.0,105.8,214.3,0.480427,590.0,28.4589,74.8515,1,GSI_field_inventory,observed_landslide,Assam,25.17597222,93.02016667,
1.5,11.3,28.0,0.399807,96.0,4.9038,124.4293,0,spatial_background_sample,spatial_background_reference,Tripura,23.942173,91.745855,2009-07-10
35.8,81.3,135.2,0.409253,132.0,2.123,150.7361,0,spatial_background_sample,spatial_background_reference,Assam,26.835458,92.375022,2018-08-24
17.1,76.4,126.8,0.425845,4795.0,24.8019,251.644,0,spatial_background_sample,spatial_background_reference,Arunachal Pradesh,27.772205,92.127353,2016-07-16
0.4,6.8,19.0,0.402174,5192.0,45.7537,352.8531,0,spatial_background_sample,spatial_background_reference,Sikkim,27.608347,88.181915,2022-08-25
11.5,42.3,55.6,0.370646,971.0,25.3627,320.2058,1,GSI_field_inventory,observed_landslide,Manipur,24.90139,93.45389,
17.6,34.6,60.2,0.476865,47.0,4.0231,90.0,0,spatial_background_sample,spatial_background_reference,Tripura,23.130378,91.690216,2009-07-10
7.6,9.3,30.2,0.408329,4897.0,3.2789,73.6059,0,spatial_background_sample,spatial_background_reference,Sikkim,28.040757,88.633813,2012-06-22
3.5,8.3,30.6,0.414214,5186.0,27.3931,122.0365,0,spatial_background_sample,spatial_background_reference,Sikkim,27.942304,88.355965,2022-10-10
21.7,73.4,91.9,0.460333,60.0,3.164,107.0083,0,spatial_background_sample,spatial_background_reference,Tripura,23.412695,91.492654,2018-05-18
36.3,93.0,110.9,0.435519,77.0,9.6564,18.1364,0,spatial_background_sample,spatial_background_reference,Tripura,23.668867,91.487661,2018-05-18
34.7,70.9,112.0,0.420999,1712.0,15.5383,83.3208,0,spatial_background_sample,spatial_background_reference,Arunachal Pradesh,28.563985,95.702349,2016-04-22
2.5,15.0,30.6,0.48514,18.0,2.1093,151.407,0,spatial_background_sample,spatial_background_reference,Tripura,23.46105,91.42824,2009-07-10
87.6,137.8,243.5,0.483052,102.0,11.9583,57.6956,0,spatial_background_sample,spatial_background_reference,Meghalaya,25.410406,90.172476,2020-05-26
11.6,75.4,89.6,0.389427,46.0,4.0611,90.0,0,spatial_background_sample,spatial_background_reference,Tripura,24.358839,92.176874,2018-05-18
20.8,53.1,133.7,0.424853,1012.0,55.8773,129.4574,0,spatial_background_sample,spatial_background_reference,Arunachal Pradesh,28.375352,94.898646,2016-07-16
24.6,107.8,151.1,0.480631,154.0,1.3985,48.5211,0,spatial_background_sample,spatial_background_reference,Arunachal Pradesh,27.862993,95.922528,2016-07-17
7.8,42.6,77.1,0.423844,1111.0,31.4003,237.0676,1,GSI_field_inventory,observed_landslide,Mizoram,23.60830556,92.85058333,
37.3,131.6,201.2,0.437262,2418.0,39.4722,38.2434,0,spatial_background_sample,spatial_background_reference,Arunachal Pradesh,27.357449,96.955628,2016-07-16
13.2,74.4,153.6,0.425917,4316.0,22.6929,308.2206,0,spatial_background_sample,spatial_background_reference,Sikkim,27.632296,88.254288,2021-08-27
9.1,20.0,67.7,0.420659,3398.0,53.0461,341.5885,0,spatial_background_sample,spatial_background_reference,Sikkim,27.64685,88.386733,2024-08-21
11.9,32.6,61.2,0.491092,90.0,3.8424,15.6366,0,spatial_background_sample,spatial_background_reference,Assam,26.722295,93.971092,2020-06-05
4.2,8.5,12.6,0.392711,95.0,10.009,203.626,0,spatial_background_sample,spatial_background_reference,Tripura,23.874582,91.88021,2009-07-10
5.1,18.3,40.1,0.385865,803.0,29.4885,267.5391,1,GSI_field_inventory,observed_landslide,Mizoram,23.52972222,92.69611111,
1.3,20.2,189.0,0.341378,138.0,3.4653,143.2317,0,spatial_background_sample,spatial_background_reference,Assam,26.85161,92.18227,2016-05-22
25.8,41.3,84.3,0.42674,4002.0,23.4422,63.4175,0,spatial_background_sample,spatial_background_reference,Arunachal Pradesh,28.876239,96.153826,2016-07-17
13.7,77.8,159.8,0.426055,4196.0,22.4079,218.344,0,spatial_background_sample,spatial_background_reference,Arunachal Pradesh,27.753758,96.911593,2016-07-17
17.8,33.7,91.4,0.420098,4851.0,10.1373,174.1438,0,spatial_background_sample,spatial_background_reference,Sikkim,27.583067,88.197118,2021-06-18
20.3,44.9,49.5,0.419521,833.0,27.2393,187.8981,1,GSI_field_inventory,observed_landslide,Mizoram,23.74416667,92.85555556,
60.8,170.8,252.3,0.401814,99.0,4.2471,282.5761,0,spatial_background_sample,spatial_background_reference,Assam,26.829349,92.553788,2016-05-17
3.0,18.0,119.4,0.480187,651.0,33.8461,190.3705,1,GSI_field_inventory,observed_landslide,Assam,25.15713889,93.01719444,
3.3,3.6,6.1,0.39001,570.0,25.8758,353.1464,1,GSI_field_inventory,observed_landslide,Mizoram,24.64528611,93.28593611,
38.4,98.3,134.2,0.37651,1118.0,3.1755,73.0358,1,GSI_field_inventory,observed_landslide,Mizoram,23.77361111,92.76111111,
15.0,29.0,106.3,0.422789,1803.0,29.0475,307.69,0,spatial_background_sample,spatial_background_reference,Arunachal Pradesh,27.995995,93.989683,2016-07-17
26.1,80.4,102.6,0.43997,21.0,2.737,47.432,0,spatial_background_sample,spatial_background_reference,Tripura,23.289886,91.339977,2018-05-18
0.0,0.0,1.4,0.351976,5337.0,22.1125,238.8454,0,spatial_background_sample,spatial_background_reference,Sikkim,27.925526,88.769968,2022-11-20
60.9,148.4,174.6,0.333336,192.0,9.2389,6.2462,0,spatial_background_sample,spatial_background_reference,Mizoram,23.985521,92.537955,2024-05-28
6.7,66.4,92.7,0.320472,5525.0,18.7538,44.4096,0,spatial_background_sample,spatial_background_reference,Sikkim,27.783789,88.244829,2014-07-01
44.3,156.7,217.4,0.426649,3731.0,28.1636,35.367,0,spatial_background_sample,spatial_background_reference,Sikkim,27.494391,88.183209,2014-06-24
4.7,34.0,72.8,0.38432,5080.0,52.3486,318.4627,0,spatial_background_sample,spatial_background_reference,Arunachal Pradesh,27.842426,92.179201,2016-07-17
39.5,68.0,147.7,0.425685,3315.0,34.7504,136.2654,0,spatial_background_sample,spatial_background_reference,Arunachal Pradesh,28.765069,94.476502,2016-07-17
3.5,6.3,16.6,0.417775,5261.0,6.5408,350.8158,0,spatial_background_sample,spatial_background_reference,Sikkim,27.923684,88.246113,2024-07-21
43.0,188.3,195.6,0.440984,109.0,2.7772,180.0,0,spatial_background_sample,spatial_background_reference,Assam,27.598538,94.847263,2025-05-31
21.3,46.9,93.7,0.405016,2318.0,39.7639,166.3149,0,spatial_background_sample,spatial_background_reference,Manipur,25.378282,93.904159,2018-05-03
2.8,5.1,9.9,0.417631,5302.0,50.1161,96.2057,0,spatial_background_sample,spatial_background_reference,Sikkim,27.936313,88.484283,2014-07-08
4.7,6.9,23.9,0.341607,5146.0,30.2099,141.0407,0,spatial_background_sample,spatial_background_reference,Sikkim,27.950645,88.77106,2021-05-18
25.5,67.3,125.9,0.426585,4200.0,42.6911,45.4821,0,spatial_background_sample,spatial_background_reference,Arunachal Pradesh,27.75086,91.657316,2016-07-16
25.7,80.6,124.8,0.414342,2747.0,40.2227,173.8131,0,spatial_background_sample,spatial_background_reference,Sikkim,27.501451,88.425191,2023-10-04
1.6,7.6,20.7,0.419804,5103.0,7.7633,306.3723,0,spatial_background_sample,spatial_background_reference,Sikkim,27.89304,88.307638,2014-07-08
28.1,56.6,124.2,0.47996,179.0,2.9683,200.6908,0,spatial_background_sample,spatial_background_reference,Arunachal Pradesh,28.046232,95.718572,2016-07-17
3.1,21.9,161.1,0.406079,87.0,0.9264,0.0,0,spatial_background_sample,spatial_background_reference,Assam,26.892102,92.894878,2016-05-22
5.8,67.1,118.7,0.411624,29.0,2.2593,65.8043,0,spatial_background_sample,spatial_background_reference,Assam,26.018079,90.318961,2020-06-02
10.1,35.0,71.5,0.41022,4824.0,3.4734,36.9456,0,spatial_background_sample,spatial_background_reference,Sikkim,27.569888,88.102995,2024-08-21
30.9,110.8,181.9,0.493269,839.0,24.5673,135.0251,0,spatial_background_sample,spatial_background_reference,Meghalaya,25.738242,91.442184,2014-09-23
25.7,96.6,134.3,0.406156,766.0,29.0164,256.4985,1,GSI_field_inventory,observed_landslide,Mizoram,23.73666667,92.85611111,
26.6,107.2,179.4,0.483549,2478.0,23.2798,347.7217,0,spatial_background_sample,spatial_background_reference,Arunachal Pradesh,27.918632,96.5764,2016-07-17
7.6,9.3,30.2,0.390104,5074.0,39.4071,249.2528,0,spatial_background_sample,spatial_background_reference,Sikkim,27.884976,88.818663,2012-06-22
4.3,12.4,51.8,0.454223,214.0,5.5485,326.3317,0,spatial_background_sample,spatial_background_reference,Assam,25.744336,93.533862,2020-06-02
0.0,43.1,142.0,0.479098,124.0,3.2724,286.4276,0,spatial_background_sample,spatial_background_reference,Assam,27.807521,95.384568,2011-03-23
6.5,35.8,100.6,0.425186,2426.0,19.7977,171.1909,0,spatial_background_sample,spatial_background_reference,Arunachal Pradesh,28.365402,94.104577,2016-07-16
7.6,9.3,30.2,0.358443,6278.0,22.8531,272.1988,0,spatial_background_sample,spatial_background_reference,Sikkim,27.984377,88.665136,2012-06-22
0.3,5.2,11.8,0.378287,70.0,6.6678,245.4838,0,spatial_background_sample,spatial_background_reference,Tripura,24.197851,91.956396,2009-07-10
18.0,72.0,122.9,0.40499,911.0,17.3221,108.9287,1,GSI_field_inventory,observed_landslide,Mizoram,23.20960722,93.13104722,
5.5,87.7,135.6,0.485119,411.0,16.9358,162.9058,0,spatial_background_sample,spatial_background_reference,Meghalaya,25.410612,90.35948,2014-09-23
20.4,20.9,28.8,0.406333,421.0,39.8112,207.911,1,GSI_field_inventory,observed_landslide,Mizoram,24.10743611,93.09532222,
1.5,11.3,28.0,0.404493,79.0,3.4372,323.8662,0,spatial_background_sample,spatial_background_reference,Tripura,24.06316,91.806902,2009-07-10
38.3,119.6,360.2,0.497363,101.0,2.1258,209.3972,0,spatial_background_sample,spatial_background_reference,Assam,27.444509,94.651099,2017-07-04
21.8,66.9,85.6,0.456286,110.0,4.6222,0.0,0,spatial_background_sample,spatial_background_reference,Tripura,23.305624,91.705367,2018-05-18
61.9,120.9,163.8,0.379417,822.0,27.1194,248.6857,1,GSI_field_inventory,observed_landslide,Mizoram,23.64388889,92.72583333,
15.0,23.5,30.4,0.410503,1742.0,20.6551,247.2918,0,spatial_background_sample,spatial_background_reference,Arunachal Pradesh,27.938315,93.572163,2016-04-22
19.3,39.1,68.4,0.47807,78.0,12.3072,53.6352,0,spatial_background_sample,spatial_background_reference,Tripura,23.016202,91.629567,2009-07-10
33.7,87.3,147.0,0.426393,3539.0,22.2728,83.1981,0,spatial_background_sample,spatial_background_reference,Arunachal Pradesh,28.991422,95.191997,2016-07-17
30.7,102.3,214.2,0.367354,663.0,27.8033,208.9656,1,GSI_field_inventory,observed_landslide,Mizoram,23.198136,93.166988,
158.1,237.5,278.5,0.440807,660.0,28.8515,3.718,0,spatial_background_sample,spatial_background_reference,Meghalaya,25.146759,92.60034,2025-05-30
14.7,91.9,240.2,0.380208,1010.0,25.003,278.4831,1,GSI_field_inventory,observed_landslide,Mizoram,22.895235,92.747812,
12.6,185.5,216.4,0.490531,179.0,2.1262,150.5803,0,spatial_background_sample,spatial_background_reference,Arunachal Pradesh,27.545581,96.050802,2016-07-17
6.7,66.4,92.7,0.320472,5918.0,45.733,29.9042,0,spatial_background_sample,spatial_background_reference,Sikkim,27.725661,88.28965,2014-07-01
15.9,25.7,45.5,0.468938,77.0,1.0376,90.0,0,spatial_background_sample,spatial_background_reference,Assam,26.769955,93.318883,2020-06-02
2.8,5.0,20.4,0.411147,5406.0,33.4446,267.1936,0,spatial_background_sample,spatial_background_reference,Sikkim,28.069861,88.612578,2021-06-18
15.2,141.3,175.6,0.411964,63.0,6.873,47.8759,0,spatial_background_sample,spatial_background_reference,Meghalaya,25.266474,90.075763,2025-05-31
23.5,46.1,139.9,0.425744,2724.0,46.4294,359.0016,0,spatial_background_sample,spatial_background_reference,Arunachal Pradesh,28.020517,93.250891,2016-07-16
0.3,5.2,11.8,0.3935,24.0,2.2341,294.4868,0,spatial_background_sample,spatial_background_reference,Tripura,24.370456,91.997262,2009-07-10
18.8,188.0,268.5,0.474682,55.0,1.3885,228.1554,0,spatial_background_sample,spatial_background_reference,Assam,26.42651,92.04401,2025-05-31
17.5,39.4,62.3,0.42797,4244.0,25.5243,310.0461,0,spatial_background_sample,spatial_background_reference,Sikkim,27.784432,88.806786,2014-07-08
1.5,11.3,28.0,0.402128,191.0,14.0929,320.6143,0,spatial_background_sample,spatial_background_reference,Tripura,24.00215,91.777574,2009-07-10
0.3,5.2,11.8,0.375207,136.0,20.9413,319.5123,0,spatial_background_sample,spatial_background_reference,Tripura,24.348104,92.080342,2009-07-10
0.0,0.0,2.1,0.385156,4298.0,6.2579,90.0,0,spatial_background_sample,spatial_background_reference,Sikkim,27.78118,88.775423,2022-11-20
108.6,309.8,358.3,0.462938,159.0,30.1999,223.1049,1,GSI_field_inventory,observed_landslide,Meghalaya,25.09178,92.35469,
30.6,105.4,156.6,0.425808,4285.0,25.0119,339.3477,0,spatial_background_sample,spatial_background_reference,Sikkim,27.826203,88.595502,2014-06-24
23.4,52.4,65.3,0.420369,2267.0,18.2605,213.5818,0,spatial_background_sample,spatial_background_reference,Arunachal Pradesh,27.628182,93.499616,2016-04-22
58.0,149.6,195.9,0.427067,1565.0,15.0559,147.3049,0,spatial_background_sample,spatial_background_reference,Arunachal Pradesh,27.094101,92.131549,2016-07-16
5.6,23.1,32.6,0.427653,4901.0,12.9929,225.5106,0,spatial_background_sample,spatial_background_reference,Sikkim,27.858904,88.328464,2013-08-28
32.3,66.4,86.6,0.419179,1230.0,42.6033,28.4643,0,spatial_background_sample,spatial_background_reference,Arunachal Pradesh,27.703488,93.111672,2016-04-22
79.8,111.0,197.4,0.425693,2196.0,41.145,204.9326,0,spatial_background_sample,spatial_background_reference,Arunachal Pradesh,28.597496,95.484986,2016-07-17
16.8,27.4,90.4,0.427037,4182.0,7.5268,75.8326,0,spatial_background_sample,spatial_background_reference,Sikkim,27.93043,88.535935,2022-10-10
2.2,27.2,36.7,0.488015,378.0,7.9744,202.5693,0,spatial_background_sample,spatial_background_reference,Nagaland,25.54588,93.337029,2018-08-23
0.3,7.4,17.0,0.413173,4519.0,8.6142,57.745,0,spatial_background_sample,spatial_background_reference,Sikkim,27.931874,88.59981,2022-08-25
45.1,150.1,295.2,0.427753,2344.0,18.7807,183.0799,0,spatial_background_sample,spatial_background_reference,Arunachal Pradesh,27.748063,92.638045,2016-07-16
2.1,4.7,13.4,0.41618,4986.0,73.627,323.8639,0,spatial_background_sample,spatial_background_reference,Sikkim,27.604865,88.182461,2021-05-18
5.0,14.9,34.7,0.392342,143.0,6.1259,138.8759,0,spatial_background_sample,spatial_background_reference,Tripura,23.611836,91.858933,2009-07-10
20.5,69.9,117.9,0.426869,4829.0,28.9536,15.3175,0,spatial_background_sample,spatial_background_reference,Arunachal Pradesh,27.737022,92.119593,2016-07-16
10.6,28.2,51.2,0.395164,3766.0,71.4495,145.5655,0,spatial_background_sample,spatial_background_reference,Arunachal Pradesh,29.164136,96.120074,2016-04-22
116.1,216.3,321.5,0.454949,137.0,3.2463,73.4361,0,spatial_background_sample,spatial_background_reference,Assam,26.838937,92.175194,2022-05-15
0.5,6.1,13.1,0.385262,75.0,0.0,180.0,0,spatial_background_sample,spatial_background_reference,Tripura,24.000658,91.971449,2009-07-10
19.7,45.3,120.2,0.422379,4192.0,28.0185,24.2713,0,spatial_background_sample,spatial_background_reference,Sikkim,27.490518,88.268696,2021-06-18
42.7,90.3,100.6,0.393141,80.0,4.2386,29.2261,0,spatial_background_sample,spatial_background_reference,Assam,26.659659,92.397768,2017-06-13
27.2,56.2,138.4,0.426415,2301.0,27.2003,228.6463,0,spatial_background_sample,spatial_background_reference,Arunachal Pradesh,28.335362,93.547568,2016-07-17
35.4,71.6,90.2,0.444283,97.0,4.7707,39.1959,0,spatial_background_sample,spatial_background_reference,Tripura,23.114103,91.58477,2018-05-18
76.3,128.6,228.4,0.426387,1480.0,22.9676,331.3449,0,spatial_background_sample,spatial_background_reference,Arunachal Pradesh,28.932658,94.678868,2016-07-17
4.2,8.5,12.6,0.392711,142.0,13.7086,329.5119,0,spatial_background_sample,spatial_background_reference,Tripura,23.856367,91.914242,2009-07-10
49.7,110.7,136.8,0.488193,295.0,15.5257,144.5737,0,spatial_background_sample,spatial_background_reference,Meghalaya,25.349839,90.592759,2007-07-19
2.5,4.0,12.8,0.306393,5351.0,11.8084,148.2955,0,spatial_background_sample,spatial_background_reference,Sikkim,27.992199,88.804764,2022-10-10
27.9,47.7,364.0,0.493768,45.0,4.6222,180.0,0,spatial_background_sample,spatial_background_reference,Assam,26.007802,90.820268,2024-07-05
4.2,8.5,12.6,0.378479,236.0,11.9745,270.0,0,spatial_background_sample,spatial_background_reference,Tripura,23.813462,91.960603,2009-07-10
0.4,6.8,19.0,0.402174,4780.0,6.514,286.4527,0,spatial_background_sample,spatial_background_reference,Sikkim,27.631786,88.178981,2022-08-25
29.2,69.5,87.0,0.442007,40.0,7.0143,90.0,0,spatial_background_sample,spatial_background_reference,Tripura,23.08371,91.704559,2018-05-18
13.5,89.6,177.3,0.426432,4382.0,32.1537,64.0689,0,spatial_background_sample,spatial_background_reference,Sikkim,27.540847,88.139646,2021-08-27
10.1,14.6,43.7,0.407731,5364.0,38.1751,345.1533,0,spatial_background_sample,spatial_background_reference,Sikkim,28.005624,88.544495,2012-06-22
23.7,95.4,132.2,0.405021,966.0,36.6566,277.185,1,GSI_field_inventory,observed_landslide,Mizoram,23.74722222,92.71805556,
49.4,108.6,154.4,0.376667,963.0,33.2424,163.1434,1,GSI_field_inventory,observed_landslide,Mizoram,23.7104,92.72237778,
17.8,25.3,37.5,0.480993,65.0,2.7772,0.0,0,spatial_background_sample,spatial_background_reference,Assam,26.518118,91.628355,2010-06-16
10.4,55.7,99.2,0.420073,5139.0,47.2066,298.6222,0,spatial_background_sample,spatial_background_reference,Sikkim,27.526784,88.229342,2021-08-27
32.5,83.8,120.4,0.463405,165.0,5.8734,61.8652,0,spatial_background_sample,spatial_background_reference,Arunachal Pradesh,26.973086,93.018683,2016-07-16
23.8,66.3,82.1,0.456738,44.0,2.1088,208.567,0,spatial_background_sample,spatial_background_reference,Tripura,23.317789,91.551024,2018-05-18
41.1,129.6,236.1,0.380969,869.0,4.8649,211.1446,1,GSI_field_inventory,observed_landslide,Mizoram,23.170678,92.899334,
2.2,11.4,38.8,0.42321,148.0,2.7772,0.0,0,spatial_background_sample,spatial_background_reference,Assam,27.426177,95.59795,2024-05-24
18.4,72.6,103.8,0.422929,1524.0,39.7114,208.8266,0,spatial_background_sample,spatial_background_reference,Arunachal Pradesh,27.338664,92.6982,2016-04-22
17.9,36.2,61.0,0.394917,1309.0,24.5839,181.6581,1,GSI_field_inventory,observed_landslide,Mizoram,23.49216111,93.23695,
61.9,120.9,163.8,0.379417,867.0,22.5487,108.7623,1,GSI_field_inventory,observed_landslide,Mizoram,23.63111111,92.72388889,
3.9,6.2,56.8,0.402298,4385.0,27.3754,205.0975,0,spatial_background_sample,spatial_background_reference,Sikkim,27.93818,88.505038,2021-05-18
15.2,69.8,123.2,0.420275,464.0,19.1985,208.0794,0,spatial_background_sample,spatial_background_reference,Arunachal Pradesh,27.389663,94.012884,2016-07-16
2.4,5.8,23.7,0.398699,5121.0,22.8491,267.8008,0,spatial_background_sample,spatial_background_reference,Sikkim,27.962946,88.739556,2024-07-21
16.6,63.7,206.4,0.426525,1886.0,14.2934,314.2774,0,spatial_background_sample,spatial_background_reference,Arunachal Pradesh,27.570165,93.508231,2016-07-17
0.4,1.7,25.2,0.393424,5219.0,14.6432,188.047,0,spatial_background_sample,spatial_background_reference,Sikkim,27.85246,88.864597,2022-05-29
24.0,46.0,238.3,0.430545,41.0,1.0341,270.0,0,spatial_background_sample,spatial_background_reference,Assam,26.390017,90.129032,2014-06-27
9.5,51.5,68.3,0.379405,41.0,9.4771,106.8933,0,spatial_background_sample,spatial_background_reference,Tripura,24.344184,91.954858,2018-05-18
29.1,239.5,335.7,0.370698,779.0,12.3831,160.0609,1,GSI_field_inventory,observed_landslide,Mizoram,23.239797,92.744214,
28.3,58.0,116.3,0.42665,4308.0,28.2725,293.0068,0,spatial_background_sample,spatial_background_reference,Arunachal Pradesh,28.128241,96.816875,2016-07-17
41.3,64.3,115.9,0.425408,3480.0,34.541,164.3921,0,spatial_background_sample,spatial_background_reference,Arunachal Pradesh,29.179943,94.7205,2016-07-17
25.1,68.8,141.5,0.426275,2647.0,32.2772,341.3001,0,spatial_background_sample,spatial_background_reference,Arunachal Pradesh,28.558078,95.32979,2016-07-16
2.8,14.6,65.4,0.490121,387.0,8.3602,282.7125,0,spatial_background_sample,spatial_background_reference,Nagaland,25.530508,93.551401,2008-08-16
76.1,171.0,188.9,0.315525,388.0,29.1891,153.8046,0,spatial_background_sample,spatial_background_reference,Mizoram,23.366509,92.415118,2024-05-28
11.7,61.0,77.0,0.397655,41.0,2.7493,312.3334,0,spatial_background_sample,spatial_background_reference,Tripura,24.356432,92.138063,2018-05-18
30.8,97.0,114.1,0.435519,77.0,4.7306,347.6829,0,spatial_background_sample,spatial_background_reference,Tripura,23.656256,91.450995,2018-05-18
17.1,41.0,72.6,0.478122,20.0,2.0127,90.0,0,spatial_background_sample,spatial_background_reference,Tripura,23.042436,91.538924,2009-07-10
18.4,42.5,132.8,0.425033,2789.0,46.2073,251.9382,0,spatial_background_sample,spatial_background_reference,Arunachal Pradesh,28.296806,93.631232,2016-07-16
10.0,65.1,320.0,0.427216,2357.0,32.2734,13.3556,0,spatial_background_sample,spatial_background_reference,Sikkim,27.533098,88.416259,2015-07-08
7.6,20.7,39.8,0.419926,50.0,2.9538,160.0696,0,spatial_background_sample,spatial_background_reference,Tripura,23.176536,91.349324,2009-07-10
5.9,24.4,37.4,0.39558,5466.0,25.4307,90.0,0,spatial_background_sample,spatial_background_reference,Sikkim,27.851839,88.747994,2012-06-26
14.0,81.7,102.6,0.403155,94.0,3.4355,216.0957,0,spatial_background_sample,spatial_background_reference,Tripura,23.883397,91.683388,2018-05-18
25.5,67.3,125.9,0.426585,4471.0,29.6841,135.1671,0,spatial_background_sample,spatial_background_reference,Arunachal Pradesh,27.730291,91.631308,2016-07-16
61.9,120.9,163.8,0.379417,816.0,23.9698,215.8922,1,GSI_field_inventory,observed_landslide,Mizoram,23.64444444,92.72527778,
8.6,75.2,177.6,0.423052,1107.0,29.7054,290.3395,1,GSI_field_inventory,observed_landslide,Mizoram,23.73888889,92.71472222,
11.1,69.7,89.9,0.405292,78.0,7.4832,317.6122,0,spatial_background_sample,spatial_background_reference,Tripura,24.075857,91.916212,2018-05-18
5.7,15.6,38.0,0.485208,55.0,6.7606,197.2915,0,spatial_background_sample,spatial_background_reference,Tripura,23.393212,91.328101,2009-07-10
12.0,50.0,74.0,0.428786,4643.0,12.992,240.6213,0,spatial_background_sample,spatial_background_reference,Sikkim,27.787223,88.684566,2014-06-24
23.4,77.9,88.9,0.449262,89.0,2.7867,228.3645,0,spatial_background_sample,spatial_background_reference,Assam,27.25838,94.40183,2018-06-14
17.7,80.8,96.3,0.370259,72.0,8.2735,102.8498,0,spatial_background_sample,spatial_background_reference,Tripura,24.155837,92.134879,2018-05-18
44.8,115.2,284.7,0.427362,2205.0,29.9677,252.0327,0,spatial_background_sample,spatial_background_reference,Arunachal Pradesh,27.819375,92.917005,2016-07-17
2.5,16.9,35.6,0.402899,5298.0,32.8136,69.4465,0,spatial_background_sample,spatial_background_reference,Sikkim,27.894774,88.768292,2012-07-17
7.6,9.3,30.2,0.358443,5309.0,19.6417,162.0656,0,spatial_background_sample,spatial_background_reference,Sikkim,28.021071,88.672031,2012-06-22
3.4,16.5,103.7,0.399982,83.0,5.8119,298.4619,0,spatial_background_sample,spatial_background_reference,Meghalaya,25.379172,90.228227,2022-04-04
24.3,93.5,110.3,0.471704,35.0,2.0213,90.0,0,spatial_background_sample,spatial_background_reference,Tripura,23.607073,91.322839,2018-05-18
49.4,126.3,165.8,0.376667,896.0,23.9462,194.9979,1,GSI_field_inventory,observed_landslide,Mizoram,23.71740833,92.70644167,
22.7,108.0,145.5,0.459955,786.0,3.5709,121.2129,0,spatial_background_sample,spatial_background_reference,Manipur,24.647164,94.004757,2007-09-07
7.8,42.4,53.9,0.482153,288.0,8.2175,96.4287,0,spatial_background_sample,spatial_background_reference,Meghalaya,25.657086,90.606443,2019-06-27
44.6,73.1,195.5,0.492631,89.0,6.539,9.0845,0,spatial_background_sample,spatial_background_reference,Assam,26.691665,93.601561,2017-07-03
22.1,52.4,137.4,0.425439,2815.0,17.5463,135.721,0,spatial_background_sample,spatial_background_reference,Arunachal Pradesh,28.479218,93.849263,2016-07-17
0.3,1.2,30.4,0.420278,5050.0,4.8524,40.37,0,spatial_background_sample,spatial_background_reference,Sikkim,28.093272,88.629069,2024-07-21
36.3,93.0,110.9,0.435519,89.0,17.6278,117.2572,0,spatial_background_sample,spatial_background_reference,Tripura,23.666519,91.534286,2018-05-18
33.3,98.8,121.9,0.435519,72.0,5.8947,200.0029,0,spatial_background_sample,spatial_background_reference,Tripura,23.697241,91.486302,2018-05-18
32.2,214.3,317.7,0.372094,1070.0,30.8432,81.4253,1,GSI_field_inventory,observed_landslide,Mizoram,23.305323,92.852358,
4.9,18.2,50.6,0.424996,3967.0,28.9784,52.1838,0,spatial_background_sample,spatial_background_reference,Sikkim,27.500465,88.18543,2022-05-29
21.7,42.2,217.3,0.471875,39.0,11.2246,322.6847,1,GSI_field_inventory,observed_landslide,Assam,24.73117,92.64739,
1.5,11.3,28.0,0.398341,43.0,2.0257,90.0,0,spatial_background_sample,spatial_background_reference,Tripura,23.888817,91.62597,2009-07-10
1.4,5.1,7.5,0.30153,5585.0,7.6775,147.1016,0,spatial_background_sample,spatial_background_reference,Sikkim,27.951167,88.235904,2015-07-08
0.6,0.8,17.8,0.414314,5288.0,16.9034,313.7661,0,spatial_background_sample,spatial_background_reference,Sikkim,27.85262,88.306665,2022-05-29
67.8,120.5,158.2,0.379417,830.0,34.4811,188.1339,1,GSI_field_inventory,observed_landslide,Mizoram,23.61916667,92.7225,
21.6,183.9,458.2,0.428546,2757.0,21.7636,113.892,0,spatial_background_sample,spatial_background_reference,Sikkim,27.63203,88.318819,2014-07-01
35.6,61.1,139.8,0.424588,2536.0,31.2,52.1148,0,spatial_background_sample,spatial_background_reference,Arunachal Pradesh,28.411759,94.398254,2016-07-17
17.1,41.0,72.6,0.47807,15.0,4.7295,12.2566,0,spatial_background_sample,spatial_background_reference,Tripura,22.981033,91.595947,2009-07-10
26.8,59.4,93.3,0.406448,4533.0,23.8767,9.5023,0,spatial_background_sample,spatial_background_reference,Arunachal Pradesh,27.73811,91.858677,2016-04-22
12.8,101.8,345.9,0.390156,781.0,16.1814,107.0303,1,GSI_field_inventory,observed_landslide,Mizoram,23.230114,92.740067,
22.1,124.0,127.9,0.480513,143.0,4.2822,257.5288,0,spatial_background_sample,spatial_background_reference,Arunachal Pradesh,27.789574,95.900534,2016-07-16
60.8,170.8,252.3,0.404972,87.0,2.1225,209.2415,0,spatial_background_sample,spatial_background_reference,Assam,26.731631,92.483548,2016-05-17
0.0,0.0,43.3,0.370414,66.0,1.3869,131.901,0,spatial_background_sample,spatial_background_reference,Assam,26.197041,92.252598,2011-03-23
20.5,65.5,125.1,0.425621,2038.0,43.0253,170.9287,0,spatial_background_sample,spatial_background_reference,Arunachal Pradesh,28.470351,95.421605,2016-07-16
19.0,46.2,149.1,0.425716,1871.0,28.4671,298.499,0,spatial_background_sample,spatial_background_reference,Arunachal Pradesh,28.082938,93.534228,2016-07-16
37.8,68.3,137.9,0.425937,2239.0,13.7425,157.7653,0,spatial_background_sample,spatial_background_reference,Arunachal Pradesh,29.115895,95.927713,2016-07-17
8.2,20.9,59.7,0.37881,5149.0,1.3997,311.4352,0,spatial_background_sample,spatial_background_reference,Sikkim,28.028755,88.710388,2021-06-18
70.6,170.6,202.5,0.487533,113.0,8.3487,257.2695,0,spatial_background_sample,spatial_background_reference,Meghalaya,25.35431,90.422809,2019-06-27
26.6,134.8,259.3,0.439223,1151.0,47.95,255.6443,0,spatial_background_sample,spatial_background_reference,Arunachal Pradesh,27.34768,92.569937,2016-07-17
20.8,102.8,160.4,0.405708,262.0,24.4609,287.6063,1,GSI_field_inventory,observed_landslide,Mizoram,23.83888889,92.83194444,
1.5,11.3,28.0,0.399807,83.0,2.1111,28.6824,0,spatial_background_sample,spatial_background_reference,Tripura,23.945287,91.701266,2009-07-10
17.6,34.6,60.2,0.481198,88.0,11.8212,237.2621,0,spatial_background_sample,spatial_background_reference,Tripura,23.297753,91.693939,2009-07-10
0.8,15.5,21.6,0.400507,5393.0,19.215,208.1784,0,spatial_background_sample,spatial_background_reference,Sikkim,27.844651,88.312993,2015-07-08
44.3,156.7,217.4,0.426107,3317.0,46.3943,202.4716,0,spatial_background_sample,spatial_background_reference,Sikkim,27.568996,88.302717,2014-06-24
0.3,5.2,11.8,0.394626,46.0,0.9264,0.0,0,spatial_background_sample,spatial_background_reference,Tripura,24.357372,92.119511,2009-07-10
2.2,14.0,105.8,0.280643,90.0,8.2023,96.4409,0,spatial_background_sample,spatial_background_reference,Meghalaya,25.428728,89.894685,2022-04-04
20.4,20.9,28.8,0.406333,216.0,29.4125,312.9969,1,GSI_field_inventory,observed_landslide,Mizoram,24.10687222,93.08849722,
5.5,51.2,65.4,0.413885,4824.0,15.1506,118.5378,0,spatial_background_sample,spatial_background_reference,Sikkim,27.908911,88.598226,2014-07-01
34.1,51.3,88.6,0.389781,960.0,19.4191,105.3095,1,GSI_field_inventory,observed_landslide,Mizoram,23.58591667,92.71777778,
65.3,111.2,272.4,0.493891,430.0,22.9869,117.2201,0,spatial_background_sample,spatial_background_reference,Meghalaya,25.821834,90.716288,2020-05-26
0.5,6.1,13.1,0.383046,146.0,13.2507,333.2091,0,spatial_background_sample,spatial_background_reference,Tripura,23.928706,91.957282,2009-07-10
4.2,8.5,12.6,0.383046,116.0,8.4093,123.1537,0,spatial_background_sample,spatial_background_reference,Tripura,23.862441,92.003338,2009-07-10
21.5,88.6,194.0,0.427955,3587.0,15.9893,243.1639,0,spatial_background_sample,spatial_background_reference,Arunachal Pradesh,27.70272,92.572915,2016-07-17
21.0,34.5,77.1,0.490433,292.0,17.1199,125.2711,0,spatial_background_sample,spatial_background_reference,Meghalaya,25.818352,90.812547,2007-07-19
93.3,158.0,173.6,0.379844,599.0,22.8314,160.3957,1,GSI_field_inventory,observed_landslide,Mizoram,23.53944444,92.66527778,
9.5,11.2,12.2,0.413277,3911.0,55.4701,194.5526,0,spatial_background_sample,spatial_background_reference,Sikkim,27.681564,88.414396,2023-10-04
6.3,13.1,32.9,0.480016,20.0,2.2244,294.6002,0,spatial_background_sample,spatial_background_reference,Tripura,23.697743,91.303526,2009-07-10
4.7,76.9,144.4,0.494205,114.0,1.8523,0.0,0,spatial_background_sample,spatial_background_reference,Assam,26.284642,93.945202,2016-05-22
83.7,179.8,348.2,0.491628,215.0,17.9485,41.5168,0,spatial_background_sample,spatial_background_reference,Meghalaya,25.35105,90.471102,2020-05-26
1.3,20.2,189.0,0.320271,145.0,2.1231,150.7323,0,spatial_background_sample,spatial_background_reference,Assam,26.853079,92.25576,2016-05-22
5.8,41.4,157.8,0.417875,3225.0,56.2181,62.9786,0,spatial_background_sample,spatial_background_reference,Sikkim,27.57305,88.30055,2022-08-25
0.0,0.0,11.6,0.422704,2852.0,35.3619,204.3011,0,spatial_background_sample,spatial_background_reference,Sikkim,27.64271,88.452462,2022-11-20
1.5,11.3,28.0,0.404866,118.0,19.6715,174.3142,0,spatial_background_sample,spatial_background_reference,Tripura,24.064403,91.737045,2009-07-10
17.1,76.4,126.8,0.427484,4664.0,6.5405,189.168,0,spatial_background_sample,spatial_background_reference,Arunachal Pradesh,27.728959,92.302643,2016-07-16
0.0,46.3,61.1,0.400095,4849.0,59.9407,7.2825,0,spatial_background_sample,spatial_background_reference,Sikkim,27.64165,88.264572,2012-07-17
36.7,177.6,279.2,0.425936,3462.0,31.3894,68.2217,0,spatial_background_sample,spatial_background_reference,Arunachal Pradesh,27.788124,96.865531,2016-04-22
12.1,76.1,94.7,0.409296,19.0,4.1527,77.1319,0,spatial_background_sample,spatial_background_reference,Tripura,23.967532,91.333894,2018-05-18
0.1,20.8,75.3,0.398664,63.0,0.9264,0.0,0,spatial_background_sample,spatial_background_reference,Assam,26.142196,92.61166,2014-05-10
183.6,306.3,483.1,0.427113,2172.0,42.2896,148.5702,0,spatial_background_sample,spatial_background_reference,Sikkim,27.581363,88.344607,2021-05-18
34.5,69.1,87.9,0.47889,466.0,25.5753,63.946,0,spatial_background_sample,spatial_background_reference,Meghalaya,25.500259,90.507445,2007-07-19
12.1,27.3,116.4,0.485204,92.0,1.3933,228.3345,0,spatial_background_sample,spatial_background_reference,Assam,27.141019,94.58968,2016-06-22
11.0,28.3,88.0,0.425417,3560.0,18.3521,347.1293,0,spatial_background_sample,spatial_background_reference,Arunachal Pradesh,28.919411,94.250422,2016-07-16
17.0,60.2,72.6,0.377061,135.0,15.7578,249.8903,0,spatial_background_sample,spatial_background_reference,Tripura,23.744567,91.874834,2018-05-18
4.3,8.5,63.6,0.37307,5297.0,29.4286,18.9367,0,spatial_background_sample,spatial_background_reference,Sikkim,27.965441,88.659074,2014-08-26
16.6,28.5,45.7,0.399711,4516.0,24.0241,79.5497,0,spatial_background_sample,spatial_background_reference,Arunachal Pradesh,27.709315,92.276241,2016-04-22
17.1,31.1,90.4,0.425391,3908.0,51.0024,289.1061,0,spatial_background_sample,spatial_background_reference,Arunachal Pradesh,29.199122,94.6693,2016-07-16
7.9,101.8,177.6,0.422028,1966.0,11.6841,159.763,0,spatial_background_sample,spatial_background_reference,Manipur,25.288177,93.824917,2007-08-28
6.9,39.5,68.3,0.350089,5149.0,21.339,325.8726,0,spatial_background_sample,spatial_background_reference,Sikkim,27.713553,88.399056,2012-06-26
9.9,74.0,183.1,0.497292,1489.0,16.4411,13.1711,1,GSI_field_inventory,observed_landslide,Manipur,25.47217,94.15433,
0.1,0.3,27.4,0.462915,92.0,2.1235,330.7131,0,spatial_background_sample,spatial_background_reference,Assam,26.941866,94.627755,2024-05-24
12.8,92.0,186.7,0.427801,1912.0,29.2558,191.0544,0,spatial_background_sample,spatial_background_reference,Manipur,25.406779,93.900192,2007-09-09
9.9,82.6,336.1,0.388875,795.0,32.553,333.3631,1,GSI_field_inventory,observed_landslide,Mizoram,23.204595,92.73861,
29.8,134.4,235.5,0.371354,745.0,32.8571,217.8609,1,GSI_field_inventory,observed_landslide,Mizoram,23.243855,92.905242,
29.2,50.1,156.7,0.488043,139.0,1.3952,228.4023,0,spatial_background_sample,spatial_background_reference,Assam,27.405496,95.595862,2016-05-22
23.7,142.6,204.6,0.436775,149.0,6.4577,180.0,0,spatial_background_sample,spatial_background_reference,Assam,25.980482,93.250879,2025-05-31
12.3,23.1,31.1,0.462985,508.0,4.2409,330.719,0,spatial_background_sample,spatial_background_reference,Nagaland,26.914616,95.21736,2023-09-08
49.4,108.6,154.4,0.377302,428.0,32.8023,258.7756,1,GSI_field_inventory,observed_landslide,Mizoram,23.73472222,92.81333333,
17.5,39.4,62.3,0.428065,4608.0,72.3041,45.8548,0,spatial_background_sample,spatial_background_reference,Sikkim,27.831527,88.802017,2014-07-08
51.3,109.1,258.0,0.427905,1430.0,25.3265,157.2922,0,spatial_background_sample,spatial_background_reference,Arunachal Pradesh,27.741048,92.932293,2016-07-16
15.8,37.2,50.3,0.417318,2596.0,22.8177,52.0536,0,spatial_background_sample,spatial_background_reference,Arunachal Pradesh,28.68714,96.005724,2016-04-22
6.0,23.9,67.0,0.425606,3755.0,49.75,312.1242,0,spatial_background_sample,spatial_background_reference,Sikkim,27.640055,88.374531,2015-07-08
24.6,107.8,151.1,0.482409,221.0,7.3443,277.207,0,spatial_background_sample,spatial_background_reference,Arunachal Pradesh,27.726847,96.104216,2016-07-17
14.3,106.7,217.6,0.372135,875.0,39.9056,226.5944,1,GSI_field_inventory,observed_landslide,Mizoram,23.1915,93.011024,
1.5,11.3,28.0,0.404866,175.0,12.811,249.1736,0,spatial_background_sample,spatial_background_reference,Tripura,24.085422,91.749441,2009-07-10
54.9,118.1,157.5,0.379844,787.0,17.2538,219.7549,1,GSI_field_inventory,observed_landslide,Mizoram,23.52277778,92.70277778,
2.5,15.0,30.6,0.48618,52.0,4.6222,0.0,0,spatial_background_sample,spatial_background_reference,Tripura,23.404779,91.382105,2009-07-10
6.3,13.1,32.9,0.452808,15.0,5.6318,190.3119,0,spatial_background_sample,spatial_background_reference,Tripura,23.64796,91.168781,2009-07-10
16.1,23.5,92.7,0.354426,5151.0,19.5669,309.5608,0,spatial_background_sample,spatial_background_reference,Sikkim,27.732792,88.353577,2012-06-22
7.5,25.6,47.4,0.414214,28.0,2.2546,245.7509,0,spatial_background_sample,spatial_background_reference,Meghalaya,25.723849,89.981411,2007-09-15
1.5,11.3,28.0,0.399807,160.0,10.6654,69.9137,0,spatial_background_sample,spatial_background_reference,Tripura,23.908418,91.74983,2009-07-10
1.9,12.3,24.2,0.401341,39.0,0.9264,180.0,0,spatial_background_sample,spatial_background_reference,Tripura,23.952595,91.623538,2009-07-10
6.9,39.5,68.3,0.418927,4997.0,2.967,20.6221,0,spatial_background_sample,spatial_background_reference,Sikkim,27.652108,88.204486,2012-06-26
3.5,9.5,17.9,0.339228,5305.0,12.1501,121.7173,0,spatial_background_sample,spatial_background_reference,Sikkim,28.005782,88.794736,2015-07-08
15.1,58.6,71.9,0.378866,91.0,20.5835,80.0828,0,spatial_background_sample,spatial_background_reference,Tripura,23.379596,91.799471,2018-05-18
173.5,224.4,311.5,0.363687,756.0,12.1146,135.7621,1,GSI_field_inventory,observed_landslide,Mizoram,23.239637,92.748175,
43.7,84.0,106.9,0.444283,43.0,2.0136,90.0,0,spatial_background_sample,spatial_background_reference,Tripura,23.104423,91.552138,2018-05-18
29.8,69.0,92.3,0.438436,20.0,6.0853,81.2762,0,spatial_background_sample,spatial_background_reference,Tripura,22.975088,91.594016,2018-05-18
3.4,5.2,10.8,0.378882,5528.0,37.3912,315.9961,0,spatial_background_sample,spatial_background_reference,Sikkim,27.978049,88.774893,2014-07-08
17.6,34.6,60.2,0.482661,55.0,3.4297,144.0389,0,spatial_background_sample,spatial_background_reference,Tripura,23.234199,91.634292,2009-07-10
1.1,4.6,18.5,0.416652,4944.0,28.0848,121.0068,0,spatial_background_sample,spatial_background_reference,Sikkim,27.888993,88.302067,2025-09-11
42.3,199.2,316.5,0.368792,228.0,14.129,281.1109,0,spatial_background_sample,spatial_background_reference,Mizoram,23.582302,92.334855,2025-06-01
51.8,98.5,164.0,0.426421,2391.0,26.1139,109.2603,0,spatial_background_sample,spatial_background_reference,Arunachal Pradesh,29.127096,95.107335,2016-07-17
19.1,48.4,122.8,0.425162,3594.0,26.0512,157.8457,0,spatial_background_sample,spatial_background_reference,Arunachal Pradesh,28.699269,94.156757,2016-07-17
31.1,65.1,80.1,0.456738,63.0,7.0593,301.4861,0,spatial_background_sample,spatial_background_reference,Tripura,23.263048,91.637917,2018-05-18
6.3,13.1,32.9,0.480016,14.0,1.3714,227.5144,0,spatial_background_sample,spatial_background_reference,Tripura,23.670441,91.261158,2009-07-10
24.6,79.0,86.5,0.422891,2769.0,50.4283,319.6145,0,spatial_background_sample,spatial_background_reference,Sikkim,27.519439,88.399448,2024-08-21
23.7,95.4,132.2,0.406531,546.0,42.3452,306.8318,1,GSI_field_inventory,observed_landslide,Mizoram,23.73794444,92.78613889,
25.9,49.0,129.6,0.426391,3820.0,21.785,316.7387,0,spatial_background_sample,spatial_background_reference,Sikkim,27.685914,88.423386,2012-06-22
59.1,112.4,143.7,0.378135,767.0,33.2788,250.5517,1,GSI_field_inventory,observed_landslide,Mizoram,23.72972222,92.85305556,
21.0,66.5,80.0,0.466682,62.0,2.1089,331.4265,0,spatial_background_sample,spatial_background_reference,Tripura,23.353608,91.554251,2018-05-18
1.4,5.1,7.5,0.406805,4896.0,15.3494,270.0,0,spatial_background_sample,spatial_background_reference,Sikkim,27.920386,88.340978,2015-07-08
0.1,5.8,11.9,0.413368,5485.0,55.6709,65.8855,0,spatial_background_sample,spatial_background_reference,Sikkim,27.975003,88.344621,2022-05-29
18.0,47.6,112.5,0.424997,4020.0,28.6226,122.2306,0,spatial_background_sample,spatial_background_reference,Arunachal Pradesh,28.875963,96.124254,2016-07-16
21.0,113.5,234.7,0.474141,100.0,1.0407,270.0,0,spatial_background_sample,spatial_background_reference,Assam,27.11418,94.874866,2022-05-14
44.6,124.7,338.4,0.425204,85.0,6.3433,330.7775,0,spatial_background_sample,spatial_background_reference,Assam,26.642518,89.962533,2017-07-04
7.9,101.8,177.6,0.414659,1406.0,25.1263,46.4061,0,spatial_background_sample,spatial_background_reference,Manipur,25.246651,93.831566,2007-08-28
21.7,73.4,91.9,0.460333,32.0,10.0357,264.7576,0,spatial_background_sample,spatial_background_reference,Tripura,23.431444,91.477728,2018-05-18
23.7,33.4,68.9,0.425714,3275.0,21.2134,163.3662,0,spatial_background_sample,spatial_background_reference,Arunachal Pradesh,29.16892,96.234084,2016-07-17
12.1,76.1,94.7,0.446238,25.0,1.0136,270.0,0,spatial_background_sample,spatial_background_reference,Tripura,23.944821,91.345302,2018-05-18
8.8,17.7,31.0,0.314411,781.0,1.0185,270.0,0,spatial_background_sample,spatial_background_reference,Manipur,24.555697,94.021366,2018-05-03
2.5,15.0,30.6,0.48514,24.0,9.506,227.4725,0,spatial_background_sample,spatial_background_reference,Tripura,23.477962,91.441922,2009-07-10
11.9,30.5,150.1,0.414948,177.0,15.0455,344.254,0,spatial_background_sample,spatial_background_reference,Assam,27.541909,94.281398,2016-05-22
6.3,13.4,23.3,0.318728,5660.0,22.3063,281.3654,0,spatial_background_sample,spatial_background_reference,Sikkim,27.818067,88.308646,2014-07-08
21.9,85.1,210.5,0.489455,89.0,1.3928,311.6854,0,spatial_background_sample,spatial_background_reference,Assam,27.06246,94.617222,2016-05-22
13.7,35.6,66.0,0.36603,165.0,16.7802,96.1566,0,spatial_background_sample,spatial_background_reference,Mizoram,23.525198,92.347653,2023-07-23
96.8,145.9,241.8,0.360083,711.0,17.5285,224.149,1,GSI_field_inventory,observed_landslide,Mizoram,23.10565,92.745979,
34.1,57.2,111.3,0.495711,229.0,13.5163,317.7262,0,spatial_background_sample,spatial_background_reference,Meghalaya,25.842391,90.665515,2007-07-25
38.3,74.9,127.5,0.422016,1922.0,51.1434,257.9695,0,spatial_background_sample,spatial_background_reference,Arunachal Pradesh,28.467022,95.531958,2016-04-22
43.0,163.7,265.8,0.377052,835.0,32.8427,71.353,1,GSI_field_inventory,observed_landslide,Mizoram,23.114694,92.743931,
22.1,124.0,127.9,0.482583,179.0,1.3984,48.517,0,spatial_background_sample,spatial_background_reference,Arunachal Pradesh,27.847302,96.121873,2016-07-16
22.6,56.3,121.9,0.424939,2526.0,50.3256,164.9435,0,spatial_background_sample,spatial_background_reference,Arunachal Pradesh,28.632237,96.069426,2016-07-17
17.6,34.6,60.2,0.481198,55.0,8.0162,270.0,0,spatial_background_sample,spatial_background_reference,Tripura,23.286656,91.669516,2009-07-10
13.7,77.8,159.8,0.427524,2541.0,53.0353,227.987,0,spatial_background_sample,spatial_background_reference,Arunachal Pradesh,27.817919,97.102336,2016-07-17
38.4,46.8,118.1,0.485842,122.0,0.9264,180.0,0,spatial_background_sample,spatial_background_reference,Assam,27.169972,95.322116,2016-07-14
23.9,54.4,195.5,0.322802,131.0,1.3902,48.2179,0,spatial_background_sample,spatial_background_reference,Assam,26.678402,90.656963,2014-06-27
24.6,55.3,135.2,0.426144,2543.0,51.9417,66.8931,0,spatial_background_sample,spatial_background_reference,Arunachal Pradesh,28.250823,93.243964,2016-07-17
27.1,41.9,82.2,0.424131,4341.0,26.9219,329.2862,0,spatial_background_sample,spatial_background_reference,Arunachal Pradesh,29.213515,94.545616,2016-07-17
53.8,195.9,256.8,0.394906,97.0,1.3949,48.3905,0,spatial_background_sample,spatial_background_reference,Assam,27.35987,94.274834,2022-05-14
30.8,87.3,160.9,0.422545,1352.0,44.0302,229.2823,0,spatial_background_sample,spatial_background_reference,Arunachal Pradesh,28.025031,94.916651,2016-07-17
4.4,13.0,34.2,0.392342,140.0,7.9383,62.365,0,spatial_background_sample,spatial_background_reference,Tripura,23.617755,91.88978,2009-07-10
19.2,27.1,69.3,0.427929,4745.0,25.0507,128.5153,0,spatial_background_sample,spatial_background_reference,Sikkim,27.834074,88.837303,2021-06-18
5.0,14.9,34.7,0.402095,92.0,0.0,180.0,0,spatial_background_sample,spatial_background_reference,Tripura,23.472254,91.839779,2009-07-10
2.3,10.6,25.0,0.486573,53.0,6.3073,208.6276,0,spatial_background_sample,spatial_background_reference,Tripura,23.649804,91.406032,2009-07-10
25.4,110.8,121.0,0.480935,200.0,8.338,311.4494,0,spatial_background_sample,spatial_background_reference,Arunachal Pradesh,27.974969,95.93937,2016-07-16
7.6,46.1,115.0,0.424475,2493.0,15.685,113.7709,0,spatial_background_sample,spatial_background_reference,Arunachal Pradesh,28.249775,94.362305,2016-07-16
1.9,31.5,81.1,0.491845,179.0,23.8835,335.9135,0,spatial_background_sample,spatial_background_reference,Nagaland,26.520471,94.250555,2025-07-08
12.3,55.7,282.5,0.492927,1563.0,25.1089,136.5027,1,GSI_field_inventory,observed_landslide,Meghalaya,25.4013,91.45855,
0.0,7.9,182.5,0.337564,29.0,2.0595,90.0,0,spatial_background_sample,spatial_background_reference,Assam,25.932356,89.904544,2016-05-22
30.5,30.9,55.8,0.434903,1129.0,20.0594,240.8492,0,spatial_background_sample,spatial_background_reference,Manipur,24.120163,93.686957,2024-07-29
66.5,99.9,174.1,0.424551,2155.0,22.822,182.5116,0,spatial_background_sample,spatial_background_reference,Arunachal Pradesh,28.734717,95.560152,2016-07-17
16.6,63.7,206.4,0.426884,2123.0,5.2831,280.0708,0,spatial_background_sample,spatial_background_reference,Arunachal Pradesh,27.376002,93.478341,2016-07-17
29.1,239.5,335.7,0.370698,771.0,16.0405,78.6348,1,GSI_field_inventory,observed_landslide,Mizoram,23.238785,92.744224,
17.2,50.4,64.8,0.441161,95.0,7.5693,52.5253,0,spatial_background_sample,spatial_background_reference,Tripura,23.081305,91.797686,2018-05-18
33.2,146.8,182.9,0.488183,316.0,7.402,284.4141,0,spatial_background_sample,spatial_background_reference,Meghalaya,25.898712,90.376171,2025-05-30
25.4,110.8,121.0,0.49118,196.0,0.9264,0.0,0,spatial_background_sample,spatial_background_reference,Arunachal Pradesh,27.910161,96.113247,2016-07-16
51.8,151.3,367.0,0.427802,1918.0,40.4509,99.8277,0,spatial_background_sample,spatial_background_reference,Arunachal Pradesh,27.701156,92.73143,2016-07-17
23.7,95.4,132.2,0.405021,875.0,33.375,75.0474,1,GSI_field_inventory,observed_landslide,Mizoram,23.7025,92.72138889,
27.8,79.0,163.4,0.491994,118.0,6.3515,150.6433,0,spatial_background_sample,spatial_background_reference,Assam,27.261274,95.212258,2016-05-22
18.7,31.7,68.0,0.425036,4343.0,8.4146,270.0,0,spatial_background_sample,spatial_background_reference,Arunachal Pradesh,29.019212,96.395747,2016-07-17
52.0,69.8,84.1,0.480141,73.0,2.2689,245.9135,0,spatial_background_sample,spatial_background_reference,Assam,26.610017,91.767553,2018-06-14
6.1,17.2,39.9,0.408256,3959.0,27.4882,353.9713,0,spatial_background_sample,spatial_background_reference,Sikkim,27.415856,88.073359,2021-05-18
31.8,60.9,90.4,0.348969,1175.0,19.0932,148.5914,1,GSI_field_inventory,observed_landslide,Mizoram,23.10172778,93.20231944,
10.3,20.0,40.5,0.411552,57.0,7.6398,164.6601,0,spatial_background_sample,spatial_background_reference,Assam,24.307423,92.401209,2016-06-22
0.1,2.1,9.0,0.421994,2193.0,16.8416,295.2982,0,spatial_background_sample,spatial_background_reference,Sikkim,27.595804,88.433185,2024-08-21
45.8,91.7,169.8,0.424967,1965.0,34.5666,304.2803,0,spatial_background_sample,spatial_background_reference,Arunachal Pradesh,28.301507,96.116816,2016-07-17
0.3,5.2,11.8,0.379845,29.0,5.1519,79.6687,0,spatial_background_sample,spatial_background_reference,Tripura,24.289411,92.012931,2009-07-10
5.7,15.6,38.0,0.485208,56.0,8.4804,108.9864,0,spatial_background_sample,spatial_background_reference,Tripura,23.437214,91.323172,2009-07-10
6.3,13.1,32.9,0.480165,62.0,7.5661,248.5799,0,spatial_background_sample,spatial_background_reference,Tripura,23.74182,91.356838,2009-07-10
9.1,18.2,113.6,0.451579,396.0,20.4711,267.5175,0,spatial_background_sample,spatial_background_reference,Manipur,24.432285,94.36054,2007-09-12
18.0,41.9,98.1,0.48776,133.0,1.0439,270.0,0,spatial_background_sample,spatial_background_reference,Assam,27.451149,95.533612,2018-08-24
14.3,47.0,278.5,0.492728,136.0,1.3962,228.4403,0,spatial_background_sample,spatial_background_reference,Assam,27.552954,95.599271,2019-07-16
13.6,16.5,45.7,0.396214,5203.0,9.4915,241.0812,0,spatial_background_sample,spatial_background_reference,Sikkim,27.879337,88.254695,2012-06-22
11.3,67.1,77.7,0.389427,34.0,1.8523,0.0,0,spatial_background_sample,spatial_background_reference,Tripura,24.440785,92.220016,2018-05-18
44.9,212.8,324.1,0.36244,469.0,29.1037,196.5565,0,spatial_background_sample,spatial_background_reference,Mizoram,23.452676,92.428896,2025-06-01
13.9,60.8,122.6,0.424476,4070.0,34.7182,196.9072,0,spatial_background_sample,spatial_background_reference,Arunachal Pradesh,28.035566,97.07,2016-07-17
8.9,37.1,72.0,0.422719,4315.0,49.8385,215.0405,0,spatial_background_sample,spatial_background_reference,Arunachal Pradesh,28.433802,96.649194,2016-07-16
16.1,23.5,92.7,0.323001,5722.0,5.9083,297.953,0,spatial_background_sample,spatial_background_reference,Sikkim,27.818593,88.208882,2012-06-22
8.9,28.0,44.1,0.410949,5201.0,9.185,180.0,0,spatial_background_sample,spatial_background_reference,Sikkim,27.880314,88.271858,2014-06-24
2.3,10.6,25.0,0.442741,77.0,4.4412,294.6057,0,spatial_background_sample,spatial_background_reference,Tripura,23.664403,91.485769,2009-07-10
8.8,27.9,36.4,0.481509,105.0,9.4106,167.3183,0,spatial_background_sample,spatial_background_reference,Assam,27.277707,94.675814,2017-05-20
22.6,82.4,138.9,0.491515,134.0,0.0,180.0,0,spatial_background_sample,spatial_background_reference,Arunachal Pradesh,27.863427,95.252699,2016-07-17
20.1,65.8,80.2,0.456286,70.0,2.2196,294.6575,0,spatial_background_sample,spatial_background_reference,Tripura,23.349798,91.73569,2018-05-18
3.6,9.8,37.5,0.359052,306.0,28.7914,27.9106,1,GSI_field_inventory,observed_landslide,Mizoram,24.15364444,93.02183611,
7.6,9.3,30.2,0.409257,5106.0,2.0981,90.0,0,spatial_background_sample,spatial_background_reference,Sikkim,28.025205,88.759119,2012-06-22
8.4,35.1,51.1,0.414704,910.0,27.1293,341.2184,0,spatial_background_sample,spatial_background_reference,Arunachal Pradesh,28.094698,94.434625,2016-04-22
27.4,180.2,269.9,0.3665,861.0,34.2709,238.4905,1,GSI_field_inventory,observed_landslide,Mizoram,23.140846,92.751229,
67.8,120.5,158.2,0.379417,793.0,28.4604,161.4708,1,GSI_field_inventory,observed_landslide,Mizoram,23.61861111,92.72611111,
10.6,27.2,88.5,0.416561,289.0,46.2376,84.6687,0,spatial_background_sample,spatial_background_reference,Arunachal Pradesh,27.560638,94.226531,2016-07-17
10.1,14.6,43.7,0.405744,5384.0,2.7949,311.4855,0,spatial_background_sample,spatial_background_reference,Sikkim,27.837593,88.646115,2012-06-22
32.2,214.3,317.7,0.372094,830.0,31.9729,57.8844,1,GSI_field_inventory,observed_landslide,Mizoram,23.284565,92.857096,
11.2,116.2,183.5,0.427256,2145.0,35.1425,68.4365,0,spatial_background_sample,spatial_background_reference,Arunachal Pradesh,27.229493,92.266485,2016-07-17
20.0,78.3,116.1,0.423937,1771.0,24.4557,16.2699,0,spatial_background_sample,spatial_background_reference,Arunachal Pradesh,27.335712,92.621663,2016-04-22
1.9,23.8,47.3,0.413312,635.0,6.6376,166.8439,1,GSI_field_inventory,observed_landslide,Mizoram,23.54130278,93.10256944,
6.5,55.1,99.4,0.477896,718.0,16.3983,97.9043,1,GSI_field_inventory,observed_landslide,Arunachal Pradesh,27.307072,93.806008,
61.9,120.9,163.8,0.380563,498.0,26.6805,153.3695,1,GSI_field_inventory,observed_landslide,Mizoram,23.60861111,92.80972222,
20.2,29.5,73.5,0.428484,4421.0,42.5278,170.8284,0,spatial_background_sample,spatial_background_reference,Sikkim,27.772596,88.674687,2012-06-22
6.7,66.4,92.7,0.350159,5159.0,23.4228,126.6696,0,spatial_background_sample,spatial_background_reference,Sikkim,27.852052,88.289565,2014-07-01
2.3,10.6,25.0,0.442741,64.0,4.2148,331.3601,0,spatial_background_sample,spatial_background_reference,Tripura,23.71623,91.462727,2009-07-10
60.5,98.5,190.3,0.426641,2063.0,57.5685,288.5719,0,spatial_background_sample,spatial_background_reference,Arunachal Pradesh,28.608396,95.322707,2016-07-17
35.4,71.6,90.2,0.444283,32.0,6.81,132.6105,0,spatial_background_sample,spatial_background_reference,Tripura,23.090531,91.618022,2018-05-18
18.7,71.1,89.6,0.394906,101.0,5.5229,326.7345,0,spatial_background_sample,spatial_background_reference,Tripura,23.849213,91.803682,2018-05-18
2.4,3.5,9.8,0.424689,5244.0,2.9683,339.3113,0,spatial_background_sample,spatial_background_reference,Sikkim,28.034317,88.486808,2025-07-19
27.6,117.0,235.6,0.354333,745.0,13.326,259.1676,1,GSI_field_inventory,observed_landslide,Mizoram,22.788323,92.833817,
12.9,50.1,87.6,0.477025,429.0,13.6859,338.3753,0,spatial_background_sample,spatial_background_reference,Meghalaya,25.722963,90.743651,2014-09-20
5.9,10.1,30.1,0.393253,4608.0,34.5904,292.0343,0,spatial_background_sample,spatial_background_reference,Sikkim,27.707861,88.278391,2022-05-29
11.0,31.3,64.5,0.411417,4103.0,23.3751,111.9689,0,spatial_background_sample,spatial_background_reference,Sikkim,27.44291,88.095434,2022-08-25
2.2,8.6,18.0,0.26783,773.0,0.9264,0.0,0,spatial_background_sample,spatial_background_reference,Manipur,24.566185,93.944994,2018-05-03
26.1,36.7,44.3,0.479004,392.0,2.7772,180.0,0,spatial_background_sample,spatial_background_reference,Nagaland,25.602745,93.59513,2023-09-08
40.8,109.6,205.2,0.473071,85.0,0.0,180.0,0,spatial_background_sample,spatial_background_reference,Assam,27.001955,94.435179,2022-05-14
3.5,40.1,121.9,0.421713,67.0,4.2307,150.9673,0,spatial_background_sample,spatial_background_reference,Meghalaya,25.735235,90.020113,2017-06-17
15.0,29.0,106.3,0.423725,1933.0,36.3944,293.257,0,spatial_background_sample,spatial_background_reference,Arunachal Pradesh,27.940675,93.96349,2016-07-17
3.3,6.2,17.7,0.418949,4400.0,34.1909,1.5373,0,spatial_background_sample,spatial_background_reference,Sikkim,27.476627,88.064327,2021-05-18
6.9,39.5,68.3,0.386124,4945.0,20.2894,23.2955,0,spatial_background_sample,spatial_background_reference,Sikkim,27.779014,88.385575,2012-06-26
9.2,118.8,183.9,0.482193,70.0,2.2641,65.8596,0,spatial_background_sample,spatial_background_reference,Assam,26.31949,92.683954,2016-05-17
52.1,227.7,339.3,0.35604,147.0,12.8707,50.439,0,spatial_background_sample,spatial_background_reference,Mizoram,23.376516,92.458169,2025-06-01
0.1,8.0,39.9,0.463909,303.0,6.5377,170.9855,0,spatial_background_sample,spatial_background_reference,Meghalaya,25.77697,90.768443,2009-07-17
33.7,95.5,107.2,0.481065,60.0,0.9264,180.0,0,spatial_background_sample,spatial_background_reference,Assam,26.41905,92.159753,2017-06-13
48.0,189.5,332.0,0.435067,88.0,0.0,180.0,0,spatial_background_sample,spatial_background_reference,Assam,26.853133,93.475811,2022-05-14
1.7,39.9,123.4,0.484506,502.0,4.2059,102.702,0,spatial_background_sample,spatial_background_reference,Assam,25.63302,93.253131,2019-07-16
1.9,12.3,24.2,0.398457,36.0,2.2295,65.4597,0,spatial_background_sample,spatial_background_reference,Tripura,24.055094,91.609117,2009-07-10
7.0,19.0,60.9,0.416442,4145.0,39.0162,58.744,0,spatial_background_sample,spatial_background_reference,Sikkim,27.489996,88.732485,2022-05-29
28.1,57.0,80.6,0.427199,4108.0,26.8652,351.6989,0,spatial_background_sample,spatial_background_reference,Sikkim,27.827039,88.471488,2014-07-08
4.5,15.9,43.1,0.402174,4779.0,22.1916,187.704,0,spatial_background_sample,spatial_background_reference,Sikkim,27.492148,88.23172,2022-08-25
50.3,261.5,389.0,0.380031,800.0,17.9242,311.5375,1,GSI_field_inventory,observed_landslide,Mizoram,23.172659,92.611828,
12.5,58.7,92.3,0.243981,199.0,25.4624,107.7954,0,spatial_background_sample,spatial_background_reference,Mizoram,21.987813,92.897546,2024-05-28
15.4,84.6,199.2,0.367323,1033.0,30.1644,23.1973,1,GSI_field_inventory,observed_landslide,Mizoram,23.183361,93.066742,
0.8,36.9,201.5,0.47722,126.0,3.2633,253.5253,0,spatial_background_sample,spatial_background_reference,Assam,27.476301,95.434466,2025-06-04
59.1,112.4,143.7,0.377302,765.0,44.0481,0.7856,1,GSI_field_inventory,observed_landslide,Mizoram,23.73305556,92.84777778,
15.6,83.0,106.3,0.395045,50.0,2.1107,28.6642,0,spatial_background_sample,spatial_background_reference,Tripura,23.847361,91.6299,2018-05-18
15.7,110.4,160.5,0.488634,333.0,0.0,180.0,0,spatial_background_sample,spatial_background_reference,Meghalaya,25.636974,90.771878,2014-09-23
43.1,93.7,107.5,0.483567,340.0,2.9607,159.7045,0,spatial_background_sample,spatial_background_reference,Meghalaya,25.665999,90.787636,2009-07-01
2.5,16.9,35.6,0.39474,5747.0,27.7379,333.0905,0,spatial_background_sample,spatial_background_reference,Sikkim,27.964474,88.70085,2012-07-17
1.2,6.1,45.1,0.4205,813.0,24.6177,59.7729,1,GSI_field_inventory,observed_landslide,Sikkim,27.21391667,88.60833333,
27.8,79.0,163.4,0.488804,114.0,1.3949,311.6088,0,spatial_background_sample,spatial_background_reference,Assam,27.362487,95.247059,2016-05-22
3.4,18.3,101.6,0.419903,36.0,2.2615,245.8295,0,spatial_background_sample,spatial_background_reference,Assam,26.155857,90.305511,2016-04-18
18.0,71.5,85.8,0.409281,78.0,3.1761,253.0584,0,spatial_background_sample,spatial_background_reference,Tripura,23.957077,91.800287,2018-05-18
15.5,62.2,78.2,0.404479,86.0,9.1923,25.937,0,spatial_background_sample,spatial_background_reference,Tripura,23.964654,91.862475,2018-05-18
50.7,103.2,129.6,0.416606,46.0,11.4946,61.5048,0,spatial_background_sample,spatial_background_reference,Meghalaya,25.210955,90.482489,2019-06-27
20.5,65.5,125.1,0.420612,1345.0,37.5026,297.6167,0,spatial_background_sample,spatial_background_reference,Arunachal Pradesh,28.375004,95.566482,2016-07-16
61.9,197.7,401.1,0.477461,65.0,2.2673,114.1044,0,spatial_background_sample,spatial_background_reference,Assam,26.513697,91.974177,2022-05-16
0.0,0.0,5.4,0.373949,5147.0,13.0893,146.566,0,spatial_background_sample,spatial_background_reference,Sikkim,27.928789,88.316375,2022-11-20
19.1,48.4,122.8,0.425237,1880.0,27.6101,42.0987,0,spatial_background_sample,spatial_background_reference,Arunachal Pradesh,28.81314,94.254545,2016-07-17
15.5,16.7,33.7,0.296485,5082.0,5.5349,289.4949,0,spatial_background_sample,spatial_background_reference,Sikkim,27.743065,88.238853,2025-09-11
6.7,14.8,39.7,0.409496,4683.0,25.0861,249.7937,0,spatial_background_sample,spatial_background_reference,Sikkim,27.953367,88.442845,2022-06-15
28.1,57.0,80.6,0.427671,3982.0,5.3077,100.0233,0,spatial_background_sample,spatial_background_reference,Sikkim,27.903842,88.523592,2014-07-08
7.6,9.3,30.2,0.405744,5185.0,33.2664,9.6355,0,spatial_background_sample,spatial_background_reference,Sikkim,27.929036,88.672463,2012-06-22
71.3,144.0,203.2,0.403795,51.0,1.3899,228.2078,0,spatial_background_sample,spatial_background_reference,Assam,26.637739,91.102779,2016-05-17
11.7,34.0,222.2,0.493333,82.0,2.7772,180.0,0,spatial_background_sample,spatial_background_reference,Assam,26.690923,93.816976,2014-06-27
26.1,48.0,105.2,0.427685,3816.0,7.7974,249.2529,0,spatial_background_sample,spatial_background_reference,Sikkim,27.885055,88.535767,2022-06-15
13.5,25.9,52.7,0.424135,3892.0,16.5093,233.1225,0,spatial_background_sample,spatial_background_reference,Sikkim,27.549841,88.331143,2022-05-29
39.8,125.5,184.2,0.396074,97.0,8.3715,257.3053,0,spatial_background_sample,spatial_background_reference,Meghalaya,25.703694,89.942817,2025-05-30
9.0,188.0,240.3,0.494702,104.0,17.0019,266.9687,0,spatial_background_sample,spatial_background_reference,Meghalaya,25.808461,90.544437,2025-05-31
2.5,15.0,30.6,0.484092,30.0,1.3706,47.4832,0,spatial_background_sample,spatial_background_reference,Tripura,23.527207,91.47835,2009-07-10
0.8,15.5,21.6,0.423339,5098.0,54.0973,38.3438,0,spatial_background_sample,spatial_background_reference,Sikkim,27.520196,88.251664,2015-07-08
21.8,66.9,85.6,0.456286,92.0,16.3876,243.9044,0,spatial_background_sample,spatial_background_reference,Tripura,23.310653,91.660794,2018-05-18
2.4,15.4,47.2,0.490939,133.0,13.0033,32.8346,0,spatial_background_sample,spatial_background_reference,Meghalaya,25.316651,90.310207,2007-09-15
42.5,100.3,170.4,0.426104,3476.0,29.5874,148.6877,0,spatial_background_sample,spatial_background_reference,Arunachal Pradesh,28.746544,95.174565,2016-07-17
2.7,12.2,20.0,0.392601,97.0,11.9117,184.8075,0,spatial_background_sample,spatial_background_reference,Tripura,23.849774,91.694653,2009-07-10
76.6,106.2,240.2,0.398037,38.0,2.0464,90.0,0,spatial_background_sample,spatial_background_reference,Meghalaya,25.169352,90.386788,2020-05-26
12.0,50.0,74.0,0.428786,3892.0,10.0283,291.4538,0,spatial_background_sample,spatial_background_reference,Sikkim,27.846108,88.691116,2014-06-24
0.3,5.2,11.8,0.379845,51.0,7.3707,180.0,0,spatial_background_sample,spatial_background_reference,Tripura,24.263774,91.957223,2009-07-10
9.5,20.0,115.5,0.41681,165.0,19.4334,87.3732,0,spatial_background_sample,spatial_background_reference,Mizoram,23.425449,92.379523,2024-10-07
20.7,67.8,93.3,0.353033,5131.0,32.7993,61.528,0,spatial_background_sample,spatial_background_reference,Sikkim,27.767952,88.253014,2014-06-24
12.7,70.1,85.9,0.370385,85.0,15.6285,157.6428,0,spatial_background_sample,spatial_background_reference,Tripura,24.251776,92.087603,2018-05-18
104.8,129.6,158.9,0.365714,20.0,2.7772,0.0,0,spatial_background_sample,spatial_background_reference,Meghalaya,25.335328,89.827296,2024-06-30
66.5,99.9,174.1,0.424695,3133.0,19.6504,161.9811,0,spatial_background_sample,spatial_background_reference,Arunachal Pradesh,28.556062,95.436878,2016-07-17
5.4,28.2,76.5,0.412177,268.0,13.3263,52.0444,1,GSI_field_inventory,observed_landslide,Mizoram,24.48857222,93.36792222,
3.6,18.9,82.1,0.42494,4230.0,55.8574,278.8305,0,spatial_background_sample,spatial_background_reference,Sikkim,27.409826,88.090353,2024-07-21
1.1,1.8,28.6,0.484621,298.0,10.2294,296.6164,0,spatial_background_sample,spatial_background_reference,Nagaland,25.575325,93.438878,2025-08-01
7.0,39.2,84.1,0.307826,5601.0,8.517,257.5288,0,spatial_background_sample,spatial_background_reference,Sikkim,27.789146,88.293935,2014-08-26
3.1,10.5,56.4,0.425085,4352.0,25.7583,330.6075,0,spatial_background_sample,spatial_background_reference,Sikkim,27.423104,88.097238,2022-10-10
0.0,0.0,1.5,0.378948,5303.0,48.4373,8.4007,0,spatial_background_sample,spatial_background_reference,Sikkim,27.965748,88.539714,2022-11-20
34.7,150.0,185.6,0.398643,42.0,11.2284,274.672,0,spatial_background_sample,spatial_background_reference,Meghalaya,25.980276,90.410665,2025-05-30
40.4,170.2,258.5,0.426795,2218.0,44.7779,318.5549,0,spatial_background_sample,spatial_background_reference,Sikkim,27.589487,88.396201,2014-06-24
7.6,20.7,39.8,0.419926,18.0,5.6312,190.2784,0,spatial_background_sample,spatial_background_reference,Tripura,23.208007,91.343347,2009-07-10
16.6,74.9,128.3,0.399135,785.0,27.8609,106.9135,1,GSI_field_inventory,observed_landslide,Mizoram,24.18291667,93.53441944,
4.5,18.6,25.0,0.376719,5280.0,16.0173,63.2173,0,spatial_background_sample,spatial_background_reference,Sikkim,27.954028,88.320027,2024-08-21
8.2,38.2,52.9,0.488674,657.0,7.666,53.0838,0,spatial_background_sample,spatial_background_reference,Meghalaya,25.641939,90.56716,2007-09-15
4.2,8.5,12.6,0.385503,164.0,11.1366,99.4554,0,spatial_background_sample,spatial_background_reference,Tripura,23.65445,91.893618,2009-07-10
23.7,95.4,132.2,0.406531,320.0,20.0289,126.8326,1,GSI_field_inventory,observed_landslide,Mizoram,23.73388889,92.79388889,
3.2,3.9,27.8,0.415531,5040.0,40.2216,212.7267,0,spatial_background_sample,spatial_background_reference,Sikkim,27.855607,88.401577,2022-05-29
40.5,109.8,141.3,0.492713,30.0,1.3865,48.0813,0,spatial_background_sample,spatial_background_reference,Assam,26.124669,90.041128,2014-09-22
5.7,17.2,48.0,0.414923,4855.0,12.9689,60.5617,0,spatial_background_sample,spatial_background_reference,Sikkim,27.521298,88.087387,2022-08-25
0.0,0.0,3.4,0.338917,382.0,33.8196,163.839,1,GSI_field_inventory,observed_landslide,Sikkim,27.14871944,88.28128889,
7.3,26.0,106.7,0.479475,91.0,2.2737,114.0323,0,spatial_background_sample,spatial_background_reference,Assam,26.898799,94.620695,2014-06-27
1.9,12.3,24.2,0.402751,132.0,7.0846,121.3599,0,spatial_background_sample,spatial_background_reference,Tripura,23.912989,91.53743,2009-07-10
20.2,29.5,73.5,0.428484,3830.0,11.6528,321.6333,0,spatial_background_sample,spatial_background_reference,Sikkim,27.842488,88.694073,2012-06-22
29.4,71.2,104.9,0.427479,2589.0,6.7307,125.6589,1,GSI_field_inventory,observed_landslide,Arunachal Pradesh,27.58741667,91.88694444,
43.4,111.5,293.0,0.369073,198.0,30.0204,226.6567,1,GSI_field_inventory,observed_landslide,Mizoram,22.404215,92.951647,
22.1,37.2,204.0,0.474372,109.0,0.9264,0.0,0,spatial_background_sample,spatial_background_reference,Assam,27.657817,95.080855,2016-05-22
3.5,8.2,23.7,0.411978,1259.0,17.1071,248.4226,0,spatial_background_sample,spatial_background_reference,Manipur,25.319725,93.790197,2018-06-22
19.3,39.1,68.4,0.478033,98.0,4.0987,312.606,0,spatial_background_sample,spatial_background_reference,Tripura,23.11202,91.797083,2009-07-10
31.1,250.1,347.7,0.373979,415.0,26.6632,187.5638,1,GSI_field_inventory,observed_landslide,Mizoram,23.306409,92.706083,
2.7,38.9,68.5,0.429771,447.0,33.801,32.188,1,GSI_field_inventory,observed_landslide,Manipur,24.792333,93.658222,
6.3,13.1,32.9,0.480016,17.0,3.7006,180.0,0,spatial_background_sample,spatial_background_reference,Tripura,23.744025,91.264029,2009-07-10
0.0,46.3,61.1,0.425632,4466.0,49.6272,12.5464,0,spatial_background_sample,spatial_background_reference,Sikkim,27.620541,88.281538,2012-07-17
0.5,5.0,159.9,0.316603,72.0,3.2424,106.5842,0,spatial_background_sample,spatial_background_reference,Assam,26.691587,90.918969,2016-05-22
15.3,25.5,48.8,0.383652,5085.0,9.1266,307.1502,0,spatial_background_sample,spatial_background_reference,Sikkim,27.877213,88.776127,2022-10-10
24.6,58.7,100.1,0.421396,235.0,4.9548,27.5092,1,GSI_field_inventory,observed_landslide,Mizoram,24.55205833,93.25569167,
2.5,15.0,30.6,0.484272,41.0,10.2778,11.219,0,spatial_background_sample,spatial_background_reference,Tripura,23.558557,91.464805,2009-07-10
1.9,12.3,24.2,0.398341,49.0,1.3727,227.564,0,spatial_background_sample,spatial_background_reference,Tripura,23.896716,91.615371,2009-07-10
12.1,52.3,133.3,0.481818,188.0,2.9608,159.6983,0,spatial_background_sample,spatial_background_reference,Nagaland,25.705625,93.548376,2025-07-07
2.2,7.5,162.4,0.485583,1495.0,30.9913,119.9061,1,GSI_field_inventory,observed_landslide,Nagaland,25.6291966,94.10177,
54.1,313.9,433.5,0.380031,922.0,25.2195,206.6666,1,GSI_field_inventory,observed_landslide,Mizoram,23.219631,92.563324,
10.7,26.2,104.9,0.424787,3931.0,48.2304,301.326,0,spatial_background_sample,spatial_background_reference,Arunachal Pradesh,28.462068,93.580801,2016-07-16
6.3,13.4,23.3,0.4164,5000.0,24.6942,331.5359,0,spatial_background_sample,spatial_background_reference,Sikkim,27.702436,88.345023,2014-07-08
6.9,39.5,68.3,0.321393,5585.0,12.2989,42.126,0,spatial_background_sample,spatial_background_reference,Sikkim,27.801453,88.302774,2012-06-26
10.3,21.4,53.1,0.410146,359.0,30.8001,237.5669,1,GSI_field_inventory,observed_landslide,Assam,24.645417,93.005361,
1.5,11.3,28.0,0.400847,106.0,1.8523,0.0,0,spatial_background_sample,spatial_background_reference,Tripura,23.897158,91.778533,2009-07-10
2.2,22.9,59.2,0.375463,116.0,7.4401,187.8757,0,spatial_background_sample,spatial_background_reference,Meghalaya,25.359431,89.902099,2025-05-28
2.3,10.6,25.0,0.397621,177.0,7.082,238.6271,0,spatial_background_sample,spatial_background_reference,Tripura,23.846894,91.563951,2009-07-10
142.2,211.1,221.3,0.455778,50.0,2.0649,90.0,0,spatial_background_sample,spatial_background_reference,Assam,26.242047,91.571517,2022-05-14
0.0,10.5,213.2,0.45099,59.0,3.2371,286.6123,0,spatial_background_sample,spatial_background_reference,Assam,26.486493,91.535909,2016-05-22
58.0,149.6,195.9,0.491451,958.0,20.5988,75.041,0,spatial_background_sample,spatial_background_reference,Arunachal Pradesh,27.050606,92.145929,2016-07-16
20.2,52.9,99.7,0.424603,3235.0,33.6691,65.6285,0,spatial_background_sample,spatial_background_reference,Arunachal Pradesh,28.430758,96.111649,2016-07-16
39.8,79.7,98.9,0.481406,328.0,2.7772,0.0,0,spatial_background_sample,spatial_background_reference,Meghalaya,25.369384,90.518557,2009-06-29
14.7,45.4,127.9,0.397543,117.0,5.8232,241.5988,0,spatial_background_sample,spatial_background_reference,Meghalaya,25.682668,89.963676,2007-08-18
1.7,10.3,99.9,0.329973,55.0,2.7735,228.122,0,spatial_background_sample,spatial_background_reference,Assam,26.291032,90.021877,2010-04-02
33.7,87.3,147.0,0.427298,2901.0,26.1438,115.3567,0,spatial_background_sample,spatial_background_reference,Arunachal Pradesh,28.965843,95.193892,2016-07-17
7.1,39.7,84.1,0.449219,817.0,19.1307,299.3405,1,GSI_field_inventory,observed_landslide,Mizoram,24.48458889,93.58781944,
12.9,22.8,54.0,0.444988,292.0,16.9496,270.0,0,spatial_background_sample,spatial_background_reference,Nagaland,25.586175,93.548303,2009-06-04
41.1,96.4,144.1,0.497583,679.0,7.3805,75.5424,0,spatial_background_sample,spatial_background_reference,Meghalaya,25.524524,90.975119,2007-07-19
0.0,0.0,5.4,0.401289,5180.0,33.9968,77.5389,0,spatial_background_sample,spatial_background_reference,Sikkim,27.879482,88.474766,2022-11-20
60.6,302.9,428.6,0.380031,687.0,19.1688,23.1189,1,GSI_field_inventory,observed_landslide,Mizoram,23.198961,92.590043,
49.7,110.7,136.8,0.484978,322.0,30.0798,35.9447,0,spatial_background_sample,spatial_background_reference,Meghalaya,25.364589,90.442207,2007-07-19
19.1,40.6,92.8,0.482549,1070.0,12.875,141.0924,0,spatial_background_sample,spatial_background_reference,Meghalaya,25.700166,91.37104,2018-05-07
24.3,93.5,110.3,0.471704,33.0,7.4382,352.2325,0,spatial_background_sample,spatial_background_reference,Tripura,23.59612,91.311303,2018-05-18
59.1,147.6,231.1,0.427735,1878.0,39.8258,120.2736,0,spatial_background_sample,spatial_background_reference,Arunachal Pradesh,28.883718,95.008561,2016-07-17
6.1,17.2,89.8,0.457622,218.0,20.4394,112.9848,0,spatial_background_sample,spatial_background_reference,Nagaland,26.433393,94.182111,2024-06-01
14.5,45.9,161.8,0.458229,1648.0,21.7458,193.0923,1,GSI_field_inventory,observed_landslide,Nagaland,26.38778,94.82583,
29.2,77.7,83.3,0.373496,79.0,0.9264,0.0,0,spatial_background_sample,spatial_background_reference,Assam,26.765176,91.224279,2017-06-13
6.3,46.8,96.2,0.425042,4700.0,48.2735,312.6674,0,spatial_background_sample,spatial_background_reference,Arunachal Pradesh,28.054924,97.324067,2016-07-17
111.1,279.0,302.4,0.381533,44.0,3.6084,300.8517,0,spatial_background_sample,spatial_background_reference,Assam,26.360974,90.707263,2022-05-14
4.7,34.0,72.8,0.38432,5134.0,27.3607,297.95,0,spatial_background_sample,spatial_background_reference,Arunachal Pradesh,27.832214,92.168277,2016-07-17
10.1,14.6,43.7,0.407731,5178.0,10.4096,84.9504,0,spatial_background_sample,spatial_background_reference,Sikkim,27.918879,88.461335,2012-06-22
0.3,2.4,13.4,0.413368,5721.0,57.8105,31.242,0,spatial_background_sample,spatial_background_reference,Sikkim,27.980426,88.342069,2022-05-29
61.7,87.3,196.0,0.486124,99.0,1.3947,228.3839,0,spatial_background_sample,spatial_background_reference,Assam,27.334245,94.756565,2017-06-16
63.0,156.5,184.1,0.468943,70.0,1.8523,180.0,0,spatial_background_sample,spatial_background_reference,Assam,26.681975,93.025489,2022-05-13
9.9,65.6,82.8,0.411153,121.0,6.067,90.0,0,spatial_background_sample,spatial_background_reference,Tripura,24.104921,91.75055,2018-05-18
59.1,112.4,143.7,0.378135,711.0,24.5583,27.6705,1,GSI_field_inventory,observed_landslide,Mizoram,23.73583333,92.85194444,
56.6,86.3,155.3,0.425536,2516.0,23.2603,25.4698,0,spatial_background_sample,spatial_background_reference,Arunachal Pradesh,28.985172,95.699832,2016-07-17
73.5,121.3,280.6,0.428479,3274.0,40.7086,167.7539,0,spatial_background_sample,spatial_background_reference,Sikkim,27.624508,88.397257,2012-06-22
1.5,11.3,28.0,0.403719,78.0,5.8965,200.0526,0,spatial_background_sample,spatial_background_reference,Tripura,24.046516,91.697291,2009-07-10
47.7,88.6,107.8,0.37651,395.0,38.9204,246.9883,1,GSI_field_inventory,observed_landslide,Mizoram,23.82638889,92.8325,
55.0,183.8,207.5,0.499025,981.0,25.34,74.1475,0,spatial_background_sample,spatial_background_reference,Arunachal Pradesh,27.454,96.696276,2016-07-16
10.9,28.1,79.0,0.423963,4952.0,74.4311,192.1446,0,spatial_background_sample,spatial_background_reference,Arunachal Pradesh,28.599123,93.537539,2016-07-17
66.5,99.9,174.1,0.424568,2852.0,48.5556,294.4597,0,spatial_background_sample,spatial_background_reference,Arunachal Pradesh,28.552136,95.472155,2016-07-17
9.2,73.0,152.1,0.48929,268.0,12.8714,336.9133,0,spatial_background_sample,spatial_background_reference,Assam,25.538026,92.82985,2016-05-17
33.7,235.2,356.1,0.372094,1024.0,27.0792,269.0929,1,GSI_field_inventory,observed_landslide,Mizoram,23.319184,92.856725,
6.8,38.0,79.4,0.359798,5576.0,58.0318,249.3169,0,spatial_background_sample,spatial_background_reference,Arunachal Pradesh,27.809637,92.47245,2016-07-17
3.7,55.8,136.4,0.483673,204.0,8.9494,114.2496,0,spatial_background_sample,spatial_background_reference,Nagaland,25.721131,93.611077,2025-07-07
28.6,106.9,414.0,0.428277,2413.0,33.0724,333.366,0,spatial_background_sample,spatial_background_reference,Sikkim,27.597625,88.399596,2014-08-26
40.2,202.8,296.9,0.488177,1332.0,6.6056,117.0205,1,GSI_field_inventory,observed_landslide,Meghalaya,25.54264,92.10214,
6.1,31.2,114.7,0.47003,269.0,12.7861,253.441,0,spatial_background_sample,spatial_background_reference,Nagaland,26.874245,94.882106,2024-06-01
13.7,82.1,101.8,0.472973,24.0,5.1291,259.6218,0,spatial_background_sample,spatial_background_reference,Tripura,23.694417,91.319144,2018-05-18
20.1,65.8,80.2,0.372754,49.0,1.3699,312.5449,0,spatial_background_sample,spatial_background_reference,Tripura,23.397387,91.730234,2018-05-18
6.8,64.5,86.0,0.40347,131.0,12.1051,41.0692,0,spatial_background_sample,spatial_background_reference,Mizoram,23.357007,92.400522,2024-07-09
18.2,46.3,95.5,0.418241,1817.0,52.8296,197.0012,0,spatial_background_sample,spatial_background_reference,Arunachal Pradesh,28.291469,96.995544,2016-07-17
2.9,15.6,24.5,0.407165,4901.0,2.2865,113.8889,0,spatial_background_sample,spatial_background_reference,Sikkim,27.648234,88.169247,2024-08-21
50.6,81.7,140.9,0.42571,3777.0,10.084,24.6011,0,spatial_background_sample,spatial_background_reference,Arunachal Pradesh,29.116424,95.551124,2016-07-17
51.8,151.3,367.0,0.428177,1837.0,28.727,152.2565,0,spatial_background_sample,spatial_background_reference,Arunachal Pradesh,27.472511,92.537783,2016-07-17
4.8,15.9,31.7,0.488388,81.0,16.3404,253.9929,0,spatial_background_sample,spatial_background_reference,Tripura,23.362782,91.612382,2009-07-10
0.8,16.1,39.5,0.472396,1160.0,4.7762,73.1053,1,GSI_field_inventory,observed_landslide,Mizoram,24.33300556,93.65357222,
16.8,69.0,88.9,0.374821,47.0,11.871,180.0,0,spatial_background_sample,spatial_background_reference,Tripura,23.545989,91.677789,2018-05-18
1.9,12.3,24.2,0.402751,78.0,11.0097,270.0,0,spatial_background_sample,spatial_background_reference,Tripura,23.905815,91.481113,2009-07-10
10.0,33.1,72.0,0.393208,1156.0,13.1926,277.9387,1,GSI_field_inventory,observed_landslide,Manipur,24.983806,93.497528,
20.2,29.5,73.5,0.420975,4426.0,28.6819,132.828,0,spatial_background_sample,spatial_background_reference,Sikkim,27.548836,88.760597,2012-06-22
2.3,10.6,25.0,0.480165,47.0,5.471,312.4773,0,spatial_background_sample,spatial_background_reference,Tripura,23.70866,91.399417,2009-07-10
1.9,12.3,24.2,0.402751,65.0,5.475,132.4387,0,spatial_background_sample,spatial_background_reference,Tripura,23.884401,91.472059,2009-07-10
12.1,66.6,83.2,0.370385,90.0,24.794,286.262,0,spatial_background_sample,spatial_background_reference,Tripura,24.277189,92.063608,2018-05-18
2.5,2.8,7.8,0.431937,791.0,26.1557,164.6111,1,GSI_field_inventory,observed_landslide,Nagaland,25.770064,93.937891,
1.5,11.3,28.0,0.402128,300.0,16.8358,263.865,0,spatial_background_sample,spatial_background_reference,Tripura,23.987173,91.76014,2009-07-10
72.0,119.8,205.7,0.496833,960.0,9.5672,279.6758,1,GSI_field_inventory,observed_landslide,Meghalaya,25.68255833,91.90111389,
35.6,114.4,143.7,0.406842,47.0,4.1492,311.9652,0,spatial_background_sample,spatial_background_reference,Meghalaya,25.933127,90.197577,2025-05-30
124.9,209.0,220.7,0.325256,305.0,31.3994,280.6865,0,spatial_background_sample,spatial_background_reference,Mizoram,23.568914,92.365657,2024-05-28
27.5,126.3,227.3,0.388854,1095.0,22.9214,209.4348,1,GSI_field_inventory,observed_landslide,Mizoram,23.75024,92.736662,
26.3,119.1,251.5,0.428039,3249.0,37.7597,223.0581,0,spatial_background_sample,spatial_background_reference,Arunachal Pradesh,27.535053,92.434494,2016-07-17
1.8,1.8,7.1,0.313885,1207.0,30.3485,321.3582,1,GSI_field_inventory,observed_landslide,Mizoram,23.25828611,93.15288333,
26.1,98.1,119.9,0.473958,49.0,6.2469,53.7814,0,spatial_background_sample,spatial_background_reference,Tripura,23.725266,91.418824,2018-05-18
38.4,98.3,134.2,0.37651,1126.0,13.1051,108.2344,1,GSI_field_inventory,observed_landslide,Mizoram,23.77472222,92.76194444,
30.8,116.3,152.3,0.423735,3367.0,23.4686,233.4237,0,spatial_background_sample,spatial_background_reference,Arunachal Pradesh,28.21826,96.397386,2016-04-22
4.8,15.9,31.7,0.484531,28.0,3.1621,72.9809,0,spatial_background_sample,spatial_background_reference,Tripura,23.323232,91.502459,2009-07-10
24.4,93.5,135.0,0.422176,1634.0,42.1483,15.267,0,spatial_background_sample,spatial_background_reference,Arunachal Pradesh,28.116156,96.037986,2016-07-16
28.7,101.7,255.6,0.426713,3294.0,38.1521,111.7464,0,spatial_background_sample,spatial_background_reference,Sikkim,27.573941,88.300882,2024-07-21
34.8,105.4,119.8,0.49306,978.0,13.6798,297.7118,0,spatial_background_sample,spatial_background_reference,Assam,25.779826,92.261269,2018-06-14
5.7,9.7,29.0,0.410376,4291.0,56.7829,116.4039,0,spatial_background_sample,spatial_background_reference,Sikkim,27.55255,88.266298,2022-08-25
21.7,97.8,124.2,0.491146,128.0,4.8479,40.3076,0,spatial_background_sample,spatial_background_reference,Arunachal Pradesh,27.855056,95.347098,2016-07-16
33.2,58.6,171.3,0.498183,164.0,22.147,29.0727,0,spatial_background_sample,spatial_background_reference,Meghalaya,25.929694,90.390848,2007-07-25
4.7,5.5,22.8,0.37881,5546.0,54.5258,331.1307,0,spatial_background_sample,spatial_background_reference,Sikkim,27.989835,88.725593,2021-06-18
22.8,214.1,308.5,0.445281,1287.0,16.3889,220.8163,1,GSI_field_inventory,observed_landslide,Assam,25.146306,93.942167,
0.0,0.3,0.3,0.381324,4613.0,24.1274,282.5099,0,spatial_background_sample,spatial_background_reference,Sikkim,27.43912,88.068486,2022-11-20
21.4,66.1,104.7,0.425058,4657.0,35.058,222.4918,0,spatial_background_sample,spatial_background_reference,Sikkim,27.508549,88.763264,2012-06-26
23.7,126.9,157.0,0.472647,48.0,2.9597,20.2459,0,spatial_background_sample,spatial_background_reference,Meghalaya,25.345756,90.281168,2025-05-31
5.8,32.8,64.8,0.428438,4972.0,27.1265,91.8087,0,spatial_background_sample,spatial_background_reference,Sikkim,27.848934,88.361673,2021-08-27
33.7,235.2,356.1,0.372094,946.0,20.4205,159.1993,1,GSI_field_inventory,observed_landslide,Mizoram,23.3228,92.862406,
17.6,34.6,60.2,0.481198,74.0,11.8195,302.7433,0,spatial_background_sample,spatial_background_reference,Tripura,23.270118,91.704908,2009-07-10
23.8,66.3,82.1,0.45611,30.0,6.3038,151.4302,0,spatial_background_sample,spatial_background_reference,Tripura,23.333198,91.528492,2018-05-18
18.0,66.3,87.0,0.387527,63.0,1.3729,47.5717,0,spatial_background_sample,spatial_background_reference,Tripura,23.931279,92.029683,2018-05-18
69.0,112.3,201.5,0.360625,843.0,25.498,40.2102,1,GSI_field_inventory,observed_landslide,Mizoram,23.067473,92.767201,
7.6,9.3,30.2,0.405744,5069.0,42.2536,184.6211,0,spatial_background_sample,spatial_background_reference,Sikkim,27.907804,88.738194,2012-06-22
49.4,126.3,165.8,0.376667,906.0,25.53,221.7858,1,GSI_field_inventory,observed_landslide,Mizoram,23.71721667,92.70777778,
11.9,44.2,96.9,0.419513,51.0,2.0661,90.0,0,spatial_background_sample,spatial_background_reference,Assam,26.31109,90.043368,2020-06-02
4.2,8.5,12.6,0.386482,186.0,13.7071,210.4774,0,spatial_background_sample,spatial_background_reference,Tripura,23.801204,91.92786,2009-07-10
18.6,100.9,149.9,0.399135,1166.0,27.1012,160.2295,1,GSI_field_inventory,observed_landslide,Mizoram,24.24755556,93.54809722,
23.2,60.0,183.4,0.488729,92.0,2.1243,330.6723,0,spatial_background_sample,spatial_background_reference,Assam,27.129199,94.481407,2016-05-22
70.7,135.4,173.3,0.476738,87.0,1.0369,270.0,0,spatial_background_sample,spatial_background_reference,Assam,26.697205,92.329774,2020-06-26
28.2,43.1,78.2,0.489433,742.0,17.1061,3.3776,0,spatial_background_sample,spatial_background_reference,Nagaland,26.90073,95.183098,2024-09-03
38.3,74.9,127.5,0.421315,1526.0,9.4153,192.8111,0,spatial_background_sample,spatial_background_reference,Arunachal Pradesh,28.416219,95.582039,2016-04-22
84.1,153.7,169.2,0.291301,211.0,11.2826,104.0724,0,spatial_background_sample,spatial_background_reference,Mizoram,23.201204,92.363388,2024-05-28
96.8,145.9,241.8,0.360625,780.0,13.0859,224.4536,1,GSI_field_inventory,observed_landslide,Mizoram,23.100785,92.751508,
27.2,56.2,138.4,0.425429,2734.0,13.5584,82.2934,0,spatial_background_sample,spatial_background_reference,Arunachal Pradesh,28.406127,93.427948,2016-07-17
0.0,0.0,2.1,0.38206,4327.0,23.1589,250.1102,0,spatial_background_sample,spatial_background_reference,Sikkim,27.824008,88.803035,2022-11-20
21.5,109.6,218.3,0.479613,97.0,1.3939,48.3563,0,spatial_background_sample,spatial_background_reference,Assam,27.226225,94.812089,2022-05-14
4.3,65.9,140.2,0.491743,84.0,1.0377,90.0,0,spatial_background_sample,spatial_background_reference,Assam,26.781566,93.29202,2020-06-28
5.8,24.4,49.8,0.488674,457.0,16.446,338.6246,0,spatial_background_sample,spatial_background_reference,Meghalaya,25.612346,90.569538,2007-09-15
26.3,42.5,59.0,0.400376,4395.0,20.0376,90.0,0,spatial_background_sample,spatial_background_reference,Sikkim,27.538576,88.29461,2023-10-04
5.9,26.0,38.3,0.39289,5218.0,11.941,252.1915,0,spatial_background_sample,spatial_background_reference,Sikkim,27.947297,88.38711,2024-08-21
15.5,62.2,78.2,0.39574,117.0,1.3731,227.5779,0,spatial_background_sample,spatial_background_reference,Tripura,23.959664,91.950732,2018-05-18
6.6,44.3,138.8,0.475918,820.0,37.5399,91.2057,0,spatial_background_sample,spatial_background_reference,Manipur,25.174414,93.52342,2008-07-01
4.8,15.9,31.7,0.482004,97.0,12.7925,4.4415,0,spatial_background_sample,spatial_background_reference,Tripura,23.134178,91.558158,2009-07-10
0.2,7.9,212.5,0.41961,38.0,2.7731,131.8864,0,spatial_background_sample,spatial_background_reference,Assam,26.256633,90.790829,2016-05-22
0.5,28.8,44.9,0.471241,326.0,22.8143,140.2447,0,spatial_background_sample,spatial_background_reference,Nagaland,25.62971,93.566447,2022-10-15
12.9,31.8,87.2,0.425661,4241.0,18.5244,150.3003,0,spatial_background_sample,spatial_background_reference,Arunachal Pradesh,28.764423,94.142027,2016-07-17
87.5,167.6,271.6,0.367217,413.0,24.5088,173.2481,0,spatial_background_sample,spatial_background_reference,Meghalaya,25.178679,92.526622,2020-05-26
12.5,83.7,151.9,0.494219,1139.0,26.6993,59.0033,1,GSI_field_inventory,observed_landslide,Meghalaya,25.687056,91.6485,
21.3,111.1,123.9,0.413286,115.0,11.2684,206.7862,0,spatial_background_sample,spatial_background_reference,Meghalaya,25.791052,90.016115,2019-06-27
5.2,32.6,194.2,0.483115,37.0,3.584,301.0853,0,spatial_background_sample,spatial_background_reference,Meghalaya,25.2665,90.274485,2007-08-18
10.0,39.8,70.6,0.422823,754.0,22.4904,292.4092,1,GSI_field_inventory,observed_landslide,Mizoram,23.092076,92.752286,
116.4,206.1,271.9,0.479064,529.0,15.0245,195.4463,0,spatial_background_sample,spatial_background_reference,Meghalaya,25.208485,92.575088,2025-05-30
20.8,39.9,69.2,0.480126,151.0,7.2826,262.7309,0,spatial_background_sample,spatial_background_reference,Nagaland,26.762618,94.797094,2009-07-27
0.8,9.3,140.2,0.469435,310.0,17.3603,320.8813,0,spatial_background_sample,spatial_background_reference,Nagaland,25.609126,93.519281,2024-06-01
15.3,195.6,302.7,0.485497,916.0,25.9286,287.4167,0,spatial_background_sample,spatial_background_reference,Manipur,25.007964,93.908585,2018-06-14
3.6,8.3,40.4,0.423013,4920.0,29.1319,170.5539,0,spatial_background_sample,spatial_background_reference,Sikkim,27.883565,88.426027,2025-07-19
35.0,96.3,356.0,0.416137,110.0,2.9665,159.4023,0,spatial_background_sample,spatial_background_reference,Assam,27.510179,94.546987,2025-06-04
1.5,11.3,28.0,0.404866,80.0,2.1115,208.7033,0,spatial_background_sample,spatial_background_reference,Tripura,24.0563,91.708997,2009-07-10
13.9,60.8,122.6,0.424682,2215.0,16.8715,57.781,0,spatial_background_sample,spatial_background_reference,Arunachal Pradesh,28.081997,97.050707,2016-07-17
35.3,63.1,115.7,0.474729,700.0,4.3532,93.0474,1,GSI_field_inventory,observed_landslide,Assam,25.17136,93.01102,
0.0,14.2,250.3,0.415063,38.0,3.459,323.3733,0,spatial_background_sample,spatial_background_reference,Assam,26.260079,89.97416,2016-05-22
25.9,49.0,129.6,0.4225,4222.0,26.6379,2.09,0,spatial_background_sample,spatial_background_reference,Sikkim,27.877664,88.583713,2012-06-22
14.5,215.4,250.5,0.490173,945.0,18.6844,144.3741,0,spatial_background_sample,spatial_background_reference,Meghalaya,25.452601,90.490136,2025-05-31
67.8,120.5,158.2,0.379417,814.0,30.9194,0.0,1,GSI_field_inventory,observed_landslide,Mizoram,23.62194444,92.72305556,
10.6,62.2,80.9,0.40918,74.0,6.5356,8.8962,0,spatial_background_sample,spatial_background_reference,Tripura,24.124744,91.70014,2018-05-18
0.0,6.6,210.1,0.409399,28.0,0.9264,0.0,0,spatial_background_sample,spatial_background_reference,Assam,26.092659,89.783932,2016-05-22
23.5,46.1,139.9,0.425744,2434.0,13.1132,346.3536,0,spatial_background_sample,spatial_background_reference,Arunachal Pradesh,28.039892,93.235367,2016-07-16
2.3,10.6,25.0,0.415516,58.0,3.1718,253.0346,0,spatial_background_sample,spatial_background_reference,Tripura,23.764618,91.495812,2009-07-10
20.1,65.8,80.2,0.372754,78.0,4.0309,90.0,0,spatial_background_sample,spatial_background_reference,Tripura,23.388063,91.668178,2018-05-18
17.6,70.3,87.7,0.380412,101.0,13.0405,81.9738,0,spatial_background_sample,spatial_background_reference,Tripura,23.573419,91.705242,2018-05-18
27.6,125.1,130.3,0.406725,43.0,2.2631,245.8482,0,spatial_background_sample,spatial_background_reference,Assam,26.257342,90.944976,2017-06-13
4.5,25.8,147.4,0.487757,124.0,2.2613,294.1727,0,spatial_background_sample,spatial_background_reference,Assam,26.143681,93.872548,2024-07-05
18.6,91.1,111.9,0.409088,48.0,1.3724,132.4492,0,spatial_background_sample,spatial_background_reference,Tripura,23.836701,91.479496,2018-05-18
51.0,84.3,152.9,0.426226,2387.0,45.0786,261.6553,0,spatial_background_sample,spatial_background_reference,Arunachal Pradesh,28.347583,96.211999,2016-07-17
17.6,70.3,87.7,0.380412,46.0,4.8951,124.4999,0,spatial_background_sample,spatial_background_reference,Tripura,23.598875,91.661968,2018-05-18
56.4,98.9,198.6,0.283257,165.0,2.7796,228.2351,0,spatial_background_sample,spatial_background_reference,Assam,26.74708,90.632423,2022-05-15
20.1,130.4,173.9,0.40933,95.0,3.844,164.2811,0,spatial_background_sample,spatial_background_reference,Assam,27.342189,94.261274,2016-05-18
6.7,66.4,92.7,0.410759,4622.0,24.4718,148.5017,0,spatial_background_sample,spatial_background_reference,Sikkim,27.873776,88.353983,2014-07-01
0.9,16.3,30.3,0.416266,5430.0,23.0845,313.0689,0,spatial_background_sample,spatial_background_reference,Sikkim,28.013829,88.549779,2012-07-17
22.0,78.1,92.9,0.394906,124.0,7.4749,222.3174,0,spatial_background_sample,spatial_background_reference,Tripura,23.756715,91.761016,2018-05-18
0.0,0.0,9.6,0.264167,4642.0,24.3761,357.6877,0,spatial_background_sample,spatial_background_reference,Sikkim,27.812769,88.411253,2022-11-20
12.6,35.1,51.4,0.421949,3015.0,33.6726,123.9327,0,spatial_background_sample,spatial_background_reference,Arunachal Pradesh,28.649768,96.275294,2016-04-22
24.6,43.0,207.2,0.424903,30.0,2.1134,151.2046,0,spatial_background_sample,spatial_background_reference,Assam,24.540391,92.328566,2017-06-16
3.6,5.3,27.7,0.39475,4850.0,13.4544,57.2684,0,spatial_background_sample,spatial_background_reference,Sikkim,27.894903,88.429497,2021-05-18
22.7,108.0,145.5,0.493812,781.0,2.7772,180.0,0,spatial_background_sample,spatial_background_reference,Manipur,24.655988,94.040251,2007-09-07
33.2,81.6,114.2,0.429586,4166.0,46.9456,17.8711,0,spatial_background_sample,spatial_background_reference,Sikkim,27.610818,88.287805,2014-07-08
54.6,207.2,249.1,0.406318,101.0,3.258,253.4976,0,spatial_background_sample,spatial_background_reference,Assam,27.279875,94.027764,2022-05-14
8.6,86.4,139.5,0.447461,95.0,2.1248,209.3528,0,spatial_background_sample,spatial_background_reference,Assam,27.24341,94.615579,2014-05-10
9.1,27.2,55.4,0.423597,3547.0,30.3601,58.3664,0,spatial_background_sample,spatial_background_reference,Arunachal Pradesh,28.909314,96.391622,2016-07-16
28.5,71.7,196.4,0.425827,2107.0,33.6683,316.7383,0,spatial_background_sample,spatial_background_reference,Arunachal Pradesh,27.687439,93.339683,2016-07-16
0.7,22.6,41.7,0.413385,762.0,23.4678,335.9971,1,GSI_field_inventory,observed_landslide,Mizoram,23.56238611,93.12376667,
61.9,120.9,163.8,0.376667,1096.0,27.8779,279.6896,1,GSI_field_inventory,observed_landslide,Mizoram,23.67694444,92.71722222,
59.6,179.0,218.4,0.475433,175.0,12.519,341.2074,0,spatial_background_sample,spatial_background_reference,Meghalaya,25.281368,90.503586,2025-05-31
8.0,28.8,68.9,0.449664,305.0,16.7823,229.9547,0,spatial_background_sample,spatial_background_reference,Manipur,24.42731,94.384646,2007-08-28
63.6,128.5,174.1,0.384405,42.0,4.0976,270.0,0,spatial_background_sample,spatial_background_reference,Meghalaya,25.465219,89.85746,2025-05-30
17.6,39.9,50.2,0.405341,4674.0,25.6733,24.7384,0,spatial_background_sample,spatial_background_reference,Sikkim,27.84592,88.712156,2023-10-04
7.6,20.7,39.8,0.391936,11.0,2.1081,331.4673,0,spatial_background_sample,spatial_background_reference,Tripura,23.127316,91.342699,2009-07-10
7.7,28.9,58.8,0.424452,4688.0,27.7481,153.042,0,spatial_background_sample,spatial_background_reference,Arunachal Pradesh,28.189843,97.378267,2016-07-17
1.9,12.3,24.2,0.402751,117.0,5.5414,180.0,0,spatial_background_sample,spatial_background_reference,Tripura,23.893992,91.51827,2009-07-10
41.4,87.7,178.8,0.425667,3241.0,39.6818,6.3121,0,spatial_background_sample,spatial_background_reference,Sikkim,27.586758,88.293159,2022-06-15
5.7,15.9,48.2,0.41211,4461.0,10.0223,111.4676,0,spatial_background_sample,spatial_background_reference,Sikkim,27.769237,88.836149,2025-07-19
3.0,4.7,11.9,0.290436,5564.0,5.0216,56.4914,0,spatial_background_sample,spatial_background_reference,Sikkim,28.017951,88.809362,2025-07-19
23.3,42.7,108.3,0.424384,1905.0,32.2707,106.3602,0,spatial_background_sample,spatial_background_reference,Arunachal Pradesh,28.275337,94.043709,2016-07-17
65.0,128.9,173.2,0.379844,979.0,9.7119,337.249,1,GSI_field_inventory,observed_landslide,Mizoram,23.48555556,92.70305556,
64.9,181.1,321.6,0.394903,32.0,4.1535,311.9124,0,spatial_background_sample,spatial_background_reference,Assam,26.150502,89.828383,2016-05-18
17.7,80.8,96.3,0.375095,69.0,9.5321,47.6187,0,spatial_background_sample,spatial_background_reference,Tripura,24.143107,92.151154,2018-05-18
11.6,75.4,89.6,0.389427,40.0,2.957,159.8981,0,spatial_background_sample,spatial_background_reference,Tripura,24.386501,92.208772,2018-05-18
21.9,85.1,210.5,0.489345,84.0,0.0,180.0,0,spatial_background_sample,spatial_background_reference,Assam,26.973536,94.421917,2016-05-22
12.3,55.7,282.5,0.496781,1563.0,18.5274,81.6679,1,GSI_field_inventory,observed_landslide,Meghalaya,25.425,91.405,
10.9,35.5,76.9,0.425089,3380.0,17.1312,50.9867,0,spatial_background_sample,spatial_background_reference,Arunachal Pradesh,28.6361,96.452626,2016-07-16
5.0,14.9,34.7,0.396318,67.0,11.0284,305.504,0,spatial_background_sample,spatial_background_reference,Tripura,23.475894,91.732205,2009-07-10
31.8,85.7,141.5,0.451796,80.0,2.2731,245.9616,0,spatial_background_sample,spatial_background_reference,Assam,26.866152,93.649443,2016-04-18
17.0,48.1,118.0,0.422606,4008.0,12.5604,29.4373,0,spatial_background_sample,spatial_background_reference,Sikkim,27.624372,88.245612,2022-10-10
16.3,46.6,187.7,0.423604,334.0,23.6561,257.1898,1,GSI_field_inventory,observed_landslide,Mizoram,24.55987778,93.12541667,
70.0,209.5,227.9,0.466592,319.0,15.7284,62.6563,0,spatial_background_sample,spatial_background_reference,Meghalaya,25.185685,90.92096,2025-05-30
24.5,45.0,66.1,0.426616,4399.0,8.3149,311.5922,0,spatial_background_sample,spatial_background_reference,Sikkim,27.427069,88.11339,2022-06-15
2.5,15.0,30.6,0.484272,38.0,0.0,180.0,0,spatial_background_sample,spatial_background_reference,Tripura,23.609577,91.523586,2009-07-10
9.5,68.3,82.2,0.393012,51.0,5.0446,203.6683,0,spatial_background_sample,spatial_background_reference,Tripura,24.13329,92.017732,2018-05-18
9.4,16.4,27.2,0.360501,86.0,16.471,151.0481,0,spatial_background_sample,spatial_background_reference,Meghalaya,25.335998,89.959446,2013-08-06
21.5,88.6,194.0,0.427509,3872.0,19.4369,291.5045,0,spatial_background_sample,spatial_background_reference,Arunachal Pradesh,27.562982,92.382033,2016-07-17
3.0,20.6,64.8,0.40076,1252.0,16.3288,38.0585,1,GSI_field_inventory,observed_landslide,Mizoram,23.25951944,93.15917222,
0.0,1.1,81.4,0.413737,37.0,3.4588,143.3781,0,spatial_background_sample,spatial_background_reference,Assam,26.239954,90.508471,2024-05-24
13.7,53.3,129.4,0.42106,785.0,5.9167,339.4148,0,spatial_background_sample,spatial_background_reference,Arunachal Pradesh,27.437294,93.958114,2016-07-17
6.4,40.9,110.2,0.497854,1124.0,20.6367,2.0501,1,GSI_field_inventory,observed_landslide,Meghalaya,25.68690556,91.64915278,
21.4,35.1,59.9,0.48251,80.0,11.6915,200.3377,0,spatial_background_sample,spatial_background_reference,Meghalaya,25.934014,90.521457,2025-05-28
18.6,81.9,169.6,0.426174,848.0,23.2757,347.7745,0,spatial_background_sample,spatial_background_reference,Arunachal Pradesh,27.433719,93.67757,2016-07-16
1.9,12.3,24.2,0.398341,173.0,10.0091,203.6269,0,spatial_background_sample,spatial_background_reference,Tripura,23.880012,91.556489,2009-07-10
24.4,110.0,206.6,0.367958,758.0,28.9786,318.189,1,GSI_field_inventory,observed_landslide,Mizoram,22.969582,92.925917,
14.5,27.1,37.5,0.387393,5955.0,46.4427,339.6989,0,spatial_background_sample,spatial_background_reference,Sikkim,27.588903,88.092402,2024-07-21
47.4,190.0,284.8,0.40906,78.0,3.6192,59.2509,0,spatial_background_sample,spatial_background_reference,Assam,26.827018,92.770143,2016-05-17
24.0,180.2,211.6,0.495841,443.0,20.1512,33.1538,0,spatial_background_sample,spatial_background_reference,Arunachal Pradesh,27.590327,96.280922,2016-07-17
49.4,126.3,165.8,0.376667,927.0,13.9128,268.1276,1,GSI_field_inventory,observed_landslide,Mizoram,23.74066667,92.69336111,
27.9,41.7,67.0,0.483954,167.0,10.8604,202.0134,0,spatial_background_sample,spatial_background_reference,Meghalaya,25.917122,90.583148,2025-05-28
15.6,83.0,106.3,0.395045,85.0,15.2242,245.4238,0,spatial_background_sample,spatial_background_reference,Tripura,23.841639,91.579985,2018-05-18
24.2,54.1,134.2,0.425274,2634.0,28.922,5.7339,0,spatial_background_sample,spatial_background_reference,Arunachal Pradesh,28.509754,94.142377,2016-07-17
12.9,51.3,97.3,0.424853,2961.0,8.0018,156.9574,0,spatial_background_sample,spatial_background_reference,Arunachal Pradesh,28.161247,96.727383,2016-07-16
35.6,61.1,139.8,0.424588,2953.0,43.1089,237.623,0,spatial_background_sample,spatial_background_reference,Arunachal Pradesh,28.418066,94.426057,2016-07-17
0.0,0.6,101.3,0.373876,105.0,0.9264,180.0,0,spatial_background_sample,spatial_background_reference,Assam,26.690631,90.442903,2024-05-24
5.0,63.8,154.0,0.385031,4513.0,39.3222,49.3519,0,spatial_background_sample,spatial_background_reference,Sikkim,27.800208,88.440179,2012-07-17
5.6,23.1,32.6,0.358632,6251.0,58.4141,272.2792,0,spatial_background_sample,spatial_background_reference,Sikkim,27.680732,88.200737,2013-08-28
21.7,50.1,130.3,0.423478,1381.0,13.1789,249.8017,0,spatial_background_sample,spatial_background_reference,Arunachal Pradesh,28.000263,94.816745,2016-07-17
4.4,13.0,34.2,0.396241,105.0,6.1056,81.3057,0,spatial_background_sample,spatial_background_reference,Tripura,23.433628,91.881685,2009-07-10
7.6,22.9,79.7,0.423351,1615.0,25.5627,74.3095,0,spatial_background_sample,spatial_background_reference,Manipur,24.083583,93.695538,2008-07-01
3.7,19.5,37.9,0.484887,537.0,12.3224,278.5135,0,spatial_background_sample,spatial_background_reference,Assam,26.083601,93.315011,2020-06-05
60.6,302.9,428.6,0.380031,719.0,10.0222,10.0436,1,GSI_field_inventory,observed_landslide,Mizoram,23.199095,92.586671,
4.3,8.5,63.6,0.394124,5315.0,8.8405,200.6642,0,spatial_background_sample,spatial_background_reference,Sikkim,27.894486,88.741377,2014-08-26
25.8,41.3,84.3,0.424415,3690.0,17.4752,267.0559,0,spatial_background_sample,spatial_background_reference,Arunachal Pradesh,29.038953,96.133057,2016-07-17
35.8,60.6,88.1,0.280067,283.0,2.7807,311.7459,0,spatial_background_sample,spatial_background_reference,Assam,26.82281,90.201132,2022-05-16
31.2,88.6,112.6,0.442818,48.0,4.7726,39.2236,0,spatial_background_sample,spatial_background_reference,Tripura,23.246237,91.361366,2018-05-18
0.7,5.0,5.6,0.299042,1038.0,35.5705,191.7676,1,GSI_field_inventory,observed_landslide,Mizoram,23.7002691,92.7181685,
24.6,107.8,151.1,0.482156,277.0,10.9809,180.0,0,spatial_background_sample,spatial_background_reference,Arunachal Pradesh,27.670011,96.026563,2016-07-17
30.6,54.0,75.5,0.481637,62.0,0.9264,0.0,0,spatial_background_sample,spatial_background_reference,Assam,26.530444,92.246783,2018-06-14
2.3,5.1,22.6,0.418504,4852.0,18.4912,330.4949,0,spatial_background_sample,spatial_background_reference,Sikkim,27.924901,88.676856,2024-07-21
9.9,65.6,82.8,0.411153,247.0,12.9661,32.57,0,spatial_background_sample,spatial_background_reference,Tripura,24.050483,91.754436,2018-05-18
0.4,47.1,91.6,0.488241,402.0,17.5193,346.7152,0,spatial_background_sample,spatial_background_reference,Nagaland,26.91902,95.180755,2022-10-15
78.2,135.3,365.8,0.494601,188.0,2.0739,90.0,0,spatial_background_sample,spatial_background_reference,Assam,26.74091,90.325041,2024-07-05
9.3,61.7,140.2,0.465893,709.0,27.1775,241.81,0,spatial_background_sample,spatial_background_reference,Nagaland,26.71127,94.867745,2024-06-01
12.3,58.0,106.7,0.491244,143.0,0.0,180.0,0,spatial_background_sample,spatial_background_reference,Arunachal Pradesh,27.665625,95.839363,2016-07-17
2.1,23.1,96.8,0.306381,35.0,4.1394,312.0873,0,spatial_background_sample,spatial_background_reference,Meghalaya,25.422329,89.845956,2017-06-17
18.2,106.2,148.0,0.41889,2092.0,43.427,7.7784,0,spatial_background_sample,spatial_background_reference,Arunachal Pradesh,27.929122,96.988076,2016-04-22
16.6,28.5,45.7,0.378269,4740.0,25.3991,254.1908,0,spatial_background_sample,spatial_background_reference,Arunachal Pradesh,27.769408,92.129778,2016-04-22
0.0,46.3,61.1,0.3204,6055.0,56.1302,107.0398,0,spatial_background_sample,spatial_background_reference,Sikkim,27.697388,88.315596,2012-07-17
31.2,94.3,112.9,0.462375,34.0,2.1095,208.6046,0,spatial_background_sample,spatial_background_reference,Tripura,23.524675,91.409921,2018-05-18
19.2,63.0,78.6,0.444159,87.0,5.4603,227.4193,0,spatial_background_sample,spatial_background_reference,Tripura,23.230479,91.756888,2018-05-18
23.5,51.7,72.6,0.482018,436.0,12.7962,119.8907,0,spatial_background_sample,spatial_background_reference,Meghalaya,25.40865,90.445662,2009-06-29
3.9,57.5,228.6,0.494189,1063.0,28.2272,327.5022,0,spatial_background_sample,spatial_background_reference,Assam,26.228607,93.599614,2016-05-22
0.2,0.9,7.6,0.353551,6390.0,2.2907,293.8422,0,spatial_background_sample,spatial_background_reference,Sikkim,27.887916,88.168107,2024-07-21
7.1,15.2,21.0,0.349268,5291.0,12.1262,301.7891,0,spatial_background_sample,spatial_background_reference,Sikkim,27.702291,88.204211,2024-07-21
17.4,17.7,23.8,0.406333,464.0,29.5754,337.9772,1,GSI_field_inventory,observed_landslide,Mizoram,24.10015917,93.10461389,
14.0,87.2,139.0,0.263104,114.0,4.241,77.4052,0,spatial_background_sample,spatial_background_reference,Assam,26.655294,90.175231,2016-05-18
0.3,41.0,67.2,0.479823,60.0,1.8523,180.0,0,spatial_background_sample,spatial_background_reference,Assam,26.202988,92.367521,2016-05-22
9.3,22.6,82.9,0.394004,4719.0,34.3778,238.6702,0,spatial_background_sample,spatial_background_reference,Sikkim,27.697336,88.278356,2021-06-18
2.7,12.2,20.0,0.396973,130.0,15.2883,341.1655,0,spatial_background_sample,spatial_background_reference,Tripura,23.629814,91.781064,2009-07-10
14.3,61.8,145.7,0.486591,78.0,1.3912,131.7446,0,spatial_background_sample,spatial_background_reference,Assam,26.827904,93.73799,2016-07-14
11.4,24.7,79.2,0.419493,4668.0,38.7502,316.4923,0,spatial_background_sample,spatial_background_reference,Arunachal Pradesh,28.608201,93.343922,2016-07-17
2.1,30.6,75.4,0.490607,140.0,5.9124,339.526,0,spatial_background_sample,spatial_background_reference,Nagaland,26.775886,94.800929,2025-07-08
147.4,203.7,287.8,0.367979,676.0,44.5431,224.3167,1,GSI_field_inventory,observed_landslide,Mizoram,23.336229,92.787113,
2.5,15.0,30.6,0.427561,103.0,4.1058,47.4861,0,spatial_background_sample,spatial_background_reference,Tripura,23.540428,91.595,2009-07-10
6.5,39.5,52.8,0.488871,198.0,7.4405,7.9021,0,spatial_background_sample,spatial_background_reference,Meghalaya,25.764694,90.638305,2007-09-15
17.1,38.0,107.1,0.42419,2016.0,31.0991,283.9604,0,spatial_background_sample,spatial_background_reference,Arunachal Pradesh,27.885165,93.794161,2016-07-17
2.3,10.6,25.0,0.442741,82.0,14.1402,281.1016,0,spatial_background_sample,spatial_background_reference,Tripura,23.694718,91.496233,2009-07-10
26.9,65.8,86.8,0.436249,14.0,2.7339,312.6284,0,spatial_background_sample,spatial_background_reference,Tripura,23.006133,91.655719,2018-05-18
21.9,47.3,79.4,0.418759,175.0,13.954,167.4558,0,spatial_background_sample,spatial_background_reference,Meghalaya,25.991029,90.377607,2007-07-19
11.2,21.9,66.5,0.493658,402.0,8.2413,312.0546,0,spatial_background_sample,spatial_background_reference,Nagaland,25.560187,93.555461,2024-09-03
15.5,78.6,98.5,0.443469,11.0,3.433,36.0381,0,spatial_background_sample,spatial_background_reference,Tripura,23.608181,91.159572,2018-05-18
42.5,100.3,170.4,0.426598,2922.0,30.9547,156.4348,0,spatial_background_sample,spatial_background_reference,Arunachal Pradesh,28.762406,95.092469,2016-07-17
1.7,4.9,145.8,0.450076,283.0,15.0602,90.0,0,spatial_background_sample,spatial_background_reference,Nagaland,25.65743,93.62691,2024-06-01
22.3,33.1,67.7,0.490054,195.0,16.6879,166.138,0,spatial_background_sample,spatial_background_reference,Meghalaya,25.773523,90.601879,2025-05-28
71.9,136.4,219.1,0.441138,95.0,2.7888,131.5959,0,spatial_background_sample,spatial_background_reference,Assam,27.41273,94.648283,2022-05-13
39.5,129.3,174.4,0.467365,92.0,2.125,150.6392,0,spatial_background_sample,spatial_background_reference,Assam,27.279707,94.503228,2016-05-17
45.3,179.6,197.7,0.493683,575.0,9.7462,212.0859,0,spatial_background_sample,spatial_background_reference,Arunachal Pradesh,27.610962,96.214185,2016-07-16
6.8,61.0,84.1,0.411153,52.0,1.0151,90.0,0,spatial_background_sample,spatial_background_reference,Tripura,24.139244,91.838498,2018-05-18
19.0,77.5,102.3,0.443469,57.0,4.8952,235.5009,0,spatial_background_sample,spatial_background_reference,Tripura,23.602841,91.235853,2018-05-18
0.4,6.8,19.0,0.402174,4855.0,10.6868,284.8951,0,spatial_background_sample,spatial_background_reference,Sikkim,27.547449,88.171705,2022-08-25
28.2,75.5,203.4,0.488796,99.0,8.3041,48.3409,0,spatial_background_sample,spatial_background_reference,Assam,27.165794,94.785184,2016-05-22
7.2,23.1,78.3,0.421655,4814.0,17.4904,320.3269,0,spatial_background_sample,spatial_background_reference,Sikkim,27.853157,88.848717,2015-07-08
16.1,23.5,92.7,0.323001,5597.0,36.4572,170.0231,0,spatial_background_sample,spatial_background_reference,Sikkim,27.836285,88.266223,2012-06-22
32.0,82.4,105.8,0.442818,22.0,4.2111,28.5479,0,spatial_background_sample,spatial_background_reference,Tripura,23.212229,91.379003,2018-05-18
16.7,93.5,133.7,0.492914,1221.0,36.5096,216.0757,0,spatial_background_sample,spatial_background_reference,Arunachal Pradesh,27.087353,93.322077,2016-07-17
34.8,123.0,358.3,0.463701,77.0,2.964,159.533,0,spatial_background_sample,spatial_background_reference,Assam,26.73338,93.629287,2010-04-02
21.5,113.7,153.8,0.411183,2238.0,29.1834,17.1743,0,spatial_background_sample,spatial_background_reference,Arunachal Pradesh,28.062146,96.805375,2016-04-22
22.7,108.0,145.5,0.454597,780.0,4.2218,151.1869,0,spatial_background_sample,spatial_background_reference,Manipur,24.631999,94.058381,2007-09-07
10.5,35.0,167.6,0.426501,1940.0,11.3063,332.8254,0,spatial_background_sample,spatial_background_reference,Arunachal Pradesh,27.697339,93.76076,2016-07-17
6.7,24.0,52.3,0.419629,4469.0,31.8134,195.331,0,spatial_background_sample,spatial_background_reference,Sikkim,27.469265,88.235395,2024-08-21
2.8,7.9,19.0,0.406457,5058.0,29.2603,54.7451,0,spatial_background_sample,spatial_background_reference,Sikkim,27.92369,88.449389,2022-08-25
9.9,65.6,82.8,0.40918,134.0,10.8236,139.5676,0,spatial_background_sample,spatial_background_reference,Tripura,24.099101,91.745278,2018-05-18
71.4,137.4,171.0,0.40783,128.0,2.9595,20.2349,0,spatial_background_sample,spatial_background_reference,Meghalaya,25.274365,90.104368,2025-05-30
7.7,22.6,54.4,0.412353,78.0,4.2453,77.4184,0,spatial_background_sample,spatial_background_reference,Assam,26.77822,92.782164,2020-06-02
37.8,68.3,137.9,0.425997,2619.0,40.0717,289.0724,0,spatial_background_sample,spatial_background_reference,Arunachal Pradesh,29.011599,95.955659,2016-07-17
11.7,21.5,23.3,0.472015,273.0,16.2979,299.8498,0,spatial_background_sample,spatial_background_reference,Nagaland,26.789125,94.787646,2023-10-02
2.0,3.4,21.1,0.377043,4987.0,21.3996,335.1945,0,spatial_background_sample,spatial_background_reference,Sikkim,27.732483,88.407923,2022-05-29
44.2,151.2,167.9,0.482583,190.0,2.1277,330.5128,0,spatial_background_sample,spatial_background_reference,Arunachal Pradesh,27.845898,96.149176,2016-07-16
0.0,0.0,0.6,0.402874,769.0,27.155,211.6648,0,spatial_background_sample,spatial_background_reference,Meghalaya,25.741852,91.405109,2023-04-13
14.5,35.6,52.1,0.414702,2852.0,43.2223,210.6527,0,spatial_background_sample,spatial_background_reference,Arunachal Pradesh,28.666243,94.444375,2016-04-22
12.5,97.8,150.2,0.415045,956.0,30.9572,86.9095,0,spatial_background_sample,spatial_background_reference,Arunachal Pradesh,27.019296,92.39412,2016-07-17
8.2,18.8,42.2,0.454188,798.0,25.0005,231.3287,1,GSI_field_inventory,observed_landslide,Mizoram,24.28840278,93.58591389,
5.8,26.7,47.7,0.406839,51.0,6.769,162.4775,0,spatial_background_sample,spatial_background_reference,Meghalaya,25.186273,90.370379,2025-07-02
54.1,313.9,433.5,0.380031,768.0,27.9435,41.6107,1,GSI_field_inventory,observed_landslide,Mizoram,23.204481,92.575792,
15.9,16.6,17.5,0.32225,5519.0,6.3183,261.6028,0,spatial_background_sample,spatial_background_reference,Sikkim,27.661596,88.236744,2022-06-15
18.6,91.1,111.9,0.399568,60.0,5.0532,270.0,0,spatial_background_sample,spatial_background_reference,Tripura,23.892128,91.480367,2018-05-18
49.4,126.3,165.8,0.376667,979.0,29.1353,132.471,1,GSI_field_inventory,observed_landslide,Mizoram,23.7375,92.69444444,
17.3,71.2,203.0,0.425872,1860.0,31.5712,161.3101,0,spatial_background_sample,spatial_background_reference,Manipur,25.411704,93.878031,2010-06-10
54.1,313.9,433.5,0.380031,631.0,17.0695,198.3875,1,GSI_field_inventory,observed_landslide,Mizoram,23.190022,92.554302,
41.1,161.3,207.6,0.458086,84.0,0.0,180.0,0,spatial_background_sample,spatial_background_reference,Assam,27.11547,94.192901,2016-05-17
49.4,108.6,154.4,0.377302,391.0,32.4096,213.3766,1,GSI_field_inventory,observed_landslide,Mizoram,23.73833333,92.81333333,
6.3,13.1,32.9,0.452844,16.0,2.5336,90.0,1,GSI_field_inventory,observed_landslide,Tripura,23.85417,91.34361,
5.7,15.6,38.0,0.484674,76.0,2.9548,19.9818,0,spatial_background_sample,spatial_background_reference,Tripura,23.547397,91.258481,2009-07-10
0.0,14.2,250.3,0.415808,53.0,1.0326,90.0,0,spatial_background_sample,spatial_background_reference,Assam,26.216045,89.973136,2016-05-22
36.8,39.0,66.9,0.412141,1229.0,25.5793,103.6776,0,spatial_background_sample,spatial_background_reference,Manipur,25.323311,93.728608,2024-07-29
31.1,84.2,134.9,0.49289,131.0,2.127,29.4565,0,spatial_background_sample,spatial_background_reference,Assam,27.709884,95.633659,2010-06-20
20.2,29.5,73.5,0.405744,4949.0,21.8693,313.2241,0,spatial_background_sample,spatial_background_reference,Sikkim,27.801603,88.66837,2012-06-22
13.1,27.8,44.2,0.481437,335.0,24.7303,110.5523,0,spatial_background_sample,spatial_background_reference,Meghalaya,25.865279,90.840661,2019-06-27
13.6,41.5,78.0,0.492301,423.0,14.5167,209.041,0,spatial_background_sample,spatial_background_reference,Meghalaya,25.775452,90.806327,2025-06-25
61.7,241.3,357.7,0.381208,922.0,26.6393,96.9508,1,GSI_field_inventory,observed_landslide,Mizoram,23.305939,92.857538,
34.2,58.9,119.9,0.425198,3425.0,48.9711,133.5864,0,spatial_background_sample,spatial_background_reference,Arunachal Pradesh,29.057286,94.376261,2016-07-17
5.5,51.2,65.4,0.413885,4763.0,31.3386,125.7456,0,spatial_background_sample,spatial_background_reference,Sikkim,27.948737,88.583867,2014-07-01
21.9,47.3,79.4,0.49281,90.0,10.9475,131.9708,0,spatial_background_sample,spatial_background_reference,Meghalaya,25.909954,90.473354,2007-07-19
29.7,68.7,93.2,0.474518,99.0,4.2479,102.5737,0,spatial_background_sample,spatial_background_reference,Assam,26.851616,94.406941,2017-06-13
0.9,9.4,20.4,0.398661,38.0,0.0,180.0,0,spatial_background_sample,spatial_background_reference,Tripura,24.198409,91.824603,2009-07-10
10.0,16.3,239.8,0.478969,144.0,1.048,270.0,0,spatial_background_sample,spatial_background_reference,Assam,27.882397,95.857169,2016-05-22
35.5,169.0,229.9,0.496299,1654.0,20.1075,243.7892,0,spatial_background_sample,spatial_background_reference,Arunachal Pradesh,27.608788,96.539035,2016-07-17
49.4,126.3,165.8,0.376667,1033.0,24.4358,301.1035,1,GSI_field_inventory,observed_landslide,Mizoram,23.73947222,92.69666667,
51.8,98.5,164.0,0.425454,3012.0,38.3856,39.1373,0,spatial_background_sample,spatial_background_reference,Arunachal Pradesh,29.174369,94.876428,2016-07-17
18.1,43.5,65.9,0.478854,78.0,1.036,90.0,0,spatial_background_sample,spatial_background_reference,Assam,26.602059,90.423198,2016-08-31
18.2,56.9,69.4,0.441161,103.0,5.7338,241.1113,0,spatial_background_sample,spatial_background_reference,Tripura,23.129485,91.758132,2018-05-18
23.1,73.3,86.1,0.482153,233.0,6.3132,54.2243,0,spatial_background_sample,spatial_background_reference,Meghalaya,25.746884,90.614183,2019-06-27
2.0,5.6,27.8,0.421699,4867.0,6.5404,9.1611,0,spatial_background_sample,spatial_background_reference,Sikkim,27.644913,88.173169,2022-05-29
26.4,149.3,211.7,0.490249,955.0,27.2692,147.8842,0,spatial_background_sample,spatial_background_reference,Arunachal Pradesh,27.737687,96.350957,2016-04-22
65.5,210.6,316.0,0.46147,121.0,21.4365,341.2986,0,spatial_background_sample,spatial_background_reference,Meghalaya,25.962254,90.465271,2024-06-17
2.4,8.8,20.9,0.361656,998.0,31.2703,178.3319,1,GSI_field_inventory,observed_landslide,Mizoram,23.69972222,92.7175,
8.9,60.9,75.1,0.393012,44.0,3.5602,121.3169,0,spatial_background_sample,spatial_background_reference,Tripura,24.129949,91.959431,2018-05-18
71.0,288.5,336.4,0.461708,41.0,4.2343,209.1209,0,spatial_background_sample,spatial_background_reference,Assam,26.161883,90.969713,2022-05-15
10.9,22.1,49.6,0.473289,436.0,8.4967,122.7638,0,spatial_background_sample,spatial_background_reference,Meghalaya,25.711742,90.742933,2009-06-29
2.5,15.0,30.6,0.427561,133.0,6.8224,47.4868,0,spatial_background_sample,spatial_background_reference,Tripura,23.543811,91.599255,2009-07-10
34.5,129.3,165.5,0.485766,289.0,1.3998,228.5688,0,spatial_background_sample,spatial_background_reference,Arunachal Pradesh,28.043894,95.948033,2016-04-22
24.6,107.8,151.1,0.484936,170.0,2.289,246.1388,0,spatial_background_sample,spatial_background_reference,Arunachal Pradesh,27.790684,96.062556,2016-07-17
45.2,164.4,187.0,0.476716,314.0,8.5886,71.2655,0,spatial_background_sample,spatial_background_reference,Meghalaya,25.256676,90.793387,2025-05-30
55.7,86.2,157.5,0.42569,2576.0,37.588,290.9221,0,spatial_background_sample,spatial_background_reference,Arunachal Pradesh,28.711439,95.772497,2016-07-17
3.0,105.8,214.3,0.480427,453.0,23.4743,47.8596,1,GSI_field_inventory,observed_landslide,Assam,25.19669444,93.01858333,
1.1,4.5,10.0,0.360635,5276.0,49.2597,154.8653,0,spatial_background_sample,spatial_background_reference,Sikkim,27.704881,88.228841,2024-08-21
12.4,67.6,89.6,0.40918,41.0,2.7457,47.5988,0,spatial_background_sample,spatial_background_reference,Tripura,24.053523,91.65997,2018-05-18
47.8,72.5,211.3,0.490674,345.0,19.4855,336.0592,0,spatial_background_sample,spatial_background_reference,Meghalaya,25.721129,90.708998,2020-05-26
50.3,103.7,135.9,0.378135,946.0,33.1505,227.5171,1,GSI_field_inventory,observed_landslide,Mizoram,23.68277778,92.8575,
49.4,108.6,154.4,0.377302,923.0,48.5726,260.752,1,GSI_field_inventory,observed_landslide,Mizoram,23.73194444,92.75,
2.2,52.5,191.0,0.490295,74.0,4.9737,123.8763,0,spatial_background_sample,spatial_background_reference,Assam,26.47089,92.783598,2016-05-22
59.0,84.4,167.9,0.49503,1040.0,2.96,339.7388,0,spatial_background_sample,spatial_background_reference,Meghalaya,25.445402,90.515923,2007-07-25
14.5,154.3,234.5,0.474222,88.0,2.7791,228.2262,0,spatial_background_sample,spatial_background_reference,Assam,26.711372,94.013756,2025-05-31
22.7,49.3,112.6,0.426201,4287.0,39.8692,31.5888,0,spatial_background_sample,spatial_background_reference,Sikkim,27.499978,88.758553,2025-09-11
54.1,313.9,433.5,0.379885,791.0,14.9378,256.8478,1,GSI_field_inventory,observed_landslide,Mizoram,23.206253,92.533605,
52.3,106.3,120.6,0.370344,971.0,24.1869,336.7886,1,GSI_field_inventory,observed_landslide,Mizoram,23.86972222,92.87611111,
55.6,106.2,202.7,0.428854,494.0,33.9284,59.2453,1,GSI_field_inventory,observed_landslide,Sikkim,27.24297222,88.47055556,
30.9,76.3,134.2,0.459004,106.0,2.2821,246.0621,0,spatial_background_sample,spatial_background_reference,Assam,27.394241,94.733537,2017-06-13
10.1,17.5,61.8,0.409068,4098.0,33.3195,196.4017,0,spatial_background_sample,spatial_background_reference,Arunachal Pradesh,29.411586,96.07205,2016-07-16
116.4,206.1,271.9,0.479064,562.0,15.0326,273.4518,0,spatial_background_sample,spatial_background_reference,Meghalaya,25.207023,92.52693,2025-05-30
14.7,36.2,166.6,0.415125,91.0,2.9659,200.5659,0,spatial_background_sample,spatial_background_reference,Assam,27.323881,94.247605,2016-05-22
34.5,67.2,85.8,0.450195,46.0,3.429,324.0555,0,spatial_background_sample,spatial_background_reference,Tripura,23.152693,91.64617,2018-05-18
21.1,55.8,126.5,0.497573,526.0,32.249,353.8324,1,GSI_field_inventory,observed_landslide,Nagaland,26.423137,94.382261,
7.1,11.7,13.3,0.283935,5552.0,3.8457,164.1885,0,spatial_background_sample,spatial_background_reference,Sikkim,28.017532,88.808971,2023-10-04
19.3,39.1,68.4,0.476865,41.0,8.7985,19.9146,0,spatial_background_sample,spatial_background_reference,Tripura,23.061019,91.74118,2009-07-10
4.2,50.2,67.3,0.487146,1095.0,15.1659,300.5062,1,GSI_field_inventory,observed_landslide,Meghalaya,25.69483,91.11836,
9.1,51.7,71.3,0.366576,780.0,7.6168,68.7312,0,spatial_background_sample,spatial_background_reference,Manipur,24.733144,93.946641,2011-05-31
4.8,15.9,31.7,0.482661,30.0,2.9539,19.9359,0,spatial_background_sample,spatial_background_reference,Tripura,23.216444,91.62246,2009-07-10
5.7,15.6,38.0,0.485208,58.0,1.3701,47.4621,0,spatial_background_sample,spatial_background_reference,Tripura,23.429486,91.323963,2009-07-10
4.2,8.5,12.6,0.383046,194.0,15.8458,194.4277,0,spatial_background_sample,spatial_background_reference,Tripura,23.854876,91.968118,2009-07-10
2.7,12.2,20.0,0.392711,105.0,13.0677,278.0088,0,spatial_background_sample,spatial_background_reference,Tripura,23.860388,91.856431,2009-07-10
18.6,41.1,71.6,0.420296,3796.0,29.2368,43.7624,0,spatial_background_sample,spatial_background_reference,Arunachal Pradesh,28.706242,95.34793,2016-04-22
1.9,7.9,49.6,0.369872,4693.0,12.567,330.5071,0,spatial_background_sample,spatial_background_reference,Sikkim,27.870901,88.347163,2025-07-19
18.0,21.2,201.8,0.425344,1848.0,34.3183,81.133,1,GSI_field_inventory,observed_landslide,Sikkim,27.372611,88.541022,
22.1,52.4,137.4,0.425402,2339.0,56.9231,314.0337,0,spatial_background_sample,spatial_background_reference,Arunachal Pradesh,28.486091,93.719943,2016-07-17
76.3,128.6,228.4,0.426757,1405.0,33.9771,204.2533,0,spatial_background_sample,spatial_background_reference,Arunachal Pradesh,28.81879,94.704882,2016-07-17
4.6,27.7,48.2,0.386497,5114.0,28.0595,13.9021,0,spatial_background_sample,spatial_background_reference,Sikkim,27.89677,88.342216,2013-08-28
24.2,47.5,172.9,0.479662,31.0,2.9624,339.6158,0,spatial_background_sample,spatial_background_reference,Assam,26.225328,90.385581,2014-06-27
41.3,57.0,78.4,0.481668,128.0,0.9264,0.0,0,spatial_background_sample,spatial_background_reference,Assam,27.689818,95.519502,2020-06-02
35.3,63.1,115.7,0.474729,591.0,20.4192,247.6368,1,GSI_field_inventory,observed_landslide,Assam,25.16023,93.01084,
5.8,32.8,64.8,0.409853,5049.0,38.4618,28.9195,0,spatial_background_sample,spatial_background_reference,Sikkim,27.874622,88.328488,2021-08-27
19.4,118.5,223.9,0.371354,904.0,15.2751,91.6983,1,GSI_field_inventory,observed_landslide,Mizoram,23.198119,92.899566,
8.4,32.4,103.9,0.455574,1371.0,23.5321,296.4596,0,spatial_background_sample,spatial_background_reference,Manipur,24.153418,93.729824,2018-06-06
16.9,67.8,84.8,0.380412,145.0,5.0438,270.0,0,spatial_background_sample,spatial_background_reference,Tripura,23.647877,91.712746,2018-05-18
21.6,39.2,74.3,0.428063,3967.0,28.0732,301.0236,0,spatial_background_sample,spatial_background_reference,Sikkim,27.816917,88.71666,2022-06-15
27.6,47.7,93.3,0.421024,4213.0,21.605,284.1804,0,spatial_background_sample,spatial_background_reference,Sikkim,27.826573,88.683563,2022-10-10
11.0,28.3,88.0,0.423606,4358.0,30.9031,181.7711,0,spatial_background_sample,spatial_background_reference,Arunachal Pradesh,29.064852,94.258123,2016-07-16
48.3,138.3,322.1,0.427802,2491.0,50.2306,61.9002,0,spatial_background_sample,spatial_background_reference,Arunachal Pradesh,27.77024,92.57548,2016-07-17
3.2,11.6,22.7,0.472716,73.0,2.2595,245.807,0,spatial_background_sample,spatial_background_reference,Assam,26.032986,92.739393,2020-06-05
49.4,126.3,165.8,0.376667,1040.0,35.4552,171.4334,1,GSI_field_inventory,observed_landslide,Mizoram,23.70416667,92.71222222,
0.0,6.4,198.8,0.448271,47.0,2.2665,294.1136,0,spatial_background_sample,spatial_background_reference,Assam,26.464064,90.705283,2016-05-22
17.2,50.4,64.8,0.441161,59.0,20.4238,262.5148,0,spatial_background_sample,spatial_background_reference,Tripura,23.11314,91.806129,2018-05-18
19.3,83.2,154.5,0.400625,1048.0,21.7626,221.396,1,GSI_field_inventory,observed_landslide,Mizoram,23.10100556,93.19393611,
0.6,42.7,86.8,0.479573,65.0,3.6023,239.0901,0,spatial_background_sample,spatial_background_reference,Assam,26.092595,92.709292,2016-05-22
21.4,75.5,91.2,0.465888,64.0,6.2365,306.2891,0,spatial_background_sample,spatial_background_reference,Tripura,23.386275,91.436772,2018-05-18
14.8,63.2,88.8,0.40343,47.0,4.1585,257.1504,0,spatial_background_sample,spatial_background_reference,Tripura,24.157885,91.642707,2018-05-18
24.5,113.1,180.5,0.401198,606.0,11.5376,92.2724,1,GSI_field_inventory,observed_landslide,Mizoram,24.12428889,93.318525,
7.9,202.4,376.8,0.495699,175.0,12.6919,286.6897,0,spatial_background_sample,spatial_background_reference,Meghalaya,25.913179,90.828399,2024-07-02
15.9,21.5,59.1,0.41039,5024.0,58.2474,110.5025,0,spatial_background_sample,spatial_background_reference,Sikkim,27.531356,88.252875,2025-09-11
66.5,99.9,174.1,0.425713,3009.0,26.1177,228.7298,0,spatial_background_sample,spatial_background_reference,Arunachal Pradesh,28.645802,95.38657,2016-07-17
31.2,63.2,158.8,0.425634,2259.0,25.9243,164.7222,0,spatial_background_sample,spatial_background_reference,Arunachal Pradesh,27.910881,93.220065,2016-07-17
6.2,198.3,260.7,0.498771,956.0,11.8606,107.937,0,spatial_background_sample,spatial_background_reference,Arunachal Pradesh,27.103214,95.946324,2016-07-17
36.6,182.9,434.7,0.431815,61.0,2.2577,65.7861,0,spatial_background_sample,spatial_background_reference,Meghalaya,25.918043,90.293232,2022-06-17
0.3,5.2,11.8,0.371025,64.0,5.7701,61.311,0,spatial_background_sample,spatial_background_reference,Tripura,24.208631,92.115319,2009-07-10
20.2,29.5,73.5,0.428484,4670.0,26.6227,0.0,0,spatial_background_sample,spatial_background_reference,Sikkim,27.794862,88.670967,2012-06-22
13.0,53.7,109.4,0.421321,4375.0,31.8509,256.4529,0,spatial_background_sample,spatial_background_reference,Arunachal Pradesh,27.935126,92.704753,2016-07-17
154.3,254.6,286.5,0.501135,993.0,27.5172,9.3946,1,GSI_field_inventory,observed_landslide,Meghalaya,25.28090556,91.36584722,
30.0,46.3,196.1,0.320067,104.0,3.4638,323.2651,0,spatial_background_sample,spatial_background_reference,Assam,26.713242,89.925986,2014-06-27
4.8,43.7,103.9,0.490427,237.0,21.7114,322.4446,1,GSI_field_inventory,observed_landslide,Nagaland,25.7853,93.8014,
24.0,180.2,211.6,0.490531,226.0,6.5084,106.4672,0,spatial_background_sample,spatial_background_reference,Arunachal Pradesh,27.529618,96.131945,2016-07-17
24.5,51.5,108.5,0.424938,3084.0,54.732,202.1428,0,spatial_background_sample,spatial_background_reference,Arunachal Pradesh,28.378908,96.061078,2016-07-17
14.0,81.7,102.6,0.403155,97.0,5.758,298.755,0,spatial_background_sample,spatial_background_reference,Tripura,23.857454,91.669028,2018-05-18
26.4,59.8,149.4,0.425667,1956.0,7.4442,8.1039,0,spatial_background_sample,spatial_background_reference,Arunachal Pradesh,28.613542,94.116027,2016-07-17
0.3,17.9,47.7,0.407156,397.0,27.0028,118.9757,1,GSI_field_inventory,observed_landslide,Mizoram,23.52694444,92.65444444,
3.1,7.8,44.4,0.425085,4652.0,16.0916,206.2561,0,spatial_background_sample,spatial_background_reference,Sikkim,27.510538,88.088889,2022-10-10
58.3,95.6,224.7,0.491999,268.0,18.9117,84.5837,0,spatial_background_sample,spatial_background_reference,Meghalaya,25.74378,90.287393,2020-05-26
35.3,97.7,113.1,0.46986,30.0,4.8939,304.5094,0,spatial_background_sample,spatial_background_reference,Tripura,23.552062,91.460579,2018-05-18
12.0,49.4,62.8,0.389427,35.0,2.2344,245.5176,0,spatial_background_sample,spatial_background_reference,Tripura,24.396107,92.159413,2018-05-18
35.6,61.1,139.8,0.42579,1624.0,33.0314,82.857,0,spatial_background_sample,spatial_background_reference,Arunachal Pradesh,28.690087,94.327145,2016-07-17
103.5,272.7,437.8,0.480192,61.0,4.236,102.6097,0,spatial_background_sample,spatial_background_reference,Assam,26.514915,91.797942,2022-05-16
0.0,0.0,1.5,0.375115,5097.0,6.2263,317.8211,0,spatial_background_sample,spatial_background_reference,Sikkim,28.002185,88.604844,2022-11-20
26.0,112.0,202.6,0.427265,2035.0,21.5106,329.492,0,spatial_background_sample,spatial_background_reference,Arunachal Pradesh,27.255908,93.259019,2016-07-17
2.5,16.9,35.6,0.348463,5257.0,9.3599,90.0,0,spatial_background_sample,spatial_background_reference,Sikkim,28.006925,88.788547,2012-07-17
37.8,84.9,109.0,0.379318,89.0,7.1444,238.9349,0,spatial_background_sample,spatial_background_reference,Meghalaya,25.363116,89.94154,2007-07-19
56.5,101.5,207.8,0.458955,126.0,0.9264,0.0,0,spatial_background_sample,spatial_background_reference,Assam,26.960554,95.098571,2022-05-15
19.2,108.2,210.2,0.37299,767.0,28.4911,134.4987,1,GSI_field_inventory,observed_landslide,Mizoram,23.084343,92.898597,
5.6,23.1,32.6,0.352,6455.0,57.0761,227.1125,0,spatial_background_sample,spatial_background_reference,Sikkim,27.627604,88.128347,2013-08-28
2.8,50.4,114.6,0.415437,1206.0,15.4934,47.8116,1,GSI_field_inventory,observed_landslide,Manipur,24.99083,93.50583,
13.4,20.5,23.0,0.387908,5935.0,51.1459,132.6365,0,spatial_background_sample,spatial_background_reference,Sikkim,27.710006,88.237975,2023-10-04
50.7,165.7,247.2,0.459268,2186.0,18.1337,142.1817,0,spatial_background_sample,spatial_background_reference,Arunachal Pradesh,27.657804,96.415329,2016-07-17
0.5,6.1,13.1,0.383046,62.0,3.5562,301.357,0,spatial_background_sample,spatial_background_reference,Tripura,23.92743,92.030859,2009-07-10
1.9,12.3,24.2,0.402751,86.0,6.3102,331.324,0,spatial_background_sample,spatial_background_reference,Tripura,23.91061,91.490799,2009-07-10
4.8,15.9,31.7,0.488574,31.0,5.5158,33.1522,0,spatial_background_sample,spatial_background_reference,Tripura,23.282509,91.395355,2009-07-10
1.8,6.8,79.8,0.42446,2194.0,14.2908,50.596,0,spatial_background_sample,spatial_background_reference,Manipur,25.353927,93.860243,2011-07-06
93.3,158.0,173.6,0.379844,665.0,16.773,123.4019,1,GSI_field_inventory,observed_landslide,Mizoram,23.54277778,92.67638889,
36.3,93.0,110.9,0.390132,92.0,22.7896,310.863,0,spatial_background_sample,spatial_background_reference,Tripura,23.653767,91.553492,2018-05-18
0.0,4.0,8.7,0.300888,5211.0,23.1089,350.1351,0,spatial_background_sample,spatial_background_reference,Sikkim,27.786097,88.395431,2022-08-25
128.4,269.7,290.1,0.382001,46.0,2.1206,29.1503,0,spatial_background_sample,spatial_background_reference,Assam,26.302231,90.899249,2022-05-14
17.6,34.6,60.2,0.482631,96.0,7.9233,117.6925,0,spatial_background_sample,spatial_background_reference,Tripura,23.295141,91.628961,2009-07-10
10.1,14.6,43.7,0.358443,5388.0,41.535,38.2867,0,spatial_background_sample,spatial_background_reference,Sikkim,27.892191,88.610866,2012-06-22
48.0,157.1,281.1,0.490167,1656.0,30.9953,174.7984,0,spatial_background_sample,spatial_background_reference,Arunachal Pradesh,27.043586,95.896165,2016-04-22
54.1,313.9,433.5,0.380031,749.0,21.0494,61.7578,1,GSI_field_inventory,observed_landslide,Mizoram,23.203107,92.577972,
