rainfall_1h,rainfall_6h,rainfall_24h,rainfall_3d,rainfall_7d,soil_moisture,elevation,slope,aspect,historical_landslides,land_cover_risk,landslide
8.08499733523367,26.78628307884293,101.77387285136443,166.4302959186078,221.94562014098003,0.678535582262445,4266.007899022169,29.529500354707192,328.2918611099392,2,0.45778456308135507,1
2.6206620942376704,2.2574790955949524,0.0,6.892485189499342,42.20211132161116,0.3252739214229434,3180.153949244715,6.7551239380020895,193.05026485016057,0,0.5937069684791282,0
0.26835247012812014,-2.109591497995699,0.0,44.20307315961384,135.105827078171,0.5043275230872802,2304.528767078719,19.932712287686144,28.052789799649723,3,0.278707092956606,1
36.26094528696903,91.35975613962499,163.59669256971063,402.8838612580389,777.9732411476398,0.5131210861951062,994.6735043557134,33.993561965548984,95.91598224930999,2,0.44074403771031073,1
15.876225035310311,42.22800406998764,54.31621345817071,91.32859277769525,269.1708717398829,0.5792328008236731,3477.422325528681,23.156914278120844,290.8292096623333,1,0.33374792731097086,1
9.379739268331406,22.050042700473327,37.78900150063614,70.84832764498913,84.24159932770986,0.44449234811574734,3476.580669028405,30.10245130312919,117.32386302700615,1,0.21309326618237365,1
7.984002264727784,21.289567688353717,44.659538815393965,129.07513105499186,249.8870671791708,0.8260157669477627,3663.4839048570248,20.259475370186582,7.0769823452606495,3,0.5414817130550833,1
9.212953034915612,16.296642651035935,49.67122475397891,121.30595219468397,156.0095724426498,0.5741377453487059,2655.045546417887,1.9878209244480005,295.3861064252844,1,0.3857069211313829,0
6.706206417855928,16.083277830583913,32.70784920857684,51.63856321278474,47.27539713958133,0.32414631155786466,1520.1297865263236,49.4705638229076,127.14322022006151,2,0.6314242195142783,0
7.002114775540213,8.665369896067105,0.0,0.0,9.50623927290732,0.46168978833073393,1886.4406283678027,23.262537235875627,13.71534938795493,0,0.7327329583716192,0
7.747802688970321,10.096962030855895,30.012592536430546,18.70680474086825,0.0,0.39085086764642174,1852.121968700117,24.929841343032415,188.64404126853339,2,0.7376767153485365,1
6.370800205524879,21.62733119377635,58.020568965476855,157.34666933409534,327.11121707902174,0.5755264831377273,310.15150820812227,1.649570984485997,139.02390265795967,2,0.7968121334535021,0
5.256411929504577,18.376544116994328,38.379330895005644,90.57893449983727,246.05017180985357,0.7368899718498922,2828.9518413582055,42.65616374660554,4.722350148754351,3,0.7915565346506097,1
6.986309728840062,22.112148017981113,65.11313316556213,141.08055700828965,178.70353303779586,0.40080505156029955,645.5155875602894,27.353793704298564,198.49370443084942,3,0.48098740902663367,1
13.818872685555892,33.81385231072611,55.89891571949144,107.7258723796717,146.22588631701603,0.5930520096396232,1137.3444825630352,25.90501145370131,85.23645849256911,2,0.35520977135007403,1
1.9748563633406298,-4.145224529742838,0.0,2.9669694693197095,28.492903605861066,0.6272551036210837,3945.218248261693,6.710306216342546,48.12738320604468,1,0.6125999228575711,0
28.507872827858808,93.3984171619171,252.99958205393446,519.1110094748468,783.0528081011939,0.238716183589326,3835.372780773906,27.524282234668178,192.79116060792205,2,0.26284281436085943,1
42.96709666701096,134.65811606970502,297.0385597555212,512.6560135876451,835.1840986554399,0.12833432425378766,1278.4711139558092,12.630332901023074,210.82493678347524,1,0.7189407013791771,1
21.213036961175295,34.81562231447847,55.439470130603404,105.4711817442844,134.53136932813223,0.3201998976888642,2695.7016462266442,18.282641058825867,159.55020323790652,1,0.31866354095973637,1
43.75666666577012,82.95106715769437,158.10044149741285,477.2100624803687,975.5750289588348,0.6229051249408811,4112.051488444224,5.93696987019675,307.6225683476975,1,0.6538688613220893,1
3.071261133735076,-6.810680671020618,0.0,2.4905394671419967,0.05403262443750556,0.25294010062715905,3807.956873745462,8.696345007025547,202.0631713600761,2,0.381941805612756,1
6.922021458912349,18.10066721385801,44.771767987810904,125.61527337652912,164.99377202385696,0.6909831819221771,2795.875794151456,6.752480769957762,3.104976461938338,0,0.8630413533141122,1
5.437970715357894,7.587308439117622,20.394745579070086,50.02359119797913,52.24801088224381,0.716935084721939,3639.7341871636895,13.750260925928849,136.96860476902597,1,0.480739462464175,0
32.44243699161498,110.61998387659335,309.4472549410541,523.6801201465249,639.6748055645943,0.6745413897503184,4018.47881270885,17.935343156203665,55.993750575567255,4,0.5981481412876374,1
19.611347802483106,66.09358460296488,107.8636301212508,210.6976913679633,270.5645801951148,0.21006307664628046,2357.7332738604487,10.519842003801626,164.6319216066397,0,0.49891149743698404,1
31.868978042079977,75.56357207522927,140.3698437523553,388.53320179132754,514.929657410391,0.11712222649165577,1590.4161332015597,28.872310061427452,288.6845416770921,0,0.6954357387397863,1
50.26881354478778,84.98289363288478,215.9800251050409,393.1699185488248,838.5118602574606,0.3692908213148718,1361.5853602097452,22.02186522372881,27.837171570378096,2,0.8147178320009418,1
4.007858811481506,8.237253799772565,18.3960407260386,6.102795278595217,85.75601759659922,0.3413388407424974,3787.8183566376115,14.717691016227622,23.416279504468974,0,0.6158954538521227,0
8.851201853590604,21.14088061155228,53.165198341536396,111.59852038147469,166.64909059635008,0.6155572437611856,3161.3722072016462,13.1915319975409,275.76899605545805,1,0.7029972519805476,0
9.584958069143934,30.923751920466156,80.10544687959376,182.02222280664446,241.6236847176433,0.30480811022844095,2804.1944578252087,23.0259592876237,35.40684486376013,1,0.6474222739660336,0
11.43216801171996,31.722298317547658,47.36537921189648,111.87690584796111,224.7487607172097,0.23713679110656055,3383.909788685822,0.7057063799104929,201.78307329019734,0,0.5848362414370035,0
6.463372407392428,26.315869849869195,50.84965053675301,103.63714960908636,221.07390273894094,0.2564501074847929,3822.088563386848,39.762121821036224,121.58076436202964,2,0.8631796586382574,1
19.24545441726934,52.216773841839114,132.04405240583446,311.02628702368554,593.4349254321492,0.14838974164339216,1271.2309662300586,15.604103050150572,33.96973359015634,1,0.871751645485479,1
20.539503231841508,45.735202047502675,91.55642790874285,202.07681647467243,423.6745055875219,0.6439351142176709,4391.0764771305385,9.499376543837096,310.17493182236086,0,0.2232638353667965,1
5.9495426988310784,17.325557681752233,56.3895479287755,152.55360128549623,336.0355806865216,0.678474569744565,1102.793930327128,1.9094663917239858,137.6083915253512,0,0.3386974626099447,0
13.359149175462973,20.934640478965445,33.5022106718205,36.31130158257595,65.8618686162897,0.8600339967997063,4028.9285217855754,32.67336172681934,196.68430292916725,0,0.5126721655623835,1
4.060372207927511,4.359396482638877,1.1069650458036175,26.74819666901677,150.07452960476473,0.5724738711276633,1167.6225675876096,25.575447810635247,211.7111368424297,1,0.3907515332549396,0
4.046773131598803,7.531401249743025,0.33812004576925503,0.0,14.004425972682151,0.3535137166092624,4481.425484143836,38.026398628928845,46.11098442451302,0,0.5434023487347969,0
6.002931083972323,20.762827535006338,50.7495037674792,81.39638104578663,145.14892781505773,0.684684719946155,1019.4067143122752,8.46525945947904,63.35789317821902,1,0.7046249775382736,0
9.536199843607648,18.121110003361093,29.896791418911388,21.904473142416478,0.0,0.6533367429074932,66.31915476772127,22.522783342942436,40.511237759526836,1,0.12557742299647376,0
3.4793920301874275,6.109626943863134,1.7006129443119882,0.0,0.0,0.7308661622156295,3348.064885773373,15.595712009178397,308.6279608110674,1,0.9083795468035253,0
0.9621161590637518,-0.4124045071228317,0.0,0.0,0.0,0.5731463825025076,87.79166710394443,3.0477174074528413,294.2204440848166,0,0.36369009529792384,0
11.444848857521663,22.764056553688945,45.762045756222534,92.87885022898516,116.59241132121049,0.5850817330808182,1866.4734824194793,51.71033387702823,177.73973441319507,1,0.2895168495300111,1
13.945792001848055,27.003940972471533,57.42254929266418,115.10727088101672,262.3120157437194,0.3244632042978402,3685.292721424045,45.74273088247973,213.36510895520288,0,0.2907276330179841,0
28.600941747116178,58.79313095125863,109.56872885337427,275.5554480491579,543.223533899994,0.25236419666201876,3061.5607453552498,54.32381724571907,319.9646428325937,2,0.22952626301106316,1
7.682378359888368,12.035535516237479,51.40946957684331,127.29214992580235,255.68196831153537,0.8284094324506504,2666.460306891852,39.50310103963691,335.24769424011464,2,0.5753180415573587,0
28.231029547780608,88.39463477732491,137.73060923025272,273.22414214356047,648.0516124291521,0.4961104738927427,3675.531669079282,11.143354939750155,253.60799974117808,1,0.24864460953748393,0
16.68275720122019,57.1234588742392,161.49828641214228,386.57146627734545,720.0778604180832,0.17218731017757646,1748.2298757541375,35.11249110375654,287.5537175561118,3,0.5711266052113885,1
14.978605247096057,41.77625611354719,104.56581081533147,316.0501086501771,454.52692185499706,0.5327674802017566,2158.434430125454,1.1358126677165148,293.5507992492657,2,0.7470155676822018,1
2.9808905970122317,10.381066650532212,7.8880216707208195,1.933126007016785,0.0,0.23603788322501917,3285.0382238286948,44.190843916955544,334.5075075615466,0,0.5880387682752987,0
6.051946770108593,5.839879041607976,32.41376582447831,67.09262106627816,63.79577248976596,0.616096204283713,1879.192748647959,47.92789895986963,13.744426240080504,2,0.2887463166283659,1
17.43322873313865,32.69336190313042,79.89526501884778,221.0905220019476,294.73391572520325,0.8293649620221076,4373.156975897602,38.56606686504223,199.9884909134631,1,0.7590996173315018,1
9.325349243847908,23.685888090891492,69.3555882145301,190.04345159695018,367.110853205427,0.7116006995013574,1700.272415996488,23.603817644584474,40.969633889968726,0,0.40407736394418003,0
8.347381215424681,11.047782097535652,16.51029020789179,81.51202400597313,141.48009899301246,0.556913654493572,2688.0458420186656,45.95224084663842,327.9311864669038,1,0.5005089867350402,0
7.174208947126128,20.734270767532976,16.44663910986284,60.44970419231318,126.6534646126164,0.7838649187215375,2713.3952442025616,8.671389436681714,47.33240194708463,0,0.2874259552093087,0
3.439372823438745,12.980687263523587,8.303357917103373,26.731442599542625,29.661104563287317,0.6529025978592592,4281.526998741684,2.46355236382012,90.76265321466583,0,0.6149488612047419,0
11.14314677041198,28.552103676460895,52.942909114202976,158.7194275299195,293.1436682771865,0.5801236414179303,3508.070327650255,39.45475108710234,46.765949496650435,4,0.221469938822242,1
2.8660664888183947,5.158001225476807,3.584413551278863,20.7682830935926,137.48652839613203,0.5347889707464701,1004.8154484578198,32.13129256872965,348.2687667604645,3,0.5005592013273528,1
2.9419735918216525,3.338391336021436,0.0,0.0,0.0,0.38337165035446263,2193.5930829267168,45.7792434677402,38.325684200160644,0,0.8890416782364979,1
14.929263712797898,32.151748761043144,48.39948341775626,115.37770470394946,130.91752253579446,0.36071425378258837,584.2889400746509,2.656173279499084,27.12213754122875,1,0.22245738612909516,1
8.640633888490374,5.752552082513864,5.12285606083549,14.991063460482952,0.0,0.12299460332069684,3154.878847886141,24.56983750435223,230.70046850361004,0,0.43875280177024073,0
17.328901988413275,63.06108346751275,116.2183746758075,266.1970463660555,353.4097377977653,0.6331085294176622,581.6291277263538,21.028795066417302,85.26937893164501,1,0.33115582792930653,1
12.925718215070141,40.636564588122724,78.80776353589702,153.18484361368144,191.62704265169884,0.41226989441551776,2753.6582728819976,45.364701327559985,112.63340287486038,0,0.3017235858101233,1
7.1031625180451705,7.553002338524885,3.6571070503530443,0.0,0.0,0.5558102649910038,1146.1559736824781,28.274414240074673,173.27778208773762,1,0.6199479507580159,0
25.296072453532354,37.29458905819075,112.3886867177339,274.6848120602283,517.3344085871934,0.8360876165450546,246.3671361440949,34.159535868011005,211.25278317107706,1,0.6779514513627826,1
6.631154394217437,20.11715034601612,51.93161738214019,84.0249798173757,187.66849445862618,0.6817504042033742,3238.6812110248247,1.6374897742926253,49.16285916442685,0,0.6206034358496365,0
21.06486986958844,62.06502963103975,111.64710284895287,198.93174248165914,308.48777410476225,0.8328012486064992,1484.3695786311212,54.534605932411495,37.04369510786162,1,0.19810407816986664,1
6.085339552213377,15.394966965380414,31.185297421648123,92.04710357181173,188.86520385440159,0.4647040425110331,1251.7356620068342,52.68124060402341,55.28630872898174,1,0.7681682684973701,0
8.913971441683751,15.887177204866097,67.31043838115434,189.0358063304635,396.035639672275,0.4738585024753139,3194.0962076957203,15.537887840459124,23.90621630773742,4,0.580334398698702,1
19.6096957419353,47.39712217146556,104.52273041163245,230.04513545237705,252.80440579164187,0.7543694263045975,2255.5581886287996,47.35527982546573,208.95716938076419,2,0.5536527505899522,1
4.93758612634702,16.68886438761009,50.11044803526064,146.94567872523723,164.4748515676983,0.8666924821244995,574.2977516635129,13.524218866993554,145.28681655352872,0,0.04452190245284753,0
19.08950819107892,50.6117311284548,134.44772916747763,221.0583793041939,456.3954790572687,0.5206078717189929,1159.4877635721625,15.724010550280182,131.67855871968985,3,0.8780350705644775,1
26.289885718298006,74.89116032060788,109.27214839953999,262.19729351512945,515.9405502363466,0.5008766316189572,2968.951763250453,3.8562595673088778,61.836305892833884,1,0.7944876345025278,1
9.610123344026018,32.73694518748865,103.70118916349514,188.47387803510014,257.80043428156927,0.669207900537172,2207.237835556858,40.759153353110605,342.0532936828644,2,0.23520034750312344,1
16.21477492925116,30.81938049374088,83.08425286797181,159.86560651268687,319.67178567821526,0.2911973419462187,2433.8272534732,0.8660721693363865,2.6763124926389903,1,0.08025652286049044,0
14.845452072746179,36.65446027893374,109.9338852238588,233.34037240318378,441.0473767751144,0.1956098676875133,484.0775981842616,9.648545553310484,243.06240694794653,0,0.642505900938514,0
12.917700350339773,29.599401443680577,20.196074457673323,33.27658347670659,67.21471192035477,0.4210081657542465,2393.618088614717,14.009750193631982,31.15821718792177,0,0.5386483325850758,0
5.006220729148614,5.85634819065099,0.0,0.0,4.3799396329230555,0.5820622273423931,3373.5469161748447,18.422992985948554,68.51593896741515,2,0.6974958331707013,0
3.177726734218202,13.12528266090815,27.846989948480388,107.36084086014583,141.24645069846974,0.7285002685630855,3189.359019968147,41.474842440612925,304.20114860783485,0,0.22666367050095176,1
16.517159947963066,32.49415939086583,74.54465993971147,199.8600433366672,434.84671699136754,0.5186337647079964,3033.691082951989,30.276302231715693,150.32544680137423,1,0.15568330182280005,0
15.864735398784427,44.22907443176079,77.9624719908171,232.04043173589875,330.08765318132794,0.6123717099433376,3033.7564784916685,38.45198475983875,141.10469613126577,0,0.6655268167015873,0
13.574376190259473,49.60390857661191,126.62135443435349,339.5754438474956,680.8270319807114,0.47940563004514025,1199.8190702511224,52.21547593266646,180.97464038023207,1,0.336350051553185,0
9.24611449506734,19.861182569759112,63.037456367027175,140.86151972957907,162.91685080095797,0.5280624449529776,2128.1885673568354,49.576195526968846,315.07167716221323,3,0.39653191085940886,1
15.387075697249607,32.930132047483056,53.808049954907496,104.03031696559904,210.82571664869437,0.32617402047201743,150.63922966425423,30.028019753134416,347.325974176566,3,0.6131959397681768,0
6.15478495388601,6.241078869451459,2.9630607270185525,0.0,0.0,0.20169184971359874,1230.9345314679572,27.22963283385202,276.6672590162765,0,0.3500195269635299,1
16.92281882426354,28.50640441576042,54.4603629581708,77.27499800268701,75.25269864293332,0.5823266108189133,968.1693921857668,12.072914574366674,91.45512036731418,0,0.3334936473007649,0
1.2982968606476046,3.668372983359115,24.85888967650834,121.40996791313825,211.7665331026579,0.2802854457584047,671.6046535492461,23.192041215900336,95.75722277236287,0,0.4744984468294531,1
27.562289247951206,71.89632588986656,121.18763887147,247.82908872912734,435.19730190315244,0.46767763742351404,1242.4982946791677,5.728946134993829,159.1121319015695,3,0.3881047132533784,1
16.612175006914946,56.52384132666804,114.68832014092901,185.08646155766988,425.18945909187073,0.6919178752285265,4376.066854995079,47.44252894921677,355.85507479417106,2,0.30178579020723245,1
23.685312711625066,81.52991347680373,147.74527826544627,366.3923453245408,746.4721525252079,0.26521263308359644,4285.015944118131,2.9989096959590027,166.6601985532849,1,0.2411123745033329,1
4.190648184814095,16.754084118385723,47.17909936650643,51.24136004666546,108.50766547845608,0.5682477743094522,205.08123041682393,15.178610440399838,311.9189529752508,2,0.1823440945415484,0
25.113033566635316,76.66430507558651,202.65930501844863,515.8956197953335,777.0358241742717,0.6450637886262923,677.428914858893,23.572217688219258,240.0898986284371,0,0.5101776105161301,1
0.6686780783474909,-2.809985078384822,11.796100274646665,47.0329425955112,25.413821370333636,0.5979419762556306,4026.1024893884683,45.15650334116374,165.44528688733251,0,0.5719130895188638,1
18.58421236173598,54.69638672909054,124.39075942666803,222.94591651204678,352.2384618987793,0.6798368523919383,4088.0518497574376,10.521649805614421,115.42848788649157,1,0.18759317161556982,0
3.9669733784609686,18.263722496436436,35.97545070422463,115.46593708350917,160.22451139965418,0.252698710282293,495.44434014882245,23.99652212353984,139.3390294953333,0,0.43287552183353667,0
4.298556540649348,8.16730493101334,6.432216233592349,21.119005870327193,0.0,0.5075149732794317,4344.499773552007,38.36558122592713,19.36806653050461,1,0.2808846520487451,0
7.494765520305719,21.22175176859672,61.44931506025435,123.28931881092993,183.49450067624073,0.3112881217884335,1594.5300547742393,7.131772502955467,223.7441853611728,1,0.6334884324002603,0
25.878306827646224,54.59839231276102,108.25890953780497,208.42596830138103,389.5343663024858,0.5000355567210203,4441.893379709128,51.77855518210095,209.2446813817469,2,0.0616560534121561,1
4.548532056535842,9.656742805295533,38.42596031430479,39.67509547855286,32.49526185264679,0.5002756225545014,1710.3789557844605,37.62487889283705,176.67885536765004,0,0.342803688436663,0
8.36534601753496,19.982032715991096,37.396209633362474,100.32575594973517,110.47049598385004,0.22846413096078877,715.8650767836316,15.883021250173107,248.1176837863712,1,0.31130645169796384,0
8.978109704906249,22.34890238314836,71.74076715252788,118.45423088533111,138.94695677350944,0.15400439428552035,56.007143492006726,10.099439700145235,353.1504168616346,2,0.3082135211948494,0
43.69850952231266,119.43242657050297,243.38936049395244,650.6875534200594,836.3376773311971,0.33868344546283186,1706.8575600592114,43.623178040056885,99.25116599314097,0,0.2883903506126251,1
20.039306459059265,74.94836094680534,218.84987765803012,495.9736354394636,985.0613639750036,0.7052782973117848,282.2651415799777,54.9924988054826,12.869851799778447,0,0.6909521272263811,1
15.09591857155168,41.65624895500325,89.34380670139475,267.76340462154985,502.8823862317695,0.6785269742082735,4213.508343520596,39.30353631290144,144.35093524256934,2,0.24216177026562458,1
14.750362070196745,47.61323897947359,75.83141529656733,123.24227903302753,143.2535509165986,0.6501866861417054,2875.074545322674,49.671817809401816,119.25334973634736,1,0.542308086676905,1
11.904060708309638,32.256107533807885,50.9219835323442,165.0668430348186,212.9391511485128,0.6016140028677455,3449.310185162487,14.78686171263583,253.58958804640523,3,0.3350626321463357,1
21.177777121907752,45.55330275802962,70.76871659247298,163.4828795253576,299.89929951672696,0.28914178697120535,4029.686039617649,11.986787255527583,157.56401550360545,0,0.6515300447218557,1
13.785792285679612,29.24178018908652,78.58952494808744,102.78622941676312,179.73562377884247,0.6215778785297884,2559.8141098055935,50.16540458509138,18.543796011179946,1,0.6886761069510552,1
41.29022199379197,77.25564459559469,163.33734907402777,287.1208850252805,528.9262733684432,0.6896196106072717,3229.0232757634817,21.991056616442823,222.94344943478106,4,0.3054030812243808,1
8.15064931095397,26.459642591634243,48.11884438617319,100.95895686870544,289.8746013570644,0.711342941988296,83.5524387025754,23.569444843050352,74.20498801609482,2,0.3847918969220475,0
16.23584455273496,36.57673824237486,56.41528880750789,96.13232729486796,93.61320148428979,0.27874301892450354,1520.1470188446667,10.465026420638562,149.35102080811052,0,0.1634133380906048,1
9.98934083386165,33.521053874644814,102.88972034436028,170.0383877924907,379.8853512817857,0.6220539235549039,872.2999518950211,10.11201812583875,96.19875941472134,0,0.661868036334726,0
17.61174707972985,33.88306726411941,60.953564118673164,105.87041313047804,51.48007934900683,0.7032769116453416,1324.145180394198,46.94489495151546,106.0074385205738,0,0.34908511951677035,1
2.383673037523602,4.8350124883314125,24.52950361649571,104.6470012250569,143.26579864729035,0.6656746547888412,2414.2364345454266,11.763042752569126,305.1129495202613,2,0.70049370018386,0
28.48259218316387,83.1816652129264,173.38976288591272,386.33635613810884,424.6004597838988,0.6150023015913326,3574.4129063522614,2.3747274566702647,325.83839873580877,1,0.43965915627401053,0
37.84946761080156,64.75776068387313,119.40270896148738,265.718435460113,427.8689606565343,0.6997785837061652,4007.1527035054614,0.13490708938360962,286.57867278101895,3,0.34194273438225864,1
49.61216352225519,165.09242557890042,315.3639744962962,599.5039520052488,918.8011574634654,0.7384894868222766,1118.1094251436318,28.293196341207217,98.35399599151155,1,0.5160109183370786,1
17.90654755518368,56.41936935728458,95.3521189312375,192.93793680089436,339.2416282935422,0.2960551919850469,771.2416617463936,33.349334835645756,275.8770961205784,0,0.7501860864300308,1
5.95263709577379,18.204556788513457,0.0,27.07526641581338,0.0,0.49562721775193674,160.51157428566268,45.20584508098206,276.8612063935443,0,0.7776844572410543,1
3.767790454411204,15.077174660337658,36.62653911004519,102.88949062081113,127.11634323510705,0.6922250477165159,3817.459388556713,25.799562137471042,270.04824382568717,1,0.8435209024608471,0
10.00117782079006,26.80328428923817,54.72855963020434,68.2816674677283,225.53854511398487,0.21707376430768385,1143.0587080791997,1.3099013935420496,132.12951293197108,1,0.8385882566143893,0
11.42163643208088,47.52982757278144,113.40321768647439,202.59257396813786,278.63591283856573,0.6437831387389373,1758.5909659490148,48.56741201814699,103.53420516039282,2,0.3299110759254567,1
5.830016231871803,15.927929897147246,35.52348884307554,91.38674030568512,162.1316138091941,0.29098483091433036,3027.010889387844,7.966757484484423,309.85931087035357,0,0.6045344158167272,0
23.06611910169562,48.109825816578464,57.94164501432413,60.92195304912006,139.7415456981556,0.7960368262223259,2295.6837839907416,20.661766849231643,248.40894902935528,1,0.5424591421237153,0
3.1357735788535632,12.414493509821375,36.18385984435204,45.9417734434716,27.5644460493492,0.8502280823308329,955.2599461296976,21.615111968884673,230.3453187008788,0,0.6605679362619453,0
5.57376639968418,14.336400127485444,10.903513820513506,36.510426327104284,29.89651777046093,0.498836750039139,3893.9641165081525,54.544127916857484,246.97463592975947,1,0.09589480393450436,0
5.638488040907854,16.299195276611364,23.364142369049272,69.40802995545674,62.39843505081952,0.649635305391021,3398.7624882361124,4.707769384073314,318.42015902842115,1,0.6345150585292346,1
18.170081877478147,57.939445367616344,151.63806559562528,351.4714947081597,793.4427318727237,0.5671179822533203,2111.1227405150835,1.92725285799296,38.08065402645686,0,0.5487362968199794,0
6.088949573141553,21.06134115992272,45.51542132783791,116.50875245300904,255.01783958031774,0.6795653232903158,2803.4597076001337,26.982451190302594,77.26218036809011,1,0.7275556165452466,0
5.849523020542026,14.594353137096375,53.02384741897302,156.12718188134997,272.1701568319415,0.936206740388672,649.976793468789,50.55946056516623,64.34379305803927,2,0.8706582336246024,1
12.077194519570616,24.361289765788207,58.29559338227535,135.3116314096493,355.3621054149895,0.6661566347190324,2521.9757844699507,4.053312975100401,62.86605702251393,0,0.5207450114077227,0
6.633798054285596,21.72379517827172,68.92164352343329,129.8691071186303,283.6142448977571,0.22179094810514974,1917.2328328140304,52.84348235985212,131.04592738219787,3,0.7304188343800663,1
13.717758705917456,26.016668419747603,38.532954948058766,111.65716723576128,149.83835618313645,0.3769559939373708,2113.935255035025,36.24385092548606,330.65239835957414,1,0.5962154505507021,1
2.585300565191926,7.74368780132684,16.217151467458297,90.2797577233784,191.20942228535498,0.4771512157271859,2981.246435648611,48.2869038990157,187.46670999985446,0,0.7678701532816693,1
35.25763987981525,82.88954187977882,155.94240390480493,194.966946558172,291.18771048011695,0.6177887659683838,1606.1635886724623,3.861443827265545,129.94673623380942,0,0.5888769720924426,0
24.75952760045636,49.365788609303316,147.29028676158015,456.2544640584397,734.358037088505,0.8891368201193962,371.4673139431437,45.69315923034625,211.49848669513167,1,0.4119150352595929,1
13.92912154342321,38.214773072655305,51.15876027207883,103.70648713356881,149.675698224945,0.6287296794799339,1235.1683560741287,32.00721969126859,252.01341458755456,1,0.6128526058455962,1
26.10724882215367,48.71173142846607,98.82772680810608,294.0507879848277,638.8923323719514,0.6307575853243857,1858.122615164849,21.14415847119887,276.5171097016528,2,0.42699512415530844,1
33.248235947088396,107.54132260260798,310.6052390099999,843.7435840307764,1376.8158559595029,0.6074610818014292,3982.201593520593,25.206560444081234,97.46848052442361,0,0.16773479771309208,1
16.92040641207025,27.953535479223856,43.210963122177965,65.70461445338842,67.55350278212498,0.263644203481726,3782.10232318538,0.34029265007973375,234.66902960483736,0,0.21285324833682967,0
5.802398533813959,9.584446177957274,25.757520216722412,68.68276122731851,50.012170950282766,0.6352344506726232,1196.7647477971952,29.739382820609144,336.1086756414234,0,0.47218151697193966,1
16.62390124927899,34.060342792169344,87.85361929915481,175.78843557991706,220.33403703357175,0.4566876758566394,1751.5023673714277,50.391891092906334,111.68686660969362,1,0.5703394005443304,1
6.927935553649124,16.880668171697337,50.11491082727079,98.3370430799617,158.30456926848726,0.39612313666032034,4449.167601644878,53.77730939433006,163.44998651962644,0,0.5849666815729875,0
3.240823694366252,8.651735198105643,34.138710653312785,92.55400976128922,156.22457161241945,0.39900509214646396,3573.649743311945,20.350549237652697,64.42516084540995,4,0.5952687553464256,0
9.32277980790818,24.634738532629783,54.07903553801411,80.06870477101673,162.89691319434436,0.5045990468197409,3623.2798143754426,28.803550370108727,150.46928377209628,0,0.3921517153179942,1
14.376405849828224,45.00417540678985,118.48162258096055,284.50225373710146,590.0936096661779,0.8225524465892154,1516.5062911830014,6.8400024993548945,156.39300644874936,0,0.5318565554616265,1
6.457854240785291,23.95452801912255,32.07246764376437,149.05741337881074,240.30835796206662,0.2111901093881498,717.8979964766883,31.733899448922855,87.6549074142628,3,0.47542588025880983,0
2.2206066263831157,4.986008979885569,19.634426506809938,16.547362335361683,0.0,0.5798593722051717,3986.3289648618365,5.1055280144979305,196.28902665560096,2,0.7155424311148916,0
4.367931720345378,13.563519678095192,48.61081539201673,55.16569351820115,96.01699493116081,0.8348826150202256,2985.0137083886502,24.802146146211612,24.145073875847466,0,0.39928753943470524,0
7.183482079191692,19.651598885965946,48.474651388443824,115.4022359667226,213.57095034745925,0.8057328210827853,2031.4786992350753,41.89388949410321,251.87490777387194,0,0.6441774672010494,1
16.73361690687057,22.84792850521341,57.7597704173562,152.0314347590996,254.3446228356663,0.6508522462289164,4146.431870733609,1.6649799334296373,215.7609523335736,1,0.3863476396936788,0
12.058398119423765,27.82607392743933,80.10279571391958,171.6455763634626,295.80817081101316,0.7515374654070884,2627.4663483607965,33.31810160413743,257.8857482762917,0,0.6540832213446709,1
11.70429533185539,21.443438631529677,84.76311187071511,134.6721843817576,267.315740854781,0.5382380229861529,2839.589882657691,29.669008060549583,341.6734734613531,0,0.608565589322114,1
18.153937406933878,57.46379480410265,179.36161899600268,305.86845874600954,400.1195538596959,0.5003782748983276,3372.3068358535406,29.07765143557623,166.6087482983476,2,0.8231575839175295,0
23.623422215974976,45.83373771401303,121.97708617806478,310.51940321230234,529.888905235614,0.6882837040073078,1721.449101937739,24.852459254981365,97.18218524322297,2,0.785034581212885,1
31.965238020131313,65.18097827922736,156.62172432691108,397.70992788084294,826.1300338937644,0.186192515683861,3031.8605626546964,24.689511828659615,109.36136668537141,3,0.6726481114465064,1
8.577089572976224,25.80125117333226,94.83398754564787,183.33259442015907,314.8932111873718,0.4210407822211804,929.7054747636482,10.413063129941275,221.00886879373687,0,0.3495344038411902,0
4.471213419517801,14.629229207276474,10.879125572240543,34.587962515493494,160.67166383278683,0.42300864644051056,4092.720326802124,38.578685849397544,250.1096196191086,1,0.20331600219425744,1
18.029987138366042,35.05128406044464,66.38419767687384,188.7640287746763,169.76856699046965,0.3539094624797777,1871.2917032750531,16.86017549864751,127.66122039827292,3,0.5640122493925366,0
11.844571949057967,36.72091944287335,36.53031766019156,73.59610928642093,149.38721529674362,0.45008624800234115,479.8984934620623,7.076856756485064,13.148772477489018,4,0.09124982519730734,1
2.793211397212146,8.974152184013874,9.149658281678581,0.0,53.78175033117593,0.9344753573697608,107.57244963227188,17.611230710829084,325.0682834715082,2,0.08346067390472627,0
22.29990063982713,64.61818887507202,116.97134126016259,326.03093179346274,717.9855169534947,0.2734618189245434,1255.8375479317808,38.69766415340351,282.2558265315385,0,0.6993035714539441,1
6.81294375107179,20.514788548125804,24.682523657156466,10.12785885902288,45.477029157636146,0.7016389317987507,2930.265298227867,47.96235143726634,306.0071194576802,0,0.7128381071153437,1
5.763890218846584,16.186910880476976,46.44786984231558,127.27340316102365,116.66522786385443,0.732132668961207,3572.1074686584125,28.377941626403935,174.493286224811,1,0.6119118609626054,1
15.873076666190247,42.261767498890485,64.4379049562896,143.60047222036917,271.7690727717924,0.7617744110655374,220.5397691993977,40.34709972585453,350.0634923855374,1,0.6766758024689925,1
11.301431196159653,30.07705113298035,76.24073382073257,115.90222849637072,193.9383864488858,0.8243216374632806,252.19178206822028,13.819240787860807,103.48582389400167,1,0.49196888496310426,0
5.87176040159389,22.797788641115957,29.528199482967747,31.31876690710879,50.839558536925324,0.7775437978027288,2719.545062487645,29.32948534048942,228.77192683823185,2,0.24589777935337845,0
12.240908107542364,38.31100978053734,95.85837603489524,283.430175637239,630.3247283231999,0.7245032075764021,2875.968235649908,36.23468165031272,113.27736431967652,0,0.24072473594154847,1
7.940634025641683,19.771920286017206,27.882548459710428,74.93804536688458,63.39820825546686,0.33604653971175485,2544.8959219729804,44.93413221247862,118.96042613982023,1,0.7697561392359701,1
14.122678092866343,43.35110999823787,109.44463444743289,272.5015725165706,492.80398072874345,0.3221113670762704,2442.308820203488,19.02911109999753,315.2973231271042,1,0.5725029670343631,1
16.193308517570483,26.388871696839626,80.29422530580304,170.2869996141314,269.5176097957999,0.6391049333830151,156.5870003709735,28.11873412467499,225.41480775395533,4,0.4109913551633885,1
0.9919532678425466,-0.39844010844679234,0.0,5.364579514432661,0.0,0.22938971493922095,2278.9899951185625,28.260294549204747,214.60612591159403,0,0.4993055663850828,0
16.6327199194075,48.7632547210381,75.93428032683069,178.25082860085683,307.82291859985264,0.42653631487465465,1445.7826080201382,1.8127577720345882,121.69787785968053,1,0.27689306907247785,0
7.625091620287102,12.768260060111475,64.80075809081197,116.38782418807429,194.38867521288847,0.605118446814304,2383.971850819136,15.492217274602641,95.52728225638806,3,0.7302624413641398,1
2.0750107165201586,14.752415624728304,50.5675547442116,107.62142671615244,239.5494920257922,0.602083127328319,2045.8579228001106,10.859139203516621,225.5354190311152,1,0.5723539216046022,0
2.2868385614224267,6.910204255319926,11.051488770603367,32.41873683931535,59.78005938573398,0.6262869260079984,1300.6883628708758,48.00160891719001,292.28417948487186,1,0.7048529059944195,0
5.60810066269623,6.126177253033144,18.637024628723314,61.297353620021795,137.98271256232533,0.6595168486372576,798.8763967450592,6.677279539458232,16.96718957810038,0,0.4139467089815187,0
17.36410130929093,42.895544309255776,136.01583309364318,220.39395958309044,352.28685414106485,0.4385642673652813,1931.2253114447317,23.292274195339306,13.659340020693636,3,0.5383653709879775,1
7.184084188264174,25.298715565800922,40.54382857915854,103.14451041957943,242.68345393489165,0.27854111073300347,2986.6386111390307,26.199458119395583,36.79968153969771,3,0.30472995768996197,0
6.169141478215015,14.203230633409511,51.35186008935564,86.98373024540636,98.45453306135337,0.5095033774381649,3252.767801037658,19.063144509619036,197.4729581694442,0,0.6976253506651566,1
5.696931479330408,22.505755662129722,69.1394739694031,202.59789030996822,438.41828515362744,0.5860430795653078,716.8703783595754,17.48892780471062,192.9654915799815,0,0.1704243622079765,1
2.929585844723435,14.52334101337335,29.04235125034679,84.55333813202687,58.78480725803823,0.7187289984308654,3368.9169548538443,42.62256032258479,300.6551778759675,1,0.32090242380545847,1
31.1226008952974,56.333291105513965,143.7627474039412,395.21963352914736,761.2005547303233,0.7156562580277662,3025.0451791914456,32.53181660009517,8.691772340961169,1,0.8379856895207015,1
4.9090853527614895,20.34942122033235,25.42445414555325,57.6182968057074,134.24040048375997,0.3898911782429221,4097.162776778235,2.794318312925041,256.5041858556027,0,0.4999841856929434,0
12.633027018587397,13.084140446343902,13.987434238630804,6.288951227097307,4.651176179090957,0.4109017204280755,315.5810645315242,51.365724690042846,88.90329865818995,2,0.37166062843915293,0
1.8025441207949615,8.601688017001848,14.385011158602087,40.66346238261991,87.00131285124552,0.8396213324631642,4222.446426497504,4.98171067503186,236.14552607960664,2,0.33574416015307806,0
8.686767879304394,20.747906761912553,19.306920675710902,81.3062984451725,78.28260501481641,0.23728812031769436,2044.9082291941188,17.60501351360228,8.247931635501455,2,0.6062112472813557,0
6.900105775512238,23.994638609475547,79.64617796334952,228.2923839532016,302.7675169025946,0.6262870162853921,4114.719498485046,28.022929026598025,153.95794959891236,2,0.5334774288198687,1
5.989248390497682,18.003384827566396,20.407357564373502,49.275828414302126,133.31325360663635,0.7792523297547607,3510.3392264937197,30.28487810944405,262.50284333411804,1,0.37596510056920224,1
22.261222983008736,38.444690583557524,84.63157094346262,251.03501414667576,378.27928808595516,0.787546345021736,298.27172630696384,23.107385161426933,167.16250209660384,0,0.5197333634726737,1
15.05794430424382,51.290367702200996,108.90876429305497,206.8808920339369,347.5183717595598,0.6100781065596761,2266.358961089928,0.8161531096735214,243.07814720625407,0,0.4846974510781411,0
10.007067384203907,32.446807422482074,60.6768366365974,158.8834815287933,301.20570615616555,0.786411196973466,3282.4022731838886,25.812367937184483,172.54809401297626,1,0.8912108515685055,0
17.240832490373514,53.960648013529216,128.53010963991028,231.1131498771471,240.36071150691018,0.5856833012560189,540.2379334355307,38.582032520166955,128.25461609568111,1,0.3739106178043194,1
13.087750354805875,25.377562465770517,62.90750935025075,134.81465011775182,228.33377599907897,0.7217931768199733,4401.875999191703,35.67847369493067,258.05752846717746,1,0.527062237204397,1
14.174528845720628,26.137288026824066,74.75919225512425,171.76996564990424,227.3475956625499,0.4204412926742621,716.6577254068453,39.34924857203738,47.12729458740414,2,0.23618827651865587,0
0.6119645979736751,1.5387393910815397,22.963135400195167,80.54617509217664,138.56587829059734,0.3345278150999805,2052.037963673398,49.31466807231014,219.69310685758336,1,0.7237382699668751,0
7.470516579192796,22.49390569037263,44.36455319343695,96.51344414850226,77.8188397842604,0.3693905838354822,143.1343506195816,18.816524643361742,320.64159660860304,0,0.2950290907845481,1
30.02849015690665,103.57271639195565,208.05674479318512,632.3422003458128,942.5820548600525,0.23720396543206787,1625.250523908614,42.05945523105065,261.7086960304424,0,0.7682640618635779,1
5.871492676752042,17.242861397168966,41.25221649306817,135.73545263756452,258.22107437206466,0.38044633276788337,302.4305911443587,52.01666024515578,107.13275402295496,0,0.8922619898060516,1
4.559557211663995,8.974993769444346,42.33491469106879,76.9354644314753,191.58658432421478,0.519703387657605,1422.5578470754106,49.47768126506469,274.8655377823431,2,0.6775206671519909,1
7.799805841152063,14.662560879128533,48.59851255811259,39.90921487547863,80.0063120456425,0.7759592837578998,4298.510260901302,17.33994033518543,192.8262628274823,2,0.2563316607858503,0
1.7556129784483159,-3.770485384114609,0.0,0.0,0.0,0.692237133531511,2875.7817795535184,39.904094248030134,80.44778272799579,1,0.7740305593564991,0
13.219322224149135,44.137393578979236,89.84404795287672,176.2647885219026,310.64255158214195,0.42491954872636517,1735.9141818671628,17.652292014767127,343.5571705352746,1,0.4346993436981352,0
4.851270821706864,10.946888317106033,30.280107371552614,66.40495344318703,137.8614773823976,0.6897759652569053,4020.828375610967,47.518245800757065,138.83596677103446,0,0.6321672720770384,1
10.949417560608666,31.81737447194843,65.57040794857514,182.6439549347713,329.4101537936126,0.2515869594983348,2057.214903668648,13.062420239810649,310.58182007795773,0,0.5224917451808083,0
8.890392970688737,24.669453341773746,83.3596590280294,246.62753729022737,466.6189041029562,0.6961894774217522,3870.902201788776,1.3565475003416667,173.9859717865952,1,0.5307042700226977,1
4.093928243136353,4.8574518910583695,0.0,0.0,89.364969555106,0.44826438234223487,428.4250212366162,31.768896827170625,270.29022493903284,1,0.3214160322754944,1
27.785838855255744,68.41300632465122,205.559082073189,621.624436181025,1181.0014849940492,0.45435314361355633,2524.188234778641,1.34416291862921,45.34126277609524,1,0.34183885656529456,1
8.436679373854705,24.53516028773086,78.22333446051479,80.88980128866731,112.6748567471541,0.2348516897061748,2778.1972187274077,23.02050545555705,162.43999804822084,3,0.6533110303417105,1
4.583068281261927,4.486195690009357,11.133636056472282,76.27475323228248,169.22509223321842,0.4264788023084983,3667.0158493590234,32.72797038600324,173.68680852657886,1,0.5997924964648352,1
3.3063883453493754,7.237550426826376,12.29781945870717,0.0,20.24872811830283,0.4798607594398985,1920.5352813007976,23.681552882643594,205.2538804510049,3,0.4728845321731631,0
3.5788663193888737,-3.0388192737920203,0.0,18.91488493512164,0.0,0.7840598222343627,1986.4797761942523,51.752834480177675,165.40171007992114,1,0.34906727445857705,1
11.147374022477486,38.00628646433168,83.43000368340523,154.8316407031687,299.5303319877126,0.6128559984500397,4283.913008074551,29.60094248524479,328.29277845033,0,0.35044530954893544,1
28.042683286435253,91.37382277760659,205.2343953171022,554.4275391094204,1185.6513942470867,0.5515790766092533,372.5495225991018,9.84256125577015,56.93981552811328,0,0.2887823746347995,1
8.19817850768974,18.110460399442516,34.1679155893035,84.93957199097619,103.2611746132535,0.8527319159524878,2234.33262412411,38.029414365486126,38.663088005729314,0,0.6703217396148536,1
19.62333718399853,41.624302526258305,92.92465177646389,160.1013194085558,317.9481848220607,0.3684348067537721,3057.9643728422925,14.419769891278218,322.6857295038516,1,0.2994788186336408,1
2.8430031472704345,13.40072611276825,24.13398504416536,51.20721493039553,159.81052111553026,0.7957697246348057,3445.2247472411186,9.378211171529573,341.7890019470568,1,0.13996981392665478,0
10.760805200262372,45.875067572279555,92.91081668274553,171.32586210106243,234.64967358841878,0.8945840261685695,2056.2909285898186,37.08656253751058,121.28836026712,2,0.3898267615168584,1
5.474374035421158,14.206705324880293,27.19990744088375,113.04051147407179,150.65123042527537,0.5815342978403604,4077.3468865795185,4.443958740686941,75.57509017057495,2,0.3275423833352078,0
5.554417835548996,20.975455852618328,44.7288920335454,121.01577223461271,214.39156240586286,0.5338668317160483,2309.7462101089714,45.33518664717242,345.8313758764527,1,0.15513873478393678,1
9.277047919450313,31.409209535105543,34.90164567230912,103.11151293050507,172.99450878644728,0.5142986695350635,522.3956578793128,29.197040540503583,268.54466312942094,0,0.33817930892549164,0
7.275183930089032,22.183871625735318,42.50772609531475,93.67407560292236,74.59956368699073,0.5675963075625854,2373.2616782101722,46.28668548741398,152.76142021809656,0,0.11206444007991677,1
7.581177565548096,21.819607769847575,38.07191333846276,92.57664600362575,119.90520909634742,0.1006375197558664,989.9791731044908,20.46981391462118,60.975769438964605,0,0.42565148227054916,1
20.133632617256694,72.13758299589414,181.772688354467,314.35358326447283,635.9801880247077,0.47732153095983415,1999.8643580787027,25.928803942319806,202.49913234790358,0,0.46390486246815416,1
5.064395802373664,0.5705676473722576,2.0848780404596603,0.0,38.82542263862711,0.29265559479367415,1808.114425603016,6.9616169228587585,359.3029223549735,1,0.6469336450972025,0
1.0738007023272793,4.617192396058538,15.461732782679286,17.27258031040693,0.0,0.4219701251336108,2024.0314800453993,28.479606565618692,303.511871636331,0,0.11438331248259924,1
7.575551485860519,13.80188571865473,0.0,10.048547534299995,123.57946820690572,0.6832038628522475,1785.538359540496,34.616103830304766,167.23686079300847,2,0.6647528442458437,0
9.665025865219695,32.66985478849956,55.96436943723181,110.02487291249939,165.48273931397853,0.9075424709755517,4494.285832798248,10.491779773071308,127.05621706259988,0,0.627864782291013,0
19.438687838371003,64.04814886866642,167.24954499554352,234.28507866816443,322.0738770337726,0.43948887067897113,347.16075944358994,49.37162402861931,136.68434793063966,3,0.5414442292121924,1
14.40115509098319,22.16619356490516,56.25175495079141,93.8881014921277,194.31924771947735,0.5435348083852426,1759.8359194403768,27.62240411019754,1.8021023835014915,0,0.7536199197148394,1
10.361258149847526,38.55722382192081,98.46343310500473,251.51513188621425,338.98086672363434,0.37982760961976886,2527.3136882769077,0.18886304895853856,279.7419496032015,1,0.5374243611410254,0
13.04638481164856,34.00145220459859,106.0472210180105,249.843987526561,536.4102967333575,0.532433328542084,2701.0945933884045,32.64534413034193,161.66083649262407,1,0.4739983257589543,1
2.168409283025474,5.614134391160713,4.7517152895689865,18.17290080780055,98.32610526231005,0.10107617538175552,3511.8876537646565,50.02731277574995,303.1541820133933,0,0.9019641353794208,1
37.603305066641084,123.86341702612744,252.71674027864285,522.6951999817968,839.6513905384446,0.3828370256257407,1294.5360708845164,23.456798581593468,314.51486435133995,0,0.3536760977470441,1
64.15431835403938,149.07927351591044,243.4638032283879,515.2683439009302,637.1568581460059,0.4480833790044312,2036.9920660615173,45.834973078248325,133.30157479834395,1,0.5838537537623885,1
39.18735305306441,82.03128527678066,203.41945905060052,393.790594815075,735.5306852042777,0.7523693375085513,2243.402384900719,52.44576144042933,95.21754398575393,0,0.7892380789588032,1
20.642198789346672,35.024949323345666,74.12378440611621,148.7538982761254,167.6203024010984,0.6383816373438322,3026.8362451106636,52.68644675615009,318.2484520328387,3,0.43070954632967734,1
12.526439922864505,21.493789504119402,19.20306305654261,55.02404584939424,148.64155550884553,0.39039640656239455,2612.7594548448287,7.223837690662348,100.88613628869695,1,0.347656207412608,0
2.912439195233823,12.082726421306505,5.218240156701942,21.54855418883738,17.12492869698265,0.5375286893737582,4316.471850018488,54.85797644228767,235.56649450734727,2,0.8959534739436575,1
7.755739617568686,18.533886403479734,41.980774471379696,149.35459838355155,318.80227286217166,0.7334752979400044,3871.5539927453538,31.197593328765528,312.58262750306915,4,0.7252284617324686,1
2.7091863923812505,-4.922029544269918,0.0,38.523918284002605,85.32763698287391,0.4102672354473941,858.6279349627774,32.60668829577659,120.15189786096602,0,0.515226639954644,0
19.41002075548418,48.64316168760208,119.9426410330706,278.52693366068166,450.6238710984543,0.6826927919564408,291.7402201604184,27.349367311043206,278.319758268467,2,0.4045812388207734,1
24.604787072690613,58.325981375443746,117.79684216165415,246.53339352347484,456.7818020296054,0.2941235246524153,68.49104900886852,37.68072561187091,355.09426460286215,0,0.7308701580518034,1
12.46665907171777,37.79768754909439,66.17453030657094,140.12074212311651,207.30976808470945,0.23796332790845204,2973.354678560224,0.21888530975525733,216.9281722353321,2,0.4392149399488931,0
8.53310505772659,20.785571389877827,54.04711468048785,125.10047063408521,167.70332431758905,0.427400062088102,2517.3435071739464,25.753670509840635,22.65053836414041,0,0.14412948612589527,1
20.691142687475303,45.85310919411802,93.4596393920971,215.41814432048477,453.72422467583135,0.43126900711964605,4463.638357716398,21.591334098274373,299.51446346068604,0,0.4923310583307596,1
6.181957352441737,11.183165821325526,36.38236450142105,78.02954707992298,157.90160397900496,0.8360496033701668,1930.1665557224592,14.756278952038826,110.84579318005547,1,0.8969321785229842,0
23.299103412178354,73.84745749240163,180.21427168368123,284.72611671021764,570.0623202965701,0.5068968904888648,3302.694295708385,2.865929681347834,310.2066762796558,3,0.4435018387193459,1
8.83281329119956,17.95701744443818,15.822914824125007,52.57291162956468,84.49564913565222,0.5973018468794508,3165.288327902836,0.21914644893488266,100.50807569074513,0,0.812812858716192,0
5.202831105939234,8.232117294595971,16.38398415052827,57.88790934212453,65.94170763244459,0.6662170330111377,3068.3427051181825,28.213120399983303,347.632193009229,3,0.45728031218644016,0
25.353099280301983,71.62735522855854,225.68935073551333,605.2773517434916,1048.0277247968204,0.5237344157749467,2556.0508139867206,36.100693352659434,149.6511171872998,2,0.28512583639084166,1
15.98665804397854,47.58548332141686,136.78282339293074,214.10330782361558,241.25726260208617,0.4848151621332047,1178.9759545935328,18.23209820314983,20.537214402800362,0,0.34433347060969943,1
9.93067018392134,39.31788952630158,68.28487985951271,144.86337127722615,299.32214663158607,0.5182950083948221,4387.471408368369,13.13186459599026,5.135231741385509,1,0.8820837454418784,1
12.091117198426367,44.71333377110502,126.39373785479951,287.3594131439622,494.6641673547554,0.5219768281499022,3424.9397257405494,45.234764009730455,170.3284248063962,2,0.19747649929034247,0
13.863408991996268,46.61040019281121,89.96343500103394,214.13931730706577,410.1684044291446,0.49463695279726716,1664.0619445782263,22.72979393956342,202.5198408969653,1,0.7832241150595093,0
3.0605373854642464,4.870168910473591,0.0,0.0,0.0,0.40546762822376337,3041.5509377250655,36.14911478177943,302.92747198840885,1,0.8200709657499169,1
5.922959111502472,17.92842545113309,34.30855364500519,69.10920222869873,98.37699382185426,0.42389840367097864,366.6963570789734,14.96458634979611,30.641868703482842,1,0.5743085783022304,0
11.269838597432539,37.1692773152912,78.86680279353101,213.5517896044901,366.11389122143396,0.6105486583900578,1604.895987006711,53.52414549236736,29.768733348624558,0,0.45370590252625653,1
20.88474501874279,55.57114377056169,83.82719970744094,207.47707812696595,400.8054835264365,0.5836076279303274,2673.5039689714263,12.83614758910952,68.60361623821625,1,0.6326407007828484,1
6.376247988434779,21.829191317273512,44.327506714475746,81.13182753054346,162.66125147853006,0.4818166311622061,1173.6620429982888,23.564422502028833,273.43788978235585,0,0.4203029663469178,1
8.307392673608888,35.50308418678178,70.25441113003659,198.47291100024668,474.0824805456966,0.7491588425730085,1873.3093197653652,3.007259681313738,324.47584933761885,1,0.22503811780222904,0
30.804286077734567,49.34448315650593,142.3175217030147,388.6441741958916,547.6928550459772,0.4211797218988549,1872.7132284398642,8.509647674425047,286.78004043132745,1,0.6148507285866447,1
12.743904504603405,27.493977067617426,62.38873003412243,187.1705010727901,272.82585454655623,0.5365457341268095,4439.351252624835,14.116995417186171,205.16367917455122,2,0.456259400698264,0
30.060104931613193,76.89785042748406,129.75954421427735,254.63629237158275,470.13862111926534,0.8034925095548568,4300.0622415915095,32.84305739346572,284.67230185998415,0,0.5761524065492231,1
26.473575683641233,56.95718801077808,72.0434609417581,175.72162829124852,317.82087878669427,0.7500265323033194,3379.9744967888937,15.728487177623295,224.92907258051056,1,0.3516408867811256,1
23.620925510500822,76.2051662828548,209.31858406212461,584.7730199024613,1027.3454699457554,0.4537825471403021,3038.938487966118,16.363732330616493,269.50832153715646,1,0.3050531353840328,1
3.5423252744840634,6.555370626734913,0.0,0.0,0.0,0.40171461243719414,3368.666003103107,51.46732032036209,306.86779358473854,4,0.9104987021803045,1
2.69063109050479,6.566292233477885,8.89165267116444,1.7507476976862684,0.0,0.45877682763462824,2743.5234096363934,33.907050363336296,342.85131462375824,0,0.6706415456198221,1
8.71527648224418,21.862751267976982,37.89857947406648,1.9558304103853104,18.031677522322784,0.4129383546292515,2716.0987263595166,29.710861438617016,345.7589583938134,1,0.6543371416950842,0
7.70299967499586,18.151485256901644,45.43163957976944,109.1580904222293,178.00811807130577,0.42750223881996074,3174.9663522622022,16.227445198298888,124.79283226784267,2,0.21721132371029378,0
36.64612465576861,76.39935223644245,185.34413509138346,540.7225099338881,783.4144776833939,0.5378097952093654,2062.6780667405656,21.80425344273011,340.4447299296256,0,0.44770291159429126,1
4.35108021965649,1.813343939290995,7.88655636771035,0.0,0.0,0.6422393842839956,3774.803082209771,35.643815196600634,231.83586617876657,0,0.7517425649181467,0
6.927734907511286,-0.4113617525231721,0.0,5.635246737371935,47.736980361538635,0.6174690689540318,483.6553090254072,50.23983832415854,100.0786879844799,3,0.526616013524282,0
17.32063297508325,50.371675706834516,158.15304819601388,280.4625099433086,616.6198473384276,0.5165383667110555,2380.034910443689,2.1207454009278806,285.38512303936955,2,0.8681670157622049,0
30.528093399397207,67.524234308811,151.2559823544491,318.3881153775323,457.49149016382285,0.5335665577065187,1978.7526792232243,14.517256855472223,219.07235928712035,1,0.4211839058638078,1
28.494748380163333,89.80937186600771,203.080283848562,433.109039433427,986.3136868201673,0.27153401449563763,3949.1913168817878,14.066091565990101,83.2719734386467,2,0.3290944967784336,1
10.292554982866765,6.973520981896732,14.024623875251162,14.019191472020237,0.0,0.26448646597681696,845.2972774519892,34.618529115073336,264.33272183542294,1,0.1372817413045795,0
9.111007990729833,30.055928346872307,82.15078972898164,207.36655769479802,135.0657812546947,0.4800879577815438,1484.9078802761428,27.776718065623324,145.68533059261657,2,0.6668831197384056,1
15.401181197112386,31.511484188219956,56.22980250271217,124.7442379570345,303.8368958351208,0.44266087582958047,1309.9240809982666,46.37207051188613,128.3505022763092,1,0.7226231049627433,0
6.790557938096357,15.15931954409297,55.28726706363999,49.431500773115616,170.979856077345,0.45126272495793923,3835.5771697703344,1.435881531786995,25.148633609568734,0,0.373024245791437,0
12.267854472550729,21.3133210485501,39.99054372086135,51.37641389245424,89.33371659200898,0.5708062640564737,757.1289967342526,28.887691843504918,276.1378020292617,2,0.3803127135201191,0
16.180527225854934,24.00297419681396,43.71907257256227,106.97234303473795,158.0107488764469,0.5340270410220076,213.02979698838007,27.17598338547309,202.97506149789294,0,0.3281977078306883,0
26.141030910044933,55.110302099564905,84.89280912140589,227.8471307185791,329.08542546785634,0.40539145684821043,2498.814185203413,1.189339178184654,294.28911230865805,1,0.5702799179525817,0
1.4082488556732788,2.1579785506803386,34.43601547286728,67.49541378807496,50.51690278144339,0.8688245655850293,1389.2072922321215,47.36180743703115,60.76399858200943,0,0.35410446121138334,1
0.7850104045455101,0.6730406357661125,8.036103412484211,0.0,0.0,0.6738009017311511,3301.1654925797766,51.28585881083397,102.40357495246312,2,0.23264973539176123,0
4.0924101006501346,12.903854314468362,28.989192518298736,56.57525765734043,34.643089975786346,0.36687132459812277,363.987714260372,41.37865144221206,70.41329009497062,0,0.8114925536737774,0
7.08856901790885,7.612909076561417,11.093832263345433,47.16323280105589,64.65819512880047,0.3155595398840913,615.2732789685472,23.244247710548493,338.1734355070754,3,0.36910535979478776,0
7.618393941889922,22.656082471755127,69.35812451904951,205.3262464879787,386.3636438456753,0.5690153718130724,1611.903246096486,18.615442988025865,341.9240437778131,0,0.5642704632447503,0
9.724271589861315,16.882930575382673,45.703312570039735,145.52403807338302,234.03307633870114,0.46439937526836234,3661.9651290799256,25.543411141460457,111.44304686435962,1,0.5283076581145909,1
4.2241066626437815,12.944094284737865,41.3525313774865,93.44465149877202,151.9162234649244,0.3608144653104496,1275.6605064863272,10.088070830323657,168.48290200256835,3,0.6513644345448178,1
3.866805296467791,-0.5037726630941677,8.23925252352469,0.0,34.26879660180382,0.7009631180309112,3363.4848804989356,14.354846415278676,125.35923921470432,2,0.16635991198588382,0
15.99349048921063,36.3862631486793,61.32371881260267,150.92799096749505,217.25669503270709,0.5032931284877624,1001.3630008169993,14.85189915639794,94.87542507483622,1,0.8772260412970605,0
13.729898955649908,31.69787920256794,90.73616111044625,131.1007601120844,262.151087869609,0.467251150769695,2536.0643244179073,22.502557109876406,103.7914824425602,2,0.7780065133043197,0
9.904313118535446,19.23573971530042,63.48282422155194,128.03216763806637,191.72962123958783,0.16989100615838826,2077.1608526353784,19.546567025484325,183.9655254730725,1,0.698005637995882,1
4.777888012194352,14.906815361581451,54.312990203288784,90.72271822277183,221.6998776693568,0.5545479643384541,3286.442800465236,25.689010602229928,321.8322972771036,0,0.6731752948897811,0
30.87133757090066,55.969080607634446,169.8386110593646,292.3770275914059,640.5369820331058,0.6005961889995675,2959.7830282592145,26.42812580240985,220.70140865989774,2,0.5605995115918448,1
1.434592395061243,3.7278768393035597,25.830435049995973,67.19466018817484,67.92120021695023,0.3901144061324994,4298.19982765539,11.165621391503105,215.2971117623359,0,0.2874466510524607,0
1.9509731549504632,3.105575699929945,46.235140595435624,95.47630496757546,72.74153141939341,0.19134019905712243,2051.7801806232546,9.317950689367443,83.68070552652644,1,0.5684014390404482,0
4.294527314739159,16.47241189057344,4.77484287991885,16.720643318336418,50.411268339430734,0.29431950357393566,3469.6052397962826,34.056340621352184,200.472088923542,1,0.33641260191579986,0
27.657053967914734,55.4725247631213,166.7330676132819,342.26265459729177,511.15406899796767,0.22673459359441814,1958.7444719410937,46.24319464451577,66.1890484271015,2,0.44157754237969066,1
4.102180075785741,4.772791278268929,0.0,0.0,0.0,0.4136931970561655,3429.79483193334,0.6922210308585763,325.0399677088223,1,0.4973593410623548,0
34.78310916517032,81.40850689323862,245.21860815126325,501.37011627926154,1084.4001789368688,0.5490933175670897,2881.976467027649,23.803152856337004,48.44221488526814,1,0.7203118849149843,1
14.496143993715798,28.836881381791653,85.25132375978356,138.30906285476976,266.55415976587994,0.26552952115152817,2737.439367299767,30.105739863315268,6.9188886147511,1,0.24030204027266475,1
11.184502865028241,22.099367467008438,27.447200493830728,100.67913096171762,81.47256129276278,0.7297063719310992,3576.5498781095534,2.278734386050265,136.48497886660581,0,0.4672892496203703,0
16.098304945627774,43.883643722363075,117.06742209956755,222.83785762460622,380.27001754231975,0.5912699505103032,719.7367368783662,21.789110757303384,359.1156093547028,3,0.6762488967243251,1
6.256597348729335,23.000189966940653,61.294799670072805,148.98514485716527,335.61229652612553,0.27152369826934614,2477.1776569551025,34.926556199593,191.56760047312238,1,0.3710902649609328,1
0.7861166244115234,2.8555025449263858,6.805561833684111,33.629073541766964,41.77265243523996,0.12369705753842339,3590.6369827927647,4.993860028204507,261.5877182697159,0,0.33590652187497855,1
15.352508009769815,54.68626712936768,86.71463240314914,284.3832644961568,450.4669891869209,0.7040033501293531,3196.037794887105,46.488772364325634,79.38651200204485,1,0.22784742326076546,1
41.01797368941917,118.96306327335725,242.0282978117694,456.6955025708494,610.3402444618515,0.5434629627931101,645.5451576387245,30.858062734710956,174.2809615331061,2,0.8031727579957677,1
34.105310498851765,112.98998664840711,317.23687432384577,962.769232222422,1636.9302304267817,0.2708068752299571,2973.843727256644,26.64822512758278,218.0246377023437,1,0.33130985617384756,1
20.245071027902238,69.57402019527667,192.43177802922932,423.2096000428413,471.5679298670327,0.49894120713799794,1689.5411740637364,10.504640512426946,302.6239562210954,2,0.7246903927964207,1
8.565750528164816,16.16124542248967,34.32265093102673,90.70528761310048,115.41579788852964,0.45243361443616387,1932.0059186429703,1.066954856846018,120.50172094084856,0,0.2769165252391638,1
13.04129370665741,31.411487273670467,82.54257125210039,154.75510648684366,282.71119399429034,0.5766058406980418,1702.2282827286367,31.587281282750283,315.734478392154,1,0.22619805802217585,1
4.7384152184405215,8.597374424995188,0.0,23.175139167577026,62.17319805812885,0.6290635283109148,1119.740346460062,11.547152885899207,228.9804391019549,0,0.8358962069173418,1
12.298385131459714,28.345087363450364,102.89076916877332,293.5964955244177,517.0150594212743,0.3876106055637652,4314.326839042267,49.398926812160695,125.43632243589987,2,0.636394105156042,1
45.01698465698759,88.7534636186053,256.9416097898647,433.7679214410944,667.7468115228297,0.9110013888122364,2792.628469132796,9.397447701495413,62.80567004776185,1,0.2961679051868592,1
10.253555076469524,22.46489066120082,78.48300198028173,97.82745448632856,141.9946648997565,0.6836244953960622,714.5851601688894,12.621147605856589,182.85575823076718,1,0.8095725881705819,0
15.544620654535208,52.844468615296606,146.81162410122823,294.10678632539685,353.7313839656302,0.10642753132577484,4157.834140930133,26.733698476251867,115.65406885950202,1,0.5005153394842844,1
10.00456796897902,21.435570357396376,29.694671927309862,53.63969171553708,122.01635833386885,0.3257765325485321,3254.3000458628608,18.238105629321055,73.15783038277307,2,0.5468472994592832,0
2.866023535576953,13.73784594462343,38.145069755903435,73.53975904577705,125.10743792507634,0.7456257554126001,3766.1245896950336,36.83187164091907,41.11209874633466,4,0.4243706770196383,1
16.303243086470456,62.01911355181004,124.40162037201456,178.1248978402952,254.02841082045126,0.36769075854961264,1663.8401372501178,22.484905530120482,157.40368271997508,0,0.4557637808749873,1
11.358586150891098,29.489757122830028,38.27724093331621,95.71843820945128,207.46312959041038,0.7508576139358268,1038.328799965312,10.351226024716988,261.1670644082169,0,0.3936345959424398,1
4.533450067875587,12.886969514292595,45.61638016228027,74.18618625728135,165.90886483733647,0.4223428673693767,3965.5956512337752,35.07634365656972,335.0010991904726,2,0.3746907322758719,1
15.34385554500235,38.73680396190477,88.4572158872118,235.7995834711632,462.3389300136604,0.4312309007428683,1728.675376570344,46.87620303671457,215.24728286515125,0,0.27465110148229654,1
16.037703906602793,47.56905050219947,108.64443677574005,262.11392578104915,375.16173552028914,0.4723438545007517,2517.636075453118,22.171291375762763,244.585204839215,0,0.3476153558144911,1
7.596038399718207,18.701852620548184,14.318344242525512,2.143521595470947,0.539137138596772,0.541069799596495,301.52446519141375,34.38319962251162,326.7234064925587,2,0.39699012401189465,0
23.02239211304978,44.78269498802734,74.64504626967765,133.19217249252802,244.19873361708665,0.34409959764513276,921.6634191123233,27.590175313462865,351.3719366086148,2,0.473042427412083,1
6.422695244201092,18.4568630790189,45.22255221108374,61.31228812793225,164.5326041692599,0.49571944660795975,4025.0808120125357,9.797973268144332,39.851809687350325,2,0.21251893887063422,0
7.1342297383950015,15.065707285889172,25.85089980758238,43.54550924208523,64.48417277004896,0.5324171135270687,4427.873068721384,24.70166938834847,300.6722667927613,1,0.7486324899206719,0
22.42610320412326,64.3324309838,85.97312244098995,202.41178145287404,307.1240968499767,0.5032164900731769,803.5713721042322,41.56295386592549,256.91167243940555,2,0.755541352820542,1
13.11001342771182,35.90537584461578,74.81328424167995,103.48301248760325,185.1529544203059,0.5323054543147155,4072.2872474311594,18.73692100527725,14.569123310644937,1,0.5523692896206956,1
17.391039704400963,29.94338263883708,47.370602609401026,173.0003507824904,221.96993709186373,0.39145004126145266,3307.079380939919,24.968858538789068,142.78459436958306,2,0.8134230291839409,0
9.361284695506342,12.421214494572956,24.140424284667535,92.53118281377373,254.09757179584716,0.5599806582384478,3355.778757945295,25.702362196236543,194.93602286770283,1,0.5668350463234465,1
4.397413914018193,9.171157062822918,0.0,0.0,0.0,0.5263172173399814,3459.8763335815215,2.999521430680567,46.61712765312835,1,0.6487685967473252,0
5.116094885557399,15.684493121725257,45.501563792054974,106.57538091281661,84.86682790550668,0.5084269656286042,3250.6969384194504,3.9920899923189843,205.45510983680015,1,0.7487258250793423,0
1.6587858640589943,-1.4134638191160724,22.7691230178231,101.42512918035652,123.7091266413009,0.5669207553765327,3579.512514843654,27.065542537539212,247.22458631090245,0,0.6723408022047273,0
12.123488982370592,29.430789539543984,63.701889921450565,182.54654340430088,246.4335470873001,0.3873144236110904,893.6005847565912,48.50068761903778,11.015362220293499,2,0.47554226284247264,0
25.933375433267102,48.39233271301416,146.85558056949353,366.06306615427684,636.1783617447575,0.4760875612665263,1603.543035254104,22.600987847295404,320.4353395725327,2,0.30113624454834537,1
3.7295440786270753,3.0407666919634373,4.894079334982078,21.040932802443535,74.82633581029219,0.4197961467644466,4228.642457759884,7.539161223224479,23.21159614592077,0,0.29909962493611425,0
14.536292421698105,32.60773048374263,96.27810072204962,271.05488603255293,367.72290374402246,0.4047210946912956,1636.2367652498447,54.43849788803138,346.1472417731945,3,0.6313586552698252,1
10.629944507362358,25.148567818488218,44.80086295418259,156.80844784780095,307.86038720881896,0.4131216200193757,566.5300343901939,11.222043628909944,266.4334488257593,3,0.16870614957398825,0
1.4763809874742408,0.5581397472743732,0.0,50.652211245063285,31.447883757708873,0.17154023655642753,2021.776048824081,10.60399066826591,192.47208185184402,0,0.6189724807771443,1
32.750444236024975,64.603221053725,168.6955691304692,493.9586098290564,762.5149021585121,0.5115749746996909,2459.7532587928704,0.6544604075802002,63.307994749957075,4,0.8041920843080881,1
8.738042830112459,32.926948385986314,66.72296779769484,112.39404859290161,177.16442722614485,0.3264702873524351,1896.1577613599006,14.033389829709913,208.43457496450168,1,0.2977099852816378,0
11.23251304332836,22.018686714180195,28.159997066785486,78.16408684087499,183.769633520515,0.5062464193660229,2732.2340332294966,12.930522999489035,282.813826771052,2,0.7650896724247592,0
1.7039920581407648,0.28077364805306004,2.541105438500201,0.0,5.504182834960483,0.6492165516031848,3952.1988663453335,52.05528040412629,309.67378218481684,2,0.1834073120041217,1
3.5759165044770773,17.660835624477382,0.0,5.035395418851593,72.81840891188571,0.1370339495805912,3531.4233234426197,31.147906350963847,70.72950277193821,0,0.3629302019473482,1
6.736357078535433,15.72854634543477,19.48156309352745,28.566700141097893,11.612052243477706,0.8441092398331642,3864.022438694422,40.302206751157684,187.53765160405612,1,0.8421015746141951,0
1.6310379454910526,5.786787472780782,14.644034738176583,11.196652769022457,9.888194310792787,0.49273661961997794,417.3201835414824,40.051180078240016,41.56406901125155,2,0.40866228803893634,1
7.864077942281931,16.954675639853,21.094134248194926,105.87050441735778,79.45660592981204,0.6507333445573341,2454.9738299931896,0.6817350653598325,22.753514860268957,3,0.7249810864677584,0
1.4883130643077056,-2.019436289173052,0.0,0.0,8.995030606116728,0.318333636174551,2364.9354684691393,27.706839534717517,284.98099849700515,2,0.6832655664308236,0
8.755126492727092,10.05539018267631,0.0,4.420552920010385,21.858342250781533,0.3176801081235066,847.845612788144,12.715737152246453,291.50543629867167,4,0.4649849546544593,0
17.133130753406974,36.19547484572965,71.37285587382162,103.24047932683686,139.89244671433406,0.11278763720300797,2313.252423982757,3.285357559323514,64.3695024338693,1,0.44044600041686205,0
5.76972218595318,18.62827944549301,9.512737659452977,10.94964683005239,0.0,0.29431479326911997,542.297167265621,41.564781085062094,118.40850348353436,0,0.7729862368117164,0
3.4771560162138253,3.791675399893329,7.680438891816369,0.0,0.0,0.6492520054840377,1002.2264493033698,13.136557876832292,219.71745058802165,1,0.7207621642911638,0
18.083738130067616,31.36766244621442,99.43195557735083,275.8117694345574,447.089783856459,0.6004126024937797,2005.4897558854072,4.243633475384042,349.84455533378065,0,0.2732383052756075,1
4.30581922087388,7.418269081939506,18.54310831548287,79.77267182834956,136.6562592242904,0.4277331381171712,1151.6860667234887,48.894418414809785,273.74665504808894,1,0.4102084946057832,0
20.417843849108618,71.77679486321999,113.64281090272682,399.89491420279563,561.5863375602061,0.8771658305435807,1637.9681356311426,46.6699717657357,95.7316820363738,1,0.8180541756520218,1
18.569931233662683,53.79797613875254,127.65700777161561,184.82118440099126,317.8506073797507,0.46012335069162225,4071.9690599658766,13.857150081967285,260.4322289896429,0,0.30292439684667066,0
25.707060261762265,46.58997179281056,102.51929844655197,311.29769687565016,322.08744897797135,0.467921563125508,1291.4951673735166,22.69377888285017,62.75445286494455,1,0.47843762993407724,1
13.814267633536785,38.6042821137722,80.81303323731154,272.77681819571535,388.13274148308983,0.4089114643326319,2839.3297440838687,23.044626676863995,275.3006818496395,0,0.3975608425909779,1
14.434767772109609,27.38214374361265,63.47404084871094,119.30426509813931,242.7255176788455,0.4278423114224948,224.92941916992672,52.48857144584568,71.03434700056145,1,0.9379866970105514,1
4.135558366520605,19.169872781290152,27.358379226376744,100.95144800334742,134.0457303185991,0.696650034853541,442.59371413891637,8.441995953320902,85.13284468727697,2,0.5405533255171359,1
7.372490333383265,25.569386638659775,67.48900347893925,180.60559037895868,267.58254923190736,0.809933606435701,2936.507922876404,13.193958500282372,110.36628587962082,0,0.16991556343973493,1
7.798465210687202,13.666964028967294,30.516269186928454,100.17761896547367,133.76971551696846,0.44852805414871405,3366.2037110693095,5.9821818859911255,354.2982386393102,0,0.3410761960808234,0
29.56835735444608,60.72083984831081,104.37506879970636,275.1651149707984,489.7838025909252,0.6279990576727538,3491.586314362812,1.9146868402761434,80.25724673129467,1,0.7049407630990672,1
18.4516381650762,44.22555630661445,100.59668105738281,237.60584937140902,288.02510018533064,0.4857688707716426,812.0458159666005,49.01412183886892,191.35936899173777,1,0.3446567044491301,1
6.930049211438897,11.159968470446774,2.8351441225198926,0.37383092161803066,0.0,0.7336863987594322,2045.547287664253,53.159555225582665,157.4433587309909,2,0.3455552711328479,0
5.999134395341946,13.57921191726999,59.473130436053275,152.90315659295158,353.03880186746755,0.23760236604422713,4242.332630559735,4.833750343952515,243.74219428761344,1,0.39911568951325654,0
13.624011352745073,28.7257840688023,67.70779152384515,143.37285093247297,132.17029843212637,0.6486568872983964,2922.726135336718,13.322001943613408,339.92741322914475,3,0.5970621255788894,1
20.76054760112314,54.959299934363685,159.31040453133969,330.9697762867656,620.4412496819183,0.6524128872382348,4071.4219193365084,38.20820371375205,5.535705887724962,0,0.5019931830663974,1
8.466288591151303,29.235190594958972,45.47347374166664,111.83666800906666,130.1981545778966,0.6904693807014987,3466.0118742151853,11.438296226897462,105.73627397345473,2,0.26110836225808615,1
13.627450251552618,36.05255138690131,68.85393950831771,112.88610551642061,275.6901726757584,0.7188116301810581,2140.699244230666,3.000395304590218,333.3610780748489,0,0.35162011416835953,1
2.4514883476958573,-3.8873486513965014,0.0,28.604781158881355,23.997771935659337,0.8079116399041252,2538.1949223547817,44.521279311578844,173.56905565676934,0,0.3420865020132816,1
4.6492001845984285,4.974880697969386,17.173873013059808,44.823181049734195,153.59697669378716,0.23938124426768465,1543.6498700652082,20.6984185180631,226.53185135988838,1,0.6417912549335335,0
14.445299186675946,18.8072281459207,25.403681814661596,44.3432998409973,48.858349528547876,0.39550409038870205,1771.9148613537418,28.09408816922239,138.74234010267952,2,0.7012997828986812,0
7.321453141765833,8.409927279490404,31.68885697018051,72.92108726661712,85.8953567921133,0.7856871288537569,3308.2805582317337,10.934138538762069,107.85159650576671,1,0.6298780436113007,0
16.670493016886674,23.2272047518029,44.66758122568282,96.85846773761452,184.48123215650693,0.6652751323228425,3176.81087777045,47.70549541361778,315.279713604227,1,0.7110425415060607,0
7.523629089188369,19.491202504049788,19.227149105118436,26.38042539307205,23.765717282712224,0.6119690499689598,1240.0818861528226,20.91620733408727,300.27704562959593,3,0.8183737182294714,1
2.0556839934475035,6.945825076550035,9.822940144702518,28.445765083948494,38.26907162761887,0.39078465685757,1167.4946686053463,52.253173189283835,205.56171704756028,1,0.5911499712212368,0
14.478297734117241,30.956058196079592,57.620883699878505,172.0219791372037,424.7647797790262,0.7679011467492454,2680.193599254736,17.16283682479802,350.1115397100739,1,0.2941833181922724,0
31.892829960809475,95.5334490826612,160.54641137929212,409.89707697134423,469.1282270941969,0.5570002583708498,1456.6794801806086,44.99271955577567,10.613402703356044,3,0.1826644400822993,1
17.258006631790455,33.824814108873916,67.52648886026672,130.83941204903945,209.1009588910226,0.9061716908751344,4490.692459567448,48.15040785826135,286.4611735835297,1,0.5028319204813747,1
10.298753817927768,28.75575053604827,93.09002486559223,163.66135203084542,124.5677242676043,0.38866940877298806,681.9041236645248,13.852461227870434,172.5346536769403,3,0.4938309543326744,1
3.346037088250121,14.157805850796667,38.2847462941524,81.44444607196438,115.3261260441826,0.2693950115747925,1363.4732927293317,0.20808759348006078,255.91749600170525,3,0.4779989541445841,0
57.329445316385325,180.54941188952745,513.8362693221621,1170.9934798448382,2389.0716721387557,0.29838180056615843,3984.9895163471174,4.714568745635749,261.1210984922499,1,0.3659437784605761,1
12.42386816446554,36.41439911342566,63.21709348182873,100.91498244649053,186.53074316910536,0.43462715298626875,1488.718050426531,22.59843101631512,297.69306504420985,1,0.30438149051524144,0
6.915394314055973,17.38756575514756,22.70812525687071,43.44317157315142,46.46165839639774,0.836785639616213,1592.2110122365686,12.238991229703943,249.04991252891315,0,0.18252159314933497,0
15.65508912578619,23.634176470869168,44.089341825803274,135.72060842501955,202.18736572431033,0.554066688509926,3045.962500273483,27.58638387477995,76.93045660396602,2,0.4724077492964128,1
21.183641047591564,53.74594660964142,150.88584147829863,259.3227720666759,333.55460085880736,0.5861500471259014,483.5956838413585,47.88063779035654,215.55825999605653,1,0.48494728127602554,1
3.674396258335029,9.829957131852364,6.533911151271351,50.430371296438686,7.3721106747801315,0.48279287166042023,2175.9868575287333,32.53512654496295,351.91755969718275,2,0.6665089015302859,0
9.083358430668767,31.147756014570916,25.776652236255227,70.2466825853281,100.788838971133,0.23012512732111115,3829.9657902358795,49.07137733802792,206.8630684502726,0,0.14684889926886463,0
9.407408123604524,27.375157594021122,38.700284197940434,107.1349408275037,172.03414128633023,0.6480704654026758,3128.0108457713563,46.6575027790794,306.037293276539,1,0.39615797199157116,0
13.575334282738096,16.06258478949942,34.30589710378835,87.84456634618401,182.11128667858407,0.29511975563895076,1683.4282078219633,15.962169465046149,258.61051484795485,1,0.4739956247581992,0
19.360176455118815,29.077099257524843,73.43210976916646,101.70348607979716,204.00725627370542,0.45064659077024494,1599.7596817836345,17.42697410532681,2.6106510637612557,1,0.25815872898633535,0
5.323242028862363,12.289226314223999,36.324503306179096,146.29940264183037,143.3862490910203,0.5861360961831559,1874.73136126638,19.45023132016551,335.7515646883871,3,0.4183845693834441,0
7.484808255409927,22.67139949439419,68.9923595003927,156.7315565660073,319.24420608400084,0.5698062115998973,3717.581665918008,6.150940980825833,282.60185063688033,0,0.5326710214386391,0
13.148312657096701,32.0911590143613,99.32254890171899,166.0607171041492,216.97900326896468,0.6013786336860918,4344.572314581733,24.571090733236232,285.07629936860604,2,0.08428787786442016,1
3.675717053002581,12.637880758793557,23.353755492397518,69.74485950151148,142.0830999647094,0.19424792389891413,3221.117524633056,33.02478615681965,326.6303263449957,1,0.8466430258648026,0
4.981613604374889,15.77643544453228,32.47468097016883,76.33105521928853,180.89405527067697,0.4913101063229661,3519.0094999019543,23.682048846236246,10.011619161175247,1,0.598920861371276,0
25.162877123101033,79.24160421324582,198.00113720830117,566.4415434445478,1126.9295462790972,0.7145460789025916,3926.544852028846,0.08835362126156598,199.51822982478933,1,0.32150492387777296,1
28.965056025656246,61.47160578718638,85.39529842251909,186.67172727011882,222.51342143050474,0.45989618334935983,945.8835310286408,3.6361239737451667,119.43002095785856,1,0.6719360714723492,0
11.951767109253984,34.03261633478754,86.30236987938041,237.72264083332396,392.82504621154766,0.7595116878270859,3930.146624470322,18.35617766254668,354.8636289985486,0,0.22127662588358563,1
23.165893979940005,58.4633025246175,139.4016590526556,336.94618204910904,537.1105483410861,0.669097632319876,2120.3533890397857,15.519816615790612,245.62193248170973,0,0.47874422948560025,0
18.29659294448138,45.79767328651683,80.3090184164675,165.41645030854093,234.71272227658594,0.755906214991016,4262.988622327638,30.509739050938023,35.48477690500122,4,0.2632914746827482,1
33.307625845986195,111.24036545479768,219.26205300572823,476.06431744074246,742.3083549342965,0.3255952761833294,2509.8148039100424,39.420310846879154,162.58126743677377,1,0.3640498113903337,1
16.16182309678489,18.053439911218977,0.0,0.0,51.860528998503725,0.18506673492278,3143.850829221243,33.70320923872735,116.68441057487397,2,0.905063465293899,0
18.82461414230383,62.20038012820292,150.28230312776174,398.53841952425114,771.631866862725,0.6333148556239033,2720.808025862808,50.32505842678239,158.16991236604022,2,0.5011402810452261,1
7.9366634609918005,12.368215464612447,2.686485943775452,0.0,0.0,0.59019176929479,4489.547841997951,15.394506653654984,130.7174215561292,1,0.8197374539082026,0
1.295117819447978,-4.107951435947184,0.0,0.0,0.0,0.612533130991912,1185.681457730634,51.851242421218295,132.68813769887373,0,0.692665505501889,0
5.589447090927728,3.599255518669846,8.690790224680038,68.92606639548583,38.061833429572474,0.424324289221549,1646.4088108815286,39.34649212328816,83.64553640274636,0,0.6766871310365637,1
16.634768602192416,26.60559204776297,51.534541852006825,91.65533223489798,138.90481947354718,0.48786744545825145,2258.5363331667554,49.28748752438761,90.65780707659434,2,0.7006119553308697,1
21.465349013409547,56.94116125152683,153.49409318004157,408.79569512773,621.4363227443293,0.26059761553169203,402.85296376106425,31.775090681531587,59.92370428992538,1,0.8450805554341214,1
4.389053282469401,7.970218578090277,9.465935793892658,0.0,35.06514602405879,0.6711562264050289,1218.5329826466584,27.037016114615685,14.596861999374816,3,0.18562690364794057,0
15.997492380684628,35.0624122766036,73.57656316460157,198.3920596250661,360.07913655704886,0.7735359541820613,1013.2710646617862,48.82404422032004,327.5054101697416,0,0.4567920066148609,1
9.935827689948319,28.06220182493578,68.13420694569743,108.45157042104472,241.74178799233312,0.1710674751198844,767.5435522063505,30.74878152202452,279.71151589279225,0,0.3093912910085027,0
26.069415216539724,35.428147644287606,81.25055523336339,136.57388344972668,296.15273702679065,0.4640177414648444,4024.045114815432,24.782709374016093,301.0395483845151,1,0.5690382049562416,0
28.58320079168671,70.70906346698662,157.67612124773808,414.89053604396867,681.2427027316577,0.6206947672084029,3893.2222659671206,50.91266396153715,150.13612535674187,1,0.391352404049922,1
22.33826604245366,52.573944938424255,127.84217308047869,209.32926287830554,384.35649869554226,0.6626237086669975,3987.6877166723198,3.100614188149638,77.64562515207422,2,0.7964601647088101,1
12.425816621179436,27.040424199694307,67.80822830988937,156.27483440162487,268.36600171933577,0.46265347894895476,569.099105608661,33.19076106620137,228.53090017709624,2,0.7363911561178198,1
17.13120624525593,64.00217305762949,142.28819311970943,255.04031047824893,371.8385372793499,0.5930841390114652,3710.9755850043553,24.001499639998535,324.4012537065792,2,0.4778184009358336,0
5.5291577141004105,12.488582194863367,61.84883773061787,41.85193541008837,83.57048418933076,0.5962392851293904,3137.5621915096694,45.70753720748502,140.8529041846225,3,0.6301272842192823,1
3.465606127739906,0.8745629285737397,5.506896811599587,25.141852629704665,56.71757043262269,0.5065589599265711,3087.785237927663,15.415297799975104,139.10553205466672,3,0.8354588425562531,0
7.065181919909084,7.763903780539682,15.474741599237358,30.858936697345673,131.06023103217444,0.7432863628892417,3129.7967074224407,6.183131713263004,96.1468862171715,3,0.7048837765805477,1
6.185383232347976,11.26749313199706,50.81315877672486,129.9194445118734,248.37857617187652,0.5875276783100469,765.0715375070928,51.66473767989408,286.7677303072625,0,0.7326323062030773,1
7.45019798258102,10.573121363596876,26.915757401664052,22.238701016147147,0.0,0.5236401195529383,2294.543020319343,21.313400985879735,284.56820202435443,0,0.2941700512035889,1
11.738470988704275,31.782169652905203,89.72410173503455,164.148341649316,184.5157441726301,0.41876924815470656,937.0441662930069,28.668973757356365,158.68891374717924,3,0.6955940281324077,0
16.13793234144287,26.678904161150506,49.87648057124051,76.94264181405514,140.05034844493102,0.6993911470167531,3386.3331840063693,49.173537956118366,263.088389335005,2,0.6683102696263242,1
13.590601091479552,33.92599865857511,61.865255042272274,87.22924787034364,13.75076806535607,0.36399085994411523,905.9807177686092,5.55068208764516,55.570053648109976,1,0.548527240561149,0
7.944910727557066,25.144788052935226,63.83276689428164,136.9895650924399,195.09522885563572,0.5860566877617919,4031.370275921935,51.47018258463439,99.0161231750571,1,0.6107179704655741,1
6.9183866876913696,20.990374506084002,45.37054072947399,79.30063759307532,153.3242180805265,0.5160361185071295,2698.42655516916,9.193370904679316,327.2484125683125,0,0.25868416973515723,0
16.78087839800571,50.65218885594008,125.40043287773152,289.2296005091695,551.1278838528387,0.3491469189143836,1883.634218419501,40.80047803801947,8.42578582252305,0,0.4821844113348757,1
0.8026416925715927,2.7845049878226207,5.076758711704901,87.97222467076108,176.09549119233577,0.5863856441409556,832.4263841388436,9.82914603608647,330.3430519203343,1,0.2773158256757997,0
9.043274435385086,21.775602316396977,13.719973724154752,37.59992954742282,81.18720615709375,0.1779562572761091,3505.9438625721973,14.409617162996854,178.336087620003,1,0.5791672099269898,0
7.871760982104635,25.80843239180846,61.63846745295813,89.05300512074518,105.2471647870121,0.8177589719560283,868.1539034183712,1.4563494610062777,7.719226108106287,2,0.6246296806043337,0
22.427377995066003,73.10641976306292,117.3885252819749,232.92779809502116,396.4510709683771,0.4260105263604449,1703.4070407990994,26.997976912213268,198.03315661629807,2,0.48692089944029066,0
18.120937632406438,56.59490112288748,114.57898635557952,337.496738678533,658.0072355012762,0.39816687422177777,765.9657601614132,36.678203544546896,168.23708902139074,2,0.5018980328796369,1
15.947564704758214,25.116008175774546,62.93066595232796,99.70484735260982,126.20058240334873,0.527343267804141,1342.9715024390928,44.03721360459519,36.22685671377604,0,0.5808871229438877,1
16.281384548772404,37.829537344454835,70.72363063763576,172.66442979507093,303.9040266258294,0.48777452058678983,394.485099770857,29.71750569178658,90.05817888339679,2,0.3502207795599628,1
19.549998291275795,29.905528190144917,87.89552721985275,240.19661601376953,506.13058865372454,0.2968207204265765,2363.9340362172816,29.041087721823363,326.27151936626655,0,0.7392910966358466,0
15.914753874426426,39.59915184292553,41.24485448383626,60.19543569422528,18.92447712366625,0.08648265817813132,1335.9803881072366,28.227701809249794,329.04762634140866,1,0.24386605675222087,0
16.37496353005869,53.30936796717759,83.42745021669289,209.5416518293774,364.47791773487415,0.4054304582065665,1598.2593989495533,13.763713308441716,60.957698958021524,1,0.44818149983176586,0
15.468305122849351,18.99413791906371,29.5035756347955,76.50212011673297,66.72643702556786,0.4983585099499385,3150.32614242612,23.497279342549177,245.92964486532293,1,0.5882838155800562,0
12.118353476105666,32.99479167707939,58.19533403406924,151.8855948914026,251.91654582815326,0.4036109940354407,4147.4583093512265,13.926564328299925,196.86058768862583,0,0.15351189535094217,0
4.653760582034732,16.004681151819003,52.764677580454816,155.36569237760241,251.69311771072515,0.722571438569674,2657.460698945344,32.37971102184052,328.2885844630153,1,0.4202405536813421,1
0.8161416102355014,-2.4654160281695776,0.0,0.0,0.0,0.5318067449852644,1375.0695374176423,25.981609502591088,356.5201687253502,0,0.7054954212333021,0
20.48140566993203,41.48662657369574,72.94699572737217,178.08141546993377,301.95131192717844,0.5520008712598816,2745.2054671176907,38.09915057022897,93.36075286772324,1,0.7291635723979264,1
1.662774401769529,2.940539266351774,0.0,0.0,0.0,0.47782859223048735,2280.182909248344,43.40856383763212,170.53775235825293,0,0.3606364331969492,0
10.202028252768653,25.565338809214452,39.05357217719194,129.55253141378114,175.8202620229016,0.7610309921706891,3681.6940187231035,24.124914256576822,200.015035505555,0,0.43931519049752493,1
7.634502508518875,15.057065439091721,32.98512241711267,55.37770458513394,55.33544873477425,0.2075346104860808,1977.9303525164732,18.762843252884373,177.36793251756578,1,0.20482204966122827,0
25.23239485661537,67.39279306351199,182.77927909044647,290.3071805267455,645.7503052637546,0.19915916336712705,2313.111226127943,6.976613026267109,287.2004809461986,0,0.5593912019278713,0
24.16125055243558,66.02639950712494,182.61778726183064,514.6217448744802,1053.1286098372857,0.2778069488540721,1043.5781202102994,51.37819655804689,90.81674732879267,0,0.3305914791173896,1
15.847584949417774,31.565485430624623,85.32416880856688,167.86527768859042,357.0278493204678,0.14194189100413812,4371.481943357467,14.983712054482439,28.18963521628783,1,0.3352036952542458,0
8.069062573757392,18.457664642512675,40.27165716815887,88.50273559893473,197.49496008826657,0.8449053839995911,2579.731439931425,53.10474039911154,98.08792422190326,0,0.14292586908342644,1
12.026458772142044,37.344087674088954,50.3701146324226,133.5511201378625,191.22600394779292,0.7929393058913715,764.3853263947456,4.266549397921205,34.50732631994075,0,0.3145839799678303,1
2.675603156749098,13.15380347760285,32.8304521677556,60.1533295428572,162.15745296279093,0.635385943138892,3835.4719667717854,52.19763630162931,50.431798847580815,0,0.23389861463775685,1
7.864838291092987,20.449310333148574,83.34567452265,176.32890597317632,255.35360159123232,0.4676496295142543,935.8090171658791,4.651730134624437,170.44774849236723,0,0.2977871104623642,0
2.1709903404491473,10.662076858244559,21.92592847052879,20.48579195612467,77.3389650781797,0.6856874165839719,2120.298167003181,24.136820737073307,19.779367567025975,0,0.4541529259824772,0
17.178416529554738,49.7257726279416,153.66110973411747,443.2502555441704,867.4255286399738,0.8526721229064289,368.31797249588334,51.91820581531976,194.96996665222468,1,0.45097352871701524,1
13.159978019335295,16.60396683147794,17.10846409131008,23.566732881581288,0.0,0.7702052579860671,861.518155898985,47.0542469774067,271.31664859139886,1,0.474487793275192,0
15.682903287134616,56.38199710346517,104.05155068149138,195.3818598968002,279.56141623814216,0.260797514208104,3472.433267175751,37.2756559710601,191.4234675508893,1,0.3572023114873989,0
39.1217657685441,138.72497090952325,340.0161741510002,752.2499392187154,1494.0151739164241,0.6728456455263243,2823.0281365209785,17.630710401425375,66.89571457432595,1,0.9602013848202352,1
16.527481368113754,25.30370219687112,46.513534926609374,95.24357079665712,162.59325243674772,0.677015054572996,2737.2007424811595,21.24952005212835,92.77202492525288,2,0.5683784203099047,1
22.669331902871637,70.7391215203072,209.62541417252845,606.4408825965927,960.7274971043798,0.14692060185138367,1289.6992479773778,49.92355896553084,348.09189242479096,1,0.5452124615428955,1
8.5448890979504,20.953350804159296,67.73159592526552,161.5811828211646,243.01361595000344,0.4031690357706684,3822.688785117948,32.39808400251915,266.9850013433427,0,0.44219579511759644,0
6.99747624702528,27.86567551674462,32.903844170383934,101.27638550596807,177.30013761982846,0.6402395536452253,475.5164261569903,33.693981828304345,4.483066102529123,1,0.5455429524511936,0
0.704117244703539,2.7246004082869506,20.52226086258249,65.8656488390445,177.5466264572007,0.6763452172887515,759.2756656915915,13.32536523572673,136.39656591053043,0,0.864845899563456,0
17.2262274807044,39.57060810656883,97.85701915690133,127.40552590604626,269.63032071351097,0.5673518874741497,2944.6696349642825,7.933491007930986,268.8073027633024,1,0.2928258262330299,0
1.8371911530248721,12.132052770878403,20.84290751282716,32.6872241569605,28.009694408355532,0.4622478214056273,4015.1801111020145,7.320427287993859,131.93801793723617,0,0.43203222520971535,0
20.81237552777681,46.372024291921505,123.95073611774397,241.99891621739087,302.2230518573148,0.5408954711063457,243.45401511442734,4.544992017348237,325.63441193721746,2,0.7581081212171079,1
4.339941623266177,11.246667563228671,26.863176272368722,51.449683368296974,17.165806092035112,0.6105356770509038,1156.4271704089977,40.53532353049658,116.45694556762982,3,0.48204069397176774,1
8.577415620761965,12.204142226626276,34.3439082949412,58.04510562343233,66.97533481354122,0.8892353967793555,107.8375234614013,2.0269258258948897,46.77640263230158,3,0.42870409497152184,0
36.44606509089111,122.95327202575626,327.7919172588126,833.5109892355732,1470.3246555831863,0.6973238408589867,2829.2498434222284,30.903857077017932,146.0154213756735,1,0.5771641284455319,1
10.088815446754865,35.489287664210224,115.33025092309327,205.72068849813965,309.41486163693133,0.6577449534183787,2641.943124226559,3.2791021156427775,349.7942358372705,5,0.41393724945669724,1
20.94164690980281,41.30312649736342,104.35996125084964,228.03800332697,450.8105222183846,0.4723455140927027,2776.7202132511975,10.474757504830125,157.75319881754987,1,0.9076396856737965,1
17.3961131220221,36.18907859549541,89.4254462982461,143.92836065443396,248.41367416275963,0.22266274032145514,3284.6296583171356,0.19993799761042708,167.89717455695882,1,0.17969834591245568,0
9.99097875108763,16.854443261388568,64.38261654789369,62.93510559631007,76.08687303750166,0.7184324054638029,341.6055965810682,34.00212608288201,167.65278119358567,1,0.5950258669138534,1
15.318399781722407,52.27051370688669,168.54938943346272,355.49959160595756,498.59331600962895,0.5599614893287387,743.8263550552159,35.24066204157413,263.84025411939905,1,0.23311787048709504,1
0.8340256994766575,2.6561711911150305,13.814027293944658,42.09961123141236,125.74834362130017,0.6639376868316413,2188.5611457464092,8.93971928302836,66.41829839289781,4,0.277125769051107,0
8.628274991267329,17.385163359806533,52.62612234847409,130.51875629406123,230.20461297145516,0.4137722903877855,2113.805573829219,51.88406883430908,228.13940526825962,1,0.42039386293051395,0
9.336971305419128,23.443496527800797,40.457571043546,93.46477277872481,226.70678534970978,0.4730188380490968,2797.6038415688226,22.635763664538263,251.96697150360214,0,0.36095168554174134,0
5.051533210373094,13.9860059526383,31.046104176536623,143.11817303721972,197.13529815579676,0.5389810552144664,661.012324053837,15.515858679871254,7.833611700922631,0,0.5692706696793861,0
19.27188683798842,32.97510301059844,58.58726279896524,86.31195505487543,140.24741204821729,0.495183142049783,1678.3629112098474,42.228313858754944,253.46221352277968,1,0.13779012959294226,1
14.551737194550523,51.06979818083496,128.84546076749342,275.4745056268386,590.8050920110239,0.7004605036851911,2538.2733545437695,28.38687160386747,19.87286789648573,0,0.3671717893216271,1
13.72691967344257,28.488334689692458,54.58045559981803,192.1849089913591,316.99224147216734,0.7214199303138178,645.8447548759009,20.03398110984392,246.69254347543725,1,0.35208740070907074,1
6.267764772877087,21.896122604652476,18.362282389131956,79.02358101600925,164.7273166316348,0.5444821378207976,3375.4118050468305,6.954215398035985,263.6403088546031,1,0.21356906703125972,0
3.548926905653061,6.653319054065007,18.540139454375332,13.39701182134564,34.42814746706293,0.6662174397042263,3353.9845813124734,35.55898051543427,204.26902787037898,3,0.8630091742625359,0
7.9620271204902275,34.48638633151304,74.23311504240232,163.56227052085336,149.25502003169018,0.7886109177825157,2443.7324522130507,34.72424656760683,161.60982255761238,1,0.4009507299949546,0
40.93457068506656,123.11376190102983,236.85638045144776,639.9376706715542,1097.1205932732728,0.46994151534019957,2591.448884190184,29.567354227773073,30.00023861672895,0,0.542184687361004,1
4.2907109587353,14.105648033925153,26.23100295756727,61.468630182869795,102.32876957045085,0.5403438356345722,4431.327935611455,1.0348649099849876,9.770174382492382,0,0.5602955677773481,0
10.701963407712059,15.028457060211531,50.608654728744206,90.75317727025096,122.31578021730628,0.47807568045561305,2658.913862169509,42.28867720700717,227.1642678928989,0,0.26811568713035705,1
5.051360255054399,6.741431808069162,18.980614942093453,21.766695073073507,68.8870251580007,0.5608329212926875,839.8294688956311,44.7351156479574,300.2956946797649,2,0.7896996975365708,1
17.795696935725488,34.00607956458543,70.49280078624962,184.6107863426839,288.50320312379284,0.40408584729947394,2862.7915554484703,18.58506354694019,126.04892721474745,0,0.48843590941966775,0
27.56773790231011,75.74870397771427,131.9931370275881,238.57539618942673,522.0687231742852,0.9603933009947874,1387.19744679434,10.140218362238143,216.1748143493876,0,0.44686615274612707,1
9.440805360809497,25.436437779277938,74.68681787671832,165.77553683723465,315.65655383394756,0.7016526603209762,4185.131360980928,5.977191884738071,215.8307076345016,1,0.3862559746516762,1
22.40651552056997,59.20239188492193,148.73933022994572,417.56603586718086,879.4773075605784,0.3921171555329189,2422.487485809358,14.630076777719847,74.18147479126614,0,0.7351624193610621,1
8.42540353285771,9.527196229988126,16.48407203410067,85.73985518274644,148.88347480116596,0.8711271328343584,358.9918509119029,24.700625111470153,338.5343215398305,2,0.14926231016238947,1
21.42423517085599,28.2766150324098,67.97257225402286,200.63065514700585,234.97321286592265,0.5385714598759366,2623.4809868026373,1.5527957991723302,38.81863376772908,2,0.4529287873843712,0
7.57885044722339,24.23551866193367,46.23863858182871,62.69546120066174,95.71989276221149,0.8807957793679614,4399.476372214026,41.16010719726809,216.71651177422362,0,0.10974003475099409,1
52.29104427824609,148.34052092691786,290.4537675304905,749.5721785605303,1440.3784855134652,0.6848853955180384,207.07988252564408,2.2249901565086603,114.35166045539535,3,0.4867443610815815,1
6.873282943932343,20.02229911862087,69.08705411668826,58.17777472576959,134.73970830512567,0.3469421450465229,3794.2904707185717,11.565418569270301,332.69314224409464,1,0.560208716357357,1
26.050646196482866,74.96476257475557,158.06905597942594,373.2891805300746,676.7007504680627,0.48111122702668474,159.41297297596773,47.90700932340962,317.12785604548577,2,0.874284852950708,1
30.520148707412297,76.48370744586465,186.93024201834803,463.0099441228865,959.5982348442363,0.37464173991537664,4473.275912243134,15.321980634534796,355.77909431378777,0,0.16517349728142652,1
77.3376466751121,120.39284355349999,237.10922633646982,568.1993370285642,704.5822945453011,0.8030711055326025,860.4747319344208,4.218710993415659,128.62884771823246,0,0.1778002634826761,1
23.60326730281513,74.70146369596472,216.69932283820773,634.6892085115244,1348.9599485923195,0.529293529496523,1206.2153989997512,12.183052766950446,58.9612456045898,1,0.6024310820931295,1
5.685708071926918,8.04760656385954,30.004714815600515,109.43888714079628,277.6867911363654,0.28844935176907466,1733.0552963148891,48.1456179859493,231.04267259696118,0,0.3002313327735764,1
31.266324757396685,107.00869940766954,242.7502703588844,444.94231930543367,950.484483010733,0.6669517200670881,1689.5861307627106,14.572653704973451,105.28582918754309,1,0.6652191668359934,1
14.577000925181942,34.59328278812143,76.79837168568916,212.9031338846195,242.24237720551525,0.6414402427213375,4262.916534232615,34.21868014937753,2.0606887454157663,1,0.6316357229112126,1
5.041932282697356,13.84350782557754,59.62677397756022,95.12052432709514,154.67051516789712,0.7929955420187945,3248.589804602206,28.455161265160505,355.01191450027585,1,0.2571957954458941,0
18.34342077453433,59.74796038977049,152.7518402432754,336.95037863185576,735.8767408571279,0.14311395842076094,1338.4367891361194,11.291182502734326,16.48604150332047,0,0.42692987720901027,1
13.065168432142745,17.969494748253222,28.17360187234886,84.27123490818451,175.0712968521325,0.4406765199564934,1950.403902628796,51.108103058742024,76.4036770585876,0,0.71967800300885,1
3.6969825576377504,12.650722338473425,25.84379474400995,78.06338202937705,130.44266305694237,0.5216249337142186,449.0234249460694,15.063843274553106,219.61945868345757,2,0.6521020353764534,0
17.434005069121877,31.021061255015457,77.21990250545636,125.0027374248876,265.4034595834654,0.6676092621028159,621.1682603477908,6.686275747719254,205.88606040737653,2,0.4732406549293873,1
14.647784455865498,41.163056084255054,104.23655209967511,247.0113038979754,315.5289772879483,0.6867007941719561,404.22131244309753,52.95170123980658,136.42234662101916,1,0.6908447165360561,1
3.594952378974209,8.247606935609898,36.27426230536949,59.24305711382894,62.3147807706973,0.14468382768474042,3704.9274156770252,48.354772457018306,202.14533228770276,1,0.7516137904969503,1
47.14395811619687,157.4330941258879,360.1140292483801,1060.0855899545352,1614.587831648183,0.6961815266671818,2776.83773053401,17.929618428954655,302.7684809819666,0,0.20783725842746156,1
2.5174923813158663,2.833012499868008,16.556105793235165,39.65232225769253,85.77067151370369,0.7799627768968844,1368.5257116412456,7.1021805556257025,240.71732777127497,1,0.3417493206678782,0
11.223771955135268,25.69233475078932,81.42909375782838,154.84817538437466,191.87280890491303,0.43510728570201135,1364.817355146282,41.58400251102327,18.80443730071061,3,0.16409329263556763,1
9.116965655363344,27.613951590064207,82.48017249999918,117.56107173349388,180.44563078854935,0.422927593204554,4410.273375384742,26.038562248756477,17.519089555263708,0,0.4568336660113166,0
12.708664980430065,32.92994226968493,98.5837748691794,222.33358665788336,384.61348373583786,0.6920818017508963,1291.0309673088827,17.588528516387065,25.921321501098493,0,0.43212494543008007,0
5.846130245023219,21.22451768429015,29.766184830930438,48.28106925416097,120.37019987797974,0.597240299853506,305.005940221747,29.20555116859968,344.7038387793591,1,0.4482224561186044,0
17.662548321430574,28.45464813432908,42.378631037255374,106.17250042104686,205.287200966894,0.672892117818981,3226.402802228961,37.76825158050686,33.17041887935384,0,0.25809777529336186,0
35.61391222675317,81.14066574427528,191.78610001686573,423.4825499065164,843.2860629106656,0.3960905319965992,4236.968785861449,9.5564449459984,55.787802865367155,1,0.49615497779943907,1
13.81419638761104,3.2630864683993295,24.54526979374884,84.31972929761145,100.28597734584604,0.8634691862487139,2630.248930798044,52.298400571655094,301.9439867514351,2,0.37553023462811014,1
12.654832880773519,25.093575364540822,23.578966651096703,108.2357111210469,266.28441916000475,0.6101148596785403,433.46502546572356,35.72793634745932,209.47961173722916,0,0.37067034133749344,0
4.6597501196791615,10.694868496873655,56.571737348246245,99.5208700167559,133.16053328062122,0.7979352963631811,2946.097050368489,0.3489621673133192,173.7512906629641,0,0.46256533588168247,0
17.327633184624606,36.931621579090105,112.34847544680629,315.574596336122,610.6206307212569,0.3986143308453173,941.7208573346793,5.613695716760395,259.7324409933352,1,0.17712304507837154,1
6.423210012316979,24.117952972004538,38.2191813166054,74.30651133687215,97.22847927470943,0.535682679485017,4204.740502106971,21.909529511090444,43.40121042773859,2,0.441981485758408,0
3.8456340372618927,10.441780430182108,38.727815330557064,41.78828345033274,36.10471995618687,0.5758205166005348,2104.9329571188637,49.614117264662966,145.18752572333696,0,0.3110743101347294,0
6.391244524369448,27.642832188918458,62.92697366903796,67.72306385705724,122.94037515680492,0.4875469789496972,3824.6614122038613,5.132221544793307,325.53486906009397,1,0.3812291096772553,0
21.241822354533046,43.46249509159102,62.595110817207356,156.8925612754694,236.88451483762785,0.6798767892534264,359.0697603454145,17.49085018313249,280.11552097870725,0,0.5798869387546591,1
9.734316064000616,4.774626160825182,20.428128010178128,39.01221941186468,30.982460347203563,0.3864091296060123,2922.4195505607377,3.910200890837487,61.60184629319832,3,0.4462922816546036,0
15.75569114595197,43.37676289921451,118.31140387716604,299.93652298510705,680.5264758705516,0.2709356906380421,1482.999743204201,41.85333817653123,17.596863648535216,2,0.5453762918323468,0
20.774705461663054,51.41101923745855,97.33754386675368,223.48410731565787,491.93456411615625,0.3195623687102315,4354.415603879504,24.591137967745365,231.36712929081173,0,0.8359391323501526,0
6.497886772288459,23.18583944508979,6.344042394785902,0.0,77.79103406525748,0.3183732199959055,1920.518225458768,43.58087508247055,268.250378815387,1,0.4702918022720475,0
12.51766184023994,31.820346329364114,87.59803701745832,210.27474629669348,460.75326500414235,0.4886154904000357,3212.6527170651834,16.102666845603746,38.602874454775325,0,0.6633148326789559,1
7.332048849094141,12.24913937473335,40.63822890172567,85.69495346326696,165.96837072794727,0.6981279646893949,2322.5623537676706,2.148855727731881,256.14978620652425,0,0.7575030506806202,0
8.225731336999813,27.415407689474257,43.10068053238665,146.43617273204316,207.77484697640756,0.25022390228361563,4373.203983579948,37.67295521744419,57.70331203051691,0,0.49411651391258476,0
3.428051704659565,12.94796322371285,26.3699162753556,48.81108321541248,93.14607795245949,0.6444428003888961,851.3495653346484,9.665170573969752,228.36797787735478,2,0.5943416379633808,0
8.22010084227972,22.229976845325744,4.1591117290154,2.7240510348315636,0.0,0.4937389361258999,2777.2730826349657,28.97517191843316,259.68512386483377,0,0.6910328622685016,0
17.9548818854831,27.910936790175278,67.36375896746445,76.2127293578335,102.86451024652699,0.4252117738324822,3576.8402007846007,6.492591516430375,223.67512795572128,1,0.7267052428276031,0
4.709946433048897,10.473742323116113,6.7638540583926705,42.57855575483224,52.44549038210357,0.7489104948785728,204.99535916164078,44.56194330391223,78.96467019647491,1,0.5339750040348674,1
29.011214861221127,74.59728716448609,116.94061873920592,306.4222510176772,615.1389010112015,0.6025053750231755,796.4603406232422,45.55356859848964,116.79102466632447,2,0.437774164350843,1
34.468047091984005,105.67461564640243,188.1997506057063,435.80021392211006,975.8319941920041,0.47471987855550296,2031.6586400901967,42.350591689108064,229.4446614322174,0,0.5457696964026478,1
6.125034180872615,23.584800536559044,66.83532838100295,114.74758943551812,209.3109047036613,0.470107242971752,1660.167808316292,16.69905910397428,90.57380192106092,2,0.5368532596104949,0
9.90993045090475,20.788799723582315,25.918903305956714,42.682555430516615,52.788522889518035,0.5541740821939599,2654.939197426731,11.8995057498189,86.51273602308945,3,0.341166246163048,0
17.7529802758076,46.44576102066669,86.03562072262373,191.47342441657526,289.6153488940126,0.2756116012123878,1868.6091192864776,34.11053305704053,290.8682460178284,1,0.2693568002023252,0
8.953341650541553,15.34188000016179,69.65754051296874,198.27548759099744,426.5875571637358,0.14018945780267156,797.1850192628252,4.498604958619731,277.17858686459664,1,0.4454821078137353,0
3.190537392064637,0.8465368328585843,21.400985337431287,80.98185403545227,145.27409083975607,0.7124188454949594,4449.98080146332,14.616391575882687,221.6097350607361,2,0.4902236602542949,0
23.038234293280244,81.77067699421491,258.96983282532346,492.11760395392446,908.5251576054771,0.5072027390117897,2369.800991371282,0.11492927519654583,134.9075439428273,1,0.4667977789235497,1
12.719222359496724,19.043281126957726,41.159040712466556,143.9564395139255,271.81313003555385,0.7257606241104811,1642.9673248940655,4.4512954539232705,185.78580862030236,1,0.37417621442970284,0
14.292839776908824,28.76340396866721,45.082842656553304,69.23789372719534,134.21512840353475,0.5069860326417807,2377.1649972774985,53.887535816148976,283.5470575849099,2,0.5352290491524839,0
3.739347391421507,14.75416856938872,24.128698121440618,45.76219710752201,20.71281119839047,0.5743658514088625,2631.8929269659393,21.38922302312168,277.93079692186495,0,0.4252925251495096,0
24.831440651942962,74.19968467458668,136.6485366519691,227.05642768139504,279.87263681431176,0.3269693924997244,1469.1073958443174,45.63809935586072,91.89397567280008,1,0.635569834085083,1
3.375262974428694,-0.27843315827910153,0.0,11.366062803258584,0.0,0.5612675108601595,744.8732059309219,19.304751752340692,94.21303283785358,1,0.40473705422899575,0
8.468824251074595,28.543403133343,42.40506718339377,94.51535011631177,52.50300875338007,0.4645830373012398,2424.7896653100015,30.313219223481358,200.8122895916949,1,0.4861386968533483,0
6.0390088176985595,13.973652896939104,44.34069924999118,127.87099790056732,181.52319357353122,0.22316185396681226,1449.0888553221857,32.31543406507854,123.92278587300648,1,0.42965383789735573,0
19.444849499036312,39.81234056391862,100.72983516306952,232.42422929256182,286.62603461082614,0.5633860042392367,2054.8462082590345,24.53290307715816,345.14228163217854,2,0.8410292061618263,1
11.041519576136215,30.220023645700675,45.25571287924123,111.93956806271271,150.67658741283668,0.8050452955039508,4375.134448677483,32.598781353407475,14.857582780133999,2,0.5106520634508677,0
14.092702686583449,30.79923229426054,54.9956840683574,110.73894048919932,251.48627537355645,0.3022969600186574,891.7357396412311,54.287787102400536,237.41299714396345,0,0.29773408720475475,1
21.266236982380818,52.706564482152864,82.71701504195697,116.57508115340408,258.88331322024345,0.657370889819737,1745.1582392474754,53.01274247838197,320.7460494409833,1,0.6701571740713904,1
14.773682866281616,45.46629556359322,118.28665135969456,330.36499725070297,622.107266137053,0.4234067090502991,2108.975469683901,32.323009352165016,308.9856571474707,0,0.5199349926901455,1
17.391253924338887,32.716851647240894,59.45789186461149,50.6928429140706,119.87060950585271,0.18386794282883845,1569.1851476728352,44.3603687606793,50.375483242789784,2,0.7892290082753062,1
20.896170676181104,77.69161035697566,117.85703393905708,184.2574514638201,253.90445361031936,0.43700902762712857,1999.3500264475513,0.3689048082524704,309.42490497505423,2,0.8533665908981615,0
12.835728649148887,29.127290080211534,85.18566329575539,169.40653707121024,333.21741484767,0.3926071599537552,968.989826358769,13.358554153104269,226.8705274764605,3,0.5071460152522999,0
14.767434965890748,25.57510478794,53.11719464803122,155.93018853536984,280.2671158729437,0.882989971388681,4495.0295041073505,10.306803189930998,288.1723065563284,0,0.7168578415605845,1
20.205883070260345,51.732712436777234,135.09303409108645,367.0473520093282,769.3422444373393,0.3605709386157021,1300.6134643680919,10.085914090962799,81.1818479219993,1,0.6805981351944747,0
10.004531698098358,30.663634808884943,75.64695690500301,201.25426306741633,454.43491210590463,0.25122049200099816,3565.3001737492273,47.2049333872743,125.83138336986013,2,0.7378290354227997,0
3.254559521384497,-6.6798866536788415,0.0,0.0,0.0,0.37827718544983874,196.9856346212191,7.979247722032154,10.935901000261413,1,0.35832179718560453,0
7.763219944680445,2.5332408892584315,9.898918378328256,31.465951185100877,104.39377867058234,0.29993529495932536,1094.8777716126008,53.83527431634697,2.654833199690123,1,0.18654381145981985,1
12.212381841270297,10.19464538644741,59.27135383516554,132.26806898713525,200.70599354732397,0.43588208234499076,787.6503945698247,35.713093721563276,236.53205066494277,0,0.6218656994309953,1
8.88725671730984,24.766881724631382,65.26169737976952,157.83380532521352,255.7027276313281,0.5996927953284931,1423.0748589269217,7.8125449290857425,299.3395202114602,0,0.4275991093788806,0
32.21993083330051,69.79803113590329,130.67848998813375,216.68848283038656,447.2266322258218,0.3595618412574243,375.52542877026127,23.29078839560099,357.1615158968326,3,0.5459569045089889,1
9.326045436813747,23.444669642839006,72.757891315625,145.79194801292707,219.98111529480343,0.2848150693724748,1543.135248390199,48.27105086200821,20.911730612045766,2,0.68134846963835,1
8.76314214257074,29.58745079342946,78.91350035321268,228.92483915772306,248.07704272053917,0.1329419097793561,2635.38977350867,15.22336659300525,310.9666101028306,2,0.5276530187920996,0
20.480215111590727,38.35503678845478,96.52789697129214,154.73475387925498,247.7931889582731,0.28899223910018706,3025.8229162974317,9.284163835592885,26.243584786616793,2,0.1785872840575697,0
12.144962617344843,33.72737892812148,97.26342448889542,169.6258924191547,227.05288018540614,0.8168138556500708,770.8690102067528,24.428814321612847,235.4900313216744,1,0.47581593748636014,0
16.35263254061354,54.75161681217667,121.23948911241823,187.7020055462953,270.78389033394075,0.4879475757460559,1187.6329694880417,42.79629582427126,337.8019920617377,0,0.25749575407449826,1
19.700517668580677,51.05309201335905,101.15625825523654,230.21113117129255,285.6228889920716,0.5230452501153198,4228.87384742261,12.33467247385476,281.1433894883448,0,0.1986769475250378,0
10.759600804138454,38.83936271890176,81.96202962030146,258.40786753040516,357.87031947549644,0.4193647978753753,2829.242024165176,9.785692437055092,219.70089986378423,2,0.4167959253046707,1
16.995609817249637,43.93575082250506,112.82426904340247,273.8546190839157,359.3102755706789,0.821686406701967,3164.2485217071803,32.72161583149335,4.967782039535136,0,0.49910380640285557,1
28.918470791101736,61.974988380600536,99.32261384006523,176.53133524695804,357.699649352325,0.250255849404671,280.11366150146875,38.65514514985463,185.68407376148667,3,0.3666842650785839,1
46.483030626000556,97.06949724169387,234.53667904214086,357.98533514638143,760.1401976120968,0.5812579704793378,4065.4793779796382,42.20189181277437,23.387625646224443,0,0.5803593581635442,1
26.04162718789456,89.25559094586039,197.42465987452903,477.3961878675949,824.6334653706418,0.3436754368908054,1411.0137768756401,12.462846490664184,121.73507790690132,0,0.5531635690239066,1
41.51159686976734,78.16325928201219,216.36210966012047,608.6135410110452,942.2249112248576,0.34210892964369916,806.0578731869153,16.17280724015564,227.93025454370562,3,0.6023937008378615,1
41.644073820200795,116.58645921873439,217.02112247974694,496.19251907096304,909.4906558475412,0.28105114585889707,1862.5833650796746,18.143339644367977,318.92167175832594,2,0.35427956946876143,1
1.0588880251947224,-2.9047402106814095,0.0,0.0,0.0,0.18862110432532034,1877.189594485476,46.9601143736579,355.6594392566279,0,0.4809117288292557,0
17.733946035361562,49.941490031852105,119.0764491929066,297.40289447368013,469.27099316551227,0.4988719863491127,2855.7330114637903,4.632047072150961,127.35532383134502,3,0.17094328565787284,0
12.081927477061521,38.08755229538554,53.25469358686529,169.83169694443382,248.67719272932464,0.4486855598936862,288.8881186272249,24.69899528282718,326.6623698752583,1,0.7520551290700213,0
34.28928219638677,64.48137278510481,122.74628810158374,321.7609798902039,371.63670070898166,0.2754868916864461,2134.2107144784686,30.889867916039194,120.17633777888075,2,0.3006178009809719,1
12.152582726974043,32.66934229615159,68.54475392763145,147.3051398859655,259.1331010397245,0.4562828051708252,452.4965105757255,8.355235287935912,37.8150756646795,1,0.6158643184699998,0
10.236053220661248,19.806793362694247,2.5587461698061276,36.43195467385985,80.61125375241245,0.8411576956050628,2381.480595909787,15.910484307143017,283.9563172314241,1,0.1104553315137221,0
10.376588184365469,26.283271855327033,33.43910611733302,93.56784183026842,182.94795471665978,0.26259017410696367,3947.753767431021,17.65777042713236,38.1869399479235,1,0.35801952336862153,0
7.710317181010386,25.80864220211863,30.999628708410757,54.07896100515383,42.2142111034904,0.25971709988945374,1895.5992206294359,49.09280762269898,135.95861099791819,0,0.33169624404842696,1
2.702337338027236,15.194756287921688,49.8799498218407,97.94882997179349,110.9533150139865,0.5607183442544563,3156.25858600016,9.47368317439065,46.863225377785966,0,0.16391092860168605,0
3.7299876005907744,15.961264368808685,16.02647807663442,80.46248591771976,184.94643884788718,0.323609270831746,1869.8837844484724,15.743108128445392,242.59482656654845,0,0.44543434614005073,1
10.808467756971162,31.76173271260182,106.79611266022317,175.65233187949815,210.81195729588157,0.7228715047666281,2576.8471592084375,54.066765537362315,292.9953238252133,1,0.6944280039716257,1
11.441002261215331,27.891033862735807,71.16113323391701,200.58033751257133,318.6839861921226,0.707676451267456,4294.339837403976,20.449032964516107,21.08160993756907,3,0.4709039638279606,1
4.241526190987624,13.427792938617655,27.347390099134728,56.31954970308267,160.62810577028796,0.46346045569833927,2587.7283439928847,44.072514205863925,185.80592102289756,2,0.6563394253790081,1
11.047432577583407,19.332545258176435,44.259191411055056,83.78945248611505,105.23619306405105,0.33026132126294844,99.5141246822113,6.149188660627603,343.2994725411602,1,0.619595381660766,1
13.055382814976783,40.39696468264953,92.79820979019973,177.33221674181692,241.65531023391299,0.5729350998975972,1344.6347607931268,53.43018332794645,11.425067723289724,2,0.6449202172909442,1
19.686683140187462,48.07667926937561,109.60841049150841,116.95810986048753,288.5280539419962,0.5579927105864247,643.3871230311614,35.296916697656506,164.25368871634114,0,0.20820473538459294,0
8.847711551981428,23.571295770731005,54.373272034048405,105.66277606629515,237.39932180977786,0.44822971412776585,3115.82199957706,44.047205822888436,160.91882762211782,0,0.8002537033775974,0
8.453650386975548,14.132335220155063,60.33037272583695,181.91609057674765,251.8980602880112,0.2843505462353393,1449.4892515559418,35.8815831282113,44.17564913173531,1,0.20830588899736646,1
7.914430948884049,20.76033449475699,33.73293199730895,63.19922061390266,93.98312784789395,0.17167539512967084,3768.6632514398716,4.30282564213008,40.51411162865703,2,0.32739170984233135,0
10.760134229001842,32.647622273081126,56.48917002288703,120.81670004700347,157.22260433749258,0.6521846993993627,567.1481518356029,8.69748694908166,272.4608306355138,2,0.5678484400825081,1
11.636552156586658,34.4225195729679,91.65007281649007,151.98162151067578,283.451769861921,0.920539484142092,510.76511902176287,51.14448405147237,195.6055471112333,1,0.501034914016771,1
37.311829625758385,71.41262705341327,141.63195005468896,357.07278425384493,682.7819660070079,0.2747692576472059,1542.9579344717376,17.210938187332058,131.80347656291778,0,0.7684468418067847,1
16.61462434397583,31.20432069917789,49.971534661786635,155.58377025520815,244.19277846708073,0.46464706321341037,1330.020665546353,18.02362005524166,36.42540456571379,2,0.5699743872579944,0
12.747725187924425,31.83403387267736,48.05185359061113,79.84027284162245,49.105771171284246,0.6470102262681688,1196.7637222732653,13.169974882372335,266.2944596285529,1,0.6350526988858693,0
23.78848829821789,72.82979787184982,199.67576395851725,348.1613839726594,571.8602114090089,0.415097375045094,2294.8113161143597,23.478429861523683,247.35448374386434,0,0.5547779786391863,1
6.639624444179934,16.72200361054762,26.708909476576068,139.6279982839899,211.67367064942647,0.7723778699063124,3874.77831003256,15.29008232455158,181.36328451669962,1,0.6807019374802716,0
0.8491882087745047,5.296091898665157,4.396993174974021,2.2510965911824705,80.53387470621612,0.7453837664199976,3996.737831481124,22.496242528232962,12.162051729717248,0,0.5178375710542711,0
2.4906399507038497,1.5394500740755497,5.729071501133728,0.0,0.0,0.6748821288321627,786.7741859158828,26.775870693149805,197.02727425824395,1,0.3278723663556624,0
3.54249524713616,18.08588091863478,24.428246179345578,88.21992905505164,152.12130111126422,0.6568034911504308,3944.709185222114,26.477377314779126,267.2830905342426,1,0.4398239394664745,1
15.853601000730439,47.496154802551644,80.54476624401545,111.56262372898235,174.93543328719045,0.3296458377662175,181.7394493223168,29.605617703697284,156.40607606807922,2,0.6860983819126818,1
9.196691854268543,32.948414747638715,114.6045273795704,263.00464413139497,491.82612193910154,0.7469005711640315,3229.1870657164955,52.7113450914815,147.22297778127688,2,0.3437689930520109,1
4.492689118531729,3.3742278953196987,25.299111406146395,39.49783955599276,80.30394451289722,0.2934754523950288,1708.7743716777777,20.35450911879756,338.8211180225362,0,0.1812380984246806,0
7.608983902784579,9.637884404611654,33.67762314957149,70.29212314326554,80.02857934782895,0.3631850521853176,1665.02265686988,10.954464211252045,156.11986439157,0,0.3441726247624329,0
18.828512115243747,62.883780776030584,128.3027297852332,222.34557971507343,340.9628059520634,0.7048656630310527,754.621621553879,17.256631483888107,188.39002563592203,1,0.3404096080766283,1
0.8186088245066347,12.880456995557486,24.18406881300851,111.37798982407509,172.09723127943832,0.49929194133846727,1028.6264676939381,8.250857459457707,162.5149675091735,0,0.3306117870861159,0
12.138689039639265,35.123519068778286,81.7509182105398,275.8164090825668,635.08818993217,0.32353914452783156,2350.6282912800643,39.582352562836334,349.95729768866846,1,0.8437018285658147,1
4.176777079485875,7.10144871756352,9.092664710376962,0.0,0.0,0.16676023761969622,1060.9243350103402,16.06393355179821,171.60654009730925,2,0.6330177687784547,0
4.1531341545084315,6.705352896534972,25.447144866216792,41.3792707725984,65.70025497496219,0.2517370058628536,140.7841457133032,24.585875029776524,132.1573649576373,2,0.4432530646689463,0
23.956799456071522,41.785818896864384,106.46012973091113,275.55542292379516,526.0804748131735,0.30242739143908015,1892.7702135780992,54.19289195653281,182.37070436311973,3,0.6605724244932584,1
1.1069047980888405,-1.4325756807867673,0.0,0.0,38.80895233372771,0.4938478302752977,706.1737847505857,42.235112064998596,60.82227264004799,0,0.35085516440931414,0
19.85644624089079,60.01290344973152,109.99166735849418,206.3755733780136,417.2344975999882,0.7116490105476323,3343.8628331760037,2.997289466893216,239.70577632930522,0,0.2705361466047717,0
12.531755357871113,34.116285471155784,87.10562886416493,229.11735608553164,263.8973712565819,0.6152242177378827,3861.9623943080705,24.06537558102164,215.88271224602246,1,0.7538888137064689,0
10.66390001852167,20.123553825838847,35.67878730913794,51.03230826283799,136.80288044516126,0.5630742139462245,1003.872860739135,52.44860353436372,223.12277377505976,0,0.6480718873340651,1
19.755499816292343,40.27766479386726,96.74168846882436,242.16496224719606,418.73395109604405,0.5756438913291084,2221.962666061382,25.237009678508596,75.02942976492614,0,0.44393643057774645,1
14.681118883532303,31.639017549920258,85.93755695179352,181.78225914581202,365.1021225945311,0.41545474026168316,4326.226559691466,47.11811263730595,220.77837266974655,2,0.3712289836232716,0
10.594217705342574,23.89374082704332,56.81524037744823,105.67550621069141,99.83860896425378,0.6256731013268096,2758.5595581948432,14.338152174115443,348.728028413768,2,0.3407729831693496,0
17.173836007111493,19.42298686521216,34.191250880614206,64.63481306135219,133.6589816159613,0.2477054942155549,1331.7822728047327,14.839081761794242,183.91443118864336,1,0.3029163598933339,0
5.755849103550932,15.597467050775828,17.757721023517657,41.099679446374,73.35625239181314,0.25446133871874277,707.939857135165,21.903500506889515,152.45771252200717,0,0.4022873169851587,0
1.6632267819350113,9.572447324146435,23.020003984326245,29.387683067507943,55.741090772892186,0.5648946161028049,2480.1245203964063,8.541523034771094,241.18362244731316,1,0.4210170347202863,1
3.604263262479496,10.903549913944177,18.964333275067418,25.501128424522964,48.283240927307055,0.23611062778409062,1984.5735210383903,1.5685833082961649,143.23730191699582,1,0.501351343793397,0
5.796692815432717,14.124269465578314,58.36857328747192,128.30898396778616,212.11016449048083,0.7412009191413188,2604.34821483149,43.50062084980584,70.60614759770222,2,0.555501349144043,0
15.297215174846423,45.54733787023201,142.0109868133873,266.52152989239676,430.0279225474352,0.2979591065314041,1569.8344670275608,16.007401553569856,14.701438743487888,4,0.5537506912784166,1
1.788059035982216,-1.184139506211216,16.962142928980942,24.00762020033258,34.81741060589065,0.396602466331642,2007.2007612813238,50.42840386520263,215.9379884976619,0,0.20940698364540694,0
22.870742115582612,67.66743236094968,178.9891673581587,559.0192048852927,1216.853714964278,0.3546227904439445,3672.6407334191713,46.828768389959585,67.2279868395666,1,0.7571090844412697,1
13.556249667625817,30.19426785878091,63.84874826210988,200.832754316686,239.67598601103484,0.2765030532949832,1495.5247603330654,23.4639277004775,310.862784848993,2,0.35611989793463983,1
9.37504337216892,26.27123177279165,78.51771289979278,179.1387812302928,391.3161499276905,0.23102103142168567,856.6247012990891,7.859211763867956,208.19507743847728,0,0.6512089448922616,0
10.143598127293444,35.249259104913435,82.58032925900041,178.66083116466393,374.1028575168376,0.42839357751351986,2192.5126471638446,54.88888439812732,205.05767758068856,0,0.34578390275787724,1
7.919477835619625,20.88963760192913,20.071486529857204,90.7659398719097,172.02969422846323,0.4750751706915246,3867.317046993249,4.188470820227689,227.54069589213452,1,0.17338150943496322,0
15.63111061030827,24.285662789884633,40.86192724996516,92.90871990080163,120.93895277647893,0.5497505126260754,193.23175562021862,17.035104297217977,134.26583358886148,3,0.27773141064665813,0
4.902446673861567,11.510674654986666,21.675072955631535,68.59975415727924,152.19594943865613,0.3702360812550112,3369.251428822098,2.851831654930325,171.0405491658459,3,0.19082586551612263,1
32.66498162968208,66.7760573305455,101.59394941873609,260.9339637824627,545.988588806446,0.5352555465315163,2172.520029719749,13.573595178611018,270.8273018957671,0,0.2062655748501853,1
24.11535942206958,58.05307283126362,119.92531510092972,313.69184204869384,507.1658801379429,0.5576636438891794,1427.3135460716537,14.496600676480782,169.58828369338718,0,0.20451513569979177,1
2.301513770167052,6.2379614058978134,15.451510410551226,67.52184765126148,118.21957264805596,0.16191369390311147,1325.057184651321,3.0755505236397984,40.78619110348653,2,0.23021241446459212,0
3.6917472071776403,18.482921967869004,78.74754773432412,159.62592399226287,139.56590738297007,0.287451969037382,4069.0836814346994,50.457220721138334,106.67398914767053,0,0.7144555936591144,1
7.394232153662429,9.739527216174526,8.339181502741322,0.0,0.0,0.5329870960122499,3852.8814079462427,52.891183848801894,140.96532727395874,0,0.5225186030310986,1
0.15595709328074328,5.5057468690129125,1.5197398549542438,0.0,79.40065531726461,0.658188241778042,1274.157997553158,39.48935014100788,131.3053806493187,2,0.32820596932247487,1
23.972283137514033,39.21331517960017,73.49608469921948,150.77304360825863,214.65360761183484,0.35609146735337815,2507.6732125931435,21.416147950813517,45.551438119110806,0,0.7230389429089957,0
17.15930840274384,44.237109653733114,147.36014283262742,388.1083920298951,561.4409517335664,0.3108074553723195,1939.0883065847927,44.2575133746989,224.22776713696885,1,0.6796513390013572,0
13.777763021839219,34.75033283167272,109.43959044105343,314.0121692480028,580.195129191686,0.742283683273911,3592.3602302126874,6.078116550527754,331.37630183746785,2,0.5603461415699618,1
8.206398406473909,13.980574678729702,15.70331587747711,19.565717280825808,60.352824628802665,0.7602465463347092,1766.4864177351901,22.008233488662103,182.09416204114783,5,0.7782227809544047,0
2.841752292031943,-0.5681329415921406,0.0,0.0,0.0,0.6213205984750783,1074.7927139294243,50.84726678712343,95.96593777653062,1,0.3272198547408798,1
5.407492327461049,5.988709213766823,7.873927880520556,23.105178278604534,86.26076690713691,0.44623629948773663,1020.4342139027227,17.804011978308523,153.68987892021136,3,0.9232890896629501,0
4.626214312357428,17.04078318402635,36.71988090311636,89.40785757246596,100.33262278172248,0.8283707696160851,2727.6078503582294,14.745703981515682,241.6133105224239,0,0.7911893576606139,1
14.698031172235252,26.22686365414389,42.51721503518188,66.40232085407584,102.00439203160309,0.14593147240005527,981.7738254277783,38.103699205137936,110.85653813217048,2,0.6139040869873035,1
6.348495142174338,14.71451359269477,31.47119247189755,84.44641171675295,132.22387336248582,0.9046956937883525,3595.6433882962224,45.86027604739871,43.81647259699186,1,0.7794091774003381,1
11.634825428862117,23.763191817819965,67.51624642086979,150.0732860482473,244.67625411307878,0.7720189840596751,3508.1031131689774,37.620516210799686,108.09925798943148,3,0.4537645145986885,1
64.15400273987234,207.82737856586922,513.7762794711366,1280.7304924330003,2095.4766663566397,0.8193581744626585,921.9559260778249,28.97244883291418,306.15191918346164,0,0.640275956742958,1
10.158737282039738,18.08234880529168,65.53650711653555,105.8700943553102,111.30013545927385,0.1358918296715295,1291.9789358356668,12.822190107241585,116.90613986295051,0,0.485844275470034,0
7.6851097652692015,25.47790666432369,38.41082506340557,56.00955192145425,66.545150811942,0.7598901386344092,722.3942727029305,26.255811159989843,269.14828081930904,5,0.499164495707877,0
32.859238646105496,53.27358048522986,111.45302288070629,265.3529411035385,415.8211993802865,0.7981840675654938,3580.7127259710237,19.517631703595562,1.3333639287926413,2,0.5283142169690831,1
16.797231388878032,40.321563201938375,83.7156815274178,171.71433363203403,349.4619242311577,0.2354657589175679,3617.776995879389,16.43246843308548,336.16636053353346,0,0.46421584102838237,0
6.015170066400248,16.38513606218014,31.127004298218786,84.68646701542073,184.9646218505142,0.7969911261094715,4215.575815094252,21.55178330111259,109.17409928872556,2,0.04445690951742337,1
3.657856711977477,12.967620452446301,39.55906719462526,153.4410470869695,283.7267796738135,0.4549324653812104,3073.801066449019,5.372735758462083,320.20446886141707,1,0.44201349208433643,0
23.287167204107732,70.45089474941649,110.50083930201954,225.03265145456928,293.45183826916036,0.5100535869364782,1761.923588553005,26.738278638270856,17.750670097200345,1,0.17186774614945002,0
10.483899995731676,18.53037344896151,67.62875585175516,190.26667199706134,304.0565455254349,0.17477599527527657,127.34498890426403,0.40759031319257233,5.287198078916173,2,0.35237948903554944,0
7.951946860322183,13.233273391889085,52.45616914335277,89.20193720340112,57.09313363284044,0.6476143787408963,1706.2719310154673,37.3889824156973,288.24325034082244,0,0.46138361746441964,0
10.642549428463925,35.16464390573865,67.39853399664516,132.6523241437533,200.20973184307627,0.5035400419430414,936.0540371982698,4.871627222865465,203.3874713272799,1,0.30388686409164545,0
1.6047308240325353,0.40925137672918765,11.295203859603436,51.34391893258026,69.26119980121896,0.6783042813428894,996.4118578706161,3.699618773849811,289.33357624751056,2,0.1554420625660776,1
6.021699438650843,11.50722342235419,20.04719369178159,52.60845037886919,117.13178418052482,0.2723563696246732,3529.295532035234,37.92033176287125,265.78957219442736,3,0.5685637598020086,0
26.909166354378282,47.53232320316827,92.48998845379418,257.75954736994964,410.3264465922087,0.6859233975702222,2856.001116626712,26.308216187130704,297.3173394316155,1,0.876596066047579,1
6.371689186184959,8.743677599000947,21.312074685504733,10.86103163418818,18.25957717899545,0.29289722007658775,4109.964955853687,16.012453015568223,187.42452537218324,0,0.26070679764895144,0
15.199897937325623,51.06465597548656,131.78932805512957,235.81113728262827,333.2863214066109,0.7963722575935338,2649.2023633985746,3.3097668957566095,172.0648846928753,1,0.35250207340450423,1
28.092845706132138,87.06658172436016,199.40161158563367,614.5742186300614,942.0266494159918,0.10687313331626377,2016.222086129134,44.28771588500651,107.32253058978188,1,0.46446801750158434,1
1.4115073115875445,7.794686886889346,27.091829527673006,5.066643922940955,0.0,0.4076186799310207,383.67261854931337,16.360656420376134,163.39479832216662,0,0.10913403007319726,0
17.398254046503432,23.216234112445854,30.739432077832056,100.75843018288295,211.86484234703153,0.39123374981974834,4485.284601930493,38.27766813662465,283.14341099328163,1,0.5421257845369547,0
4.493339013487774,12.195306278367433,0.0,14.399676033630755,32.70013994642172,0.6618198493391657,2813.9801248462077,47.382344200226285,27.050703447321226,1,0.9055302302418793,1
15.800175279660577,30.120672319943097,72.123272657504,222.63225485397302,363.9280273734827,0.16686689763827797,3001.859992458658,32.168637211907196,232.68106001049517,3,0.5474721889241109,0
2.3650793308556723,7.776613899713667,47.3719356253699,86.39447453675952,198.02157596398584,0.33165879285323985,1815.2163237216037,53.178144770811215,126.87854756357747,0,0.662639871836947,1
3.713981000192312,12.537230138254136,33.1155558196485,66.05034966195767,102.12152196489872,0.28895388907276603,394.4206898566422,27.114436043678204,353.38946673883027,3,0.5035430405487882,0
23.62524261502432,47.657943245269344,124.11267105391858,352.3566487908034,452.726432214629,0.8062785768542231,2561.226145677955,26.361279310114025,179.6427328697105,3,0.3718833513981109,1
14.851492042182313,25.633034379898678,54.15863087570057,151.3302809768641,244.53513541685794,0.8150155008424887,1457.5354619829036,17.773351542579487,349.8090330608359,1,0.3994674563854559,1
3.7992315314619938,21.66103933862621,46.720765617068324,107.3992404378387,212.4383424092353,0.3287787480347844,1074.9659968090732,38.25363784403177,78.1242280962804,1,0.27460577697967853,0
17.029084196606828,23.82712213700429,66.8685755543065,124.49676606018883,181.23892075539075,0.29414059676369375,535.2350361578083,10.677251169129375,112.38632433762616,0,0.11278340368696221,0
6.500113630743341,16.098403237788823,45.224617079362496,125.8560927578474,219.48903183392764,0.557129458436385,250.1835247963778,36.67968904970296,39.24779183158614,0,0.4824099908434984,0
38.222399412288766,101.69768863569199,195.19441059924483,361.68997998969076,605.4993172480827,0.44833870961032585,3775.0815645109724,37.232392608178905,194.94648122435345,3,0.43611155826724646,1
12.976332850744905,25.89912672381495,55.02416702212822,142.678234084641,191.32267409807906,0.731640125013927,2875.4630307457883,42.86999610086271,306.813860882,0,0.24533511081892778,0
6.01131800047693,12.978242626808107,32.60861673894544,90.82825579207244,210.4612308938801,0.17244575486613234,94.05672480598335,6.645670389124027,294.47098433319456,1,0.5550745951428803,0
9.19046804516865,25.81349275964314,45.42702427997906,82.70850919187413,76.2125663915606,0.4029444790529858,3773.843717129501,37.913686029574656,221.51407806016812,2,0.29360721107455484,1
4.870905621424159,5.423719362118838,8.08111431969958,26.73246228074923,2.856826701401033,0.5195208201152657,1927.7189385091233,33.77641262585096,170.37790680346353,0,0.15836861720635476,1
6.516491396414695,-0.7248805847527073,0.0,0.0,21.762696264976775,0.4250222657198316,984.3906746122889,0.20741061635134728,293.05439732310566,3,0.6675431813740237,0
8.964734457358672,21.235741285634337,52.01077324085706,166.03139686878737,365.9702596392914,0.4150614540622717,95.87517517972232,2.094979007021846,16.329090437913017,0,0.5818242208944301,0
8.408317199749458,17.142241646107504,24.467190080526308,57.23936839542217,70.90772173599031,0.9106107966491254,2212.9670097327785,43.57763313737393,344.1508261744252,0,0.4519869013024125,0
22.576100211307292,83.28717583954221,207.23058865772205,368.4663164632806,721.7512828785568,0.5578780366832752,2595.511811218317,21.859544108050866,108.0976335538113,0,0.5030395433566288,1
3.9785812799914257,14.203891698439342,31.610767442340002,88.75898614349691,158.82484315683485,0.5730112762654586,128.52282813405563,12.893373225041156,133.7533726813786,2,0.33071398910471117,1
2.168064868115102,2.033204041061939,0.0,0.0,0.0,0.19308929689668494,3759.531859404854,42.968309068761855,126.02219428926401,3,0.6202076025146082,0
22.928270604693896,39.18277816946331,88.17884248149639,238.28435885626567,346.7162562968434,0.23361163398927515,3729.632079973505,50.723827509507025,336.821147814477,2,0.7501126131281393,1
6.6076705688721535,12.712524689192357,26.2195058558745,60.46744434143879,50.128617392145756,0.3563347900181682,3051.2489989409437,13.550808274955903,213.76619996331874,1,0.47486261289016996,1
18.21584027154726,52.22501480774274,102.07298316678829,199.33585727464657,333.09961270590975,0.166113196521165,2400.905873655638,6.306012943994444,205.13719011890234,3,0.41345660175031335,0
4.1439508548344355,14.375718137132388,41.02611453591137,46.04112525170553,83.24154877046689,0.5193352035304036,3974.8128781377645,26.79088590564045,167.1064475746122,0,0.17500484743702113,1
28.534941657611895,76.19959159275923,78.0809488421811,218.25749008838451,309.9676920134899,0.49166153445263594,267.2505078054527,48.057266116799994,39.72554079566095,3,0.8397931156122512,1
5.2698815191508075,18.547420443879414,51.15173791000741,42.28737592880675,111.59332865972061,0.425696603302629,4123.491048180708,13.641453949289348,344.7150502732544,0,0.34210927738647967,0
23.860479447210984,63.02039412034517,156.68847143724133,213.83316342895458,465.62114907655194,0.32242292892111013,1318.281932195884,50.23147236109155,342.9799075835267,3,0.5924290481732718,1
11.662593759402522,34.523616228561956,102.65077032603601,249.18591339247243,500.5959623169658,0.4476536565788371,2770.448758066093,4.785142374631717,184.93454568013715,3,0.5939839525974459,0
17.975541357176674,43.57967190671301,112.90437035036135,200.948584949687,269.5511651008488,0.5961325122945949,1094.5268495143737,27.29846178304907,169.64948519004403,1,0.4936146613355981,0
9.412712097564595,16.98796459632196,40.309749255427334,114.56635411172208,198.61585235483682,0.35594209225019235,631.4348668932508,5.2366087575401306,90.60879286747542,2,0.4581109878816756,0
4.05153248187715,10.663088974030135,0.0,29.53082471988255,27.43683735778539,0.5147725403139433,933.5893852196913,37.5603385852922,340.70977044575284,1,0.719668431644575,0
3.3873769785355305,3.0321498831933695,0.0,25.460089694478604,38.85476785880108,0.04379637536979005,225.98596618934644,12.778007458555734,313.71966471517885,1,0.4763941103223517,0
21.891925056393376,54.89780706786482,193.52678757398832,437.4078958510791,876.5300915774221,0.8436924582953567,3738.301303534498,7.431554593058208,157.6971390953595,2,0.8428836950768728,1
36.774178855849144,78.49368378494633,124.10245194936346,260.4828110905748,390.0958754847712,0.4556847273844756,4294.371218787126,12.245121750788407,0.6991028808886313,0,0.37317331693918393,1
6.392136982541968,17.91879829765244,57.51932052240038,81.39593455387407,119.63632852133215,0.5734152989421181,2568.583977008556,44.4403575013787,94.5513295222857,3,0.36653688378331206,1
7.022723864627169,27.023532941813738,71.6380597581205,220.4997652029305,324.95070629428534,0.4298995036465883,2264.7669712764323,5.512692328024113,343.7946985234304,0,0.6363542504495273,1
16.478129382885005,37.802794224924014,61.53686919507736,83.87942487773523,193.2948421923671,0.26540678664780976,2337.055548385106,29.968103361791798,243.35096637305318,1,0.5280821964549733,1
14.774732738216304,41.29232820320544,93.42274177190488,193.38096540695747,303.7423489339713,0.3713020048728042,2555.112520084911,32.19711095248398,22.56184805969479,0,0.5067819456015787,1
16.214211580010552,50.832748631813644,84.15193184832583,129.43156518711504,163.05501045321347,0.698740428755916,1886.707472641167,13.961430447083991,158.55083105131828,0,0.4645618020364381,0
1.2621144041190264,4.614561976208315,0.0,0.0,0.0,0.35137291451200464,1730.2352391359532,24.22931969598495,124.6295709556753,1,0.37168744612837673,1
14.293899087317001,17.624636731996404,33.16884983570254,62.33155161339225,193.82764241934757,0.19463760010887862,3207.6208940921647,4.363900735567066,87.69186728972178,1,0.3712061685306236,0
15.031295979551638,44.00455290713241,143.44863595551126,215.65135719833634,379.6518897055622,0.2415910852034031,2654.2731940597796,11.011287483431822,12.736531081070623,1,0.40900345041120495,0
9.23584804437105,27.177527690044787,72.94545774331453,99.87677002774167,120.72643395208205,0.7531593453806891,3908.989528530034,18.73426251816581,262.086471298887,1,0.2919784594564867,1
2.1115543368395313,4.921016476288255,0.0,42.419827332420255,11.130620508483574,0.5670387760595265,218.57419550526785,53.07654193744722,6.449311403300388,1,0.8002636955303623,1
9.446682481432088,28.2422799107569,59.24995718101634,185.12455226060862,370.0864908911066,0.2697100164492827,180.1238338157794,12.253007339001478,237.665849389779,1,0.5186196150712149,0
7.277127174993479,13.926641785644092,45.504293632934846,104.39575490438338,103.61932984256862,0.6034587862530411,1230.7567885711105,31.322221676150512,321.2181932165501,1,0.42009065089851316,0
1.8035675532106603,2.225623761380362,12.705832921187511,24.569433323136593,10.448231357315692,0.5573357961720846,3643.5884774930605,12.39165566543912,117.73751831978139,1,0.19773092478559548,0
16.07871051530261,49.04558439147425,110.61592859815154,344.6463810427855,660.1948695559208,0.6461415365351529,3071.9039833317884,39.67070414659136,217.52607399204157,2,0.436949713567361,0
19.38962776959002,56.1615074228354,84.23497364776026,111.30413038290362,289.9637596267386,0.5970298048553887,3508.6263205857367,19.0488746468551,37.62731042320616,2,0.5193634783185416,0
21.986271154879915,58.705568482260745,119.70788793658448,291.5135748124133,345.07867211099824,0.6828665607943908,189.31918935414643,29.499221653530967,87.92154646633084,1,0.7284983878145274,0
11.106391561462022,15.554294680969681,30.370970226359532,197.13758083420512,490.06269010508123,0.23462944080471618,2685.1873891440064,48.77054088505356,215.67683729079243,2,0.4805341738273541,1
63.73849734285543,135.40610854389237,240.56985505841837,541.369221199803,1137.8243063740765,0.43381373378295357,2195.670050289711,31.5503259786591,107.16669279722262,2,0.32261839105056606,1
6.128384798827088,11.825089567333224,39.145923426420424,51.82663489315354,41.509163880602,0.7183297305087961,592.4006388280492,22.905873266864898,278.1291578903296,1,0.6187177663252467,1
12.634631658567697,39.81742606272475,68.84857049500539,139.3318424957335,243.92486433167105,0.26419433327594577,3146.681650165021,45.28100570287616,211.9260590351708,0,0.3942955410371296,1
34.87212504807218,55.61763226386497,116.96880081932552,323.3688175438003,454.82906478199186,0.6567776806391638,2781.4580822314842,31.463327434786574,195.16578276160683,1,0.6214688896919729,1
5.510356605260771,13.609508657852894,28.82702972688266,40.67101423117778,110.1889842057479,0.1573230455274201,2761.4232475178037,3.790239089261589,346.5369476093342,1,0.29038885998891645,0
18.652194737781986,44.84173151039512,134.24443440605629,326.8065757001825,574.3945550019879,0.5376331883784036,1503.8953709511313,37.263888069845976,336.25893644658254,0,0.29036714939620006,1
11.569034959671395,19.870543651124265,39.45658475759399,50.45754705906214,112.85212528044767,0.621160541947598,393.38157644515127,29.221793145858673,28.265610395295585,3,0.5606807031322711,1
30.02116565718296,100.19576232172939,176.7104511302687,323.80365737659105,495.43410960547465,0.20977101911361928,370.25570770559204,51.222097411711246,70.6752000004007,1,0.534137810058889,1
7.406025036365207,18.020086692620012,37.573029908106726,62.55999211803534,60.78237647405734,0.4430427987030119,2871.235513185516,33.32643169087241,196.05936300942432,2,0.04275684945667409,0
1.1348984708994465,1.0953484241187668,18.68410326082949,47.06562281208087,27.062082974336512,0.8069887034675927,2572.5325122079894,13.44209828567424,128.17361111933545,0,0.7114798245985012,0
10.966983959571184,28.516733161455985,54.96763359188988,128.75123299144738,306.64302402009855,0.7658259254158695,2054.4950165536466,33.624983790507066,305.1064388129504,1,0.4858862293329022,1
9.25525010900353,31.925571796043965,84.49413873657892,130.20360536988085,221.46646155806758,0.6995787057776354,3375.421935990015,28.964986190508156,208.8891112795288,2,0.37746925076024007,1
10.792324050057466,38.92538340464232,91.54851810605749,137.2078840356188,291.35447549205423,0.42044582802803276,3334.5662640676705,18.051703802465422,183.58917697920282,2,0.24072742513393025,0
5.313122688794538,9.579099711898404,11.861577320031191,1.1257798630656204,0.0,0.3327653297430726,2504.1868759647045,31.37770684910373,280.4923349619787,3,0.48319452188400436,0
4.778627825940724,12.174061587103129,32.39441841409978,68.33180875693242,93.51772705250352,0.803963519382308,68.80456015923136,16.602790742089457,105.97774173896951,2,0.913992126638269,0
6.531579733890862,12.813846731724022,49.552110517108204,137.01870068845244,230.31317246465872,0.7479370493930233,3615.5029847618152,14.840057130612646,356.1461883283431,1,0.19609943790146755,0
23.7723658000042,65.41284075520281,176.76442122963837,460.762533905229,944.7420416808441,0.5098813544595393,2456.4441542997884,36.85281668378198,62.20688912292122,1,0.2042111378990783,1
13.53588036317787,46.342584220886636,77.351412780975,238.3308798499532,469.45546906339007,0.173309329292136,3525.3795937492005,54.57244029296994,100.08148021022248,0,0.2134860410607057,0
2.472232133734667,17.02755549498746,37.33931573086016,67.37050281928606,107.36245217729248,0.4493427047084531,2535.731968265221,15.242324736937045,28.371768951057522,0,0.6107232856323171,0
10.118820066455637,13.036174594648186,0.0,0.0,0.0,0.6406528725901985,2259.009688453461,31.961216375480852,111.00903567194662,1,0.6780351882251967,0
6.535722508005912,23.007830628946223,62.213655820678305,151.28807827375658,291.48028318656935,0.7245563027014431,916.9524213109488,53.63618818369072,4.130960192582882,3,0.6747570230987571,1
4.483314458177207,11.58085854509431,17.110953672267033,31.268665662369067,49.45770165395,0.38802258950188007,3766.9605955988427,37.489297901456695,190.80251633264467,0,0.7871873266364801,0
9.425145982132385,32.1127538578039,101.79136651006918,327.86428253391887,612.2187320144293,0.47926665915146394,3514.814966007339,9.476838031916119,349.128173554058,0,0.24159734101716476,1
6.241672559475809,33.427817904842094,77.25567908660604,72.45335990612013,134.0206087068148,0.4415311852747153,3673.2823989980484,47.13428498580968,59.146631561000525,1,0.3896545469201486,0
13.056574528867374,30.895458172750175,58.87958507018915,140.9274065895258,291.0659880592696,0.5487867234805257,3912.5008131610166,23.032494308158117,127.90432767740772,4,0.10340458044977638,0
28.659925073584386,55.199919805403994,118.2018468712178,232.38696945685695,333.07583914819605,0.60735170510658,1400.7836481758009,14.626702364925038,128.275276475883,0,0.40514618440765515,1
27.668613085497846,44.65939303661278,83.77913988874587,176.25214100797953,296.62850189436045,0.621433680918862,913.3565810055002,3.3851561620195314,258.4369941553442,1,0.48517063815606704,0
0.6477399271387502,8.60956160538703,24.27273873142847,54.59480209294388,109.99997177343516,0.6873670656819647,616.3901973221397,8.945828366284648,157.6387409493274,2,0.5176200923910743,0
6.00849900915006,16.65039322835604,30.73610709719206,113.41090854003393,253.83848330695005,0.7796412883436572,2234.802845507691,5.006112133147443,287.9690522731979,3,0.8039758927925793,1
4.558991911695938,15.762421718857082,17.379994867152373,64.06943142637807,135.45232691197828,0.5739821140818755,1136.7131841042312,42.7972882829183,168.96009398513812,0,0.7278084143354158,0
24.448323591413594,60.45351149078945,75.46325838515222,137.27125317415945,174.17074379956398,0.4770208459220183,1900.1333598179783,35.200475096500284,145.42575399290095,1,0.5737536536900949,1
14.163750140501598,30.479726605173074,76.25530385890765,144.0376597270527,240.46985417393077,0.5898189279510218,3173.567372224909,47.91574411515991,80.87555364466509,0,0.2703890729321284,1
26.61051000630595,41.412484600298754,56.508743803115614,81.34918563584648,129.88356152436114,0.8097391142025046,2540.2801783478603,1.9095292537849173,197.90756854013287,1,0.5933799835122072,0
4.284952228209237,11.752039222687856,27.01926331456778,53.81560406522597,62.918970930284374,0.5676452477294462,530.8120345361107,40.41909929212953,232.7270654499932,4,0.3442113702056588,0
10.282157553493478,27.50021272716465,80.67472016919803,158.578049428758,272.4391193374801,0.6534314486530047,1889.918901197282,22.73817537925015,318.50094655373744,1,0.5396583776587663,0
2.177054982927575,7.873900657447422,27.3787868793498,71.3245960133149,162.24836715589626,0.13247283731092221,1272.439451510086,14.995366231309388,88.77264105800099,1,0.5138986957610265,1
13.24040490088058,32.5555035421951,77.9737420216063,98.1848715464508,136.98835820584895,0.6090295851815226,1679.7776065123119,43.10750827673179,156.43384945263017,5,0.4400829610481345,1
2.9598520783735824,17.510478728447875,14.780596724998109,41.75997010324979,45.499500093014085,0.20990529645199368,1392.2499627362606,6.303507624689447,350.1706557496139,0,0.8730800286731747,0
0.7885710328784613,8.72749120203619,1.4300304162243336,0.0,0.0,0.09202657287094801,3478.0726442028154,22.010759426254722,114.07052430299403,2,0.34920996343865174,0
20.228177931473308,75.69213568979958,146.21382236182995,393.467922039083,642.6323751788966,0.6957854930815467,843.4618723249746,19.339079654722926,18.87974379825988,3,0.4954864127294512,1
11.158626973353668,36.06535051960271,124.52690151928601,365.79194893064226,674.6255303753212,0.3193570318418622,2124.3826153443765,10.550202422578623,216.9589806450598,1,0.5073349909848152,1
28.518652013317443,98.65746114695644,299.66711819346125,418.5230478870079,752.0077441202884,0.46475556682483515,1019.8063122532022,31.67659748634783,155.8434792397991,2,0.2900462250009179,1
19.17505050333226,48.62977883187162,138.73448527394297,254.17339473804762,466.19738895923985,0.43893534987853666,1855.4354697450915,1.385516285954732,342.25534808845447,1,0.7539975332482453,0
5.385044884629756,17.304345502044377,35.939487791561966,51.78247630230923,127.30863366256385,0.44054590506781727,2521.029928929189,44.536903918257664,72.56467622434192,0,0.199913066977662,0
1.8476584295525469,9.641973479096261,14.184026625944728,82.26253616549818,143.98470813258686,0.3742393471452635,1407.0952947928747,29.63617740460227,4.510142781589601,2,0.32625209565615093,1
13.75520845227649,41.8485727294009,121.67223589474213,280.4701476274248,404.7028365493353,0.5844228286049102,2008.9309975801539,31.77131988316597,125.30679194099055,0,0.11516438112161101,0
6.034017873792072,14.880971250946235,17.71340546376166,32.43318092392256,0.0,0.18779715664949148,1543.587420973967,49.959568569971104,161.8615071895383,3,0.6464235209010167,0
5.572946821360642,20.961749633675563,59.01693039604061,177.25223904484045,329.5363071986211,0.6479836167364267,312.3640200157711,16.079911954058375,164.86748746743172,1,0.42842768512769364,0
11.199689860108107,37.282751655380665,67.42102618481444,103.84194818646249,145.4287396889214,0.22658598187503723,2604.7632023852366,37.46952564998696,193.10275229747091,1,0.7106933611338002,1
7.477702831147235,19.012295985184906,50.845203021141415,142.5480876649545,267.25095323732216,0.34798547182010736,3111.324704101579,9.715641108483535,104.65748611886526,2,0.6446289377153311,0
4.700902884554311,9.508319614985854,53.28862694242426,137.92322708990247,222.7261532238157,0.32049809457953043,577.5959194586544,50.8345838900679,224.79593158161535,2,0.6162062651159532,1
3.191090934347662,3.5120501929593946,22.378845746687343,71.72179881302543,109.32291774887526,0.6857480191705657,4453.694868815961,50.23923598049983,200.31676905502303,1,0.4766071050609141,1
25.86941334510807,68.7029961474749,100.90430774230384,223.8351766624069,431.3752628882301,0.7293781893416661,3766.8964233836164,42.0980599716661,218.78246428747929,2,0.5020855226199467,1
7.243947451886039,25.11127462658939,64.50233609252531,97.35019337299633,204.8260211556435,0.732718243722053,4114.644171872293,25.71682121369811,270.45512886193274,1,0.1881250411790844,0
11.479125478502667,37.71288531936402,99.30343592657356,199.9672244000543,329.2720927256689,0.4828199614213507,3520.507926007108,10.424453746355857,324.48041127355623,2,0.3860183609152147,1
9.00429061845207,16.78897339495588,49.37394543532308,120.56910707490691,238.29700299494075,0.5701715362288223,4333.208016283228,33.61183867488051,92.73430799757949,1,0.7760966299211449,1
9.695370836867744,18.69709477710697,30.537306610575982,78.05190596743711,98.5407906999065,0.0804354253448428,3403.5910863219933,37.14768812124467,168.70461933993545,1,0.259023414948121,1
41.122516466721926,135.6883232551963,380.743969027431,1029.3323619135635,1818.2589239805343,0.7668810367415608,3054.3345867732423,11.620982219849292,43.30344498550664,2,0.7993417904762511,1
22.82704889078043,40.50292029363507,95.60877660015684,147.32091392908154,273.96186764441285,0.38279231281073767,101.3687886498936,14.156512022968737,288.7956113333477,0,0.4012742778255835,1
7.736069130441789,15.35741998861244,40.02070036565448,77.21411044931413,110.96108280959962,0.35834226736486785,2623.1500724284892,10.890994359255616,281.3745679399807,0,0.6644823478312059,0
11.71066345384804,18.55230577150382,35.01741612441493,62.338423000196904,100.42687843413415,0.37543761016468613,4033.1454854909925,8.402090815801884,8.211038748657957,1,0.3706335184041765,0
3.238700314071159,3.523179546642444,14.188910578927475,61.7503099350984,167.56345947659705,0.5008716664494863,1814.1055988123614,53.8156067843047,297.52567441275346,0,0.2508605310046132,0
12.351327835397148,30.23394867201993,31.185587273972025,91.71187044564614,186.02232889350202,0.4228826442675468,1369.2732488981912,11.937050842209208,272.34835306167207,0,0.6041253893607735,0
3.969645874015714,9.476909130657917,27.62632984143543,70.14130699846228,174.14021750977923,0.6203838312681355,403.89010862428864,27.541298865332774,258.63952428907476,2,0.45830760230530637,1
8.62379312250855,9.964314890690762,0.0,23.876638473266105,83.32954434088924,0.3744917948848395,3030.0541653313735,35.44152217633503,268.56626434874397,1,0.5145983744248056,0
1.3700548828125767,8.965574797006552,1.6057729745397467,33.26595646332787,61.166627301968866,0.43374514786986335,2855.2340854191975,37.32590409993336,87.40887436579418,1,0.7313032828949116,1
9.26302033933314,34.57304559459776,82.96289762786292,124.29410825476205,204.4718880350888,0.2546815842740077,372.3518226124342,9.350898169913494,54.29349257178973,1,0.5841323536483786,0
1.2140522086352634,-0.4592338252407582,0.0,0.0,22.316222368049697,0.7349515063049787,4255.328584440549,17.089398102324022,229.83452676359983,0,0.2172247211237586,0
7.992166133612529,35.66335121784428,106.27447689957717,146.6096787957282,317.82777077932,0.7065317235177028,1341.134100475042,12.663868806619348,70.28648527800381,0,0.5341265132278454,1
7.084679642329385,15.100021707018415,18.95913410760518,47.70981911666305,93.57946752982278,0.5614286566115095,1244.478785284932,8.952558126797358,50.78004786512987,1,0.3467058798875137,0
18.059273842960692,55.695888051710526,91.21463003534137,206.19221553841234,280.2729812542017,0.42751595073415116,1130.2496581521941,17.471199950464513,258.4451260637893,1,0.4143250486221385,0
9.649086726653664,22.60601875866326,75.8773775214777,113.9046207320517,131.2333707776005,0.37650108042769254,264.6151855259338,9.636040970981067,312.57656461649486,0,0.12320900186661499,0
5.788888413807631,10.668519456353868,28.24081605934579,38.74200253485565,37.817293591667685,0.49892381058686663,3711.714476165896,28.69529156596968,13.348988021145374,1,0.5265481302737222,1
15.087160376416886,24.993034340714356,44.684901791223744,101.77843172496746,200.82478499143014,0.5824867955230354,1936.8270725651544,0.3405789760449335,327.4568870555839,0,0.7914939955928063,0
7.098816465274863,16.846081755295774,1.3506071053884483,0.0,68.05395997751916,0.3639599913330839,2891.3973900377287,52.18403133966542,338.940604918669,0,0.5581011300939597,0
2.646023512922707,12.311205008032388,29.729539106314526,43.726984651106875,53.16625875390818,0.4167841436677086,121.22295710272087,43.22588184376616,251.57101741480622,0,0.41641590428643666,0
10.788180083600125,26.65342088096123,78.3154212741286,155.9033283576712,217.71376796902882,0.5015341618374863,3917.1333590449035,9.667466302438074,130.10009692974415,1,0.5035587508627982,0
24.517321537958747,56.191241650637416,134.58615429929455,187.5285034671484,224.03664938460668,0.39568492595631544,3352.221587884607,9.652523101506851,119.63955089310893,0,0.3264792984888775,1
8.78666755437752,32.18598765235012,117.30540449439319,209.0646711064411,297.59261303150384,0.43351609222195964,4252.809589887891,17.542613339282465,335.2192958029807,1,0.5777651173348727,0
10.508574910995947,18.617796067772066,44.760701577501116,52.155770114824534,129.67919864193925,0.44177813509855723,2462.1188543779,49.477353189225475,155.83804640032074,0,0.29441680091547695,0
14.574546519611006,34.630472761396106,67.5913804520269,88.0614825078583,170.6560547289139,0.3625269131633167,2001.381783855209,10.459062369909644,28.475785866198173,1,0.7609604975223946,0
1.1442744849179614,3.755690037708824,19.82217206080832,72.18673779108342,91.79930402174057,0.6174707479950835,2144.9653905489085,33.65503181174834,77.82767689923826,0,0.5263953089385471,1
14.589036699723085,27.44941739982697,25.857512487806243,82.3738322092345,209.72364761133773,0.38017071979986394,3680.0728429647384,54.3462928380991,305.1518823486341,1,0.815924907016875,1
16.994600312586975,36.4363849444539,120.67763099166449,156.5242267770164,212.98614164416338,0.46269668673508546,877.2004830781294,27.475197938607856,154.27499010575133,0,0.6290321399988775,1
9.500243006300328,8.47879084298529,19.80988020222557,30.306192795583865,54.95610208824538,0.658656742375626,457.55010449099944,3.395263008582128,287.6116502785058,1,0.3721665300636296,0
22.758388161246565,35.30354748457477,71.69052929581788,206.7132852613096,277.49197033487144,0.4772965651768669,1257.3965657098477,2.2451872137533746,80.09553445087401,1,0.14758957878853635,0
16.028754559737767,32.368486184666736,90.48570921443294,152.12336349288591,178.15431404622126,0.6488482442046101,191.22498513976737,11.693805081011288,330.2386493010478,1,0.4636408638613811,1
29.03855036622615,74.3163572103493,150.87757683555165,334.6463244583002,456.72409108505474,0.4943850458286527,1974.9269947607543,5.173431644701509,52.393833487209484,1,0.6425775681258074,1
7.325808952566402,12.122655866530977,28.46029527098476,114.71930700762015,256.8382351717155,0.45920012794187687,242.03111036979277,4.857193367504433,136.52384148894282,0,0.18216937849854156,0
12.51348652429228,34.93288785068832,113.51178993687975,196.06812168104153,397.4241735955435,0.7156992832926621,2971.1303923342252,34.27504694447273,70.85567049806383,1,0.6313716338765135,0
35.65387539748855,50.26808872357742,92.81819076128158,247.626523771513,555.6946931803561,0.575429680043886,4273.069316148747,23.92007950423654,247.58835599113098,3,0.4684819306245252,0
12.900538501928775,42.76226769284906,71.90817326962156,114.89260843650797,211.11581602193633,0.5408595844246328,3419.5450840458934,53.66030354992792,137.94280473844566,0,0.7493559042813787,0
10.669013262134625,19.402455263761517,56.54987358043327,121.42090752803463,160.38161885938746,0.5773924813220878,1096.6338560549473,36.2911607240023,237.83865139281693,1,0.6658058603709806,0
41.61805596014828,71.53294066895504,136.6195658844069,330.7788783552047,571.8105722461123,0.3021762044024274,2236.26920896285,13.879129670311452,341.0649923965916,1,0.37240800204098096,1
19.871260022779754,50.151265125010354,89.04382552372039,204.32014811016614,301.3752399858683,0.6735071047587889,804.4379142641383,52.67829758489803,19.21262236091101,2,0.757379538759817,1
17.660883680583535,59.93501185983897,160.4311094965924,450.5343262885113,995.0456391434327,0.5691449828025947,440.80791753657127,37.253432630083985,93.69605684718563,0,0.4996113148253973,1
18.543938704693808,37.64568407425988,85.86655094580516,191.45229042848024,289.12540564991923,0.28973674915027864,517.3400960249346,45.640099982660615,253.90292719496122,1,0.5785618680416778,1
19.01513633836873,64.05529937773723,119.68141981199882,193.56917474755113,329.890697337821,0.5707016132574736,884.7425252376238,45.940719791232645,278.60747281682205,1,0.38047675789515945,1
43.384752682486095,147.11241552705917,436.9020183226361,1217.9909839094842,1912.9856383671265,0.6708236499364766,1380.017539691168,6.923255533189607,62.491277453096416,2,0.30270881348505346,1
26.389246591490174,39.51722972292802,63.602855534315545,107.6753612064598,205.6024249693516,0.3940888024807109,1986.6433298512038,0.3008141029441369,271.0028647102948,1,0.5685227156470579,0
22.24003073500398,49.26863298876596,147.7160089857367,360.1148126288713,481.01727306398357,0.4890888427774995,3354.082149073188,4.107795513211384,176.5332001612493,2,0.2964041719206497,1
3.1215759222719894,7.552473959666571,12.834189477191373,59.06938357845823,131.76588091692625,0.10916123079337643,4480.471488431427,49.05294150763751,317.0981936142705,1,0.2930808856691115,0
8.555673489896247,23.6433587309451,50.63774361597593,165.6321899732107,250.85674812006678,0.7801968955260953,695.0969874955709,34.369952022250935,1.7926303025272805,0,0.3449437260354196,0
5.508247599988838,15.662166254000576,22.638664907112393,0.0,0.0,0.5059078032677795,1116.1893679592586,36.80888486883902,203.94537906405546,1,0.22588041241418277,1
16.136325682468783,40.14283148799598,89.64231955829908,164.47580843493196,291.1085952046421,0.8594578646524929,249.69294885186272,16.833986131312198,89.21771800055356,0,0.3098054149775798,0
21.78292072210825,50.3904483967995,97.79032466269608,163.33119881692053,294.5056471127016,0.231874025557921,4303.468242278624,33.18348655749439,185.83174075651513,0,0.6945709510554663,0
14.156682880747677,17.98359736286383,33.75766585794665,90.6483411778213,85.93445636502383,0.19327575626255333,2359.9092742536704,5.918689785346081,282.1102124864095,1,0.16367420233247784,0
7.2103211594892525,15.248896243613611,5.500737316789852,0.0,56.06939449134039,0.8630356784571139,3239.93845483839,29.931953394468824,32.5492330006242,1,0.2351706421055951,1
11.068002575221584,26.97083984717973,42.33979660523807,53.62626631301105,129.4117869973458,0.11851771608857913,1060.4284883175744,25.05927159025792,6.867808927239456,0,0.655409289585204,0
10.953659422204533,28.460873194029677,72.73667505750772,77.6979553670975,64.38226240895241,0.8384982956505329,3972.3560193378644,25.924431229972104,114.24072022113354,1,0.4014418621319423,0
7.432316984346764,16.157634248881816,29.329540623930708,29.614530392977116,8.643171626948472,0.5009180726477657,3260.5296044166903,9.982924439954111,27.914972416645742,0,0.64422384533305,0
18.770235382975095,65.92513633797526,206.2359309262938,471.5014131275933,890.6338387257678,0.6021208741048332,1965.6843552180896,15.186164557358156,114.40440174322728,3,0.28085056430285466,1
18.247921312019987,41.3875463930535,95.78109124687732,156.05839676332153,280.93776326058827,0.24840084514762686,269.60652917159234,28.92756370882264,131.5864680574335,2,0.5344721857604974,1
16.86035482763005,54.91924734602674,105.7712600412524,293.22842298476974,459.8389458348858,0.35482989037838164,168.68874500411107,14.592270076049715,127.52131380756549,0,0.3725939746901653,1
19.43261150880411,37.093589968900744,118.63270910213029,314.4615987741478,421.8588973089866,0.47687887100246124,2972.731023760605,35.47279204589546,162.13114569734458,0,0.2708003454408212,1
9.383377671319572,30.09737949695818,52.92234417196415,118.79875499510848,251.49057698052798,0.4171293304411985,3049.8674449211844,15.377011434481668,57.581332672571534,0,0.45538476821238305,0
27.88858434828484,70.13089151536614,138.0985253511039,238.73466984381454,378.39789736399575,0.4354642134740483,1024.8359388230929,27.756543031555886,244.9307937760548,2,0.3220189613555001,1
29.55922876171854,42.49365526659375,104.34444974233121,216.35302602286015,222.9476568850332,0.3521740610533659,4138.377529739378,19.540403327357655,103.26608764998772,1,0.6451087464588018,0
2.16195925217615,9.625602415077099,50.47813095203449,142.7109679950853,276.2287927793475,0.4226950985006638,410.8454160132866,28.05169518802059,319.0820236535026,0,0.18539874354542063,0
11.860261003452791,34.92529536606604,103.84753283034081,149.1112533785037,242.62651142721643,0.7167764882428216,3151.253225517209,12.156653638038875,241.54215932452934,2,0.2920492381755616,0
0.9386082152847112,9.93526701736071,22.663659706981736,66.59123403128159,109.20822178186819,0.6777120636390989,3220.058141590626,32.72090075290562,285.19339053290133,1,0.3254125293788754,0
17.849369544450607,24.772360878808087,58.91235771214747,181.3181860313125,297.6242991361676,0.5628876735000479,4415.53173248348,3.5141916261699,151.1435375323619,2,0.33026979904839104,0
4.5747672567271795,18.313987409597033,34.51702707572073,136.45597482394604,285.18563145761635,0.42999698897553146,2117.803152493421,38.53427303129783,49.47540882302985,1,0.48425055808124,1
22.023219006974287,50.049532132995836,115.84572103459692,203.37836958519262,280.47204884969733,0.6642602449739958,3061.4438387665737,6.294114034474224,292.8591897884997,1,0.5622616571416219,0
12.764489404131503,40.25435636080478,81.53755216160064,242.15952350714974,399.90792024704535,0.22131732741855126,3825.763906026812,46.61801175161943,180.80694556293096,3,0.5923016558511371,1
10.817875385397304,18.05532376460007,45.041490575708806,100.97550930666712,62.94289096960745,0.3054055757064185,4273.596646322108,47.11030082295723,162.81160595725626,1,0.4650621349023467,0
1.284726575374553,-9.657149147542484,0.0,8.642989251956314,105.94459558754292,0.7256091424791553,3239.0316215448424,21.70644317183892,90.77703541109875,1,0.5504251631868585,1
6.533202628008712,15.524521684469889,19.769419601653347,68.96178588555019,76.86963585241166,0.6126172472079725,2098.7896531703286,27.914332015187096,166.1092724906731,0,0.21766580167503463,0
29.49774558952439,72.10659193516425,221.90508768917496,526.1910979551435,818.645571543438,0.5068741560654579,3828.407360869199,4.14067283958865,158.9352910220109,3,0.5190152983013251,1
6.6626026380131815,21.800204015250575,46.29083863976503,162.42566829103382,320.62801150258474,0.33446347515694413,2957.114667324685,2.379259638392054,277.5812525987,0,0.45754496466999706,0
8.423056605864767,25.920209466949835,41.977180720884895,127.05241423031997,299.3349632972962,0.17814649632001897,1904.258061938535,41.98873477633421,41.42135389562538,0,0.5523650200563228,0
11.103640209979304,37.52837135488177,102.78208159393209,244.2841549970026,347.51590191694805,0.5997132078526625,3245.0973776450833,20.76036878898615,19.197437882623383,4,0.19537481799507486,1
7.128668721079811,-0.12149933539360802,0.0,0.0,0.0,0.4323132165185567,2293.1035822831914,11.726363945607803,93.53777137271832,2,0.8330438798007427,0
11.08138389783875,34.38710752128475,80.08383132011467,280.0376003936042,481.9027741267538,0.5451361264906069,400.21379675260647,48.26071440773974,287.0669549517827,2,0.7101621140115386,1
16.247268201007618,31.322785360880165,33.978942495678055,64.55750599456957,113.65400480973621,0.5144312618841008,594.6640387374168,34.78814911399505,301.7088952715722,2,0.6548719823877347,1
11.85049818570426,27.498722680866035,80.43130541841832,247.9094670033587,464.2182351448897,0.12931176280077167,401.8399971947653,0.42385702367156386,312.43390618670696,4,0.7097148118308322,0
2.4990943427191565,11.648719403424742,22.87855078758484,61.38764552672281,73.56918027985975,0.4405916879596604,3860.14090265799,8.776880293996147,62.37592917748795,1,0.7843800538343217,0
18.29173773082656,37.67206622275966,111.19776262257291,138.85645258505951,233.85103594992177,0.6372387163224917,3545.380470545788,35.607003577805116,207.22399493367948,0,0.4667332047875258,1
12.16691789369574,40.345179166313216,60.15559417832536,125.26959902886534,219.9751343573373,0.37612504502789745,4374.750034410367,25.340672181864175,67.47230585048379,2,0.2724052477029946,0
49.42362673891798,172.15851650105543,464.9871842318147,893.8703819810141,1203.8530008441082,0.9311025351489581,4181.144220152245,47.140108358274304,300.6145953946132,1,0.557598564889444,1
24.742493919260355,76.10166118573567,145.0098366128549,376.5745871162871,462.1926065678844,0.6015354453616437,998.5741742913046,42.4288481465172,269.5464538846516,1,0.5547275668494187,1
9.60668721712829,28.25865056146574,31.688545331119503,78.87556044439522,112.04501628071543,0.29011343447214366,3873.210129433808,29.450775207304126,95.25808833845743,2,0.33479265852445744,1
8.634067633859503,16.779301951007504,11.862841167983525,32.709725751728584,48.525241799155886,0.5954389726691282,4336.105828107561,50.30092608758301,283.5057502875292,1,0.29088632510325146,1
5.256991552323364,8.989462249189486,35.351394515780555,100.46798752189093,128.2001888167494,0.7009510234006447,2692.3560049871635,1.925992390792225,263.5541785774957,3,0.7181860802907775,0
3.150998623453414,14.702220425444882,39.696202139849035,76.73046269611923,107.27336812080858,0.4178203657436038,363.60250450900344,2.1934551787009053,25.119922376311543,3,0.4956031300598669,0
4.468324916354467,11.778477217346618,7.1549033112643485,0.0,19.197845947104078,0.3864120108569754,390.3105452684287,27.76299237791999,166.30297050309125,0,0.2605466539689484,0
15.15143802861874,55.55929579800086,103.33622106765502,265.1451115998241,397.77493680739343,0.5337478311939721,3487.6604207210125,29.171267589528867,93.86758751992302,2,0.9099563836215816,0
9.036345646768941,12.35242721733433,10.535074590026522,34.01383341343322,85.19711226892474,0.474769891839113,2342.292043705773,42.35320565932045,191.86528083669177,3,0.12729515124204077,0
1.6777938565485722,13.41568886679047,11.657552571423082,28.82381946204614,0.0,0.5606820652891487,3528.3813464793843,48.67389167358206,329.91825724908466,1,0.3624788000695589,1
4.661118997260432,12.244593364011221,13.485854339888085,0.0,21.915684004882362,0.5502129142705814,3639.887332782195,54.99721312713051,105.74081166234386,2,0.5873566707065222,1
5.619903253336884,11.34582648547958,2.6191237811702113,0.0,1.2155383317454498,0.19180508954473904,2603.350275051727,52.16301750063881,268.73391504204903,2,0.5181408639667898,1
11.984782496867625,24.11931244313697,45.838859237284616,145.5963838775011,306.03566984613303,0.44342408997970045,3327.776494284428,31.48421210489852,279.4281033918385,1,0.6566957129814338,0
3.828270692626603,13.537158588552042,25.89215803128437,27.913273507640362,46.71616700667529,0.40259422100992265,3268.986836329002,11.401671124999675,100.82155936097136,1,0.38044624105786506,0
7.712707055924219,23.92963494762182,50.274318172663385,58.94427336533555,115.62249708596067,0.28904941064955975,2098.617775632152,8.878958283869244,90.69530950164344,1,0.42165881529148713,0
5.7037063797266665,19.97816359744422,18.6482615663611,55.93220360889887,54.337621172988065,0.6172205642106491,63.98182514376379,14.053684257329273,303.84600650220614,1,0.42523027860013973,0
4.299340519170727,15.562569978648833,20.955833359028055,79.88828859586869,212.7060552867055,0.1752103496946797,599.1454415510075,30.390719321515075,266.9897685382125,3,0.6535729304857608,0
22.54113628607969,61.820496043859215,132.50084877249787,247.27379614460423,385.40917574460764,0.6553292866946813,1988.9411285040587,20.320139980972066,39.94276006819758,4,0.5098147640419132,1
5.842383794518256,20.36929551319423,31.40683736001483,87.82089136225513,202.8154568707248,0.28541779237646564,1645.043970115471,42.02562903316394,358.478090188535,0,0.8848302717603611,0
12.511428229559911,24.83299438283657,68.70309435761821,127.20021956600819,93.60408848037503,0.7306728805045231,2214.8099287121076,19.366301763375997,8.111789458739601,1,0.5396464485456115,0
11.214620420793542,22.085490730748653,9.526548009580036,13.812798933787235,68.79019703895074,0.2746904861601737,2483.819890357221,48.81631128069534,331.7050844945028,0,0.23859725000440846,0
21.98905860045793,35.075825384077774,44.722330966198754,134.1281555947812,201.41016776905423,0.8937472659081733,4174.069887362913,40.12038386159165,95.2329616681768,2,0.07075239092986757,1
7.014953097532826,25.017552490587732,64.30354021033743,117.69527323562534,295.49711048118974,0.3200315756607606,184.8740130872768,37.47160278318291,136.23727055798452,0,0.6437664149892975,0
24.748115557806017,37.38964703906556,72.38140347257924,149.89262521330616,311.5286219138551,0.6757634563988864,439.4634804027988,36.62146995144887,220.37053026674724,0,0.6819654180573861,0
7.9900127490777155,15.906420889924425,29.155596538313695,45.25446000552919,116.27787781646376,0.4463793989332453,2325.066682839852,31.903627271432285,113.97514995527575,1,0.6807520493640316,0
6.666336833059154,20.66603493548639,35.578241688611925,97.53557893148731,133.8478209875067,0.5490568338160889,1947.210022874282,16.687066553733253,356.7756103197356,1,0.15884065707833336,1
3.087729238448299,10.87920301096278,15.655908902600354,39.479704725545744,29.697011052425978,0.7825277106498402,2525.3920667340985,2.759688829184614,151.00572595766096,1,0.8891971540626948,0
20.45275841206459,54.67515145491922,157.5893335558035,464.93314967104993,731.0299951782455,0.7800218928436176,1833.1914116520638,48.05247013365149,248.2846982119217,2,0.89785297584298,1
9.588377607115664,15.223792334002052,10.327441537724738,47.471207929335975,108.27270384790174,0.49714156700869516,1255.4568356167188,41.50816926950825,106.87319424024292,2,0.2955392799866422,1
12.642612003201739,26.82659778119118,67.74891185004824,126.56975538656144,183.9297663640738,0.9038481533606338,4033.029882698006,29.134771806165432,9.111635163317079,0,0.3142118012078189,0
22.59320084914268,48.96524211524557,118.57265008245014,324.7934115454881,624.5673813333483,0.7373804731768601,672.8003953093163,47.31987841591539,230.17184710159492,3,0.5627723555980577,1
27.20445569165316,45.80297942073818,71.8760693821541,144.1110363802284,330.2025329266802,0.5845316921853999,848.408394582207,12.422298169732608,133.0310802121186,1,0.4193133525242321,1
6.464075214307647,20.921942122190657,39.784831607013906,84.42013941197312,223.24693160509665,0.41869659727594416,1414.8729794065325,23.412345007697155,86.88605406465885,0,0.810692982131511,1
5.908539467559611,12.413045300835698,6.797103883331726,0.0,0.0,0.8010327697589861,2481.7769441323903,0.8576814301676255,18.011142559875072,0,0.2974558085937328,0
8.328526674038455,18.95607019225449,61.3744009655974,235.60653934117389,604.2257965996511,0.6257873957600726,1923.148837600839,26.071835176595,140.3372402764126,0,0.29744499737468916,0
15.12163661165147,46.73083822332197,81.53870089495794,123.32663893870075,288.09475176154876,0.49611596114849427,4310.4881951939315,18.259392574467704,213.4881754455152,0,0.7054186478560504,0
31.384548073537125,59.52854161702727,137.29472827334894,248.31425848066954,497.085528907553,0.7023935176346696,760.0994153606524,5.32364317499396,28.82126952023985,0,0.47454761606654583,1
25.1213910286533,40.79386812798999,96.81697578708686,267.15886502101614,443.0334257822468,0.3326051289803289,2729.589849471602,5.704508849614479,314.89055134347865,1,0.7587140979294874,1
15.310064683965209,32.82902604010464,71.46146470991671,192.31391936942236,307.34854406413064,0.4245770458809213,769.7649432345669,54.94121958388413,77.16383454593179,1,0.31926544229946446,1
11.761089203509556,39.92546158030313,109.80768172404406,207.16489874932844,298.6115544950731,0.4242704403274603,2105.6470725629015,19.443386365135375,182.12728333946202,1,0.49780320975580444,0
3.608521771761443,9.294330666016418,8.371921894842636,15.083406808550889,27.13590181125729,0.261440352181629,2837.7392708929656,51.23812396280776,226.85329336894824,0,0.5411617630168545,1
35.28399354216799,114.20655614828456,239.79718358998147,504.8742607234304,780.460985698428,0.7547433005362031,3327.8042658636514,39.33908460602246,289.52935196498146,3,0.5423697964688349,1
9.04459078264311,22.64405168694349,53.72371265686933,125.79011297832417,153.52855768717583,0.47822945573065406,1154.9096972235109,49.80544134395434,358.8907220807699,0,0.7063340292412851,0
7.9104319853369125,13.71850339097253,50.492327135397375,69.73241764768528,103.77880613943056,0.3030017912102862,3047.363002753055,11.467787355002622,15.316985199101918,1,0.6140822746434078,0
4.213954478293446,13.210757231693888,24.267302008287878,66.14654525997369,185.31223064995552,0.7372861472199937,3975.699489372134,15.167022981325037,128.1303415370952,0,0.6490459607468402,0
54.32980512838781,129.5561218562492,359.7412929319798,623.6240772098296,846.144227551288,0.6308060037470019,3744.463655765268,24.166549351766783,310.70136553783595,0,0.965967611564781,1
5.446883467691462,13.736545148625996,33.17581674978459,90.52124894335842,172.13164984812659,0.42543567158715045,311.64566859925804,44.171913303671666,275.41694778148604,1,0.21962511222956263,1
1.1303857513797557,3.0806394075089925,21.09676604228337,58.34830909986191,217.0129044126146,0.6480828140812963,854.1623124658718,38.423763120283624,172.07896936429083,0,0.27637152535760146,0
2.9050657823795847,2.092363586955278,0.0,31.053048049104508,62.693445006952686,0.6207791380674094,3911.723867347349,12.390045709571485,198.07332088369054,1,0.6136857894802824,0
8.905269129373194,30.612419132842334,46.51076547463926,110.44554721111776,173.69342682653286,0.43577530976675566,2410.457304103185,1.8389468754404203,193.3207220242528,1,0.7025904244021423,0
36.38192483376385,55.883917417088625,88.58435000833384,216.05917213706357,299.32923320676514,0.9226482572979701,2690.056485415734,28.859831931399675,81.95372458729588,2,0.8106724432997051,1
15.258936607794796,28.720756752510045,64.41595458238537,184.7603709095176,400.73509112825946,0.0771251112182878,1356.9655545566634,38.81676924828258,127.04346792830037,1,0.4417624814139624,0
8.204753795465738,20.34539588303058,50.67302129736028,152.05251967975036,255.89230378502177,0.7614848260043369,1333.2604246603948,1.9740753834974767,341.95362767972796,2,0.1385845853607641,0
8.908764220312179,17.20294587926761,23.510821514210228,66.21878516753272,60.5626350514523,0.5419329525482254,4242.623047779368,2.59895175026793,103.672649613144,0,0.052357692833963014,0
7.9071006781820055,16.15620448111419,29.03416238900781,88.16825090854346,205.75503148295638,0.839685568085609,2931.1154880270324,34.39571023361367,3.328857640552676,2,0.39062401893746207,1
31.943818757159004,52.37294791683885,70.0523719109018,128.79247615267082,335.46069004902057,0.6983656114359339,3625.551934588829,10.064660295029396,148.83073259049658,1,0.7474528973121998,0
10.617496068828178,19.266544766932537,64.7371736279907,128.28649168582052,256.17534676186983,0.7790325720128903,113.77205833026265,13.610435682238194,67.30313921977678,1,0.8749702431029924,0
7.256009314031481,18.51161011865085,47.49784641333186,109.72903909006915,212.92545367635594,0.514555554654472,113.21404714020973,27.727190463185238,200.14231113437816,1,0.6498744681006742,0
24.26648802790231,48.97309626473664,124.48321949777194,241.8246160063855,547.8437667311988,0.40199624991271354,4354.659875787507,45.92064088681362,46.77529807312454,0,0.5104395620813473,1
27.237652574611506,43.933548593494365,84.34217760911014,223.83764907878358,282.6299400046348,0.8156842836719383,1991.4403402102087,10.201600547809823,115.58060700416961,2,0.23119743137110352,1
8.418499506721737,27.681776001979603,80.02303666816749,211.36772401519445,341.8659674976146,0.3526429386611397,1680.199466398874,3.2597425182250648,321.55650457738096,1,0.38426177513787857,0
18.067463449193607,39.160496436518955,77.48384838509384,181.80833124266542,357.1097243583713,0.6476999421363897,2501.576989191407,49.812358638272244,14.73128955557366,1,0.7829369047761694,0
6.383914930078233,13.733955352385507,11.936437698572103,16.402045644910935,36.02600929085134,0.4833681784939775,988.0685559938363,30.88809285518117,119.66804028813543,0,0.48573764026437505,0
11.451860202772496,20.802746917484743,32.843330041735356,21.943532554127067,28.52418473741697,0.4730312185062727,3023.9400462563003,50.24005781257248,143.03906822764287,1,0.6633556205574936,1
18.273426335898822,56.907793003627795,121.18648829485986,246.72102652829872,390.23289304492477,0.61228979390076,3440.7160245596724,14.926330523181257,60.73331830427137,2,0.7419967335950862,0
6.760834739095854,32.03901460838105,71.44101469794091,109.00897474232437,128.84156345696948,0.5832300864995905,3867.769657444144,51.213546749405324,158.27876971144775,1,0.6026976953797926,1
20.884188812009217,41.64601000035253,95.67045300979622,190.29730470692476,204.8995587302391,0.32365330179593166,2394.9505837093707,35.6964820532593,334.3125305487632,1,0.6199503453580033,1
7.41589971609904,18.779609818553627,49.94160035192976,79.61421201433245,133.12247122104446,0.41330999288520226,2387.611305342994,24.806066695287186,25.524380812769305,0,0.3642872160688618,1
23.824136128558383,86.2545521639454,218.44746864643878,645.7936637283293,1011.3995300019143,0.3918824291309831,4485.590528960638,44.836444823097374,63.745086808483464,2,0.6173853052050655,1
5.1108328865670725,6.655581933155009,0.7057485777303505,68.92028998355046,121.57680287828543,0.3147950723733159,530.1622419323901,37.718066374567584,229.26091081633416,1,0.44233990452818983,0
24.811999501564742,70.1348501766185,208.11566382059524,523.7845284409442,929.0249717838668,0.5336686237513661,3203.5692145075423,2.6828806843809287,38.4004167941488,2,0.23892184700527494,1
2.3812057228332404,14.27196041235569,44.66677668470207,80.56643357653904,212.77286265792313,0.2747437036610164,2267.8830252955026,12.453356930697797,267.09858014912385,1,0.46058683323986593,0
12.742530358762144,29.31080082470205,63.8030298525471,102.05878351248028,129.81120324607713,0.34695909307061135,4123.981480746379,23.564209372291355,328.48984483143823,0,0.5274324879851386,1
1.131907266922032,-3.732496003062636,0.0,0.0,0.0,0.705557118139739,3358.0706703940223,45.90488953124834,38.99129625308734,0,0.7301085544252589,1
4.641166429376863,2.9046896142700467,16.389372640129736,73.61837931289355,134.1867622446241,0.3020928640805453,389.0964743361126,19.248556415757758,124.0632147471912,3,0.30425419050991587,0
4.249857863685193,9.165052058488357,26.370431579204695,9.974476790924648,111.45424585850313,0.4573515821823625,4123.957986078649,25.554717744775242,326.34531158698655,1,0.417117075472758,1
20.51007692505624,75.46829169287963,144.11975023285342,230.45290792924013,333.309924543681,0.8143940807574553,2165.3053938900607,22.51075096709508,33.05567495240281,1,0.4786461840964672,1
2.929294528207786,13.748224345572924,29.618149965041933,64.33844540256204,121.5716017443886,0.513062680005169,3056.0858022082516,17.099719399949386,86.77064152089427,1,0.46506232431286904,0
8.504548937874961,26.75314887303121,105.04558754746603,186.31707771008152,314.7560815452917,0.7554261575590052,4292.873753558426,10.386884112376723,316.13446222715714,1,0.3948008240137029,0
13.39918127289878,16.872712325731502,42.87115037146047,149.50352976650126,202.5540957703575,0.6954873922332124,2885.554273374116,25.2558094074913,259.44055400681424,1,0.4912525845939038,0
15.478522809662188,25.24459245722594,40.097972670250485,71.86216197110527,160.4512429228959,0.569503503721441,1468.5360056227282,34.454056655458615,167.52631107486056,1,0.7905825390769748,1
11.82280711559313,26.692692530724802,65.07589299787902,103.36340343698211,21.823086855872006,0.5059173244765078,2829.035500493703,30.76858814211107,241.92782399815005,2,0.64488378968779,1
5.820971827175956,21.192360000087657,35.842774820634695,111.07219185348337,93.26227265410785,0.3811167232158605,2566.580124457375,24.947423867180422,254.90076863828426,2,0.5211903127262799,1
25.47929502750055,62.242070250149524,178.18022559934906,283.1958154029422,622.1453297109944,0.5293613237275906,3190.2667323695828,22.485642299131243,189.6337581331248,1,0.6000590629847522,0
23.94351046345014,60.732869746943734,155.65223141400634,490.7539019061652,628.1294695221113,0.4167811444409729,115.08228491402784,41.295208070365156,58.48999161081078,0,0.4181450724113782,1
3.5955976425731957,16.55717395294772,47.72539728022827,105.35525319177809,239.5805309111418,0.5952750340412327,1702.6551447955558,17.85865559297926,224.73911254139023,5,0.4536226539438059,1
22.523862561950562,38.90736790271001,121.60383869262371,292.7428903475746,650.9001892219793,0.4674823035019602,3859.836188319286,15.13731115006547,131.2786585521765,0,0.3379626983818406,1
5.482672988998253,20.42793490139522,40.734128950890565,101.3668193248239,129.59698180420423,0.6619207048824697,2814.412701518079,3.976179994190896,91.92911476245779,1,0.7213055917955351,0
35.932044896315446,66.52309481510656,184.54566741986,489.7132737957646,822.8641566497669,0.2379396927488183,3842.411045511236,33.49920406338251,37.669091783280834,2,0.204082001791481,1
6.695612126155496,23.896451126154783,53.51139317953667,172.7019590040649,155.0836698716792,0.5904012755517805,4321.75317606061,24.720549344340125,82.91933231327431,1,0.18644425084308935,1
31.26233210988349,103.47890612094163,200.21371944412118,323.4198042082852,657.8394531016701,0.3903526900413578,3587.381624126655,52.219954271291215,118.23376142272569,4,0.342322932325328,1
24.575505010839322,47.84612049279005,95.25684570518536,242.55672257015107,406.1328964820808,0.7208736663546936,3251.3418790557885,17.45052784973012,165.8761449563017,0,0.5417668081259396,0
4.740725796928798,14.177182273566544,30.012551187218598,22.627691832709566,64.71895374857132,0.4526204382132597,2301.640718433035,29.48468835108417,330.61601240517456,3,0.504650882948753,0
13.611742817093576,32.50617705156453,35.991840736719034,83.77956599337256,198.52662749086113,0.3864339674646458,2917.0491526237342,50.34746148770261,53.78180918050138,3,0.6877812888716652,0
8.179686579314371,24.733087190840774,39.95049706696679,71.57701360281317,164.24493803405534,0.7973597573769188,2566.1298491229604,54.26535073747642,88.02056958444487,0,0.7367585152544964,1
6.012548833188936,10.558356048112508,13.90630426951013,14.430489604180789,27.122033512905542,0.6954317057142503,792.5014313998167,52.40378717111838,130.39691382467282,1,0.5373399465177839,1
3.494062900987053,10.48130541008369,18.829975389858582,18.27424264630067,48.29826350132922,0.6996751388161829,87.98350939787252,26.383265170586903,353.13059452558616,2,0.4993524731837719,0
9.84468775971145,37.805146887580776,82.28921371372581,200.08485635608488,257.48799441845034,0.3171787144899383,1097.3505921213311,50.87829608217825,135.50500891438247,0,0.8374565292967121,1
34.768263830770245,95.348405138041,238.24210269956745,485.41081534048334,1068.2650850990858,0.42935702286141586,3952.4298633058415,41.179057634507465,68.16950213841864,4,0.656125359017554,1
14.9211221348862,39.13198683502194,100.8767583217205,215.65630863248896,320.5286168862167,0.444613305741771,3571.366914667689,13.91902512421009,205.64189799048413,0,0.7541288832557306,0
14.561484269265064,39.15497747924025,69.80328859549037,197.60546970417693,258.99799186025683,0.4680441883768353,1182.1901537039942,27.734483885174622,125.7679482801928,0,0.7877853773993806,0
11.565234563952451,21.51694030214994,59.87216088639733,122.56785700113912,217.6946075834232,0.54895312682612,2848.837641610525,14.32551115527454,325.72454090129224,2,0.5751277673059633,0
18.732045528813575,52.11774175883906,188.08351335415992,553.8274161741112,754.203043538022,0.7092233930479275,1380.6158308762838,22.428374251387527,47.711419281876594,2,0.6220817456395522,1
31.599073605976525,56.28071474034112,101.28129194677358,279.1515405696383,593.6988194830091,0.5973482060223468,3207.020207710172,1.3910970100548992,203.90921046920076,0,0.3528480727833705,0
6.537446946879218,9.134566070076366,17.77058207564734,100.87036392779893,98.45814707721289,0.5747739356037944,768.5837763146502,25.353068569347684,248.68597923084818,2,0.24481104070974777,0
6.984693813455442,17.17322674086412,59.250641964054985,150.20485102117698,356.30913504929777,0.5572362092154115,2565.299627255471,23.12423360808935,283.58717087044147,0,0.9041611052431613,0
37.04121373543426,105.50057000141616,201.88657811914075,331.44423264756676,551.7468318326019,0.16381238059349618,3269.4266916275674,31.45256838365666,83.85696073314547,3,0.3614147257500656,1
1.3545709150709142,6.284086619197097,16.10410898772321,70.51405579763895,186.89094169841056,0.45787490133457975,645.8721178089216,6.9533111145443325,129.48937646911043,0,0.8249629793095212,0
5.301190063982674,10.946008282864685,0.0,25.948461267033768,13.625941163925567,0.25395103807022673,3005.7532369070545,47.29759290434767,141.26804369452873,3,0.359981686062375,0
17.830841962167376,27.14289823206221,63.398252628689406,140.77372956637254,253.4894460179367,0.500128908403671,2523.749104298032,35.55257486458261,75.91381872204556,1,0.6629737892485766,1
11.168295381417616,38.98957436947299,73.00515064481301,158.95708376534097,268.59179049261337,0.835958771306656,2951.1874364648793,29.386508770665852,204.6900253046477,3,0.7960812740922718,1
37.41206661956049,89.46126154790308,248.31103438577009,470.9703993878348,702.9509707256229,0.3577326063199683,3225.176297433543,29.258405860655678,113.25510115797775,0,0.5118873654997678,1
3.160065846300324,10.61470735736106,36.840388081125106,107.00988847642547,183.0039143968028,0.5901380359206483,2982.195681608841,43.37201690492578,126.9889661583554,4,0.507244955973692,1
13.373039039570338,40.49091279913273,80.52509261600618,132.1621984161246,247.94265475760986,0.5520496227287053,2468.6060316473395,47.130349278597684,74.78614105470841,1,0.5665045119134124,1
16.295388563723147,31.725692946214362,90.25516647396546,165.20072060880955,270.25462823528756,0.23950060557045824,1852.6515861113253,37.90052560090194,199.4742974179767,0,0.496593447064381,1
11.795645676459982,26.881156755540665,78.72376256642428,174.67722284792495,308.1203754417964,0.2363618095837071,4398.399727534014,26.405032595952182,261.810380332039,1,0.8064043300321435,1
18.70901062666125,48.99815634150483,160.47622554551896,343.8740531637047,584.7449673803565,0.596470015015402,2832.485122105891,13.900465852536227,355.53940498321066,2,0.4881476497763994,1
5.422013989305956,17.130078971307764,22.532236530551526,50.76146643501243,100.74741131477435,0.6554846347232212,2442.110054799027,39.94998670230483,55.43419492980255,1,0.5779542414194877,1
19.15152280118727,35.31707089787097,97.97269863075886,199.4557284758959,432.7441890384098,0.6225802587786036,4188.87932273591,3.6381112947104093,56.66631925554249,0,0.13746704600337104,0
15.119887584171478,54.584699672289844,90.54630306302805,223.03757754484542,442.0225023406102,0.4156903915414722,3268.801434529121,27.900445976105246,261.1792902045782,0,0.5119755217257596,1
12.828036403993272,32.000429127616165,80.27245262399205,167.3793764893576,246.78291102121645,0.7027352249880067,462.4326762814801,4.514280289317333,149.55516358007878,0,0.42241390385807137,0
16.260557679121977,48.015535779000615,91.90044447145083,167.11731895386117,339.0291691060049,0.4918109197549419,1299.3985722053335,11.855333827035759,60.17889633352867,0,0.2708900200304051,1
24.1693950794539,69.97735058832139,155.33547622810636,331.39851059592434,370.26833644083035,0.5929271310541404,2813.7751487045516,14.079271535084256,81.92848718671284,3,0.21685012327419617,0
16.15504843122719,58.64611898761615,143.8284729683221,259.8656278157305,415.8700099385524,0.33952384903260435,1459.1309197398184,20.193856972781422,186.13114339204955,1,0.7565403949391407,1
7.618784589553574,17.873249214474352,42.20519737433732,125.03885607203283,345.4235767981541,0.598582704587292,2390.149973062298,49.004004370586536,93.66045023189317,2,0.6641638956088619,1
28.97718525590894,80.98882864231483,223.0120755665731,347.0843488207064,614.2537270948047,0.49572707577876135,352.30976719575796,29.772170691047794,348.2104091238185,3,0.3134563809517996,1
10.073510797143461,22.312698979864532,58.4059542663568,103.84094081461888,146.1721460214868,0.23960566437702827,2706.8454040503907,46.022745854394046,347.3892660105632,0,0.06744824982703164,1
18.191595235247593,55.58467229611879,159.8259941629302,308.3185800828036,490.4985541074068,0.5477643742015403,2146.062488657595,31.610183295112346,327.8534549846916,2,0.644757777798576,1
3.9257673417273775,-4.725129764880613,29.678465385877033,52.16021570545542,181.20110266799685,0.3210517522649306,4297.3546548810245,32.26124390356955,111.8355006168787,0,0.17196423494482557,0
12.382166347063187,30.52824637060963,85.98123015117375,256.95891765739225,587.8768045992193,0.7278896857028112,1041.192651000491,30.83449428575041,21.6711479912756,1,0.30493394209864255,1
32.28207099811044,88.63382786729284,178.26875043187692,295.9446939677482,473.98121271180605,0.4456623294016136,2604.5887866699354,23.293845293692275,197.4570323897511,3,0.4388783233338536,1
20.558477311953855,70.79110748376321,155.20647915129254,324.92105132320677,540.6517651300298,0.41471121563396274,3377.31807487709,42.240188179287756,252.09116150881306,0,0.2519613164484708,1
7.647178346445369,13.826833475749325,21.284694685231724,34.27491938882508,97.21786226443345,0.1736756461217457,1201.8455651353456,15.725444940818738,116.45645955035639,0,0.5396294784134859,0
14.90887154250346,39.713280948402186,81.45169396352429,185.37712357474132,380.8416322539304,0.7895365149895341,1636.2215541888684,52.5890107307398,129.00014327589858,0,0.6407396210803066,1
35.55842638791159,42.34842541088898,109.79245980375822,289.7659717153714,418.9332145986317,0.7244352288590596,1314.381185228492,25.376425454275203,348.42452206360497,0,0.25271771217779704,0
8.19653656156953,24.116843208243914,41.57190622670179,82.36555731290588,127.37943475380547,0.589022931518288,3984.5705884783893,34.587825261035555,128.4819491471282,1,0.6633475373348818,0
27.927302224826217,60.530158892665206,143.18937079722562,297.5040529404812,442.68760490156404,0.4876993565516245,2056.4813402983573,20.177488759037068,245.04322367082443,3,0.8097783603571365,1
18.058011810264016,52.513487616641854,166.60721982173047,246.5208702770328,345.79498107065615,0.4651229161225697,326.0407734080029,1.3440107563600039,42.49550329348035,0,0.7585882928210081,1
4.537252593867328,13.486499721879403,53.89924886454548,139.15437768486478,135.90945923109726,0.9473003938478761,3695.0471570279783,0.8827426789390141,179.15641583120217,2,0.24654900147834144,0
5.764331485964715,12.853305916280888,7.928942759180469,39.61129507369891,24.10699134873721,0.5385799857646442,2073.315644804473,39.62228850706428,211.7662607367082,1,0.756319327510724,0
1.8049526486854743,2.565688134486793,0.0,3.306519400157262,9.831416537065564,0.3160191608053708,3856.792660215099,41.77291083632279,329.14336622359707,2,0.15983544922262607,0
12.520504684418414,15.957788462255856,36.97806859952813,87.62890885299997,153.53910801322417,0.40239514464673165,2746.5648694100487,40.95079202000078,4.906876587854669,3,0.7740573153289116,1
1.990499694915667,-1.7633812898360484,11.298379091239518,35.1756545214939,89.28230335741769,0.3752416681983513,263.3717118387141,22.427520811411135,263.67217333055595,0,0.07581561542070453,0
7.194813861653806,15.819001624045644,40.34768978683347,69.19320623376538,114.14216257340846,0.6520738731507322,1654.8433660473393,38.47937548986125,20.132629056501802,1,0.6105782883020753,0
9.813606824604816,21.20185826965136,25.59616203298844,9.232378671653983,4.554746205409488,0.40432375360198364,2881.128444004624,20.68472349284036,288.6534692665947,1,0.19367533443646853,0
8.833210548103906,34.0996432910633,59.28099132181217,156.87436798626766,248.5864149538133,0.5748218123458462,1605.0178809811046,52.90425113065261,71.05969947029762,0,0.6496735405281989,1
2.735918415237753,-2.088317544466089,17.194913332910346,5.093597988620857,6.418641378372255,0.8498730969271923,4262.429944464394,23.1138943477864,191.47499861546646,0,0.25543658185346596,0
11.842936599021913,24.113940225690904,30.867343079951294,25.610606202046572,35.54814551180741,0.4324386800205573,1227.4063958235522,20.01089533566758,339.95485071443187,0,0.6062871823472179,0
13.65194784249525,33.185395104937584,60.23143110194096,146.19800158924457,243.56453036062288,0.3975222868574764,1320.7210780401847,29.050019956820414,180.30236157330856,1,0.10398364133341549,0
7.623432658100901,17.244581066573712,46.40884341921593,141.2201850074507,277.94704661161165,0.4124674917211936,1073.740834391744,44.95292235097945,163.5518477661853,1,0.5310662161570364,1
6.644564816845774,19.807505789351584,35.02560600220892,79.54992258703957,75.22166129998988,0.45989902398931226,3988.3366405272905,20.268532922506882,85.23206015383902,2,0.6427007611727098,1
14.00940448878834,35.660257715148944,62.155958475773765,171.1665696082629,286.9052281662675,0.13887994739847562,924.6535362771504,39.849847120636106,105.8621364107138,0,0.6421220454311151,0
2.9971841228932457,12.409927150011146,31.058580259226133,44.34443358839289,90.10556742761696,0.6574115680700724,179.47130490122942,47.60361441081514,185.47529998868583,3,0.49948811316020186,1
33.51323973756803,94.57916816406942,225.8220758374372,578.3734255039167,1025.0572021781009,0.1758051324300788,1495.8915747471838,38.47281462457982,249.52550348834097,0,0.7865004216237361,1
8.271097473022511,11.119488830638943,29.738271924730018,78.65949644743932,209.85773580663195,0.32722355419476845,96.87010466797906,45.35377874128366,52.88340235126447,1,0.7960582886547892,0
1.3361094798000555,-0.9163140831739431,0.0,0.24322881979102476,0.0,0.38367942342878264,1125.5828516083986,11.586006238964485,259.06639713707,1,0.7212597557007738,0
19.51545523084625,47.78060408453112,122.76091592116816,310.26332852478856,675.3081034264467,0.3285119239141446,4481.89634958785,17.89853162488908,173.60264737332713,0,0.5065836410735208,1
13.20411367658514,27.14680007207295,34.46087195449186,113.89189799246554,248.1847328320002,0.37710776778228255,2220.0380133024755,43.684116162998905,51.06730436665774,2,0.23549474857754407,1
24.262154729604852,49.293574402823204,109.67450895853534,259.066772903339,338.24004348160383,0.6193929696839673,3012.389864678599,12.511937063285,312.6008204034711,1,0.7810843948916883,0
1.9723929955820065,6.698186474422807,12.758570438892061,26.1274362324024,6.205539632267445,0.45235021841627515,1212.1329841220563,23.686610203165404,235.6478922904717,3,0.7554039338338905,1
24.365169451386603,88.5745149387743,206.16910977989977,429.64902535800036,581.7059757349147,0.8654032243621218,4021.686494320615,16.052323421149957,119.69739569395135,2,0.6304279071767595,1
20.163878863349318,34.558779323878774,109.8204765475161,186.54513458280584,328.87557643154935,0.24464509028259027,3621.8293638080418,40.97901649293475,186.86303740416847,0,0.32320428977801213,1
32.52593230339536,59.848170601962316,95.65078642796907,164.99052621622724,255.77174692105075,0.8807316192865343,2302.349958062693,26.886134762444165,181.53182917859567,2,0.43398996737804957,1
25.789691641092478,52.485237087511216,177.03431809413286,432.8394297769073,551.3805608248098,0.5731536589276199,1554.7581988911684,54.85197622896471,238.02464339027304,1,0.1705408265636493,1
3.8350357396647348,5.611541876096121,12.624826125976018,36.784460352118955,15.106771889856823,0.30544711466794244,337.38784313650416,27.70364525991513,141.75253119513275,3,0.6759751596549982,1
34.5273270979354,117.21358047645623,215.0628182306244,578.6896582874433,1165.8548105666196,0.5905512925353932,1255.442789831537,51.73587164417359,338.4400240917149,4,0.8527341159098506,1
12.316547003951664,29.615215504377073,79.34507225930538,120.14288567636244,204.78111215480854,0.7282719535361759,733.7295358222415,11.062428486042627,229.27781959506405,1,0.5064748893841438,0
15.600704778747245,34.670513289669984,53.02549180416793,88.703335025857,91.90749999669708,0.6751145316099081,1651.5364280134402,24.06451985159673,311.28556689130477,3,0.6681601197086594,0
12.4044231771079,22.036691196113786,82.68092842648893,199.63858934564286,328.78102777356196,0.502975369806953,4459.235906285369,0.18974063389423423,301.1027915017653,1,0.6635622679252934,1
54.27510756008591,180.46044790904972,289.4448007518672,758.1593884728082,1624.6438756671976,0.738690825063894,2074.0362785133902,47.18800810165059,170.61924372848696,2,0.5341214631455917,1
12.507688179691451,39.30893822563455,64.94031752629294,155.68198547946844,304.9115742805598,0.5416996878275485,4073.4752126104468,31.34667300056727,348.12389315488645,0,0.5636329150823622,0
4.260258399072325,9.934534040112608,0.0,5.399208950012151,0.0,0.662202272919028,3622.0451343612676,13.471489908887829,187.7625237154868,1,0.2518163960415804,0
2.6458988792883544,8.843122844807809,2.247804059584567,0.0,18.064684688410306,0.19435101825528595,2458.6803622870825,52.47652469204781,303.4712727952291,1,0.2849789865190035,1
4.932861123684486,13.428422400123429,16.714281119933148,29.532875812645095,55.4127793019734,0.575014767375206,221.47542654713683,2.2764766405729158,343.7216797829673,2,0.18029252353104033,0
3.7325209833354522,9.831836207018478,19.74907339577681,37.137501915658085,221.5981012091169,0.505631172393354,2031.9322974722043,39.60726205659943,237.9674455672377,2,0.5706599016863775,1
8.85656458957117,22.80969284328294,28.51532891229273,102.09466860808288,167.1171243062017,0.5571226742481777,1807.4325572858584,23.688213511363713,345.28852187686596,2,0.16644818469368045,0
13.910707075396314,38.19455386966316,75.67727550551211,224.8287758102169,385.54678048892197,0.27334454960974497,1569.8637529348234,6.63075235794409,69.76634671285564,0,0.5976347617387986,1
6.397111475105229,12.21975455028615,15.797859015150033,0.0,0.0,0.2619892842584688,3154.6201270070324,47.38432638688414,153.7127520817597,0,0.2634513045048878,0
6.028575952668651,17.24883606029712,27.857471157897237,10.855323396294843,46.985430112284874,0.8027053141180945,3883.768985785696,22.51329764759043,155.52978614080288,0,0.3078795457978255,0
41.75679263358015,132.71570423581764,280.3912636905871,763.2134703578945,1422.2734016024988,0.46674910605752756,3983.239210597933,12.852496258224361,123.71583724877225,2,0.12299211443619845,1
13.30454818079899,35.79770444606196,93.81209451071139,147.69957411751574,265.1465199643319,0.2266558442272554,765.4151171132817,21.79016118077875,80.97602961204609,0,0.9100151818775782,0
13.904156415697775,37.2292586312286,54.40123482996441,115.56913179498943,165.7465895783907,0.7879718608003187,2207.0919711867746,50.7083344059807,12.204831098203911,0,0.68416058944806,1
2.3505056100803476,1.776759539031472,32.46960375646084,27.362027162163102,0.0,0.1539719639260965,4313.348620358504,30.371697246613955,30.629616329400932,0,0.8527709465046251,0
6.856454058952311,17.24543717312663,47.365517900155695,155.8847030742014,300.65579477469896,0.5648253500466013,1260.0487365063698,39.85919669163174,147.37041551006763,2,0.45290977972256136,1
9.841022546903657,25.59403081537422,50.478047595368075,143.8079226440809,232.87801762733088,0.47488393912405497,2147.0546312675383,29.75018865236374,276.1210878663235,1,0.4721199044035622,1
16.203548865334437,44.50561151978888,140.81848713095823,241.58969266219646,380.5221950599896,0.5398850078212835,1952.963843724827,17.47946053363555,200.30309362239,1,0.46749697016289204,1
6.208856256474675,26.1151054167199,73.90586551113361,179.20489898865816,229.26875194453226,0.6328926625390979,2240.919178020191,46.54812590436312,177.33970792951226,2,0.434484489964816,1
8.515841766429082,17.520800970775653,51.85926889035018,94.32308241409723,92.17777239493725,0.6933112934389292,2994.6150983348844,10.021448702959123,140.65915412483886,1,0.6166003083363798,0
11.762357677990801,13.843030120566034,8.23433613241073,30.349031556219757,32.54402612039253,0.5383548781937207,830.3441513859326,36.00437900407561,74.11694212066283,2,0.5800588835411381,1
11.402483606102477,28.266503559277275,83.992644695698,256.64690361804753,319.651332747829,0.36970927114730273,2876.9007613392273,48.90590077956084,53.0665908835929,2,0.36242671752982375,0
2.6889978802681527,12.519093536647034,15.992652753716833,15.393400353942669,12.032884650761755,0.8197981682449101,1186.5796062955155,17.54382008171841,284.2984387598775,2,0.4504543917299824,1
17.576878939794703,67.61275991057562,85.62087663104892,148.4356981831608,147.2215321559703,0.629625831679705,2720.7880878798983,27.234368656769828,11.329587786179447,0,0.7127707875217982,0
17.266292609176855,34.32976778749344,109.00033916061497,286.6953817730846,453.3978259264362,0.682027970083634,4016.0168071613903,15.38008154585327,13.193058440883071,2,0.2519579582299072,0
24.476987561541147,39.75364925626874,68.88654100692034,157.63289653879576,326.24950846634766,0.30140895566146586,1187.9019981769234,32.5637711431379,92.5356678581544,1,0.25276544870060486,1
31.318386090118118,77.5951044375509,177.63900952539078,304.4158527294647,566.910108320622,0.5376401491450903,2286.115694985829,8.22281581448776,197.9783231162491,1,0.7223543687092331,0
14.119775328076688,29.75099970804661,63.97890404434379,91.85156825029452,159.6814210502072,0.2232428536408776,2819.885433283246,4.095025730755952,173.1793218181585,1,0.5490190886605971,1
52.556181126559764,174.03203233501162,287.639344142172,758.9095945100958,1206.1764071221533,0.22618177556235763,471.303583327686,23.342009270209598,181.95471405986157,1,0.4914055660823678,1
18.140315527016956,43.11274698675367,117.95858988004892,284.9116930572771,597.3227793196693,0.33092120270194336,80.42765703423777,5.27371186911577,187.75119598356596,3,0.44242048065761425,0
15.305743527228913,28.09192483811268,60.76125550943141,90.56527712687199,146.95366386181433,0.5558952414196588,1326.7249687833912,6.967465680112736,299.4430387052305,0,0.6692203761236654,0
1.5527266837836342,-0.3053362771854604,0.0,32.61573696882942,0.0,0.5688124001947962,447.6083043837589,37.298326618142774,236.06556891254542,2,0.6858923079813026,0
8.784782887020949,17.355264138796585,53.93489786421016,135.6476677195504,161.14821006099007,0.5945790711073592,3188.900232692812,53.71136781125812,129.37919029639465,2,0.3503544614268111,1
13.470472811757206,35.340748763720605,37.09937780665586,55.08909456475,115.83720374506993,0.39411551503286985,414.98914277218245,30.045522525286867,340.31673272428213,2,0.4774093448904051,0
43.565421049067176,107.82867644501356,159.65754623636838,251.60282127831354,273.133388955333,0.7977923692292793,4235.177825810807,34.68135650167885,196.13747763075264,0,0.8896869866305984,1
15.928291582811612,36.73960487182078,115.6679854183533,199.25474880758782,408.1232595185222,0.7372789435442733,598.4124310038367,8.125562132769794,260.07897343600166,2,0.8432710970460108,0
31.96024567693508,85.80968389641652,139.56212383216155,243.69873096410828,338.5469682418006,0.6431285704128232,4078.7993038869254,37.36564728056929,21.132712952362898,1,0.43182100877364776,1
7.79165494356528,18.343327342807306,68.12043906082867,98.41620626746528,184.57047069040848,0.3583757053933752,2059.9476106178945,43.98325195563929,274.45612605917324,0,0.6261462650005517,0
23.53679637182471,76.98149077805789,224.2099112813144,357.2420778745876,437.2982314266281,0.4738363772772707,1340.074429488492,14.949823357127725,255.4077781135699,2,0.32723876057959966,1
16.038898330044933,19.96873886377212,15.041721175176711,0.0,0.0,0.3283859938330486,2952.850003712317,26.542887068336327,250.66677392610532,3,0.8823771780829199,0
10.769101651041515,15.714305863132363,26.62011668443367,50.72726239757125,64.69132389749245,0.6398049579148773,2315.578075428479,22.18469829832691,118.25220787120372,0,0.2297809851832851,1
14.417403245618523,28.57023545973624,34.80519018510619,64.02066437339965,159.97007801283834,0.28041094406278744,3272.9608613677083,24.957994658887102,297.56272355712747,1,0.49393432820687244,0
49.7067598018117,125.28212721258323,270.04239412023935,717.5468131536562,984.1905983762148,0.5128874160506721,1250.82662441687,15.48818558443139,29.322185422080537,2,0.4174010763351639,1
15.458801090540451,34.034942086902255,62.295016750512566,178.6854809176005,328.19063392100816,0.5472651660432427,3515.2652388285196,42.884256666629085,237.2112952886043,2,0.4504604166394388,0
5.1857913792622155,8.410090844966554,14.042003215818724,0.0,0.0,0.49784463631273906,201.92510584997694,26.575339285079455,5.77793989817025,2,0.5986955728192304,0
6.469445397832717,8.978402039733078,22.760480643935136,64.667264108586,155.81991253315073,0.5626688106999103,3053.334934718689,34.26120459283975,253.02061730497064,1,0.38538982813273326,0
4.299619678342111,13.929536003676766,34.76027988416602,72.7769967006567,86.85781624593878,0.2164570280170938,2192.740974188268,32.272765966445554,70.8711108110633,1,0.19720773627820828,0
43.021376668045754,91.97138974099234,200.12776625937883,496.1474849134524,642.4388902740824,0.7880603297270934,2886.2283383984454,6.7436442703603126,191.77727014618847,0,0.23000778230835792,1
5.342950002637409,10.899281992048582,13.374977846028882,60.342031761739094,145.8835039110644,0.7000169801826245,2482.2786591274544,28.070352205777045,314.7603665890855,2,0.36025463130765234,0
8.79819590432148,25.293517254229023,79.46093831519333,146.38434669202857,261.8507440381674,0.6777989257443058,4308.665388191154,29.947156440736133,336.4964243421031,0,0.5796500277292257,0
3.103088467882832,11.893194449131498,14.682629780740747,78.69763565907662,127.1678567409611,0.502097571818955,1211.1922331195308,27.86475232360616,248.02402497834044,1,0.4706554943303328,0
4.9749119775689215,13.269315713228872,12.531733036114463,59.136148426611896,100.60370444824818,0.4500713587740421,1349.8506908548152,36.76539745561603,144.13121039001007,3,0.6660664809080221,0
11.928337145045065,35.324702686160656,90.437629776869,172.21299695298356,338.48398811545314,0.41143521626893026,2897.1965624277195,35.03942630644201,169.0222755572243,3,0.22157595348263984,1
8.168948837123237,18.723274614646698,7.305113758121063,15.275961216306442,89.06996808010369,0.5290829627248523,2831.72165618715,39.41391136673178,255.7778684905081,1,0.35064740319963095,1
1.7770031007022757,-5.084920255363537,0.0,27.6103197655594,0.0,0.3194429168966396,3127.908132552776,9.251847448076756,34.13570323185591,2,0.17184726742946285,0
4.967023030922722,19.592148532777962,50.93821953122491,80.55082181155649,67.94776448262434,0.37381103065916804,940.9819348844424,22.91965286389372,185.41209504710886,0,0.7725375427371206,0
13.711924460166983,25.32988637650461,88.0532117292034,249.00672388330915,502.2577749681653,0.3090098934570153,3390.261408553216,31.018734552480144,221.1714183042611,2,0.5409049758934787,1
2.7209351769275574,7.0979479152966825,14.12057210893983,72.99357844894132,102.95613147242422,0.22894913611382803,920.7682522556574,45.77743392390711,69.91386874914951,2,0.43970517511589974,0
13.716166958629753,39.896331529929235,90.6680830139988,239.05694018639738,237.510506800728,0.04857821928755209,4348.686173423562,42.13328205883201,153.3273630002323,1,0.4237234144043159,0
11.661433793219155,19.35663401503745,46.22778922588191,127.68147635688479,127.14722637653657,0.18238024561857308,1086.9295477260107,8.50922235446748,164.95806448496882,2,0.5541922503218203,0
10.722026472313164,29.93855440676316,85.47083163184816,211.23348425740184,496.040963743271,0.7565916756130888,2678.4306175371744,17.815589281021886,285.9186628767946,1,0.2738815132841294,1
3.2667349098961163,7.146717517773003,18.335968052159885,15.495746599550754,7.938318646397324,0.29233034370499045,505.55015121755474,15.025461352638432,170.84070904058927,0,0.25695265402966244,0
6.557614207767623,26.46852257106893,90.07323967244494,154.34742373673714,311.2653661001728,0.4288387852002325,2468.149933418942,21.858958751344105,4.167961818015833,0,0.2483052794351453,1
24.734707035282042,81.99576910575357,156.93127912008072,300.6963917039928,489.63377742845097,0.6509206585246388,2720.1361803797995,21.412207339402258,222.5189011007608,1,0.03904397786855265,1
7.51566871848368,9.557057384923922,0.0,50.17662856016747,108.87287736818394,0.47859614590664773,1349.2023573308609,29.439308707736238,244.40108119002835,1,0.5142675023813517,1
2.645893206950141,19.699769220869634,65.09566423167,99.75232347018586,194.36481130391311,0.5818876930718396,1762.7412604786293,16.374082892282857,238.55691099971435,0,0.35407318080902633,0
35.09946077953878,94.71933529090781,250.73084591546305,459.6678004653705,862.0171024945462,0.7875458266013775,1192.4990132570729,28.169080613406283,171.40095695525517,1,0.3814464943554904,1
7.661151456415158,31.756899053851257,68.31777935956586,115.50491522405893,173.8713689104233,0.5367797228789774,343.31607204075885,22.334415801920994,216.59983566151374,3,0.5668153588925654,1
1.7599635051410396,-4.363292409040215,0.0,0.0,10.203322537107,0.3338505168318773,1063.6689810895382,44.98991405284558,264.6123261275242,1,0.5344724873638308,0
13.905238336023523,17.782634846550508,50.72400049829441,117.80253074328509,109.3688929184489,0.3874345280390335,404.5742731994973,41.06786810852353,109.15880526586295,1,0.6615715748007248,1
16.628704890204332,25.369804988324532,63.411010063217724,162.39497169437092,363.9911572800854,0.49744367113130455,1841.4976761163061,50.65537311971028,324.9590979527621,1,0.48318788246051947,1
23.940865388488366,51.59259384199891,100.16802043542901,250.7064994461454,569.2296445088888,0.4458645669123551,435.4312360704198,41.49106424452317,99.91599136362596,0,0.5472741439213029,0
2.9270278356718973,11.178739507533566,28.014697512771377,90.09005274193653,129.74013792707186,0.3023145930902576,1035.7344898426772,0.7551547762112837,204.05043045861703,1,0.5624990976269155,0
20.628252500352318,57.679810452859094,139.42194395334903,237.69908612343056,524.0876513258657,0.6068661909372551,725.6316852476041,27.460386004744038,57.06997072257653,0,0.3400554184145744,1
11.849111729123994,20.527296576561575,66.61942576385073,108.95875307077311,114.67369670218957,0.42606039543281066,4185.682503782834,51.15495728677972,267.30814082533436,0,0.7406308609926071,1
15.902222767241064,44.60728282211004,125.49383106289595,283.4175744821489,527.5963775753446,0.638895795294786,1121.8558102884106,11.881036262210502,232.1702557076746,2,0.5699865351869411,0
49.553034640931266,87.89170914618097,237.4283952620997,579.5217344234986,925.2132420869557,0.3742476394628218,3509.416521387396,5.865534225728767,109.52015366787361,4,0.5252211068311498,0
28.14432905534039,87.78294308102639,239.87139525574042,563.8599646197349,845.1933920240342,0.7697566473868233,2430.235238819876,0.4455306031187928,345.6230624646335,1,0.2551143491097431,0
8.115535227203447,21.58504276238274,37.43042745121328,104.92319565257952,212.2256548255876,0.17592951114793845,3595.8635942877945,35.67254033027198,246.16082839671304,2,0.5106897709361229,0
10.257559032830715,23.202607164739373,71.9720859412205,202.78623465794064,436.8929798755586,0.6341334681064472,1138.5834852699718,14.759175760067206,38.62885127813681,2,0.1594711553584245,0
11.14916561007623,30.563167344446896,72.40752910099683,71.153988297057,150.98339443802894,0.5445877765280039,587.3439061345819,28.01244258720915,2.691267838246345,1,0.2803281189784769,1
12.635216521904193,11.926490902678193,30.99307733253901,64.43003501389296,145.73164420028837,0.2019268788627276,4441.016733531271,37.46395469119632,173.06527338574162,0,0.5282134560750266,1
7.191549197464374,20.928556815375895,93.1374005804441,176.9275253515571,298.8193515282598,0.7484536035477002,2424.568111925207,27.64141255131634,293.91001519177996,0,0.7546390045514757,1
2.2122673768453223,8.531563035390416,41.98735469321177,115.29185369737971,184.58022067665368,0.675359278288925,3724.0269144074564,13.775546647827918,296.8368048856933,0,0.31698473032723995,1
22.791317421678098,46.30396361044565,117.18964912247162,310.15416892439936,530.0780790056766,0.3493978072770905,1069.5997411423612,38.241170899542965,44.19926733249917,1,0.6099794395040438,1
20.04587549849225,24.319212165115303,54.81671615375466,154.34414333430453,264.95506203630464,0.8796883619603542,3602.9444506509203,48.2658008206907,326.4233855434751,0,0.538091025690177,0
10.241233074242965,13.63334855019654,37.04641321200859,74.27396759386788,83.46811487143167,0.522179911695605,1940.7372857246555,44.06308376002873,113.22297196969163,0,0.7588382423127599,1
14.094447131142132,38.123724337898985,47.82047084852077,43.16725551027305,117.7678075861777,0.40862941271613235,4428.704273432454,14.227215419170623,30.41707480357956,2,0.6155682242183481,0
10.239559442791721,13.914607966400101,8.759658876267775,30.567067446422364,60.5156112314573,0.6344923001384792,2831.3498039925153,2.1325250009180943,96.72608245902487,0,0.4152209558803773,0
15.306212910668568,36.1841887776771,106.52633548208863,188.61443994604429,324.0268825918533,0.15876864253166445,1050.655378715032,14.217950658902778,249.25400544243604,1,0.4667051926134066,1
5.2561216532905295,16.40960440741541,13.82196765966281,34.77320575428347,91.51002899480203,0.5179383695320988,2462.8725436605387,51.1775145296547,215.6963336676765,2,0.45793883496136156,1
9.59336923699445,19.794708135377345,43.26345659962756,86.08421343132787,166.3928790092956,0.24423884180633507,1322.9986877935887,35.041001958281136,245.6107985102827,3,0.26594109481901407,0
32.69616430308512,101.58828639989372,190.23984124153563,360.43923297399573,644.9822740832284,0.6255190083250867,3487.4804324102133,54.9030015877075,210.24672503847503,1,0.31592778403356736,1
10.492378316980519,17.387598064884433,55.14864112506284,102.56639219794458,220.56613310958352,0.3011081251290199,1363.1689643957836,20.081929734573816,23.02313392947502,0,0.6926558819934421,1
9.156046023025233,24.829396131022836,70.03117450730568,159.41597361273008,340.6803456220174,0.2230737503443834,3602.3332703132087,12.816706809751885,190.38426998283816,1,0.6360919937272247,0
9.14472564811884,19.03693347720681,0.0,1.2617803391312248,11.556816366920138,0.5340124878475859,3718.2830381299236,43.74338172353012,55.11569884481098,2,0.5695425594066326,0
7.0012712014180485,10.19288094400737,11.013738820518393,20.15632438219239,57.610391180319795,0.33158678603370245,1782.7228799907598,40.97412127622973,165.78646637337448,1,0.3130609572597512,0
9.731801103542963,29.30922276096856,60.07661451076612,141.89324284010425,177.08713073682085,0.17441599672599653,2282.841803951622,33.40921663616761,271.81837761449634,1,0.7203472455544186,1
3.1010815961071154,14.437974282995555,16.614016015760956,20.51644212170187,33.30734135514025,0.7750571320605883,3329.324998202882,42.8811320595887,27.568804204179038,1,0.5034476276713773,1
5.645137727292338,19.195924659111398,42.562096474812215,99.98962835795284,172.48221216598276,0.5168184919132064,3525.0343849622723,35.18317832488202,229.4228019010656,1,0.10813791381581576,0
11.135290124879086,26.830795133957963,68.41928974713244,126.48120706683508,162.16910966270626,0.22721625356312075,2193.453679246449,0.8209205409473247,232.4308190110174,0,0.404226842315964,0
6.453023213478987,19.701702407762973,67.41501911863445,198.01066260062817,343.5843111990561,0.4884645949641587,2376.5247431213543,48.444192984650215,206.34508201043073,0,0.1883821944481623,1
8.89612955049556,25.119600639195433,37.954665918307455,92.30716442477912,197.85473272632308,0.6450230114787846,1222.2131207195396,7.308540075770739,299.1734573849829,1,0.6955720878368719,0
19.23974738608043,26.82856300350682,73.12884532129405,201.44004664847586,299.279376163268,0.40989517285347843,2901.7545766169987,8.820981238107766,178.7605365487905,2,0.3181475653488437,0
4.299411626933341,16.715891278410663,34.19894050603767,46.73175769881813,27.475837802241273,0.7644702406579402,2406.7819661922185,46.00655222595366,52.3005278541584,2,0.4771330656880924,0
12.14669376293346,32.732982808540086,93.0052076422692,149.76050138915787,150.45994546001108,0.45881484927130384,1236.8356363573,27.57312448778233,83.39703779404788,3,0.8313610428526913,0
14.311806102765342,27.477825519739454,50.28488749665264,88.15718822479575,161.52412903444508,0.44702422153141214,2474.425167744741,26.89764981658224,224.47042550685308,1,0.4518031129423006,1
29.193029315478196,50.15143693721695,115.10066088652461,286.3614951111074,494.90307141434465,0.10468696995550762,1606.1096723914063,18.177750883302192,159.06520972605387,1,0.6886342658349747,1
1.353948121742436,1.6093803051760522,0.0,0.0,37.424540241466914,0.7338135751998508,173.2388329711708,24.584165655088643,327.84185518017364,2,0.2613232054282062,0
16.680195592072227,43.55741005515849,68.89303551952,178.82991184977735,314.500211327505,0.4491372909469599,1073.7668677663296,1.750978188697987,86.61443494768994,1,0.6467390724599955,0
4.7417164303810875,26.52706404016855,47.8805350150219,142.98282533718475,277.7349953155154,0.602276240750431,3356.0821336995814,29.604635556484908,181.28952882767626,1,0.5764453005384809,0
11.277073091699451,14.89544205745509,31.812059043139048,55.12400693166471,207.67220714280165,0.25508208200584365,262.38712978192405,44.789018318512525,131.09873922514615,0,0.17829479482775248,1
3.919230036340395,18.474146587873015,38.82360411359595,106.58076522479722,246.06359166236308,0.3733939763863129,2804.215302493938,18.684428126708323,133.89177379519032,0,0.21959459796813974,0
19.20539721988527,46.13648458408336,138.09881505232764,352.6280436944198,727.2316213946132,0.4817657686474431,2030.3946518660202,37.99844829577283,350.3485494928132,2,0.7454582375664612,1
21.023434796467523,68.60643043021447,106.60537826519158,214.36550391933363,350.0811384051302,0.4383231032591218,3684.2211443556344,48.6515819968223,43.67284351938783,3,0.4427153194315909,1
12.702652502135825,27.54013930446251,80.15605559909172,129.8626739065733,267.84114715374096,0.4777531219233989,4138.9696515502665,45.79112208387808,359.6039917031533,2,0.23346189462017566,1
9.681614423918674,24.43225152948512,52.32700005418182,130.39164403925065,148.27397844463087,0.6430607043974877,4258.255005632178,2.8069472364839148,357.0727962043269,2,0.6449452166145915,1
30.29632568284429,83.20137778097094,209.6686310266697,466.62190596732177,594.1789982386247,0.7068192445754922,260.2650835611752,23.025606568848602,123.11622363483245,3,0.18681481679166387,1
31.848517815215867,113.65512685186627,160.58061238217297,453.75583278430935,660.74624571909,0.24549596944301402,1294.0693322385318,7.306038556773868,95.15753701263749,4,0.16955244385007562,1
9.356295718247221,21.024945977485856,38.977557751355846,57.76690100628066,77.85685176272384,0.7470763221036305,2452.0762219623184,23.579305605526493,7.165001953155614,1,0.7075905400639272,0
20.599603704800366,42.7398253954356,64.8577108080923,152.23043355382592,308.822421190266,0.724960868645427,3371.760151736492,37.94508867380225,162.11014611071795,0,0.32263574633180586,1
2.371122972272784,3.405897157221098,0.0,24.757741329483824,162.24729837328414,0.203213425678981,1603.2565920723273,21.476524998467816,305.6839333051374,1,0.18453076191860363,0
5.48181491000269,15.45582886249822,13.510598741261472,11.661543253984206,41.15989077384073,0.6911882979317728,633.7222964659267,24.04810576528559,202.10416640971275,3,0.6407166261838366,0
1.7897125785991357,2.993218114276197,5.895729849485911,8.459885150485567,24.52066388703504,0.40945224880699826,4480.972870691483,47.346931742938,56.60835606937465,6,0.47203313486673504,1
6.501027273906834,13.859221602554845,41.33137702808476,56.516451165920124,165.64807243822247,0.41050223840065275,1292.1895221525085,15.797627672727,298.78671258217554,1,0.45906993229885545,0
17.313077256857163,29.77636703951796,73.88074611148818,155.85035941795667,223.97809636811598,0.7120690326125639,964.3209668874786,12.831580439026755,106.07262361342839,0,0.7733352656997525,1
5.003899986835889,17.358556990491792,37.310176388891136,103.54173860010137,213.1385094791858,0.5340665137071812,3893.923077755093,21.703931371236564,244.0142847529785,1,0.44214445425917465,0
12.246107106698027,31.289242751547956,38.95183659578537,62.474892949357155,109.52570080815633,0.6631034197318737,4139.862869645676,3.4839243967992335,214.56675286879963,1,0.6477313172309545,0
30.7229447710345,58.538455177284334,129.99744425315725,420.6583886157715,826.5982215916108,0.3263185639639815,3882.8077186066225,23.28958778299461,171.17153159149552,2,0.30132239378659786,1
29.16992670346585,64.04395842082577,138.0554063969389,253.1394908975394,283.3709451664862,0.5362670189432933,4488.601519523805,37.842002372966306,10.488945192907387,1,0.8783804543757773,1
6.583118633334621,18.711020086485977,38.5514530100467,54.45499082191116,68.00257490046214,0.3338692558236766,2452.2783141073674,4.464476676095246,85.08560324527478,0,0.739309419022184,1
3.6794420108238017,9.109235852486643,2.045920096871672,0.0,0.0,0.4443005471731257,3765.2591914605323,39.64416765799744,88.8145588429425,1,0.7530147241921007,0
4.215148797202688,7.404534563256938,10.644021428825383,60.96110502358102,41.70000705627137,0.4995038539048791,2192.369543297864,19.462255337663613,10.276745907723921,1,0.928886635583949,0
12.306927778418801,36.671409260081575,55.08709515058265,81.15756751105863,168.2703862626233,0.3232033099291919,2455.773408218581,7.799409520568161,195.4993299891457,2,0.491227239708052,0
9.43073877087256,20.302569898914147,21.97070258008654,65.24872443109112,99.47461235929062,0.30761263419023765,3263.715006705236,28.898387053873957,165.09069806303012,2,0.40532902702051876,0
19.030597529063375,55.87676138537217,125.37843026124736,270.0314878638833,534.436305966629,0.5875065898375308,2600.0137431514145,3.9273980341125614,139.93253020610882,0,0.6054901267551772,1
6.700255279709661,27.81505731459749,80.78925500660168,181.71935919725,303.92547653329217,0.5739553181191045,2397.3919905902426,43.20107372586791,229.0640323413963,0,0.5984092335249718,1
4.012288781938082,19.342454997440683,56.88249753935037,122.8686277756137,180.35653941111084,0.33642025606740966,2372.1525161256136,30.95882277401714,213.80755333644888,2,0.15320600360691047,0
37.608674865794704,93.84451217439585,242.59624562336265,680.372235238718,1351.960056865469,0.6821482544586877,2301.8022819897924,50.783474688870726,339.32079864631504,3,0.4626822691695391,1
23.361978356095577,49.5488810090424,112.5831531967468,210.6769756149365,239.97964043824615,0.5122616730382453,3395.1201880988733,12.530118909693066,152.96483393715548,0,0.3236391824100511,0
3.4181198798363863,13.020016844440619,15.43580777286152,0.0,3.451443653203695,0.7659317588076339,2267.627654389916,19.682183283534666,244.82226804161255,0,0.722891634090756,0
4.078711080006559,21.59272007004543,81.08751597949379,112.17080079793969,194.99568575802675,0.6406475900573526,3541.940743691752,36.37658144886566,83.42404658551557,0,0.5645901102859096,0
4.181388206711551,4.672378482747003,41.50946055907754,88.8583477329119,104.78914485893635,0.6838607883931579,2879.893285924015,18.420240745467357,273.5181350126979,0,0.5232633059337936,0
4.11180926668591,5.351377012194801,7.840082284475667,29.306219924206935,105.99818211293848,0.5592527289867627,1133.4103439649996,47.46041527435739,335.11513065696715,2,0.2589661733461885,0
11.844629009570506,34.77653128898818,112.58383637358921,160.58084234403142,377.2676380213187,0.6014007300371218,788.374398049974,52.15333918563616,95.52965157102547,0,0.20115723133999486,1
18.598844650417462,60.26415574174219,128.4928113582628,273.2801013692123,462.41780549479125,0.19858788498398103,1831.4307824350049,19.853315257995227,272.5520596717748,1,0.6681194725644637,1
2.6590122817471897,4.237554774352616,23.875290028400215,66.52609916042232,158.94126843515198,0.6697019485970785,2282.894196640991,22.938951671061048,238.17170089719576,1,0.21007076499543384,0
2.386573524402176,7.998965708230725,15.976308297529311,32.144630725174586,89.87669718012359,0.5397173041608471,508.60380043633074,35.10634080198958,213.77763861631848,0,0.8049250646120845,1
27.665639620375305,59.71816230368616,84.67761346929692,171.8788876403552,354.46033429435346,0.4402677986795534,4134.865834598344,20.139445242983392,190.97316603201287,1,0.2537172840811258,1
14.074671605319999,32.11598656327588,106.59030984278701,225.04749347352924,276.4329129420539,0.5110514547893487,1934.5420577251211,27.940692252899296,129.5801678014354,1,0.4208095657513284,0
1.7911472028247823,0.571607403471333,0.0,29.66737817192983,84.00323466345026,0.2784504834881765,3358.2406919629543,16.889302422610555,222.23689446633608,2,0.5086765369688946,1
8.53672644106732,20.75032443191804,30.740055226246966,112.47279732885062,227.57744665843597,0.7547445019961723,854.3834326864804,39.06986587309651,264.4868541297875,0,0.5300759746002747,1
4.0469769197081975,6.457246745906364,12.819912942659007,0.0,0.0,0.657499518056027,4112.696749755705,33.795593534545155,236.41578647644354,1,0.31035029124082586,1
17.56734826304341,43.247196856426676,122.35705507626842,199.70066707121003,275.55980674220297,0.6502787415989089,1834.385247680212,49.58711163913181,208.26196035147575,1,0.31432238200180096,1
4.047243388661633,10.241879932400916,26.963386028337027,30.22578037907284,0.0,0.4424346253483511,400.7915621681844,19.319451183752786,302.53592158374977,2,0.39096580053345764,1
4.284851667291948,14.397342197247252,41.15147532583751,84.9288823266228,199.60591641205798,0.6514931071851472,444.6012101822161,4.807793589090666,241.29340389988116,1,0.3985751638779523,1
1.2916119565413815,-0.2880827891536124,21.85420197525238,53.7198599287925,38.69888798221117,0.608244618222246,2071.156177622041,14.507245692983455,301.30976404593446,0,0.8914975472086343,0
5.009102840824912,15.722181024074956,35.71919709295834,76.9239653570175,89.41812987330218,0.8122500244365625,57.764327911362116,14.165489545289997,346.5060161206643,2,0.46651097316646706,0
38.84850739610468,92.50492351432774,169.09369578395643,341.123844315326,682.1212474429788,0.5429700466291304,3612.9930385364446,16.847013971269302,169.90587450904403,4,0.2283994388741225,1
2.110891984878228,-2.0075346559286364,0.0,0.0,0.0,0.2600826741992229,509.1099535848669,2.201321086603717,339.44260454749264,1,0.3713297396604191,0
18.104375385450474,23.412485055860934,66.64174618348189,146.43770810822426,195.80161995270376,0.8280692758856161,2023.939370199714,4.894106879986254,313.74614365805525,0,0.7907494967126815,0
0.9705325544837438,8.138851024239667,26.414761230682046,110.2274334865411,185.83814038067783,0.2688932692474638,3052.48111296635,21.423129691143618,250.27471452792696,0,0.8879955034816914,1
42.82031696996812,116.34918258363645,299.81609075137396,633.2680046333364,783.448813856371,0.17329651955172212,1007.5413431324175,17.126201729580853,212.825295011652,1,0.9048932328292313,1
56.24375711511396,128.69937776770388,325.77380337402366,799.7068889246665,1477.338061888037,0.5937958801809314,1710.6031575020122,47.61335581959186,178.27333088174396,0,0.2767716764419651,1
10.26077942639238,21.60745232672718,53.250368442534416,165.81725293961534,325.1906859676858,0.4592283868640773,2499.0890438466586,10.588075007589008,307.13161869640703,1,0.2366052803060643,0
4.294280846662611,10.378205399783209,6.002523508821703,17.480194239447265,0.0,0.642267260925821,767.6123629781725,34.10363104306742,355.0778484864071,2,0.1885937420190339,0
19.850845564314298,41.94068742221472,123.19491845765299,289.37505782214186,315.09790943188995,0.34893944349808925,1745.660220373716,43.63254285017037,244.06157696614903,1,0.5893206170906053,1
18.198551588565838,49.980032872291275,67.72695108372679,92.47201216619742,120.18960008901841,0.3652582975746573,1506.8364508102081,29.89121648219387,218.48056719270892,3,0.333221312588472,1
27.17147137912726,76.7898001599945,113.65479861437187,202.78329505497837,243.07133928152933,0.5363521095669925,3334.126243266009,39.75985184561517,88.77575121967492,2,0.5194693684602022,0
7.257055578046886,6.077888170985446,22.154667334565723,5.486708187309276,15.639659009899553,0.34213310301980654,2535.4336278975015,9.893136230354274,334.63216636994474,1,0.8989469450425851,0
10.435194373292559,28.64592284224824,54.36166149459373,130.64562899801234,186.96839545679398,0.8554306432590495,3508.150135377871,12.95755566180902,32.72328357201857,0,0.8425345995038225,1
9.601209276031557,27.045481507394076,16.974655519792385,27.019459039908337,31.828381801325623,0.5589368040601961,1734.0137040314657,48.785168497423435,142.88998923034563,1,0.8328295395952308,0
6.642463542014365,5.985313041850109,5.051251631527551,0.0,0.0,0.6704765364563926,1032.5129129854984,7.404758910603883,61.16500257040775,0,0.6238543222048835,1
9.59004419093944,14.15145157170102,55.67326586600302,116.11767669209542,230.37290280301318,0.46018013972042887,727.0165201616461,16.40894825901619,316.2785115295562,0,0.424572502750355,1
36.368330577280034,109.72398485910682,227.17667788295532,389.6028927499498,748.6497868113112,0.7462364517786005,2621.2165490414345,12.341253304952168,233.929629532982,1,0.3572304972007499,1
6.3945155291988,12.001270867392565,26.113057310620825,94.29725544827399,180.69356856189177,0.36723894093841114,4096.861508978021,18.514842382974486,204.0866331793057,3,0.20543375470798572,0
12.732512580435827,28.034741725985306,53.95959343394975,130.35605483054735,198.10100040103927,0.2412039649997233,2416.7607101096755,40.9274640949281,116.18595118464401,1,0.21253621671376988,0
17.934489815331293,35.16462797203983,88.24353805935182,210.34151110386205,352.97842238901075,0.4864282375887037,2004.6746415062764,54.6087407180583,193.38352933298808,1,0.3112756587003654,1
13.349764174767078,40.338940797967375,57.07723300340235,124.71352740784965,203.8418765427739,0.36403848320635385,4385.751113933649,18.45862633102581,268.6858163816829,1,0.21508640588584862,0
14.463179571357292,39.353205750454045,86.98039131663252,171.99277584201255,200.52154408789457,0.5407124976481918,1989.6695126299826,8.957862891155052,31.831702625666786,1,0.6432235824729738,1
3.5750821878369807,15.850308941846473,26.545318066293834,68.06623518209248,134.35421199535702,0.21333774151434493,3415.579074530065,49.10484574312422,230.92899193915733,3,0.3329919889086199,1
19.025448234978807,51.337001977945356,136.8225223317032,274.0096236307514,590.7717452383424,0.6115019682303019,3590.4357851180384,4.745504953408329,206.70628978702211,0,0.3026299921851783,0
13.667271430093898,31.72823259883034,91.20598604016423,231.394255748344,402.32560727585604,0.662819694040877,1070.3294662770284,23.11387716696416,240.83030187243935,2,0.6337016719700659,0
7.901905268964933,19.995627943695055,55.51358663345109,107.2531099582939,285.74252199070577,0.49122866391435815,1180.2630997392266,38.38007095588838,43.78355207536381,1,0.8758544307880612,1
65.14110351772344,186.21189748750413,477.59835208137224,1214.63330771016,1612.9791200525422,0.46719281845093974,3120.845556778661,16.47514100740242,119.32863286762783,1,0.5499708924384972,1
14.357895031387791,39.23422749432005,45.7371190191021,113.55544462890498,106.18005780369421,0.3421448958734611,3185.0788810420154,54.68514939835056,225.42240674356472,2,0.6037146926039787,0
2.9170019449347264,3.2086485569650645,0.0,0.0,0.0,0.716568705722204,920.99220836629,21.35249695088358,301.553710081024,0,0.36614530763948566,0
16.396729916695588,26.846779375480324,62.665767807233244,80.80423230875473,59.592243575243785,0.5412928602859393,1694.090526219895,29.25095914527066,153.64389717027774,0,0.4411590194341396,1
9.672810747562242,25.690165728595247,60.965600716328474,212.5426320120934,409.8962049730167,0.6857230014922207,1937.7657502744164,12.88763972251623,71.67732438286416,2,0.3177843131604615,1
20.238491225273687,39.92222378724709,118.75448539437161,406.00130231064793,517.6801302542666,0.28455501523076043,1278.101656457058,11.309694689186713,307.1949914762184,1,0.29029157903699343,1
20.65731902369458,40.828811040055264,108.96826437948052,188.67614023113083,332.4420014031641,0.2252694413654686,878.6436018135225,41.448532718627206,26.19194506524734,1,0.6262833405385795,1
1.487173926026069,0.30406144794345646,6.130536807607283,11.956884824932414,0.0,0.6515472264265494,4129.502333424905,14.135350961459084,76.35976566882283,3,0.24318120102021387,0
15.572202774180946,40.971116125635355,111.45002930803665,333.80897003169423,560.7374875869488,0.4463565580805902,3064.2132716513165,22.35141817161624,215.0050634547026,0,0.32878927443442846,1
29.46212990331524,89.87968634700175,168.37283554663358,361.611340870677,554.525252951,0.6214155833002137,3804.252725173937,37.187424011615285,251.3839912883017,1,0.44773284444724154,1
6.652065051290057,16.49916534399808,46.44094921758368,144.02220053268516,271.63430056480775,0.5697830360592469,991.816053719073,54.91162541768617,152.0060069110214,1,0.5190382677467122,1
6.524103005389337,21.879136793235986,29.662079218477786,99.09184832360992,147.29836818242944,0.6667674185700476,3962.584794125892,21.754623850270196,257.9528913369405,0,0.3806947275645419,1
9.970015043171944,28.40028258885581,65.3593432010575,138.60353120914917,226.75704540804514,0.28356890777348137,4399.0647029371785,17.540252846592463,293.430735518558,3,0.5053262997867703,0
7.670917314684654,16.515030869699935,45.160574610881426,95.4772738213765,209.08255147325337,0.7854078319794896,4485.878915674751,6.629087334348951,135.66381627340343,3,0.4131920327861671,0
14.399766272474638,25.044599869564937,20.115521177403473,14.085438418975095,38.07021244750196,0.43139802821036494,1450.3852180944068,39.984511728249664,182.61880255921548,2,0.3791944212762481,0
2.8804291511095044,4.220402912088614,24.351064372488747,67.99009404414355,25.423026479406502,0.3551131148255681,2414.6211848729813,17.18553203449356,159.683584164266,1,0.5574561433392545,0
11.096028097481593,27.312784548567404,57.87920701849,155.1893917057354,267.62199408597576,0.8206452044147352,382.1219306778119,42.25837345039049,92.05602794612729,1,0.47243192608847445,1
16.397401191024958,53.77147661732494,126.33914582309306,357.04302006628814,795.2332341145164,0.7350530296045744,2448.862333069603,27.85903552295588,290.529863895129,2,0.5700307409997463,1
20.06097458546206,56.5295455394745,147.3768550349812,303.0673674715105,405.4052526211844,0.5651084162301538,2871.7882370249977,40.546169549218696,129.80034441483048,4,0.3338853086365514,1
23.701993397051698,62.64704670980973,176.41441052549476,338.7311796193615,596.7000418851487,0.717651854863395,891.0139166165438,25.008915977432455,56.53199818571253,0,0.4716055819146047,1
3.25175808664853,4.32209615815569,21.967759870461624,26.249892350853383,22.237721682818094,0.6073229908860651,3765.9763528490616,29.19932383133854,325.27647501631066,1,0.570443243803146,0
10.4982979666016,18.0503728372652,20.660401023231977,6.392129408356361,44.462663464718304,0.6282579677389842,3034.568576714286,26.147935997990597,257.96877410020244,3,0.45069893663218313,1
0.6079799935234043,2.398051676042502,0.0,22.15477176823313,22.955579728746986,0.5859080894689113,3403.3445872975535,28.197990625970988,192.67739572998445,0,0.2595552676582709,0
24.43396571292434,90.41738056417432,131.3254485941817,311.5512245342864,464.5152212605849,0.23844235298604705,3329.1442368983644,24.002945028781276,37.03306208704143,2,0.11091816048777965,1
8.402704779557961,16.98925038030631,32.46191002399152,45.391813978394076,46.40326925268715,0.6139725861838863,3785.2248598852652,9.259376748002442,352.17642086656224,0,0.28588007957086864,0
9.053949803963608,31.69213320201044,70.95069690541045,170.9714174329456,331.2028995754935,0.4020757109964034,2170.0692551193347,33.936747578879334,239.93796545173944,3,0.5522710879723673,0
10.846109490143157,32.79379593212274,129.3918024427764,334.032244339111,572.5713228247058,0.575773171344595,3313.876208727505,10.802933374360114,314.31866247954764,1,0.8407819976360752,1
9.630779096951189,10.871926761556274,17.677519963581354,0.0,73.66806107613112,0.4062504767309165,2422.9327084955994,0.4300036471721891,172.5020234949,1,0.4884609228139762,0
27.843766269394568,84.73363073784849,191.5312064014103,384.7283754835894,731.37482858645,0.5031049303393441,3778.9477780380184,10.589564128913915,5.359069650013293,1,0.47900621516777225,1
12.818282665836314,37.494494309889134,110.71090889738018,185.74677637584475,356.4428915422219,0.2566797186342123,3885.9796274790788,36.937641189016034,297.100185786619,2,0.5413969551880399,0
0.3764059223347257,3.8996740555162095,22.44411635272628,92.90547194847396,170.2735879328248,0.23127692559577037,4069.8492372989995,50.89293970072673,246.4506213794889,1,0.648894036250251,1
3.526985836719548,6.256413594815055,18.797766623863584,42.83687802934182,142.23017270164422,0.2859106307323948,3775.347054341043,53.082565704198885,124.29640114079828,0,0.5570647754629676,0
15.17812171233767,23.277849258013344,46.65072362524805,120.51982922767235,213.19472454490617,0.5979562338857066,1105.735722435926,21.392096378451168,103.00054981508046,1,0.7397839235462799,0
2.240332383265667,0.7373017409855849,0.0,0.0,0.0,0.8102686524110516,3871.1734440198707,16.72555511104465,106.18469609869152,0,0.7887829354140945,0
6.95432787720146,9.570625912703182,3.0306278398413404,0.0,0.0,0.47859506038307814,756.0007596363961,2.384832839969,186.185922328019,3,0.5023135626073694,0
12.016937456649984,20.402614637699088,45.980869837947566,161.3239824930762,161.50873169183023,0.5235513234337446,3975.5333879264836,38.34457544554845,121.25731777287619,0,0.5501345746788417,1
48.83607052769011,157.21110284536164,355.52804098733554,686.1164925108523,1214.9380803266852,0.6517112340663657,4144.518277296402,40.53995883302981,97.32660843854183,1,0.3854210831497536,1
8.51651407064914,24.208113197790304,22.43267198899551,64.85420532478028,79.39993680823872,0.5994913189913841,1117.9517423248249,50.714708026388834,109.67278413008044,2,0.2519898523637661,1
7.2478395366745945,23.15977119465013,75.90774090259279,201.29346910688864,269.4540772466235,0.6984562665749509,3772.2125389289304,1.3881013783485918,189.2730916386745,4,0.4709509126995298,0
12.166188552436704,25.50346468562788,52.65711417906387,157.43222599288083,178.3615275855752,0.11035470022952747,4447.5167061748,52.509287235609214,92.59623930727378,1,0.46788585231678437,1
22.27961832641065,72.97058627488327,108.63208840435156,315.0606250269331,553.1353363363374,0.6628681007248671,1951.1575351630079,35.38871154465145,236.35553498398676,0,0.2979179973215624,0
25.531455594802942,86.83431313343688,172.41766402408268,377.7783933440365,572.9992154259123,0.21744605588378815,3259.622024109935,49.28367314354163,201.35856590456825,1,0.3175874064439089,1
20.332994230157436,60.603826734555895,86.19139344089132,158.1559582437642,306.7156397839117,0.647087220889985,3809.8871940635786,17.123439805107683,164.79469399263655,1,0.3392383887030525,1
0.9446629587256553,-1.9475037229886185,0.0,0.0,0.0,0.6502101908112264,3196.5826022357696,19.28429986913317,115.92583535403436,0,0.8299691951138494,0
10.2384688009667,39.236862142141035,90.24689792379958,231.43260994972513,467.37801411042983,0.6366545566773286,4100.799944149634,39.6160337608277,17.469874809770477,0,0.4499696201156654,1
13.154878188690809,18.680322766086285,50.11445450517905,116.7930797357265,256.4169562981069,0.4847898717736015,213.7403656376817,2.1980327688805597,45.71827292604467,2,0.6039215514573918,0
21.080428900421058,71.88116139640283,149.25581930964375,332.0920277831776,483.67323053656247,0.8606267934805514,2799.9064210085953,13.18530137442778,276.43202117375654,0,0.5054242644088505,1
14.845848535723736,56.42429907775181,168.15415918010663,507.39840296401246,1015.3263262664931,0.46990955599953793,1590.7580124265862,23.34536651532649,270.95305106247196,1,0.6995594401259284,1
7.156501960485743,29.309012071981883,85.95157587111083,281.239224529704,554.9143220564969,0.505920160335719,3652.180369164019,4.501549307734559,345.7967916523972,2,0.42345383000013864,0
9.284116152091585,23.3265776542256,70.6292066595112,165.2624683955641,285.64145475675053,0.7144233958493298,4438.267755813301,31.23320306043565,104.21285165751685,1,0.022061415451413657,0
8.215299030463258,13.009779223208861,20.447742049620928,60.24258739328463,23.856923977580777,0.6773343299712602,4125.184963639027,3.964543000492644,174.36653028968678,1,0.48959047186923493,1
6.207931838684764,26.819779543002205,8.928390757443658,0.0,0.0,0.83245463475797,3931.3672098936217,1.7565024542138774,31.983627473413083,0,0.49608302759715733,0
30.953987505815686,58.80968209889709,91.17426728295906,221.80811959483088,428.5263595004958,0.7647235020558197,735.1987380763819,1.2243727034734742,170.3828198362917,1,0.2586966866891728,0
2.556323358878759,-0.006586962331521562,5.955442415973579,52.466965638995596,109.66891361292409,0.7851084695651489,1368.80452248687,17.512392904301603,253.8755459271305,1,0.722473210071568,0
2.8728578823266937,10.20721821320617,8.939686931595338,62.30188952126122,42.8174516294182,0.6210107473590338,1636.1539084592123,50.059095329009324,288.0831509806586,1,0.33441685325276654,1
5.431268441153265,20.337283444184692,70.09465997974175,113.22177074704109,222.43375982908728,0.2947945003608047,2051.8481763537793,29.582205529842128,220.32756342239554,1,0.3315004182888777,0
14.929018292860304,43.13403017680902,53.937464168305056,70.70611930647426,102.85965487794691,0.41094252915181284,4212.926905761962,19.474769163882726,84.99133500982852,1,0.6281045167222518,0
21.2560794952189,56.901989597904446,94.8925835119094,230.29624963294452,481.0690705274797,0.8858762395501729,3368.925612108361,5.27091945482612,168.12275990126207,2,0.6283639853843804,0
3.9230384515637255,16.61758717957231,38.0465421830576,90.3970994066076,192.26287249636727,0.5748515721104696,3546.2625749952877,36.92122656086504,49.90944703839425,2,0.45204587262981044,0
6.156764627748069,10.374809996161417,30.372609003164005,74.09323472031406,66.69745977527971,0.6402612246005178,2864.6890686703287,8.013309362129808,101.98632417154127,2,0.4063776473061603,0
14.630716001806887,45.97320922581491,100.86741336422631,229.93075623148994,362.9339675866877,0.4273081520406164,1992.939018611701,8.228690226289386,233.18869878415651,1,0.3176351609068551,0
2.0776955893044047,9.194506891093715,29.922395912282436,46.26207549709419,0.0,0.3705336366219673,3167.1374378325568,24.418579901162808,216.9121688009464,0,0.48380422755523167,0
32.58404324126668,72.02987212582366,126.20472675862285,301.2242423684307,666.9550365783451,0.3432273479061795,3773.439119133558,23.21351505369757,300.41468513487325,0,0.5837346155329393,1
12.616247826713968,25.003671575486912,80.88517383789227,201.01617539890344,283.31910949076337,0.5212535198398193,3438.715499270432,35.024005928078864,60.20892705048833,1,0.30023512338878966,1
2.5361953539678184,6.4505046503702195,0.0,0.0,28.93845740753705,0.5142936886145572,4042.97417796796,4.659374532188098,126.9014353713129,2,0.46315902871517484,0
5.545110399487432,7.081450226815031,37.85677515525265,177.64208895088427,272.7462879999741,0.6250239821570426,2722.1464240097157,1.6871931999550593,169.72071403995827,0,0.588903882328664,1
18.30556802451916,67.73987496492282,180.45483143712403,356.1700761245902,457.6822458434523,0.5052927865510823,4026.192473302246,20.637475111032423,125.12245294846701,0,0.4120054422049328,1
53.53243612910421,126.35430301392714,297.0585981628241,594.4426010600856,960.5908379129551,0.9364869702448281,333.387251263724,38.80428603809137,278.83978429748305,1,0.24333367644674678,1
11.564468456366287,27.87054547499672,37.69209304388667,48.17385491081875,54.4846915458547,0.3589462675755132,3139.93731480514,0.4375981475174745,285.6843859297788,3,0.6973467254037174,0
46.642525003687055,68.46924383728421,210.40369927238083,368.4581796737311,819.4431526194223,0.20896289874179322,4263.868141515626,13.333010183912052,348.29011890171364,3,0.2912953355950621,1
10.592897548097449,32.62867785422602,45.49811019449957,110.16066730157645,132.8774122841623,0.4495177360198743,843.7415635308938,13.479780055706204,80.78825672727145,1,0.27641687259958897,0
68.18600689194717,168.59111296308828,503.62850562004223,950.7993248191856,1994.8815770122246,0.7260557476905493,530.2316820191083,0.9488016246306213,106.50392623614114,2,0.5285057839062931,1
24.018274947482478,56.01869665776918,123.93657871134002,241.55240028731762,539.9228603247103,0.5381858420809967,2013.3661481288675,39.972295616932385,239.2140471800708,2,0.6928386472768704,1
5.679901838058001,10.163907038461874,18.501052272269202,39.289445380869275,85.38509289727494,0.5881309194794309,4334.360593436834,33.56805458776066,28.0814347297145,1,0.7457577217759325,0
24.02990067271954,59.20197667737885,118.84092701194191,238.8101427881698,509.34600709023874,0.39373285440704936,1127.2904503271145,19.618842896252506,172.83773379450156,0,0.43573101121316105,1
1.6139065916375845,-2.9299105190921155,13.079894694479188,44.508526925298554,132.72431227286734,0.30019394084789724,2430.613587826333,21.610947079073515,24.074889155587996,1,0.5095228099994272,0
4.637561344273383,12.767171951730726,15.529420410204317,0.0,0.0,0.44896426382421073,329.91319911107263,30.417359020605026,91.95538872877762,0,0.6250049691768884,0
4.040786854871762,3.0793392568007825,10.133577382926445,0.0,0.0,0.782307848179872,2122.7702996692515,26.4847354308681,244.94537721289169,1,0.7348992815898567,0
6.195261300167342,15.494009242472572,39.850156607797,64.93850020151969,101.88668744540477,0.44840300297953495,935.0486147845872,16.949226003969006,172.76428769109418,0,0.536353326696931,0
6.211836936819234,16.10020612816642,20.738614871689673,48.52853916971063,94.77693628122998,0.38922185809216187,422.5398959168107,9.946474343976163,1.1554883000194316,1,0.9690846440990509,0
6.36556498080619,19.92455800450214,42.17437528350224,120.81305291713481,153.99494378382005,0.4286889623556653,2247.9319402854844,37.202020322040056,274.7909060917418,1,0.8112562461863755,1
12.224215421111094,38.79803510524627,79.5615511225471,184.33816282989307,272.1009320138688,0.5865515260503065,247.26183230093818,49.83605131495302,316.49994783974165,2,0.46394416560683627,1
4.812992226460807,13.742725748536458,21.12994183672708,38.62830763561708,58.20626210710157,0.6964165107129086,1552.6498796675648,10.117184748189864,133.2449598832504,1,0.19301470580534918,0
16.015636238039036,32.21190791751047,53.68550059507068,149.70037856729198,288.46657845518445,0.3830142680464491,4058.833840228952,52.930418971610294,177.56859491074692,0,0.7066140839386551,1
7.4204773272643685,20.51317248694475,42.383326013169786,96.45129236578352,135.39282775766043,0.6172566883132127,384.32234960574635,52.510777401868765,74.67230565353091,0,0.5716975255189499,1
13.551654452786686,31.5424065216735,73.92850230559745,140.6106277851518,328.78231422413035,0.48501376471609936,562.4741466963329,44.76835729433597,218.4535460147907,0,0.08769133921866112,1
20.40589791791454,34.67171105662817,94.77479337480291,125.48649037202964,201.77132637720783,0.4267925422438587,4078.1075736512644,13.882516885116402,299.45222355249035,0,0.6446365997196083,0
0.7504655783238687,6.0079031309193835,13.613750971590973,64.68961222148653,171.58197795612782,0.4971748864013574,1830.5459788676671,10.671830106611464,169.9873894644185,2,0.7707054728885154,0
12.801909629837626,30.031073834860376,63.118318442645034,177.31313291435012,399.74631587010794,0.6245746655512232,3197.875137649859,32.30088456929864,223.27556519572872,0,0.47149456883468716,1
9.552402707175705,29.29250292868478,51.47866694308754,199.81827245527933,406.3962071796831,0.24138331189305287,259.5975113246249,10.988006386378835,43.527724697424816,1,0.4366477378479513,0
9.901388253902745,36.82556765362933,47.60631511541197,99.60039470250605,180.83023131596227,0.09726535315038443,3292.066334565418,2.6381159915963974,97.92309380153829,1,0.639820715445739,0
18.409338530522508,47.61083568854685,41.72193891320168,87.09456726904257,31.744052374459102,0.7105467164046301,4284.95106035037,24.771919230735996,291.5744293033163,1,0.3309240979948383,0
2.3702876103777872,-6.459264554998473,0.0,5.685451383875238,57.31487735818668,0.6305243656419885,2329.8242290162316,17.913713201762974,321.99952917429323,1,0.9631083695508886,0
6.3384242016190555,20.834744646754604,70.8235519452166,191.0162426878027,418.3787885412494,0.4077616324763369,476.21455085536024,0.952583988443837,181.18093615482428,1,0.32361662240082933,0
16.692412533938246,47.24771073357428,122.71337857284385,248.89039423371548,430.3020447518836,0.8166111536948752,3227.0954603424316,14.624688100617572,354.51068893928544,3,0.42439433149956646,1
23.648425132768875,53.78728743900086,96.61032489203104,197.09438068586445,222.3936314224751,0.8142098765172423,655.6466606852016,4.614095097795729,18.845287280360296,0,0.5695480960753379,0
14.328698835713363,31.416112778684134,62.805297126444984,112.64224670011677,214.27894287145958,0.46702776351256897,1447.7704632983632,1.8731819852073772,78.4347148878574,0,0.5542969879748929,0
12.926771629363127,34.866943658950674,81.58249761864427,220.59651116095984,394.4959441668812,0.4877333786792082,2976.5329170400682,15.988236977400355,225.89879241044727,2,0.16812043314807432,1
15.692071976534283,48.61632399977282,147.45811252460882,396.712735827648,617.9924582451953,0.37360627981488614,2377.399507753389,48.86750851110776,137.044044275786,0,0.48549740195409896,1
6.86528105444255,10.06611472841012,0.0,8.355551181628265,31.313935440088922,0.35858961739420797,3036.9338257902073,12.482100944334144,289.6780325017318,1,0.3538058133226604,0
16.68652659000705,37.41163662097374,72.92886846637435,145.18783323670826,247.15996429242915,0.43060426134865026,2059.3994166376265,37.514737857470614,346.43782100939126,0,0.529115376868871,1
31.352576294376576,51.503130897260995,64.01752354936568,102.53366051247369,149.5210522707585,0.5981759752880873,1317.3338540309176,3.930947804769554,237.7344886214384,1,0.6904104756084338,0
37.507229537076284,85.12809180132426,130.16755365366967,327.6781680281437,458.1196495933482,0.49137153289976593,1939.0125584614066,2.7221873502024985,65.33075595384662,3,0.19534079220150866,1
12.969020117924375,43.34884825152079,73.91478080158655,114.9772881553657,170.26285246504932,0.5376467363376904,87.01753953046855,11.611173824814356,8.163979913029081,3,0.5734838679502247,1
7.2374094227778345,17.39361909085912,39.133179133960354,112.30975502592383,242.16099415868172,0.49813788857785496,3554.028133382894,7.1670355439746345,73.47075239049133,2,0.5952662051742609,0
7.3473393784790755,7.714277089569641,28.51570099845941,33.14045636860584,54.39309744546335,0.44892619004057116,1751.893745421621,10.33525124145801,262.1041607951268,0,0.4361033245186251,0
21.92500868608809,66.05391748493327,99.52383540717625,240.9043427451617,398.44997233665305,0.22203381142607176,3150.3176082468344,7.990759370146227,81.605117432863,1,0.3251115741945224,1
10.356410170550264,34.73777274529164,70.24094406519325,172.35648993557137,300.06246692960747,0.6149983896086376,842.7935783135467,39.3160302230153,241.62015196293555,0,0.5542008610228547,1
20.831968871595947,69.25397913599636,147.93424143647806,356.7165564702912,592.8233982802277,0.7356530856176052,3199.753711769984,53.57858911427961,217.23717008984838,1,0.7320192089361106,1
10.907743623510735,45.27777668316163,140.6177286569943,272.9486115737483,403.5168373068103,0.4218627549265108,3240.431808667354,30.813818821419844,72.13577367893966,2,0.24454859185952435,1
0.6575602661043769,2.162245023534008,0.0,52.06384803092449,142.7624247052453,0.5748030575556974,3309.782351116657,2.3941542745745585,100.75485509559887,3,0.4930400169056575,1
41.23826982965648,77.43730055810319,126.95751434848248,292.9377126379868,524.2369158938126,0.24573108496954504,1102.3725719848214,49.212297975111376,12.81852599562042,3,0.7431568042901925,1
15.301870380507614,42.90673843510419,98.39869271043797,221.3357526136483,438.6717829538193,0.6267462087011688,573.220605026537,11.063712720715051,102.80270075050092,1,0.599277919993638,0
1.043645135458195,5.319745568810581,0.0,0.0,8.903963731404293,0.6015628498513064,2119.3601597543725,4.848247924566259,150.96327868819535,0,0.19638932741215195,0
23.22079578536269,57.50894953138264,135.63200229209804,259.47938061413515,416.09663212861227,0.7284073912029361,1005.1107707953859,44.805869319380854,73.11562613790474,2,0.10373471674968217,1
5.23384412847251,22.171819083541116,38.89955399077866,101.8976906549103,136.84293758149207,0.4997476147607137,80.97463552847957,35.642389125020436,261.1880440091014,2,0.4935289263962865,1
31.777046903756094,92.16470501952169,157.58670077245338,321.1850369789763,573.6862219470917,0.5499285705318255,1165.3265271620842,49.647961481330356,61.507553430537946,2,0.240424975695725,1
52.03598108501627,87.69562761615653,231.89731053011906,518.5358345300442,981.5138982062473,0.33821015349528644,2847.6520941889903,48.08181087830039,262.2417700604806,1,0.7551170258239013,1
11.802202328583661,30.363645993331904,79.1365128333009,127.0636402894436,305.6402968755188,0.7388326554280908,1620.7010619659031,35.16040595793152,241.57030239006855,1,0.33817911649717125,1
4.522070220628035,7.1583746995287365,15.837466570440371,79.32122502796237,200.6288372591235,0.25780312822583634,884.1318351351553,22.127630973313142,344.7532176610435,0,0.29423779817128215,0
7.17645182755148,13.49408372264868,30.078023125907144,79.75557360796572,159.16106723204908,0.4776006298324396,908.8626130570341,44.4569373515151,249.8587570378398,6,0.7711103724091178,1
25.896727254658213,41.31597870725139,106.40759790856431,193.02998468436732,364.53012070607656,0.38737114160884856,804.1709860372208,9.225300320479693,203.39458497328047,1,0.3133778565597968,0
38.918975091988884,135.37389859437096,228.6348087877946,473.704372484048,952.9639602091171,0.3580379712954446,1144.0200350311177,12.107115808305142,14.197242009930937,4,0.3116792105912722,1
19.19591185936379,62.35510728586575,176.7719890941029,282.93426771988214,553.7485804907251,0.5371972014752753,3619.50390766397,32.16279201378501,36.68667104737919,2,0.4732373140504666,1
2.660563155811876,-0.26631090698759063,0.0,17.56149952080033,16.255211116383922,0.4326023229078317,326.5191230585882,19.94444064820718,195.75285845100936,0,0.5541539466002384,0
15.023912890648306,23.048690804229924,53.72896276753834,166.3434038545058,214.84938874768633,0.2925774714495567,439.34408880972893,41.62435644749549,244.04094876478436,0,0.5125588340371301,1
7.024169940027432,26.734884831719945,52.14158591783935,135.91282959571552,221.8314970520321,0.30260720343758785,3452.279997872073,31.03767614903036,18.662365340066437,2,0.8468112896603956,0
18.31307832394668,44.08910457089683,66.37012385141847,166.757536233142,294.9872812310001,0.443643764907074,4488.246863940537,10.70360782731372,178.0636357119247,1,0.4590416976830319,1
1.3732193254382778,2.2514970001427255,2.1630315628461263,0.0,0.0,0.8070081785127363,1060.6154779681906,17.62582956730037,22.352237455137743,1,0.5231744992040132,0
1.2559304302603063,9.57863781631757,38.45006828454742,90.11787923458282,210.99943146334763,0.7402799214637623,3619.4736876578722,19.778920995037428,73.63479066495309,1,0.7791880530278162,0
7.988095388451841,30.897248304364638,57.905147358050556,150.72591659589713,185.900976312822,0.4539225819116881,3061.5040383659743,45.14525882298399,324.55235156710415,3,0.7200496498460213,1
7.740747028118183,13.852739059545927,29.315583338688125,116.615055927886,129.08710927712247,0.2546182977608436,601.3682935581546,38.354889504441736,176.5611592383627,2,0.6440549136634405,1
2.4518287863246804,7.010220918076797,0.0,0.0,58.60094909425936,0.7572820023550239,1297.4701753294535,12.08751399274562,80.53849144183211,2,0.8110884882053285,0
12.503926654129618,41.277387411538,95.26515565796743,162.1073088105531,243.32111675216157,0.35707073401093553,1999.3563534910097,7.90022682682306,207.45994069791257,0,0.3129160482519282,0
2.2255318778736637,-0.4329169514358773,37.248505048096824,94.72561379063426,180.74890571000742,0.6221866504958663,3550.0740814257556,28.950127019820368,138.10789368196333,2,0.4640573301377694,0
3.692397598385,4.71539285339478,9.028548051539463,1.4950517976180997,0.0,0.36795046540588555,2201.0779960003524,22.429982234543406,144.92655844544367,0,0.46559168261488143,0
3.618210895580836,11.444948743924416,58.00327749638121,198.3593754459759,277.1182359375415,0.33632050517145856,3582.5330893529404,52.96442897750813,169.260370776883,0,0.5984392871062605,1
15.8509387686145,24.855257588619665,78.48134955392885,118.98600524691078,230.5289967486931,0.5630307894083157,3027.3156948387154,5.765987299160836,172.83638047433823,0,0.5466844371217127,0
12.474883075130984,38.88474531080419,81.54865900424433,238.51744481673256,334.84777133978685,0.18622876777068456,2540.3134151537183,5.799029188366388,19.639259526018556,1,0.4231772618710874,1
29.58786251574043,42.85957983522838,68.27660685869814,166.47595063446676,276.0973581555219,0.33117898465454104,2364.317167262762,32.89456157033542,13.941716653917254,1,0.562047027946203,1
10.876728089877783,27.658498526398503,48.086995701350496,83.9406608192622,110.73970040372387,0.3423489662959061,2440.6293893179404,54.51839385057856,40.8695315598919,6,0.6777809226777604,1
4.934715860245761,7.11050398926631,21.437555680130846,24.061044623805984,20.24020509409872,0.462051493651232,2553.352463190121,50.27450933913338,16.38595367828701,2,0.13129643528575677,0
10.483961951373916,26.953073881832573,69.4672841702952,169.46990161527202,267.6417487259111,0.23354742952821786,4355.587692736132,52.41711568077649,9.622673864379783,1,0.8457714990372283,1
7.558824266401549,16.99165767146609,50.42500697021215,62.56004177371859,71.62332634784374,0.6055119834817526,2256.198894499253,12.505585333911975,213.59383536870124,0,0.5152673783023795,0
5.096758285769904,14.963853249601222,42.29474384964362,80.71216592857137,168.2218003496265,0.6313278542960263,993.2379596404851,2.5520432919093143,173.7292150806826,1,0.41457025222480354,0
11.83327854140167,22.92916175914731,65.90920998500175,66.3112033413309,99.16619090953643,0.14060117083948181,1867.1747555707486,38.20061541444606,101.70842045915794,1,0.6990886255359653,0
11.862044380799151,33.86145083158616,72.74974064116782,207.54592124588044,363.73781876413994,0.4973652840540934,3642.554508483722,2.9339616213083968,158.93740899331812,1,0.4085851567711935,0
1.9039006371095484,2.1729698467280243,26.896567334962864,42.6526444036856,52.24006308858702,0.509991612195661,2285.389264790215,19.86991935064649,206.08835313926826,1,0.1949783771491061,0
1.1099260597005252,-7.945937254445493,0.0,45.68387905426045,87.03358517653206,0.6384733773238971,3496.5344908497586,8.879750817965457,154.39613116225615,0,0.7461379451176445,0
11.14597297939746,39.54394392453672,114.56887306937881,202.50476412122808,260.0619349204451,0.5370421188601285,4168.36814267642,15.084923296207334,263.1943071005346,2,0.2973532981713888,1
13.385208604444834,26.838113403450052,92.72020665618578,212.8292511507194,330.58543262953276,0.43881238441845194,4147.714011597612,23.00977135603558,216.15482982251137,3,0.37730015973670616,0
17.535939512499322,27.682173983490184,81.5146052994265,198.02751496947158,305.093147496763,0.5281411067897153,3863.406422344128,52.26962361723712,106.56772146580967,1,0.23276058951379325,1
1.0050573616845473,-1.836806716855936,0.0,0.0,17.92078352943733,0.5309432721611923,148.80832706520533,16.41868682741569,66.3391886372395,1,0.4012903124214117,0
31.71836284307354,57.83703858778079,149.40344160642832,352.69485409172205,548.0760861906684,0.5323630142933059,1625.584133685637,25.633347154476056,222.3626773096241,1,0.3911544968982095,1
15.432472032432418,35.81551320137464,67.0819930343513,133.57060220287303,232.12051334343766,0.5593702063811192,532.0609482030211,14.783749252244496,345.51990250490684,2,0.7317386904388459,0
27.23680560053235,52.23444931228095,123.2913897949853,221.02985690818676,513.3740718387562,0.7845474769699986,3486.610209755927,51.87544694645039,93.78914503534581,2,0.3748294623798884,1
12.912413811938649,37.22737434827329,58.73571998778277,161.06454681589108,284.4133658251941,0.7398434067734274,78.69131397624483,50.13020843779534,71.35060924847215,0,0.5386203049444259,1
8.463893953634914,36.065548357992924,54.85736261575729,107.31907238826689,106.46009486171482,0.32375043741880244,2997.0982707360004,2.901020866821214,131.5733411053085,0,0.7156097679075083,0
2.9495569714496974,12.240046335415267,0.0,0.0,0.0,0.287913352596302,1234.3436321086795,45.372326772876015,243.52058283169134,3,0.18083587106469126,0
7.522575732437597,23.925906980952345,47.074091563619774,104.09392697363705,195.05665957348384,0.6790814234436183,3612.6521987941546,32.45008475895851,232.54589967172006,3,0.5746390519453818,0
16.67897863121244,50.4638580790187,129.66821986405535,243.7165151931447,341.34208172559727,0.6684523872814534,4251.5185604139415,44.247991732075874,55.07217266252152,2,0.5058699156485649,1
7.074259231811831,19.67160305726342,24.274178683102175,76.36603557809826,189.34658213223608,0.4179093511740953,738.249648930706,35.59346387967583,329.38114244883076,2,0.31610766516417915,1
15.086281549876219,26.09977680318559,44.134284925680575,131.37829366141835,151.68522986934641,0.48792594594953864,1067.9082421578812,53.91353942365061,87.9261274579988,0,0.4109862968843998,0
2.3499896776940328,12.720813776894058,21.596673808532454,40.20378547798821,59.00644440258766,0.2940843113670402,642.3090450286169,1.7779248352358183,316.6302537299378,0,0.7210609967231493,0
10.217149859742815,10.80308775522379,13.423075937437424,52.77670190207883,149.38455931457284,0.24579046052263892,1815.2311777626758,30.403882158805366,311.85353338409294,1,0.7606504725799828,1
22.36309306896861,56.90568584926057,110.0279718554287,279.6171081104472,351.0823449202626,0.43881513388156174,3221.8912818007416,35.926454641298626,191.22840152023153,0,0.3680380344204183,0
28.82802202604389,103.38772054564238,187.2299171841155,545.043838700588,1079.9945424355474,0.6363265848048035,1934.7395382145562,38.98414630186768,242.12305413893557,3,0.6535959969391317,1
9.821033163326758,14.697250608594647,17.324748759907536,65.40992121809641,125.4302619069828,0.05263317190406691,1022.8294349040694,30.883933491880388,98.21407391423355,1,0.4734281228803987,0
19.54688283299931,53.61070164375836,132.68404803081103,285.8172582031496,576.0308478626973,0.5450140905900561,3757.513119824874,50.86020237618675,31.41053420406912,1,0.47864891141376337,1
20.82503101221323,63.17282539766906,121.66947150456448,301.1070499159792,645.1962312445888,0.16970050165033082,1340.379024457765,27.967264732415178,342.34721967242973,2,0.724348657919202,1
4.294761270022858,14.371328548336228,41.20657961837884,73.41027937584946,73.51283860048261,0.5888218941386874,1519.181454473194,50.775189100107156,340.94048168599227,2,0.6943894705407799,1
13.103598506739289,29.628401817934737,62.85556686200606,142.9230225618591,315.78184768592206,0.18941981404697886,3709.491401025339,21.558196390650707,233.94586020049013,0,0.3425892544266492,0
3.1445792116688462,2.4786779733107585,8.345414028414648,6.743663168650274,0.0,0.15234952937854573,2850.7821434201983,41.03681341030395,263.6125952242611,3,0.363485248832062,0
13.177184564179885,25.089210750681495,47.389694741427306,92.75271069237702,139.84624938140607,0.2821523393839676,3088.284659600897,40.76908845451209,292.3107651986282,2,0.11379382572081038,0
8.914946606021019,25.522799398882853,69.46605753089209,196.80657887473458,193.66415450343663,0.6285674942909486,272.16424583684136,36.13285761766932,91.1433965614349,0,0.22380779298814477,0
32.387120153370944,89.01400348585106,151.1233276129827,308.8864371881339,407.27112924961574,0.813500918817412,4417.626041978956,15.190759371674698,143.96631225243976,0,0.26571973380273195,1
8.725855935329133,6.549885203907447,29.926968841346785,106.18974590071602,200.9258366040836,0.363668100193834,4434.417685650604,19.73027140407789,240.40265035034597,2,0.5513656009532392,0
9.767487490932734,32.88455495719501,71.19126379641703,181.16777684744312,306.1510438004656,0.6126644529464512,3456.9478046897702,18.82644037245764,301.88805449319017,1,0.27942220623540254,1
5.876830862017745,9.0499902471413,14.766516608879366,65.2547120859895,72.12652767719057,0.34765278254772203,3504.192731406859,41.56846727846068,157.63897134350321,0,0.4411431082825315,0
11.683780147426017,40.69404751717827,57.458611251378315,92.99066626158312,184.44021849002132,0.3665431006788329,2165.9756892130135,27.618836504117034,173.48374329612253,0,0.22396327627545584,0
14.765988166189095,43.32677604976844,139.56846086500303,385.0319159850263,789.0464917172425,0.43170104335654996,489.21504495356464,9.881282634917579,74.5930309400585,0,0.2510201810487883,1
10.766534225214548,13.008487004490355,39.28479300614568,73.40935381546694,118.21906242512824,0.3177147363750084,2809.2517935232895,52.20878834192196,209.70965460788784,2,0.4453942434531821,0
10.415371436690675,22.20211377639762,34.69273557364328,91.53142015527888,119.90999163213606,0.37083012310165825,657.4080994251892,6.503212022711365,120.85554474944729,0,0.6243026569894897,0
24.578413768136457,85.10463581627548,265.3565594148093,496.84706498542766,687.483918698108,0.31115105143302796,1483.4030165231834,29.702601200012687,253.26924465140553,1,0.5684709896941695,1
8.832623590120726,10.450421541941134,14.679321754076529,1.0309755664017821,0.0,0.5750872331810194,4094.1903421058228,50.71675297736384,146.3334015839441,1,0.4460062412005076,1
1.2523681729157692,0.5709406930822003,11.32003078156335,38.21364425740276,107.18641718662215,0.6926684113827691,336.6702880877524,49.625269139544756,186.4675852333366,1,0.1207832912888094,1
26.97138874827105,84.15553324202712,159.20311217566766,234.7163963593669,276.92938326971176,0.7104708848963186,2174.919893421617,13.597584122201717,279.61812417933294,1,0.43319114190948815,0
8.000246826985824,27.356622262258785,78.35640112000418,167.5573524677849,212.56813454745182,0.8472287748065768,2949.0237277012548,49.83236497568714,2.7837736359526266,0,0.5158940876177251,1
5.2986101313823095,18.314873512497496,60.968412003029805,138.42566037497446,110.3508140626148,0.6963689948714692,4118.684801936909,17.411755984953256,6.317276603670305,2,0.4969735924444068,1
10.986915208986513,36.1850088165204,130.41463599515973,390.514787460287,508.9231591665571,0.26457491223943974,1604.189392284771,19.439732990094793,96.7464676815225,1,0.360960797752059,1
11.656917081408906,24.661524616214955,70.65597591402255,147.15490827312905,273.5999426136794,0.5705016841001905,775.488551477945,0.09388804991586619,67.24280610154331,2,0.6494111314438186,0
7.604151992043966,16.41021089324625,27.522573786706495,50.00282980269034,38.51254666428025,0.8648133442440308,2317.8083138812235,3.0766466573699898,30.64591242865843,0,0.5213249629111227,0
15.91562755303413,38.4403787394746,91.50827543032277,267.45860896980514,628.9413338380859,0.7319280777850182,737.4896930235917,51.16123082638205,158.57671504862822,0,0.2824076297606157,1
8.97495983768443,16.507199239626594,47.0008617455719,133.62598477385967,183.46946854734944,0.4222493195416895,1669.2506762724738,24.587386983649754,114.51600941521943,0,0.5382627987855029,1
32.907263380795335,80.2432622055574,237.31770480224944,500.0443217620354,958.7484705319672,0.45673238878769057,1209.9231071108377,6.150560540273356,132.6089341700602,1,0.2635815228806464,1
14.339381203436236,32.703328791806754,93.80330517289724,123.54478243342825,263.02321211786403,0.3590252152216925,711.2742876960172,20.62607303256983,23.795367168250575,0,0.44513000992614027,0
18.590231690653976,32.33447592139315,58.00230551528335,84.3214552928507,120.09875723175512,0.754483967315916,2652.1186155328883,9.31853804108835,71.99791713110558,0,0.6770079526311695,1
6.367586680746544,3.89992853183469,26.514044649293062,80.64533133217469,114.42859745054447,0.872778624206923,508.64116411596336,41.34158422612028,227.91056620890436,2,0.32646318449266587,0
8.78663571178184,23.348743836600235,33.902878938824145,68.52133663751978,161.3352782177045,0.4504385048466146,1517.7994735928437,23.35550151511388,61.44794478661878,0,0.5060245095578944,0
9.119807705176454,28.614485169141922,53.834630154127396,97.21936665374136,233.7669683836128,0.3621902125107522,2536.776473022682,45.921778563776876,222.20403765193782,3,0.817614625852371,1
20.80502134665772,59.16104243178602,181.55401422178093,482.15167362821717,827.354810422492,0.6464872529687263,1086.2146505615465,25.678947801824258,202.55162878523316,0,0.5042697748467698,1
3.920571889313848,0.6634074460436956,11.992094888715956,57.50295990276072,92.9710584906695,0.5950624163336903,1147.4772404101557,53.25525746125388,285.5819462462162,2,0.162306843415212,1
3.4709133625206636,-0.6106239344896291,0.0,32.1651598226935,63.84348129198605,0.5151813819647104,3859.165029223096,17.854683402122824,70.55695994484873,1,0.6120871400251158,0
8.247295797952086,26.11995742704315,74.35434809164911,195.81342798416358,300.9443866199297,0.6048337878431062,3013.9734609379593,28.500561375009536,230.95326195149917,2,0.6787012736262883,1
7.920490888228361,17.543533108095495,55.62545948559886,67.75384433600806,71.38622635260785,0.2813220551784136,3568.915522241801,23.792620176163695,173.5354487765354,1,0.31565532047162176,1
10.825638338460214,23.907204418155423,31.01925709569209,80.11718549408144,137.7860772505556,0.656464207592999,2824.761792759897,15.075020169388052,39.68971915035389,0,0.532236358682313,1
6.020031896044206,10.144048550461463,3.4262777631546264,23.15085517320771,0.0,0.3038369171574632,3464.981409111656,1.2035204434211648,32.324079456996714,0,0.40842244626748475,0
6.07454916543471,17.838513882304472,26.18927767086745,57.82877183400001,43.72234644291139,0.501645676484871,3002.476219094066,23.500162745300194,88.50501667724194,2,0.20468644609399342,0
1.9320764345051185,-4.816841610564623,0.0,0.0,0.0,0.809699363141602,3361.7320624912386,8.672762730789847,164.18440119361443,1,0.29889951167388407,0
4.348342533782969,-1.448789172548235,17.232555467660983,0.0,15.421063211354667,0.2765346426575293,953.6579244036521,24.04870842029338,297.0294559559502,0,0.352536299792275,0
15.057077634602685,45.848640121822825,83.93068401742195,111.11991676508987,108.81747898488211,0.3012400393886373,2965.922199041176,8.611110771705743,293.9266323854378,1,0.6581551704459193,0
20.09692449194157,37.96804213336815,64.83376986747135,154.36377338137265,232.94673799040936,0.5351410127930062,2082.2487641291673,18.32949457160899,345.9182289711456,0,0.3172135287558403,0
6.217268356335827,15.603478406649227,40.89830915750441,127.18802586973702,210.5500391717447,0.6693274768052497,666.9322870758449,8.101700441561993,284.5027384487382,1,0.6800044793608311,0
24.47195203353924,76.73031412637758,123.76527911569622,199.035852529826,396.2100526816588,0.7186151761639883,1602.4796091474175,51.44714667310013,123.66955611945524,2,0.5963437055034044,1
34.64508614609775,66.35412794533931,169.49899135680346,440.6253573435991,522.393689030401,0.8031374809623111,3099.920837901634,5.395389505078236,136.33661928004108,1,0.5254105550665028,1
19.277909525768017,51.721322421546915,104.53674111344652,228.59940058528514,382.6270325790329,0.40277650094364453,3147.3827774479046,20.666822926819272,70.33094181056106,4,0.869923304092011,1
21.97889335732287,55.19589093460714,171.862226287448,298.51005603546093,378.2115235964801,0.4195843558024633,2885.76730112928,52.40793092494598,265.5122716575078,1,0.493889194512573,1
4.105557618153155,13.236936883947278,24.68971338797415,37.15525867583982,34.970958368878925,0.5539061798584424,4064.1648733689967,20.86482782604705,66.28485988137085,1,0.4733550870724908,1
10.960489731131888,22.56903623441586,66.09845134546451,142.42029204325004,213.2840847513554,0.8038758393821692,3601.0065577185233,7.65060681803932,88.41484927082463,2,0.3695680477547289,0
24.291955054275114,66.04646492054258,168.24236160079326,306.10738806125977,490.4684072900104,0.33484150578752997,631.1926513195165,10.97371455963193,38.27762493947713,1,0.27554951926684496,0
9.591056671681319,15.596989396740948,6.15701784249347,27.8520722042505,0.0,0.3579558756688343,2574.4280888598987,31.507989299488813,277.258053786152,0,0.5210847737733487,0
6.141421859946795,2.523057378250325,0.0,0.5595474191565075,2.6387348858534976,0.3132742355688952,1604.4133422992159,23.519853729797894,337.50714896095354,1,0.40613715470915346,1
23.803377809323752,51.66624534227179,132.37726230392352,293.8368962818493,687.8440240841632,0.21457541279085876,3992.5999274261344,0.3101389281972816,352.38937663380443,1,0.8935588444099145,1
32.12174576943758,78.11931849758541,165.08018299895983,292.2417617751045,480.22699376157686,0.45010623014319745,93.17063913906418,35.249205330982576,322.299914953591,2,0.5640627909350152,1
25.55315600022862,66.83651445471043,105.57658127012807,293.65081761055734,454.96607166334564,0.7531601205110453,244.50424080963867,54.04818743921516,81.10045519170254,1,0.5799533766807051,1
1.7494305754314925,6.327739110346354,14.858268131820811,11.066948267169302,26.6097548332352,0.7323465028252559,460.5474620523475,34.784609926159675,143.4275615931349,0,0.527709412442451,0
8.494745831656552,15.092461448375335,0.0,0.0,0.0,0.6923244890396701,971.0699348140462,39.581885879221886,294.2157929057742,1,0.37475178405535026,0
3.324932788274038,2.2142517115226674,24.77285467404566,6.426482193470271,0.0,0.4223191355250955,2987.263034862887,19.44606621975821,273.3248261780455,1,0.4259852323575752,0
20.48931996165816,61.357042676004866,149.313857692536,197.74437203618749,251.36672910553455,0.34726736298788125,3492.335954711613,30.725515169005494,286.25725285390956,0,0.27236543042699807,1
13.225996485502778,29.90030553284119,81.80544155879153,130.0603392421441,114.07820555675674,0.38769121885900787,190.34467920043807,3.977449040373584,188.8208704961172,1,0.5552813334877454,0
18.74756398292609,46.02713038863224,103.11479133551855,157.62218131634063,372.403648340843,0.36483548913337926,2196.751178460349,14.294737391818979,75.93155769280449,1,0.7724239522951225,0
18.101648949691263,62.87594847763026,125.34102195605732,211.6720367775385,254.80859383896725,0.24013550122252264,3749.1544808905237,9.459142911913046,10.843987367037343,1,0.42692877241930866,1
4.100089169102234,5.993311623471563,0.0,0.7108027847985534,15.827757319075262,0.30520567007047567,2378.15888972434,48.172139019042596,88.01512522489516,1,0.7144301272081587,0
11.211270577752511,17.957456676488913,55.06872029358472,148.18623203937935,300.69864837703176,0.651943020736963,1130.7330837613665,10.286567314087401,343.2889351090267,0,0.3464285692327013,0
3.115423820028343,5.7708249035442725,30.059791867890752,109.85138751480946,88.3305309339996,0.711264984780467,1693.0523427070136,24.839336719501134,226.97956272928297,1,0.28395522275438395,0
23.623497771543576,79.29528361920599,178.40382431663406,442.4774924547526,865.0593902230123,0.733651947323181,988.2642631540083,20.022875370802694,230.35385151938726,2,0.4835097072305938,1
19.049587183112884,64.62858631995671,161.54558475258304,446.520117644242,868.1863260531162,0.5920728490499928,655.3140702732823,1.6220386660143615,11.280312948811343,1,0.6087838129301016,1
2.899442482789546,14.688140308121456,34.19352020148644,51.45556988682013,45.02156804461944,0.4879535766067498,3811.795477375611,18.346055234606276,328.6737358708892,5,0.2039345255090105,0
6.74799325092563,12.71904446791182,20.80846346669128,104.52939336880448,215.91901802338845,0.8411725173519776,3110.83031938833,2.5910600405884923,311.2518241634559,4,0.6415729497239889,0
6.514804570985757,12.21384068046829,0.0,28.928378785803865,91.89649834948793,0.20441530778798248,4256.119704318555,23.650413226946682,310.277039689327,1,0.9293000319013665,0
50.49647131658174,172.93496616800456,365.2132033136858,857.6013804242369,1869.1212977532973,0.6472741268901232,4127.935972269387,1.9388608762061983,196.75986868673164,0,0.41797454688549146,1
24.869358811691214,54.96794419879412,143.07559822748863,239.7042659347228,380.8794273424384,0.4180804482446007,2080.9676787062604,33.02523330883429,182.24286151122868,0,0.5617504097533044,1
32.656495600066556,75.60728478287439,170.5366496472395,445.3846302519173,992.3585641181295,0.29232013655779465,3310.8091306353886,47.5978953614957,12.497663177661362,1,0.7661479154642635,1
13.788521614925026,23.74371824945735,30.093101062102285,29.0762602893519,9.128759188057693,0.6003708425560205,565.0533932565943,32.933603442181685,19.305201880455204,1,0.3366505990415992,0
8.938926792784073,10.772093728674674,30.286580000129035,38.12283065553665,110.54127483098932,0.7342858655025652,3218.191924406447,4.684949064499679,346.73813480773174,0,0.6444220319200099,0
4.067776087404587,-2.3242611597693967,9.061660415515986,13.821648574400932,21.15723875505729,0.8000925856544291,764.7179501953736,21.905484532637452,118.99117384041574,1,0.6334226958912654,1
10.075079078789674,29.692371532697205,49.0023850369533,178.78558333745255,229.9610454146647,0.2794227907917284,1631.712520553801,25.652704833634356,267.58665017254066,1,0.8299311914175409,0
20.059915920805626,74.12712543786972,205.85536238972924,489.3308266815514,866.4070209612692,0.8719867617977362,1419.1112528589447,0.8455012857758348,339.70908651349976,1,0.8015902046041785,1
15.333003951421716,39.717722308857454,91.16868558914362,323.05594434323905,501.41612974908844,0.4310265832045221,1044.0940495787586,7.276301719426158,237.32846996101722,1,0.5124408112825102,0
8.229841353234285,20.682744943686995,32.74897543391654,107.70484467158741,101.34994866245462,0.7127756566999551,3232.8217596494437,18.961515319486907,100.71116339845328,3,0.5237595381241481,1
11.5643292182787,32.21974241463025,64.47739204373805,93.89938285141533,187.130142508833,0.17859774394066605,1373.5778881889921,16.052336296517936,195.57046961040385,1,0.2866933005372613,0
13.990368900489669,44.82893384738508,66.83710320445462,192.64800416269338,294.9107685607298,0.6744105282117873,4047.813929591108,11.184671798046748,69.10500162086157,0,0.9075643059167955,0
19.34236219966433,62.10854314749624,100.61465164245442,287.6473770415089,557.956828030568,0.2549737933993861,2397.642852947361,50.70036754325957,61.380770491197836,1,0.33934350597553953,1
12.474336680569145,26.41109029934766,50.792003617887644,100.73289990241534,242.2921819160362,0.5731744197448903,2360.7741610176317,10.579750513325314,336.9085689744446,0,0.9616317256800028,0
17.316451526840254,44.896072170055824,90.33414239931662,135.7599551782577,278.69136851167804,0.3997602334579759,3394.706955854585,15.215251562634855,127.97193521348336,1,0.4497422272441491,1
13.080107771192296,19.4713098047906,23.196425844760707,27.527402174464473,48.55867679171318,0.39542757627278735,4313.320707772221,40.79102565929868,48.999380485266315,1,0.598879334013825,0
6.532160925168191,14.975479039221128,0.0,0.0,13.91716422526887,0.3974663012833819,3670.0838169402396,44.384447413315236,153.9789551767598,1,0.5035777281642017,0
4.54542126150785,17.089384683987124,45.1863723915926,158.94454069045906,208.70674661518763,0.5152014011599026,3566.9929659063264,23.576569242387954,103.16812715925222,0,0.17584818600725186,0
4.466937705200799,11.908777211759674,32.58181829367954,30.13207939576774,42.962739504725796,0.5800995551510393,2084.723253897578,2.099607475274003,274.1778666156776,0,0.5500916183964858,0
17.976756729268775,56.20656884475142,97.42135255108671,167.18511860744576,190.50097388702275,0.5507449853865873,1854.275308622556,30.434198895975666,233.73518678466849,2,0.8146642058700909,1
5.293073011094555,21.986392360339565,46.110672462227356,130.10139368308,260.67871059405803,0.4092239834432244,4279.029309097498,29.66252216962263,318.8210300312052,0,0.42345356357709096,0
23.353448015890454,46.27639296765036,88.17760778901513,196.03970771379477,372.08972656749086,0.6724556832094375,1336.5197109971286,2.3436976521955906,336.85568883089974,0,0.4323802489113278,1
1.110872376725622,5.807336876010133,29.796797798393918,59.82337663058021,156.75012065470685,0.5572478550848534,2933.0877417118845,42.046133836520724,146.8564362661736,0,0.3002466983298657,0
2.3292218633494994,-6.344971244360374,0.0,0.0,0.0,0.6180843512222607,1363.4667293330776,18.945552966198715,303.96999419461326,2,0.55895621685197,0
12.998620880098265,40.547375914364714,109.96900774604886,262.8544360447432,547.9413433777091,0.464901082732622,2733.316970634286,44.227524489821704,267.7415739039747,3,0.5186509996260237,1
9.162734862943877,26.507820024913755,65.38772328017451,108.36513558175645,135.52729201921883,0.43746850308267293,1188.0511458123458,1.9527278047297625,308.13037533578205,1,0.20879353349849988,0
46.90957121023011,74.04429678115334,232.49065773953208,640.3453807570249,938.634055955224,0.5660407698152324,3971.881169626892,22.472256284902254,45.351960438836045,4,0.4645355235794045,1
10.00975862443268,19.273761070307135,60.48702246290954,222.33918519397872,362.4572489220929,0.7213229655970709,2423.656125096425,26.326610102367635,134.49603612143514,3,0.1873081355014425,1
24.214795225528846,48.96045797613669,136.05437206274226,249.20900737752956,426.0666234454404,0.5437804974825262,4398.676035361239,53.08101511219765,65.35207752055953,3,0.359123241067053,1
15.956464628623271,36.46512820653329,114.95167354532757,235.67045531974483,320.2738163567795,0.4861263601033479,2043.380500918563,29.54985441808509,300.1505087051861,1,0.7249625476294598,1
2.3578029951780386,-0.2302017309349873,16.858862404061203,0.0,8.590353847884932,0.8074285072207038,2499.535604491441,2.9370900622134006,255.59872754917004,0,0.5843376376430582,0
8.061608726667194,5.4217326055426796,0.0,24.656264482127895,36.83365700575115,0.5178393736189862,668.3684011260817,54.96021607667139,217.86474984831605,3,0.7669826742782523,1
10.453399236949354,31.41660920363804,65.1634906420703,211.39143222491805,343.12625388963704,0.9646462065489261,3534.4158997950917,5.843696604345817,281.3778841533052,4,0.8324340607531715,1
13.66915210440611,27.73660874380207,65.41852751794768,148.13796375176912,258.26651046815334,0.31787666630036315,3762.3375348945956,8.799221886713822,77.96085317418856,1,0.4363827463642715,0
21.94491982052873,77.09887864651574,211.6290275546184,417.8589926877569,745.3482238084512,0.7415985071080723,1095.0223903905855,39.04848002671541,75.08016723828767,2,0.1524213198169294,1
5.66363620640283,9.487943648483393,43.63425740433384,119.61328544111929,113.11470322235023,0.29582756644754826,4041.0535476788214,43.85354856867491,53.4927320705298,0,0.36248062664282565,0
5.273405140696825,9.473121210201278,23.022316691482438,88.25061440867461,105.02595568102168,0.2903360856656599,4424.228233159354,13.74387134873027,93.93119909230158,2,0.3074502397917991,0
33.28304346264324,86.32454733351635,243.0499807700295,381.6621701033337,513.6338534400238,0.4596640678453445,3168.9714999410157,49.63718895194893,148.07231445325039,1,0.827078549005508,1
41.96400353996125,83.93580704955785,125.41325888533476,192.99443674517272,269.9489444250612,0.5988576802243661,1483.384462590968,39.122117760717146,175.75341875773228,4,0.3380364563668812,1
30.01637638334142,99.33906570153427,151.99821068536215,403.1627218535951,561.5387163412473,0.45094789073415953,1676.4889112686828,22.161779592047186,26.34921925054232,1,0.6323931190862072,1
6.46736002584266,12.031094057928303,19.068559436014215,19.062587202202877,0.0,0.5108876174179918,4434.830950542378,21.439729620850944,333.6178746132916,0,0.5098979444939684,1
1.9351742217138566,18.135645430288694,25.196310157013112,6.2861927176752985,7.660685532769192,0.47664572047657633,1861.726815857264,5.215508458340741,275.07286325086346,1,0.3683568138740278,0
7.364141261259121,24.8080277593526,24.130392329114922,2.383057472708167,0.0,0.7405241051221795,1407.9734910190705,43.353363052506076,35.30543188806534,1,0.097183465783087,1
1.603374419308278,-0.10642392264281053,6.626625641449046,21.62248233342007,40.01745828758126,0.2282206776818675,238.32341661110326,52.88426305642203,17.243302265907275,5,0.18058674996421198,1
13.091766878213168,33.312894596358596,111.16603440011859,317.4854909514693,584.8285066684435,0.5355736046184133,1669.686728325142,51.111374777661645,78.0495033602313,0,0.7055200702202572,1
13.486810420591418,25.08819334832986,56.285805768572736,149.1519975426561,333.2122994111219,0.6872449923946983,1340.9662904628528,10.427252814775878,110.28416632825552,1,0.7601288872272064,0
15.323364060362074,34.57901339531785,65.1686062249671,196.96113398230725,396.8641872726979,0.16306996008248495,4254.197708211974,34.46589636913602,243.65194349631025,2,0.4980580092919288,0
22.23916586623795,53.686592748151796,95.93490781141982,290.01235888933707,550.6989285762536,0.5710466704847108,4194.697512627344,7.328719500646239,296.3738992049005,3,0.12268027700514544,0
4.493513332547727,13.5941924816082,29.06420688400283,65.26357766707022,103.69372004408332,0.8300136722210502,2995.446966124708,28.04187303051603,346.9742628254696,3,0.5313661881548009,1
5.789659896664177,13.84943210373769,3.825336996132549,51.17360783602625,96.62219702490663,0.4645998958452516,254.37590942197284,1.9740353318031334,101.95058713249749,1,0.4229405157218951,0
2.2426417802379532,5.9923009004786785,0.0,11.157605841619821,0.0,0.791188953142587,1496.61312283364,30.61214575040796,126.54024984610825,1,0.6048909245523472,0
16.36888805888015,37.1888925905956,113.08429438931775,261.38869441163934,389.71986959805383,0.8688153599061975,2758.0814202348183,47.96965718573004,292.3297325064173,3,0.23686611927591286,1
12.467440490745805,25.97567789288716,40.0772877442838,90.77193571036545,238.3575022526237,0.914884110310459,3088.466396886834,45.24828931570157,229.23879599886254,0,0.4633774708298598,1
18.44445829602276,58.89518411983224,149.33742278000193,370.1893899865023,548.5037722185832,0.48641399455828144,2347.683386476747,49.861250638067666,248.1013760608539,2,0.7566737694714396,1
8.715741362367341,29.445450630536214,72.56919210206348,201.41545053293473,357.7580216862026,0.7391736064853065,596.6272673737453,15.105756587951035,7.924663560580996,0,0.5839162492222805,1
19.886103376522,38.69798956215295,105.34773909974159,236.79011629804097,355.40934993353704,0.40175099534785086,1213.7104499334262,9.896837186243653,264.2395722608554,1,0.15905616026674146,0
10.24710654747404,38.675036859646305,93.4926658239469,176.66918259478302,356.15341941684176,0.3198527452376339,83.19380724316693,25.459689848886914,295.75349299354536,0,0.5585124283845275,1
21.012127056578592,32.3639295095208,75.51557451586427,200.32443331382558,304.44910389738556,0.27967283285918093,730.5350075287131,54.47836893924527,280.54682336024536,1,0.6137505385844889,0
29.479875440316828,57.21618797949306,92.38429548210668,229.4845337918712,361.69426407121625,0.4069122584230041,2162.6218975287784,42.27778618196789,127.74273585343236,1,0.2698180739758051,1
2.1968075563655356,2.5887946961220725,10.199543173372568,16.326567941284825,11.122216861975907,0.6882497511720093,276.5836526643287,23.339236120830375,306.78780785720784,1,0.807865088545247,1
21.485785008046722,53.557087420662654,105.08487615752246,143.6922965804091,207.0873502367493,0.07247224002210606,1970.5471111471738,12.12404484866444,212.82682040860436,0,0.7819850474914843,0
6.225222571220609,16.246080282434672,11.539875573518774,15.34376437674869,53.51263285341125,0.14753402483047148,4292.0937598933015,5.036577388801653,181.33259501820956,1,0.6503104207218902,0
6.671736620252969,28.58579085163624,24.52398327977691,54.23798980781064,81.83091319875014,0.5091444845750935,2409.149556492901,36.47646974687258,258.5787078580427,2,0.2580097011872423,0
3.580311625055569,5.557859074909777,0.0,16.44764288070028,121.22071629645387,0.39489655272893287,786.6304342177855,27.734823643024658,216.63178674807946,2,0.8343257292942198,1
10.209316109939126,14.839605030001259,24.15517771716655,54.25615573569523,164.38038380464454,0.874706842897915,3856.0633405622116,44.798332061691355,307.0464113729947,0,0.619970142791764,1
30.463579756394083,48.53232799307484,143.74148630315918,242.6100332245401,345.8954801809429,0.5994710306928194,1054.0967173062681,8.504834341089074,77.61522249318783,0,0.12425377658929956,0
4.186198510787967,10.15699653465425,13.011990792765754,35.10035572597203,58.12985049407065,0.4934803228832618,600.8465814523577,35.90643782672892,244.61681823772207,0,0.11767955576056467,0
6.927905738983133,14.40244807980854,56.486321982779685,114.98349978700945,186.51140770937548,0.5950918500146863,3133.805298475785,12.786324094432457,327.33107001493096,1,0.7064205663613828,0
24.19265961204997,29.487817478020915,66.26220561049675,158.14749339505022,148.86302854390456,0.6847366646439169,1616.149267048831,34.79904871234956,177.28340205024156,1,0.2814157190115892,1
16.51467093562274,32.761066591250206,63.6855211460675,84.93651241373863,116.5908892260278,0.844864699582129,2392.044890722597,17.811924797400334,178.53510754332257,1,0.4458255373579887,0
16.513960070738317,48.22098518777046,77.83600545359843,189.00341188983967,359.17257208769223,0.7393611373669445,1822.142636373128,13.14203897151219,89.59491140749374,1,0.24246910132239324,0
23.8543420099986,51.36775442601453,59.32120192398159,101.68064585038226,146.52516253024376,0.6685731485324987,1611.6081360542237,0.7824594127168388,282.7223430067191,2,0.7552753984881931,0
17.457682464353866,50.64195749001704,88.5797521713239,263.64510272618077,381.0783042614147,0.49418800680065034,3360.9099182956297,41.21640346933581,93.49094071326776,2,0.587122663695062,1
8.328739495322665,18.942305945157777,56.58462706595043,153.91768806051275,263.06105956688856,0.7190380598364976,3399.8182319721363,54.636609151823215,166.28123534800093,0,0.3701573841332589,1
7.334321111676083,30.901848445982854,74.99951644286769,137.40885023044817,209.68004420315498,0.39683074961192905,1096.3620178153249,54.30489692821906,233.72053461612893,1,0.23707193469049276,1
20.712766987812756,65.02234563845765,126.81872462683847,316.4580689126754,655.8786529162365,0.8188018964051224,2959.297883832855,1.9837913512978855,28.180538517673615,1,0.49523800724530054,1
31.725104192955996,50.328787115819296,154.22691475248058,468.43471736260017,1079.5199783549194,0.4776062371311657,914.7127450543034,12.133624323968203,102.78020481357574,1,0.3735951618283519,1
24.27889958176075,36.55354714300543,90.00019007762691,136.06348300644262,134.38789175786962,0.4247547664405981,4157.335476169227,19.622762565753646,199.05392892012037,0,0.257433734994014,0
4.449176494654766,24.671637013046514,105.09234896121283,216.6075239889655,381.8125491830046,0.40639404251475514,701.682762687736,0.009692301418950944,46.51938217938338,2,0.25469600859323005,1
22.62772281285571,53.55954002303575,107.11201747914832,151.52920893382813,144.29088045334515,0.6658600271383744,1083.487512553721,0.3229579468121113,241.8080465195176,0,0.41239190272077625,0
3.27222427637841,8.400864166879161,0.0,0.0,18.26228590033097,0.4000020966393878,1984.440899038364,31.572011084598365,181.084529448736,3,0.575610165385795,0
19.793939421175324,36.342994344648076,70.02257997125308,127.11764973340654,137.90034490729312,0.708096280395286,633.5693379045732,3.479487494276067,311.2586738418651,0,0.7566713988950561,0
14.874202955679387,50.26566767773467,82.4229544150113,115.1001416072214,181.07017786098564,0.2675857911531707,55.64959039716444,7.3828180775139245,180.69746704577773,1,0.690461360650472,0
52.605638789790845,92.20099223535577,176.2182603975127,404.3909688383387,903.9566337631179,0.09012197970514536,2768.5613077437765,41.13517216778179,302.4843944978458,1,0.2902510924170559,1
8.358602527281267,10.013843968647443,31.39688584203977,44.525200301160126,190.62652308174515,0.6579591478073533,203.49288831137295,2.893803104350776,245.45793583802643,1,0.40532895709089284,0
21.97001573421576,69.44568995568277,121.61986008532345,203.98198372070945,265.13333270044274,0.5694734141422941,1915.1674278509797,18.627482987140088,164.82832670951618,0,0.26086350751124177,1
3.5954313187992106,8.371257823013952,13.07254782704329,12.259765634017185,56.54047540963548,0.605013462819994,4338.503512302514,31.058125709206685,349.22000070525877,0,0.16191891310032583,0
2.9134748765299108,8.65890748605048,28.229895443548777,107.32917989469878,233.4397988735037,0.2941504379744316,1203.9547458535253,46.758371593216005,279.809444746905,0,0.9220589073940497,0
12.238378333325297,27.166466038268158,84.00143583737093,172.5667562933193,242.36838540592146,0.26840273195286773,1842.350827037592,19.039637089264495,160.1876242935376,0,0.711451834707981,1
16.80706054130104,44.259341663045035,126.18492728153855,224.2607439566464,347.5255084625791,0.40696642892637047,750.6972751395843,8.385709566384003,210.8991845926802,0,0.32291767215239847,0
6.4263904647576515,10.342632430723533,9.298682925740607,0.0,50.167590129741484,0.3749017648234565,2140.116659780164,17.63590574469998,19.686782685146046,2,0.47266577978927554,0
14.861794664446384,38.4112851743935,112.91061938311279,227.10011952756543,420.0543525914482,0.39133548461288326,499.233944481867,1.33278897840635,197.97024275680397,0,0.4457022212822463,0
16.704387208191573,50.638739931132214,76.768462878073,174.8203775004521,346.84963101629313,0.3004169079836371,2280.1118445090656,29.268649265346887,144.0341907337203,2,0.36842207912429276,1
10.136357792023166,32.87853972246068,70.60229396064331,167.23729903558848,174.99189601162487,0.43549966930527206,214.0478000971012,7.477569387071543,325.4799028040532,1,0.7004143541885807,0
20.98782978888866,37.55836839987578,73.09763279178446,115.37112710958122,106.63990882658405,0.5628321368469229,3714.6482867780182,20.5958453539578,249.21144220029245,0,0.26340873205594134,0
32.23342856641853,99.13392571302936,220.08308808511126,618.0185275997217,702.5995348243159,0.21554232394704237,595.3548938850439,11.818614686981563,28.51390211549441,1,0.32742278428109806,1
12.945508117881802,23.764851183533953,21.644445818362954,50.58938997783517,8.687276247364188,0.38780717825489486,640.7943290879649,7.100509504431879,34.85221103251489,0,0.5831149352007451,0
3.295611337401567,2.738203791278897,21.467581656557403,68.03084561219538,54.90861370132137,0.7481991852072876,529.9667608306356,3.0757775869553283,165.185563324849,0,0.5706331347995345,0
3.0033661133507414,15.077418065963977,51.57372359895235,165.51776458104956,282.85297115191935,0.2335982282356925,604.8452117612084,12.663166333814672,80.03312328417508,1,0.8130192481089977,0
7.650245697766963,13.85976674036649,41.98079554794155,118.4926945016713,179.71241719135406,0.34359536675265784,3468.046003866502,38.347613103665346,352.74038697201723,4,0.09376619588448132,0
0.7409051007560282,3.3352404625839798,1.776773357467376,0.0,6.07435379190981,0.47840364414103337,271.1562214977986,15.938948684500549,10.171477064419015,0,0.48244178052371745,0
8.495718394982609,31.922117038604537,40.33924725504701,52.64377564595177,79.33042831621748,0.8253872232197077,2492.1583534183906,16.862953133574617,52.03965444451525,1,0.41238845873211166,0
5.725511256230828,10.753184902239177,54.27596909671211,112.5230786350744,163.63267937018392,0.2942788186061655,4347.0072396835785,23.97999465248194,250.09372222320627,3,0.2974234070860266,0
26.509686562241964,41.41714054287756,70.03806579307698,180.80946926767956,348.2395367003178,0.16910256616079486,4243.697309549057,47.85218057004552,256.68023707055903,3,0.7178427759044694,0
8.44056587867676,25.773437309326887,42.248639688545865,92.27626677166381,176.38458544137615,0.31531149063538877,762.6134292188535,29.376814538960485,157.87904280723137,1,0.4095066394440181,1
18.518931762708963,32.741161254558364,58.02319282511114,80.34932538100534,187.59527989661242,0.6211347831515182,2211.5144009857204,41.05497192565015,147.6059191495096,1,0.3420967170357418,1
24.180102681327686,75.13139609026094,204.55688934708851,404.0806450633917,776.0172479609657,0.5215811950511424,3004.0012521359577,25.120760320776064,354.1373743990399,0,0.27189194526727667,0
5.675501365557521,23.739414191935207,11.597243856966209,45.95066722409287,112.47352315412196,0.5284848933735196,4437.970718606729,20.51505373366062,126.01610578758283,1,0.2679684222473225,0
12.041821443873161,27.594331878591923,36.82357841935133,45.87833248522683,83.17190529649596,0.7770693028342986,2984.529001993708,47.240926174423294,179.95229967000023,1,0.5441688881570301,1
22.46783103319263,59.46179208428429,88.54734133576342,182.10101102407728,203.98068489167775,0.3485886318212623,888.5776367488972,51.484156622159574,62.488940488168765,3,0.19182434556760278,1
17.415911577078937,57.14456871493643,103.11129848893952,210.07505592025197,314.07747499846016,0.40768036839242733,3455.0107535553866,42.58055237424554,201.34236198041935,2,0.22944023047950102,1
9.589652453841916,4.483479318602869,11.933196294623105,0.0,59.72777219670962,0.5203742826251432,921.1506728129153,29.639107006793086,196.43251676549502,3,0.8111483899635912,1
9.496417515169899,29.710679699364434,71.72090025997738,210.48312561064193,435.59226468136944,0.4522459886154879,4400.001629656095,36.47838259784202,257.8122920694997,3,0.6891662785593212,1
23.724250549126925,35.32381681119327,89.87520092775345,298.73093663425806,502.6124539139086,0.5410270805025764,925.5232960099803,16.102276400818333,163.81580830329798,0,0.8376519548758448,1
19.387842327654887,50.74507546020891,152.9787241077985,359.4447627819759,869.4925575438474,0.6496774811368369,3726.566549653599,50.622002044830374,29.201065808989032,1,0.3555418262710188,1
54.97480942972041,111.67078253741127,155.74699298540924,249.8009388655036,471.2783248680534,0.47615321945669464,3513.1067820044073,33.86204406887958,33.94873002332113,2,0.5032804349450952,1
11.677543229588682,25.15816835898135,63.00382156067198,124.25542743724249,280.13569892163815,0.4940591371124806,753.2287275607989,43.655542933165286,174.2523922091348,2,0.5735768875018638,0
60.24639867285967,128.94319692855015,301.6754612922301,881.5009854742677,1944.8526385643204,0.6740917537869098,649.2875968382551,24.68989194789123,269.04990108491495,2,0.5658590612756673,1
23.689859477410227,50.65145817014135,178.08546320136247,402.97910234004786,771.988471426634,0.17717587981023733,1926.524276463298,40.43723668196759,68.71677084141743,1,0.7063313244470681,1
18.856681977355986,58.38791076843531,103.68123083798866,190.71504102302268,389.149459780768,0.5265594692560854,3423.7975546645685,25.251858868146215,269.63062846162757,0,0.7245783070951088,1
7.845526480563107,21.205559514618816,51.382542435809235,110.64930983498509,87.45163074081171,0.2500040011031287,3298.1858461649217,35.88518565376292,71.38279143142421,2,0.5650231356432515,1
4.696516351636168,12.148960957469928,25.777546267091303,58.788010779963905,115.95791323574221,0.15927291133373714,2471.187270774155,7.038336063673232,131.28191622651804,0,0.06428479371453735,0
4.323363275100728,9.23812740852324,9.392070813678895,19.815647009192276,25.22584299136347,0.5025429988998591,3084.681320688148,32.60436378284248,0.07995402879372282,1,0.6553776170955348,1
6.088499765105832,13.432766680527157,34.993794888395804,63.934744150412435,43.1675543611465,0.7981843191087149,2428.033276565392,2.2178573235445103,17.540120315913832,2,0.5314257005894831,0
4.503027232746446,11.23389512298997,31.762354921713822,66.11726631281337,160.06266217170383,0.5365197427682243,397.0407461208422,41.99268684615717,325.92686376717836,0,0.13828234624467867,0
9.903203403864264,31.08848646816073,110.44497129109926,192.37824612512273,301.33631516680475,0.6860042177924164,1699.6523225018934,9.023374919897192,62.68122361201599,0,0.5133774274442361,1
5.184432767173595,23.96825261383951,36.194771655411806,59.22972563817605,60.18335790782987,0.3258758337307309,77.49542384712106,47.71375489638287,200.30784930293544,2,0.5373524791917458,1
32.28937858286524,114.43643374222023,205.49265603816949,314.8818175285371,409.7074670501358,0.2032923177400195,2161.2771451043686,15.426041317394683,293.56641027451957,0,0.24997602294528473,1
5.965658637100778,18.28028322058088,2.039290021473029,16.81020927977469,29.71612409012601,0.48336673561546495,1306.2993848981203,6.555559152337592,315.35985515826377,1,0.21276403590356505,0
15.023262256483767,28.622822290788385,44.749653402615394,97.27403831266047,214.68132972448709,0.5397405437831737,1370.6891604919367,38.47491644813675,194.14144632940292,0,0.8080204096180571,1
11.329713350589557,31.68626557214958,29.61292816561027,47.50553840416615,116.69358376979136,0.5635703628085157,2846.6400590548806,19.881944834520027,176.37702052440366,2,0.6354729619411856,1
26.041645235248232,60.69314025446825,166.29203447794902,462.34566058062006,632.1960779271038,0.6890875456019934,4272.550424246133,5.272974156644565,109.97553766817859,0,0.2917336834765116,1
5.9952084506907894,22.63677676725122,20.93650943521843,46.89015801945009,134.80877841780244,0.566866846030743,4347.116678423887,48.91238014997143,60.63162176947607,1,0.4766522115501892,0
2.7927686199768416,1.8566923671209605,0.0,0.0,18.14041741529367,0.5375595796177302,3792.525091091683,47.255073636591625,162.52856225338826,0,0.565674064743581,1
19.10957566182969,47.71824812746273,118.44428553514113,166.03014970149667,280.3989026398287,0.8877653178800399,2370.836986556009,27.63374118299172,196.1584458659005,0,0.9183298689241736,0
18.503397871269556,34.2564104631132,72.6839296291714,95.94453908557453,165.19424837151348,0.5704580461850779,2866.6356373173808,27.516591867034855,320.5146718845177,3,0.23803391021571682,1
20.999335281909584,64.80538043746488,97.74699038955966,226.61933840474762,367.8949012496391,0.29532112714604086,1552.9061101435377,16.537683867163498,306.3379869957816,1,0.5392020646938881,0
13.66823305309186,29.61068585719373,81.55210365858021,148.20168559308064,262.6427897191526,0.44569250777785013,4153.177770364966,11.410246105275789,359.43908305708095,1,0.5203581820450954,0
4.260830911719377,12.491507198261294,27.761638052354172,81.97505071803153,84.7144375801114,0.3447334839310813,328.54430765574716,10.42160272445822,180.6005247020504,0,0.29383191678725135,0
7.427350641783069,10.797286208183117,42.14085868232304,57.45947467980949,0.0,0.31782104761244645,3562.75115300925,43.668304437157595,131.61877332044483,1,0.31326096732291325,0
15.641060807695641,47.279868065658114,107.96209542459187,149.69997038271478,244.7338804333856,0.7583713228887704,3542.0532642808344,12.309780189258287,180.5134106043638,2,0.5697103999319094,0
5.567860058109366,23.588913849130325,49.93887813041532,113.71225369411735,210.83172651444386,0.5765637160055301,2572.100172578746,31.649641316109744,272.82242024377194,2,0.5858974353163232,0
13.822830730129905,26.08174365303814,37.8073110007675,112.81042707944017,101.39411572722085,0.23057662872806023,3947.291667587119,19.71639874717595,165.7028452945801,0,0.7033769972885454,0
5.967362244242012,17.211047121176772,35.23725690726488,30.605855494755964,5.984947422446105,0.6687526273769151,1220.6147339329113,1.0790193892041082,339.4430225912194,2,0.7163510977319648,0
2.1013730850507444,2.3683482090558634,11.386137941435507,10.097085078889126,82.00397652414867,0.47930363559336436,1562.1142003319364,43.91048864855616,354.8316598581537,2,0.5102385923799165,1
21.515206907087652,54.75830163521904,116.86952903412136,250.4003657910924,460.83652413400506,0.19173715107084174,1203.3830982718669,40.51179639387891,329.3995064015363,0,0.5091434941682921,1
18.879295391327645,39.341202608984226,75.91414201307438,252.8373732043582,261.1438071335524,0.4842682820042657,3010.2664663682863,34.303542320951294,106.76885321622989,1,0.1063889067612813,1
15.747182009513224,48.21627185129302,66.70660099061377,113.90353424444207,129.16900888413636,0.5818114069099843,4311.516080168184,39.761613004229034,21.643133814056497,0,0.515523499399512,1
17.609958924852762,27.02419272161839,48.93892579035351,100.5662372640139,124.63157927529964,0.7281201071227092,2704.4339048949655,13.994313017563114,286.90089540948554,1,0.9247994398344495,1
25.331762555903556,70.64798204396271,136.794945317557,350.99681328232117,591.8158318119787,0.3580641915271526,674.5732235924231,20.681845858623443,245.70685512317272,0,0.5745199075422182,1
20.90805158251715,46.48330602326285,79.89476162335092,176.58254412717358,427.42259961574666,0.3329726305088105,249.03974203415888,21.08948875018457,66.7480462234533,1,0.4775214447740601,0
15.784466488232841,41.874865561079076,72.7592920579191,111.4682029119139,216.8470267046406,0.6930019517370479,466.50726607317006,54.17783391635913,350.5620962028768,0,0.6966474866379638,1
14.301442776731795,44.52471030940016,65.67584222314258,79.43079707528865,156.7496267203724,0.6234669328858414,3619.6683938988367,37.31158760038756,84.75603837272874,1,0.6579603878307888,1
35.864170901472384,86.15864962584149,231.54998805845818,616.0975532001916,972.8419117342097,0.26199878778414987,2399.628253117454,41.277575824156,296.96778711490595,0,0.4763945174427381,1
8.866002430588178,33.263814792899055,59.357500249327295,125.61077802822979,151.84824663642445,0.5416583449274722,3637.8060659425737,26.123568085095528,91.99757173687621,0,0.4820879589850741,0
26.060869996990498,89.42591905732911,175.04162568063634,341.89415658318296,510.53476701651095,0.6829330039233048,1408.017456228507,45.84264565327931,241.21520719737015,1,0.8385302251253687,1
5.487862147020562,16.583180202956044,23.914455360772774,75.65113244845256,202.36089268848266,0.7495973540878532,297.7893839532678,30.47062900727671,113.58606709231239,1,0.7053450876822083,0
14.037093626733371,43.43831586031664,116.7420862836881,262.1241025458974,382.8296791259356,0.31446373692280705,2628.56238953388,47.25965655271768,187.23823462362566,2,0.15540344408997775,1
26.380110673591368,47.75399309823351,151.8379905672301,259.9980818910827,419.141008716037,0.7710425560385702,2218.640127227367,16.951376107112164,233.82087661696457,1,0.3890522243065405,1
5.4762224802473725,14.577856364466395,0.0,10.097194161183086,70.91957941479201,0.5946599399641566,399.6033902588022,5.529093723412492,56.57061303323523,0,0.6293373346380684,0
8.106315400559874,18.745120054301758,45.898114458126976,100.74310725602122,118.69540744355868,0.6063018768676612,1268.751389592648,20.555593283141995,105.0906557035356,1,0.5649431976849789,1
15.903764405200612,37.145149003206136,65.10401305448212,141.01180233902062,190.72880505573502,0.4745390635152195,4254.543091982178,44.338472065696145,173.44656753313288,0,0.5307441722224724,0
1.9199198725094682,12.452572094837297,5.327175805156358,13.989052628651505,23.8060782611398,0.16819597681726034,4333.766951793171,27.339619593117074,165.19452364853794,5,0.740710482851829,0
14.858240696316052,44.40462845246818,110.28990851320887,176.31479696407362,310.73724954950217,0.8610386849293218,2354.032530726915,2.5879834317819963,16.276686941070018,0,0.3376432419354257,0
2.6861301156098816,-5.0569703753618915,0.0,31.042539054613965,73.27895147710873,0.5527595479293003,613.2668794480803,37.19921739999053,78.73121800683278,1,0.9407722535441994,0
8.086822862322636,25.833829697566852,54.86794813347065,140.31516533811555,323.6063274704884,0.4277952036353448,1895.34183973711,2.97568801096856,227.3510024878969,0,0.6719274566842153,0
7.691234768222073,27.72128247223064,83.5012446436399,171.22238345336046,333.22825770847226,0.23163567662340784,2198.2372499881485,12.143023414404219,113.01360223685738,1,0.260158992989691,1
11.808465838602494,29.650112750697836,67.56110212800995,58.2102286958882,125.96903131753851,0.7037070060435531,240.11602992347733,20.973907517579704,72.1580939428257,2,0.20710689770493726,0
80.51964247973926,135.05327381174294,358.73200464225675,801.6444430871377,1030.6574015435526,0.382012285640421,2273.991778744502,33.094921840269784,315.8934664541534,2,0.5201132162754193,1
8.645261868303258,14.396828665907213,38.80130753841212,28.140355220436337,16.53725918605157,0.2552117730417446,3817.0826461700817,14.892038087361021,129.68760379048902,1,0.2828039353177988,1
2.7675229010787508,11.551982042807126,44.18949076352748,98.12200633846288,221.51313172368293,0.1138356679872312,3142.347131585594,9.706155647122866,243.6291734509679,1,0.39617497948137154,0
22.641232764771345,44.63025295971251,79.90674893701777,222.44329648230283,326.1180984291867,0.5362896409440319,1259.756659374055,51.05384891348092,91.43903625698454,2,0.6649861700343437,1
10.025545424482338,23.091396906769763,34.93551570049264,104.06396238962478,88.30750010475617,0.33427000421644687,284.35055951606046,15.580880245343275,11.876889457463866,0,0.61468998880952,0
6.952445014016451,18.224880448819246,49.386363386565954,159.18490072703995,204.19412305724381,0.8026740245922084,2710.542162555111,10.094996479047426,181.9858906204734,2,0.5610974404010565,0
62.45885331887641,213.30887849789278,635.4842023881907,1614.0370204947346,2874.5401488076973,0.6536285546884024,3635.6762649136585,48.680143406663376,236.69309983094942,1,0.8746053232949829,1
24.149017622001622,70.67952599427235,109.97554680440305,221.47840811919139,380.96337466861047,0.2691525011927516,1622.8398503036567,29.36072821837262,233.82122357466193,2,0.45200666223954716,1
39.11759320212847,107.52076680917216,235.31121707768392,676.468761526496,862.5905795995498,0.40440905536978067,671.433551404417,13.83657174511522,4.2415022094857635,1,0.6930581975206487,1
12.813337055865068,39.11776818691477,54.802703546929344,126.91929043106686,248.43501230706323,0.4879253021151243,1337.5281902161896,33.5147358610163,102.9656447245974,0,0.5162851088238942,0
23.01260945188585,45.050198943992854,140.71209780707898,293.98959730274186,540.740691726849,0.20105019917333827,2185.3147374211567,19.626099579645327,346.248848762727,2,0.9069843012837004,1
17.960195912558884,43.83629610541028,89.01514465533977,271.56723443801764,422.6508007928522,0.44474211248023154,2143.7923173836016,33.32023336014501,195.61397888624543,2,0.5500656787251609,1
3.7422402662963616,15.178199946386734,42.09544771292892,63.23699394836062,95.1369000072893,0.7982513483840987,2485.7550267366205,40.506935874125,191.99826755438926,1,0.183043765574675,0
2.808663414924203,6.943158100568484,6.560376946951813,40.24434477713499,49.642823341342016,0.34556221476050114,3899.4478058411073,29.11699043125467,75.6068558826475,0,0.22141779722045368,0
8.601748913307249,18.192562822574352,46.75455480606679,129.08653291242828,234.5573297434514,0.2268681247208987,486.8119674708077,15.140240178164971,144.58805683309765,2,0.38228284759865006,1
7.0796165648202045,11.201469246249621,39.51455020038422,102.44650876666566,122.0256935454918,0.4883313101460733,550.1543544554017,19.047234748897093,271.9494979969866,0,0.7840925149937044,0
22.219377914210426,59.55898903105776,107.39972188794626,181.02295520156503,361.53353618009214,0.4304605323929677,2177.781957628357,34.58263821416565,45.86976905426325,0,0.27452298687506616,1
14.12950969209971,41.420915353372074,111.82618827092914,209.85408667005908,323.79318189918837,0.3173981895728162,4467.466765120583,11.475609085044391,205.95990636369788,0,0.46480467687608473,1
9.927313312608646,43.749634721918866,110.68986723577372,295.09114060269445,363.8311454207257,0.8658559871144182,3165.9453922430703,8.754438902747841,10.129370210603703,0,0.7343193708168011,1
2.0472193017685836,0.8662050304685103,0.0,0.0,81.31194102756353,0.576765151461513,4269.217358169352,48.65916907603615,90.2111601628861,1,0.3046386050669726,1
12.43741182727609,29.151331670533143,90.92807251364053,225.83657637789537,490.27625221251594,0.4663946731367856,2427.2262306787147,41.90238572358185,151.87217749640016,2,0.6872294270982576,1
7.743348644273084,21.335515412731723,48.06558652373118,100.58655439561686,236.5641449534641,0.18140488375603173,2078.026485562859,3.62630682681728,279.336480452883,0,0.7966270669571998,0
20.501930822429138,55.460193159208835,110.37218400805716,227.15158937486032,434.04948305423136,0.7367859146379605,1712.2038533790735,33.18726961469942,351.90645720422526,0,0.5079318500817956,0
34.06606602535909,84.80200833444847,157.7139838164228,278.2358854687692,357.6474227052827,0.7029561435761958,285.7995151409207,28.15497215075187,344.27839319683966,1,0.5999996043955313,1
8.758003569508366,26.290144430543677,44.40583470406764,79.99352081627221,142.79292723847965,0.773566765283132,2372.878517307757,33.40090402052321,31.915842026839183,0,0.7934265094293274,0
6.052422930788394,18.280106598349544,43.444360598234965,160.14390622379494,236.31050210135618,0.5694488063706401,2799.977408760581,54.1018974271924,63.6221499201912,0,0.47727727303614315,1
16.290982489192757,48.78932026075025,71.02600948176361,172.26682190170098,363.3419710070085,0.8852799930430578,2434.441730098875,22.784311871183164,117.9435498481353,0,0.5286555580043814,1
7.1045749444161395,22.436187778532304,63.65416783169799,192.57343478512595,316.7801156094712,0.30056686611384265,2600.324493717769,35.93077708343677,351.75345733043235,1,0.5988187970375878,0
25.580345235524852,58.19040466165195,122.41176659898655,306.7973907317175,506.2021553892449,0.7288227213045071,2771.953410847603,4.477549080841593,171.74428036706212,1,0.3975692655846903,1
9.808152998468842,27.08486978854986,24.437437655195367,23.983999156205037,24.73957305769834,0.7718484833635518,2273.1646542099516,22.793481460649673,341.23557811115455,1,0.3236578623340484,0
22.33699465196974,59.9923243921104,93.42276511437075,270.67357174939,325.7541371790435,0.19511021435943343,684.9220820428607,51.904476747036746,334.32438514778073,0,0.6347445461826218,1
4.4261445886719235,13.284915259651495,34.06910705117762,35.29985114304627,64.75492122018238,0.4707419271719935,4120.053813764898,12.644224965725828,85.45686893613406,2,0.7631255392171,0
11.31965490683579,30.04917310519405,59.414933120261026,70.74841139747608,95.93727678266343,0.42285786833454564,3691.0889176391274,40.980979900319994,81.49406449654829,0,0.47897337932384787,1
7.6440488842629115,21.642952341788124,52.47676903115029,138.54015176775872,323.8881326377193,0.6904325889492308,3375.445820856566,52.68128047293235,193.6455813961765,0,0.4680117823392725,1
21.101280836666653,52.482768587233025,84.35730257561852,151.76332186983393,235.59095430628133,0.22818940594171994,1788.532091013008,53.308300597700544,101.75380887300699,0,0.6899107929696413,1
18.44534620985932,20.576034856547587,65.79484405542647,126.59876007796501,280.47938656925487,0.20326715759532957,3699.921229870909,12.81854007625954,218.8097935662467,2,0.7066380682293889,0
7.040809975671801,22.618517009899403,86.17701970567636,238.96803475241484,430.8045065523569,0.572824972729052,1491.7371423529842,27.22737091525109,241.04873703772287,1,0.589559107469985,1
13.032303622607493,34.177855773976304,49.01336962091154,86.45349642759902,147.83250608318485,0.5507302847444905,933.8395743491383,28.498931816026232,144.58320378979164,1,0.28953887028549596,0
4.813276273749063,10.319684664528664,41.359422912331866,138.87230208724557,339.50502901246233,0.24017894652733549,2461.008856613512,45.74762034501428,50.66547686264667,4,0.2581192883270878,0
31.268832488616532,79.33570083265248,203.45326627569406,522.9111357711356,702.0901179504069,0.7542448500134347,1926.386957980265,26.106058238611265,230.7886294398793,2,0.4191471717893399,1
11.061783310738097,18.57701146305334,39.51010956266599,78.62600783479961,157.90682149874087,0.06622289329650419,2040.0024934886897,26.81165622072036,64.20377677563164,3,0.7664221695324172,1
21.062467968826688,29.573227934825926,62.46058239369228,106.45588119090422,120.7081003767795,0.5256504593775037,2206.5275612953355,6.65730752696755,348.18660759788776,2,0.18022456437435244,0
3.158113164935399,1.6582857277885394,0.8071620381858939,0.0,0.0,0.6158954998123591,231.96359950578935,11.904381507412404,241.7465414480674,1,0.6106408517952571,0
14.432581982954318,39.25460811245986,100.4555778892517,282.31914655812363,502.53984590113276,0.18929849353642497,4177.525881636192,15.55217193131822,42.145726715583635,0,0.456833587128972,0
4.0431696400652255,7.772086120936728,68.57554603766353,134.59464289336555,163.9092119962679,0.38649700803601456,3698.053306146291,0.7060355992105466,112.23978221986042,1,0.3995229674212589,0
3.2808699946051614,10.1907237098378,22.098499545347572,63.24409437588321,108.16132410983661,0.6937054866851048,3454.0342507780706,29.61405328241512,61.29145892274174,0,0.11242896216927584,0
10.621033081377412,26.931234492573036,87.71931041108802,189.10199735606352,216.039255984886,0.6120488271039679,4176.050502661229,10.649697541470749,72.7806369517287,1,0.5306832001035529,0
11.896371642052973,27.341875161685156,53.20289750970589,204.66002341319762,387.47127429915975,0.09544268704049402,1593.8143194472973,1.9511164418787814,357.5553657181067,1,0.4335982853892646,0
5.25924332045721,13.271047091265967,21.131412587621583,92.28760287708889,178.11575280377676,0.6940510989600204,2218.902345350767,26.88961203073835,152.22369938260368,1,0.13463107258406629,1
15.401351140322697,28.62628041517754,71.63414660374806,68.03989112884612,105.19814933507502,0.5373229870343954,182.16540149151663,18.027783325900327,254.5077579501708,1,0.28814231940129315,1
19.99601807016224,54.46958436042319,145.43872435822465,296.7282117311811,566.0173965970879,0.6645897140532508,4132.863659511744,2.6367972514364464,123.1540460969214,2,0.25351145469701,0
32.92894272331556,44.382733652648376,87.66298128525716,193.81576728665308,317.8015202689327,0.22294612209229564,3674.8495544980906,10.028235646517249,234.3719098988226,0,0.7772667947941229,1
4.647291125309157,4.858829642744562,27.0109988151628,54.25084050012637,58.44223837371918,0.29229366548166974,80.31145646918937,14.808356047985628,106.00326429373023,1,0.4952305474975145,0
11.014426557586743,26.543042208444664,45.512324314641965,150.88964416540426,260.58272935252353,0.413444433910634,2118.3111695866137,35.97537811583362,54.67969976772702,0,0.5343293808676606,0
8.164257098034167,19.538272657096137,20.098830402295995,66.80780674177028,126.9826127790317,0.3768974235392157,3039.9651785924625,30.943953445135442,43.78693245510277,0,0.28326499262740684,0
2.4702829910946047,1.693495206390848,3.210480057300005,36.9839672254497,0.0,0.7153806705936847,378.0581197671916,14.504707150263336,83.00662320942592,1,0.45507388641004165,1
35.34815836919787,66.89816266724463,167.03663120776983,365.054700639166,436.33738991522137,0.1422002747158119,3994.3636375141436,14.44645073909867,243.40951388435204,0,0.6200330140149521,1
0.5545233985930204,5.586741999889208,28.45266850452942,89.94537299168346,118.41375370990386,0.3064384958846637,919.3782270335613,13.442871538442352,250.1612077288322,1,0.25745804743084316,0
11.437985673684135,25.857663080203597,62.78669589857715,184.5439986360247,308.05470020662,0.45793595454108504,4293.92897603115,22.233927631972698,93.92444987897532,3,0.3544317626683755,1
14.161816942755463,28.870389923026476,53.88737909413634,134.89868575903665,212.93266596130536,0.4195748257047482,4345.221240850539,31.105583373999732,29.540135428942097,4,0.30935186873719983,1
0.26038629389406465,-3.045125579624464,0.0,3.535898970603963,24.479636303419728,0.1188692314280307,1627.6749107203718,14.840657172486228,201.47909436195482,4,0.28835994461272046,0
15.0951389772707,30.870317307313666,94.70957280955854,284.5806908674865,425.1189874916421,0.35335059243215317,1455.9884513915656,2.8337178787942663,256.89542388456994,1,0.46585702858925904,0
13.057142240811382,19.975320155350186,17.238080146767146,40.67944768351896,32.0332956550403,0.304246376155866,190.94152610519416,10.494744242715688,176.11292378831234,1,0.46143639777942846,0
1.4050728171617914,5.7606286497865025,17.543263563766907,7.149345510425217,0.0,0.26087399175942444,2671.7009124087767,41.66473194697009,206.68331625638618,1,0.27441898407769655,0
16.608227211409382,47.172036641900775,135.069089885057,234.0637436200999,352.50831035576755,0.1572242125334229,4142.697654518597,25.436802404643824,305.8340640294209,0,0.7526074350720071,0
4.488829138555649,17.378422984070596,22.36786462003536,40.10433520392162,0.0,0.37058797175421265,2679.1450024639216,53.644991205567464,212.32539029858032,1,0.5811294959365493,0
4.42602869190096,7.411462356256435,9.570381861452358,16.953592710599718,52.42937605504106,0.6595073644242099,3882.3541696297857,39.025902937270374,66.77755686610881,1,0.6442813149106119,0
4.458550784017083,0.3862098617397809,7.218872392774913,25.623455582547592,71.20762398379698,0.4764391383366003,4131.187040651088,3.145425353073364,355.10320041696684,0,0.1918261474209638,0
16.381394339670596,41.180677439195215,104.23304226609004,191.78533922812323,340.6916761835853,0.6891190369675853,4401.972421568966,44.85758404225512,358.30279252291126,2,0.3761084166685732,1
44.684161214363755,161.1515674618558,408.5215384720734,1115.2270948217115,1748.6690958658048,0.7650705035150842,3873.4452360587097,34.77673217433249,24.66337921226841,1,0.7987638180863651,1
9.452924478690667,24.418841010072637,55.02620585521556,164.26534298500746,353.05408362852256,0.6586561300385813,2632.3891212521753,13.188282666109476,150.882401911143,0,0.5449001312599562,0
39.799750191321834,144.23570163694941,337.85100883588905,878.5073512324617,1521.8651372884442,0.4056226321953144,4251.101162559385,50.39245962254854,234.16181065450454,0,0.4714257367164166,1
5.528279508009862,6.789768392017561,7.870367309404619,0.0,6.915724704993101,0.4348826691551996,3682.4030246575876,29.64889036843102,127.80888350800967,1,0.7145365274838191,0
13.672020601139039,51.16449382687251,168.77385547970007,389.3415583727331,547.7500266105005,0.3051287660331777,767.3176163520142,26.714001127606902,101.14480750856012,1,0.25297585276229584,1
4.6467475236316185,12.337902941654663,2.6057744914596555,0.0,20.863412229560957,0.5735536135911709,420.7492906592118,43.762144322173285,186.7257969247605,1,0.7156144782519007,1
11.360377091536433,23.358204291689894,47.406173507737755,82.54143861708462,177.19072323006725,0.8905944878347983,3312.628470595485,46.32334582178426,218.68805170512687,3,0.6724482309113512,1
16.226191275165483,36.20791911460436,74.32640290259377,127.36916605852298,215.5015668576378,0.404566480918221,4236.272408967749,51.97720705430129,40.922571542404306,1,0.4718415956196564,0
16.048355191735105,43.34617903934207,84.17984398210845,114.06541461950464,167.87327396500078,0.7119804352891073,3955.005009944445,25.337575181540164,32.59107873176435,2,0.5277349074313072,1
16.36253686874802,40.94207445252369,96.26847384328093,303.11167800158483,602.1495229061281,0.632925801557044,3879.378909682993,14.08812546829099,153.57611143077523,1,0.195184908110375,1
7.618410284419073,19.608560053897094,53.28559240818672,111.91971941448719,345.45376072215754,0.4173761671392379,2211.530550722515,3.7229621585877375,51.320985487722425,2,0.3378284432720266,0
16.080209009023534,41.679629165942124,67.1942737954902,90.49354846650999,132.64752730860323,0.42922614668100567,1559.4392003934759,4.556241176368092,87.76640548781548,2,0.633988597389305,0
30.023657858980005,46.540359270528384,122.08809593267237,237.90283996600692,489.0699686246975,0.5903660591797973,520.5931584557552,18.856530201377502,212.74605194913877,2,0.6470844545051775,0
6.602799471970817,16.852009608196862,29.75857316484227,77.12321609432715,120.02663701766487,0.5580891337408612,4430.2367948107285,35.16210006893202,276.3684447588922,2,0.8909513373111766,0
5.420960064577285,6.759757981664144,0.0,0.0,0.0,0.4332647850800796,1767.9018343908904,26.51742565633942,201.904424563446,2,0.3873055768327475,0
11.770151689666601,26.624809644536864,84.62668251675684,108.7939715389904,185.0028063469568,0.5150475562947247,1707.0337036155868,44.62340273828,108.1335060092442,1,0.3246083619866792,0
3.1945247916259265,5.993724087030583,30.359079907683224,95.75358487455048,174.20010850873322,0.7954170430173497,1586.400690916129,16.736401375896502,235.71537906652142,2,0.9229363255491279,0
2.3797365769800143,6.686570037704728,0.0,5.4385539304297605,2.9940792571646027,0.31724518246279154,3177.399685204363,39.9470961020537,56.78154968206215,1,0.9341260168681332,0
6.779115388588494,13.86995915232597,42.916913524087036,82.719841460288,198.8081847454731,0.5586571067102577,2657.6967299310504,41.070679809893974,26.296533845757928,2,0.6870103502883882,0
4.763024858647791,8.643990812040537,27.991081747207645,87.86666532967969,179.10636537404287,0.5153626554844092,777.4653070779432,8.380406527825944,352.7491927204257,1,0.44943974220883803,0
7.471979521992147,19.35800384580247,21.816243754868466,55.94550559103331,81.8609107117273,0.569196540971028,1607.04683433266,6.836940911922508,41.010050238978494,1,0.776822040210622,0
26.09824299482784,40.40773497337856,59.37022266192592,148.1455464148412,241.82846384941865,0.6711018625807992,2669.122639051007,20.892168816923633,174.59848551148352,2,0.5425451462376537,0
31.779821933267048,91.25801196641194,154.6621496032537,393.60964143656776,719.306560285803,0.8819444118293377,311.92248274549655,43.81846266354914,188.04429083359338,3,0.44510040462586103,1
14.130350856738724,22.285918555662057,78.51657905768474,182.05151497853194,418.51282874864125,0.3902634540892736,1699.680205472265,43.66147976297613,225.04707414162777,1,0.05021763910523113,1
26.455020458418485,72.87598075542485,157.86257458920346,372.45436213512636,826.3548436774197,0.4558090392098502,4288.805159017727,11.810890243652711,75.71023501391976,0,0.19499362033133932,1
3.4093398764087945,2.677624940375548,0.0,45.89163302146517,153.34125882316812,0.8226395898703214,3079.272452524484,19.79745997276009,61.47592838810941,2,0.8102536192289589,0
3.3782023277075557,5.489256497406538,22.12864122743646,9.111039681555308,5.337179377015961,0.7278439055224797,2926.365322229787,20.40027071432554,43.48194839818211,0,0.27144216371174545,0
20.13593593261309,33.82662593121538,113.89229616396187,191.84508938388905,327.1535344655147,0.3963521315836253,2859.586541247031,11.21803264871241,58.39584293643132,0,0.5652372958239081,0
22.975108899671806,38.62104276457156,82.602573734235,194.1091750443708,425.44518303661397,0.7139138646811247,2362.431946620357,6.574125663340531,257.5675937936963,3,0.36131116366674343,0
17.832284117823097,35.03219521382115,71.27339545538834,106.92798660722886,207.31889765450615,0.8734482598412164,1316.9619837604707,50.412415604833434,247.8353789297882,1,0.37020644791131146,1
12.46083849897208,40.89027870932514,83.53328422704519,214.3272937092932,355.89947313523436,0.511773173594947,1291.839060995073,6.089612448254301,134.39292475663072,0,0.48909540389576145,0
9.224850177726779,16.140375687553224,50.447667239157326,78.28297025926689,162.92771148390895,0.7120609606448887,380.7120908676738,36.677211745592686,348.8713628319342,1,0.6330182013635217,0
14.267164856099834,34.7523841859476,74.4957879795164,218.47048699786967,440.619555643791,0.3923044820699958,4416.1461849304615,24.05241619320386,127.07902119452297,1,0.5718418226045701,0
9.005679576137132,20.321006471892414,41.7913312901437,121.62604587299435,182.5339018879622,0.49753749499786487,3348.413981470771,2.3469958135434936,201.8844513417607,1,0.8195714950965877,0
5.02416332323578,6.864049976018063,0.0,34.63350493120597,23.285240348876393,0.7069903685147044,3254.1118835003635,27.6783429760996,296.2257617665074,2,0.3983596670157624,0
21.119378485030463,63.46374221407573,138.98208677283142,290.49808816187493,382.99619437135317,0.6426214325970172,3361.269211700409,26.551256556327008,28.284167126708635,2,0.7161173389709259,1
23.445383034155807,85.67982240241302,200.51301150060033,335.257863515972,722.2164898446832,0.4760077431322342,4123.6623667721215,25.860115323662583,80.18075747109447,1,0.5150263249836391,1
3.3062140802869324,0.17804679136868096,13.20792574115372,25.481337605032323,80.42740146933971,0.6265592323955879,1848.9130303874153,0.45906535124471626,113.54396849609739,3,0.6364118132017597,0
11.21586707293201,23.350103657649232,49.91702398040224,141.66306905375603,296.4209182561022,0.3628963632963102,1813.3727775982281,16.552139882247282,64.98775716456788,0,0.47978825915033735,0
10.661232205012771,31.770170483763494,93.60157184054565,259.12293849388726,343.71704391105607,0.6218901911486249,1675.1989101728,29.114507449913688,354.34122827279896,0,0.6770977477925754,0
3.9921890421568498,5.2555430018745675,5.097968553104752,15.593905904487823,0.0,0.0916489478741005,2682.424399582212,32.39981061274259,105.01663644077802,1,0.6426434801132698,0
4.931671818828236,3.2271214507947636,15.666102414892862,31.548299656219932,104.83980269614253,0.794893317367482,919.4763627237493,8.300678750699275,122.62326238339435,1,0.25329548392123774,0
5.657208046079857,18.435077397677624,49.50556119516857,119.97830578014907,191.66765235877557,0.6936435208441815,1940.058750276898,33.186260160879065,348.4053683144135,1,0.4263656438837,1
17.94279962884091,46.52387039003143,138.2284087010448,352.1698139303651,489.1841182225815,0.5132902056255485,4305.886120975039,12.2371793095155,217.48353448458818,1,0.23323773095727407,1
5.524298510695528,19.56838799002833,49.53111529070682,104.34200106361878,171.06584933235513,0.6187442518056858,2624.3907488341983,17.464986627664274,42.07120916854348,0,0.3610013451588797,0
7.635942749467781,19.93692883988181,20.77992363531059,90.11446498096285,187.3408001036788,0.5985663593640601,889.3811680293582,7.145256067072193,41.36626788592877,2,0.5879814568970074,0
5.832687652043719,23.02278751129216,49.119300528221665,96.77213876359538,217.74706525084235,0.47060769748965325,201.47203175692312,15.195225582113734,135.98478981491377,0,0.5429805764471222,0
5.664804583748275,18.156661657610222,30.925006082683367,62.23452797314122,70.8663272046996,0.4015534420383596,3367.7647772376786,24.7646204676384,205.71413439087735,1,0.6168996287303367,1
30.003629123368754,98.02354882769838,272.5966707229623,687.8076186911086,816.1242313867183,0.5364946269232184,2522.3812113121703,8.055146759892846,75.57131789996363,1,0.46172877139393953,1
8.620907650021923,24.661523881330453,52.933225164891226,98.55770086228686,239.60451414426376,0.5900694861505792,1308.6118058981058,16.14687700978614,211.3344426461419,1,0.4350529294621655,0
28.35108187897759,77.35227965406096,207.4263397895387,581.978275036443,1286.0680591158966,0.4575034023618177,1788.586905792215,38.37407788034504,90.84511994664443,1,0.6626725157980958,1
12.248031218839708,42.716025957609155,128.98407740046582,253.81796207519739,534.8831739638927,0.5559735520706104,3142.991840341338,22.35219635657457,229.68041663774798,0,0.4952773959172902,1
8.709786253227184,9.649776452686178,11.20056561247279,18.81058490891295,107.21594976649655,0.5337141996506809,3982.3436659713548,32.92083779611565,339.4045925116059,1,0.42921336546714506,0
3.5575346548848477,12.142560092284995,39.71672807232849,52.85163983786325,17.224954185071155,0.4970719263748731,3896.157955741281,33.59120454712967,354.12047101125506,1,0.5950478960071656,0
30.11309511494491,52.43415265520448,86.6672439141295,155.84536829447984,231.80440365012996,0.2166727739124477,3914.6131016929476,0.9671069923445669,135.5819379106171,1,0.43555411927722787,0
8.847298588988686,23.254694647363877,41.376120437677905,100.24028594897055,222.90389976957022,0.649745775009967,568.4893852777464,43.89721641380577,218.93345160342108,1,0.134180014201589,0
1.4869909727939277,5.46175813911867,22.69082020687813,55.303259439388256,102.05602671465773,0.1180327477347029,3770.8261876954016,11.441377798046076,30.552704463903645,2,0.6763617398436935,0
4.344520438164811,18.017562575507753,46.257366364429174,65.978627213075,199.7719282109267,0.39453834393224063,3023.2927465408,30.57207780026113,145.57147315080238,2,0.5266656900024859,0
3.1303704723001395,9.205177161423325,8.688970258162616,39.08508043582088,6.50987944547348,0.7243896025339586,2247.3174458065823,43.48649619876208,176.00429231485276,1,0.4648535063482625,1
9.162200107135416,29.808095703551665,35.88774253895445,91.51460629380911,278.74397617496356,0.5229262794443473,4012.7733170822116,16.364873863226045,16.468677702242136,0,0.7001324122638828,0
15.537769726172476,28.2826964628493,67.05982710546364,153.63950114653568,178.98751244492382,0.4363265261496345,3644.572955684483,22.6660338726513,300.82161347111963,0,0.6432118780541564,0
21.69924628216315,49.206039500176324,104.96556636609535,222.76333232774985,341.9953573147489,0.4056332451647561,1032.1376284782327,8.811285777387612,58.298000006152705,1,0.8243241282212777,0
4.317784451321942,15.60320008016971,47.841668008522504,138.36607688942763,207.13382331077972,0.4303651472483643,527.6242887992328,38.51623547687186,52.326234584314406,1,0.4217252267300434,1
2.3228635286208283,11.67408757098515,13.353635861279702,0.0,29.833286211899647,0.2992414347304401,2817.858089890727,26.363908431136164,326.83716186281197,1,0.766219735897304,1
15.305293558432634,38.829883554923335,86.16142693923311,248.87711601479046,429.5451302254079,0.21731617456386637,860.483491822209,7.214210130587548,46.27059173854625,4,0.5079371590305143,1
9.622963518326614,23.40803410086761,30.698803689359693,44.77707619436862,63.69857304291884,0.5046578999451102,3344.5690622637208,43.06607469504754,140.6242459256736,1,0.36968521003356336,0
16.28457023086111,56.5957107779004,112.4887642174114,204.6565224166955,338.8273805455439,0.3536429626078707,3677.877209357835,0.9203187691514902,3.7427564443175987,0,0.44150918129540206,1
17.88918575069266,43.59888568852189,59.789140603463245,125.82275603924077,265.26761641347684,0.15507492119345037,2097.205740181721,17.367286086309267,138.5806191735144,2,0.04827964025270624,0
9.035284271918998,11.393667880684514,49.66998049764871,120.0173840304656,141.27362457833127,0.6010913644948795,557.8955133792255,24.207345247767098,8.554692162377417,1,0.8244089947804987,0
6.236774221329113,18.058141513079057,54.601939523554634,114.73796793509938,250.32819787464038,0.5454865523689425,1093.078742947155,35.071595895249274,331.60832565861796,2,0.41911820798770844,0
9.811869794666185,11.917692862690693,0.0,0.0,0.0,0.5227240939742501,4317.945912984338,51.86910173205195,92.22381830096909,1,0.411704570898899,0
4.524988432581936,10.188530337836138,0.0,69.44437363351138,111.55302548183413,0.4730055818500167,1337.0837672732414,51.86723793846668,331.7077953520989,0,0.4079304708973337,0
10.828667627652328,32.033162304125824,81.0023471835043,165.8909029927299,328.38353897664217,0.5857564603597151,659.0365060955264,14.118433815833042,313.03247947598163,3,0.4760710250881736,1
2.479940597432757,9.584551599685682,42.60578618107298,88.55082703537227,120.35245458033354,0.7730768373565268,1166.756246209138,23.621996840383137,34.24105602082672,0,0.3051874140880634,0
18.73977919431141,29.68861496690797,26.947979819132293,42.288813436906125,99.64437407626377,0.8583802299479696,872.9594153048986,1.0372001942246074,0.36298088318656774,0,0.5884331090768312,0
10.71667103886589,31.916407316859647,75.0631787986659,166.23865550631598,318.59286754457435,0.6459738282161472,377.28515725789026,53.06671418412173,61.640675464799195,1,0.1942062368762887,1
10.05373027075533,29.71671911137536,60.858094787784125,150.61249062565508,299.4130193368287,0.447144599019638,3184.7404098520065,45.158556541510436,238.4863230720785,3,0.6674195015918643,1
2.1626866728807235,1.7231712849627643,9.971581625745833,21.478548707430683,76.73902840029072,0.6218699804154474,3835.0181351402994,2.418547398275797,94.37042658988578,0,0.11776534392480607,0
41.79403615897749,144.3485246224808,294.3461494434431,436.5488154652781,866.6325237904337,0.5696262303650287,2229.7967474371358,8.96037343016073,6.859720784335468,1,0.06616360120171412,1
8.228586367040702,31.179199194916297,83.80360869209844,139.47622132168826,281.48865184564943,0.4275420600982238,2963.0556611320285,5.43751125612862,221.65871823991304,2,0.5269156731219986,1
7.7352636828085375,27.077810561520277,44.26685822098843,140.92396597095117,248.87380077010152,0.19424498626877448,2482.60060241995,11.21855731650851,199.20301709504577,2,0.55127966860625,0
14.400163507670742,24.95762161974024,50.44228281990772,83.6204065491301,38.00720564209415,0.557231532852377,160.4896339861594,8.528136700571721,189.71391784570704,1,0.23193139348553904,0
10.982573660197527,36.771973179400206,38.29810859043271,59.943402126090334,123.90691421780211,0.25689512231391687,574.298237630841,3.275387025112386,191.42452662804075,0,0.8483443465695171,0
9.32170347506627,28.143683586701314,74.15881867753224,123.76458850557356,220.76370284499225,0.7255284435817974,2895.0606316313656,49.15705296317684,328.5132892934046,1,0.22034457926519785,0
6.9472540593491185,21.008403669997502,51.17842641622127,127.72895357892267,171.45590341545443,0.6001044274048808,4195.158498970025,42.59023954686138,318.969556641861,2,0.44481457494895565,1
20.730608338272813,60.79055450472541,120.31452997338249,220.61928404091012,428.19498105033,0.49801721876004984,3203.3545158237134,15.149768885001087,169.63547605801722,1,0.7241057163877701,1
10.355218462080305,34.37037891736517,53.8566758722087,54.469383348663435,127.66377714968866,0.40003327948843065,462.25384571165625,7.759579284407454,235.80049885254073,0,0.39256909712661886,0
10.26253271621176,35.75178581166766,75.04011576758045,140.75852732083115,245.94672191950283,0.5376264535765166,3803.044495949444,53.48777342902059,270.3022767572646,2,0.7417578114157561,1
12.91420748655434,44.37320797021092,61.49028613431298,137.64234574283637,307.50237019133954,0.5489029875903745,232.33810790468664,26.39007833708601,28.11615370261086,0,0.6644261611994831,1
7.239550316136749,20.044021803511136,40.55743038966426,112.37433681919919,120.16629056998767,0.6176052813381187,2505.7399704392556,12.272214282174113,328.9182102779023,3,0.506199880321006,0
19.317539365396673,54.177575466647305,114.49697905481929,218.5921605451898,180.23206787260096,0.6630900704218811,521.3993682369633,1.1285886925840094,343.76337225978943,1,0.31290770064066564,0
0.8275972178319935,-4.008646977131859,0.0,0.0,34.931070992550474,0.43720767252794235,4339.5539291170035,19.851652787553498,117.19846476069165,0,0.6128451874206533,0
19.11923309100574,67.67955871112648,152.71817509433416,379.970154405275,667.5704531898001,0.39713872445878756,985.7977134654983,44.101196908003274,227.4075311990298,1,0.6784986906826873,1
13.236493717969866,29.025152333844456,107.11795282023837,207.52701636864936,240.72982167318182,0.6790884538405624,4461.124044979647,37.93531903642653,162.48769558593827,2,0.6257858534444525,1
13.728630731062848,29.243151509360573,90.5944015783918,242.47450245123943,310.4193442871366,0.5881856482522094,3800.436185776463,54.1097979121622,302.3890479692443,1,0.680285736673525,1
15.955855997722214,49.01494574593449,133.47310496706854,231.9466176515973,506.6345953119058,0.778883583262527,4279.678241140661,47.23127435398479,61.34136460665321,1,0.21672874703384273,1
6.054406895848319,14.516311690735776,19.021844936098574,46.396186329662804,149.05002944431976,0.2688048637754086,2780.837254146529,23.235053766959098,246.71445656051816,0,0.31033018732155593,0
12.888814676089812,36.10248910727932,75.18846285339423,97.90478508977854,78.0344957887653,0.32409846043830864,415.03686941334246,29.33304180876501,70.90868712976236,4,0.8592381916459182,1
13.490593925981038,50.826866071037934,89.17370936366977,195.5211486867699,345.39298584070497,0.8107615095452438,1061.9906080206847,53.7169093735551,13.41111842171876,0,0.34674505313183707,1
17.591103065092938,27.34910434596403,24.870992408383973,64.36909326472245,93.8648023118327,0.48796815435239727,851.6096307462739,49.9435697841832,165.29631294871865,3,0.8537383636254422,0
1.8149801978193238,10.000130489702231,0.0,0.0,2.5150804568736005,0.7070721171387374,3613.7744689039996,6.958640294458714,291.8564195716826,2,0.4736941678424089,0
38.83004911179514,134.7616682311773,317.4583422879981,543.8781880086462,778.5022929907241,0.5766643496916845,667.8483864427471,43.8711293481079,4.884582164686999,2,0.23506620327667452,1
8.091476179388033,28.25710571867885,52.91133065485755,134.89197319550232,264.5810339800173,0.25917004878598743,70.35734753332781,33.69183029133305,58.51286082524444,1,0.25860200601152394,1
7.11515189218132,22.890541476005986,29.28064745602341,73.0428450720982,175.40989577380205,0.8651477438428621,925.9091407751041,15.42280242248011,158.561982920041,3,0.5348934022659846,0
11.432316488760792,24.66194660824607,65.12361517501954,162.1090021681157,301.66575325996416,0.6023718759633084,2635.297828971815,39.72000033254874,9.351902400665901,0,0.29992940819437913,0
1.6580144449617773,4.369349955091181,4.347255979587885,0.0,28.242773639631604,0.3207505141960851,1978.184726764947,21.39316562871664,350.5866783132039,2,0.07544415450535358,0
7.421975186410164,14.902059298614514,42.97883529715599,117.88901504760628,228.05970406191528,0.30221244128600644,2288.7385493442684,48.0514958641365,338.34857008604695,2,0.6190454030490892,0
6.173614687190235,11.650793383277577,0.0,9.3347574067924,48.49921622113673,0.10353298255552766,3084.0656612511707,21.002714622362877,234.81813925108622,1,0.5852544789278273,0
4.419574957156415,5.702838910624677,19.07790350591918,101.33250376920051,279.9194952889084,0.5957303202220929,429.9381335567998,24.0537904222382,307.5175322636495,0,0.09066370447789694,0
5.894421237103195,19.501645453943723,39.11878275257331,45.62828748523479,20.858882200856627,0.25542315010024436,550.2869306961268,38.100115975437845,123.8704277786686,0,0.6516872818822652,1
18.194665336764277,36.30780481687553,98.02198750719555,143.79750362787564,295.48681350880963,0.3912892314285411,3451.1271978784885,8.397104325145705,310.0020398725035,1,0.38687451881680096,1
21.88940878085676,63.23511450509393,157.33034591376628,315.0940380936998,640.8715612160748,0.12426851206194127,2501.395655404824,26.574550671489398,276.1273123740797,0,0.3957285415699255,1
28.85884357247179,66.11780344993768,133.6608213850019,279.0597327457472,435.7536413121927,0.7406299977391718,649.6040892819044,42.1507007482086,344.6502392194676,1,0.7900272788738217,1
5.073268875327895,22.015666978176494,23.457523949549632,63.83595726766802,99.93851266151157,0.22949142895600524,4467.464519596044,21.56534283160533,133.5819900031929,1,0.24303197475649305,0
9.099244760777603,37.07475549398563,65.76428229325886,129.04582020058913,270.5413598637737,0.5083888939360982,657.2514412693057,12.280116269287676,234.3936999441724,1,0.3955556902271949,0
21.651601590462267,30.43522087160894,72.73601547277086,172.41181746832152,276.7889374464942,0.5741725451797376,495.2047209906608,28.710495114739835,229.5441407386765,0,0.337785088928529,1
27.764192616111135,44.63316752639293,137.32129600538164,329.0100682763805,593.3214565119854,0.636560708870336,3639.7897279734825,23.311963477695603,349.67299163739136,1,0.28471278514039355,1
36.702826372852904,111.17244684962776,160.5349868450797,482.7798231464866,896.9138132634673,0.3511358222090872,634.2848928975193,17.33373128528853,157.6889293581666,1,0.3477452422844318,1
7.84377650333178,6.862659681071584,38.691851081556074,37.88059733671162,6.091340571904134,0.6160502061895728,1486.119754728545,21.6919365531658,35.53444749752785,1,0.31021364173487137,0
0.741079017754328,5.928190016002436,17.826393224050573,17.37402748375438,20.644068023740065,0.3502446772241746,1026.3542614790156,8.279160837823918,80.79070305043005,0,0.46468883390792826,0
20.163592380658873,37.30989329011218,121.24342182188916,363.8274062313969,455.1814506001736,0.24974952054102975,4110.8022416577005,44.77575837794812,204.28936865857088,2,0.8239929788441556,1
17.272166145247578,55.562820372628565,119.23203996245599,208.77980505650982,374.5965183899647,0.35381547173639655,3898.9034388195005,36.40478731067236,273.79855584330454,2,0.5007654884365423,1
15.736031951121827,30.350888695885068,75.15289224703966,151.66616965740022,272.6152581395637,0.4880956919440438,179.27320137923434,24.080604335369188,139.02149384586096,3,0.4713072885356232,1
9.762417924221534,27.126551697944112,53.099656093541114,145.203248263478,252.14463828700445,0.4611849302379374,1888.8050427092041,44.31494349747693,114.37758069595563,4,0.24751451515525671,1
18.118088320286667,43.761369708633076,137.87562294566402,243.1620324195875,465.6256080429681,0.3528893867710681,3364.833104701278,17.124016576731197,354.5590655239444,2,0.2922055034186272,1
4.175043846320457,13.568233456709793,15.214998015950798,16.346693220641573,1.1638376193915008,0.38969560110638835,524.5351681705887,33.5940933452583,336.44656749363816,0,0.7328004177758615,0
7.893884417973826,26.737168012907308,46.78347236761019,128.98476323392086,247.75742393562007,0.4583335623947467,93.22395797537845,34.18791346516699,250.92432088705553,2,0.7166578941247331,1
2.688452679300375,0.9241145638000043,0.0,0.0,82.61253932258279,0.5427078703866817,147.44170633257824,42.50356816838618,0.8368853180774494,2,0.5416765869251666,1
10.715645023739913,26.205041789417635,41.7246311046281,64.65767811171101,37.260303072959516,0.4872438428044629,109.0251058526637,52.95463602851245,98.40676645791021,1,0.7264118101814409,1
12.037575163678506,33.467844742331266,67.29190167823249,156.45244637946914,303.61984987212526,0.5884241258320116,1017.6192245899815,28.137093659509237,31.777756551230368,1,0.5620232908004072,1
6.562470289653509,24.324577070283432,60.714272115266226,198.54842610994905,409.6796620976161,0.25604397432464393,1625.019283449483,15.973571351659256,33.709603044804346,1,0.5337934417797122,0
8.459173120993187,18.779597399714227,19.16886647024201,97.12735007689525,111.30494135021925,0.4273736192418461,289.58832414874473,31.360245147242672,236.04789513196505,1,0.8717245940495559,0
6.3974118328252905,10.940093876495219,29.255301432226815,86.35715241878475,170.83551919502864,0.6750977229777537,2336.364857949441,41.20664743297994,1.4138835426271656,3,0.49048804808801005,1
16.173283390650738,47.44436174573776,124.78742817077878,293.4775764344704,449.4285578654657,0.766584639647167,581.0624020233719,48.516285958336915,63.18264000145392,0,0.2881999110966884,1
5.408093868966562,12.11686964050987,23.91366050627242,63.70564738168129,182.57827523642993,0.2300652330512634,3723.861703376985,49.39573724933382,4.171990785831605,2,0.6301007625047614,1
16.294914653465472,41.80497119620218,89.02998318192304,171.66094588266543,216.97367934017365,0.3431089329257995,2967.1356579206495,52.99508912134394,55.40212264924864,0,0.23689612481768182,0
9.046484166516283,12.20062220397913,50.90737447541511,140.81928627139885,204.98594480320466,0.46259526472545964,2755.9371769174854,45.037182008602834,340.02651320604065,1,0.5621990313517427,1
15.422837456326887,37.87739601555073,57.618293258827165,196.3983879702476,392.72589175189773,0.3857302407426471,2375.3381894949093,41.524058146604276,227.05031072265885,1,0.48604073976777545,1
7.596457232577645,9.949671622695089,27.78621258074397,53.707220851928355,35.769232174932164,0.2182737156380702,1299.8948780900803,2.8338985030166572,163.15956983611886,5,0.5551461237667479,1
12.1593525560296,49.06570319696714,84.19905082417083,209.7510404878442,271.87668687011745,0.2567859131055722,3286.1509145834666,8.634420978308544,232.3021493464121,2,0.87800042022874,0
11.411631037098426,20.416040978868715,52.48785802228425,128.89914410145244,175.70163619857414,0.761766786893348,2642.983556240777,4.929796775600585,196.8270916378262,2,0.2420718288445083,0
8.836390209991617,19.525142720477547,45.25546182706693,73.76368471673764,53.31488648472114,0.3791242542048198,1975.4302811528107,21.129505791261437,249.15906732964342,0,0.11899056420428615,0
20.061918056531937,71.92542515843428,141.21990110300243,269.44224419939644,492.6615585781063,0.3266531649658442,4338.019092225883,52.45580648296415,17.557889766206905,0,0.5559424012274986,1
8.797231176071962,19.422565754707108,47.1518735164456,85.78215539448794,123.89217654046075,0.6823352680083923,4297.802945366513,23.436052746519696,93.96861949393772,0,0.7905897050666109,0
56.65753728390929,144.66386820897793,376.62203811889015,608.9851528785866,865.278959320366,0.615765966204395,3178.3917208548937,40.09874621348051,281.0957545117157,0,0.36222726527237736,1
30.225973997779267,43.21754775206048,104.97707381871943,328.7399467458978,506.1408346615534,0.48303397825822014,1100.2234640043773,44.69976456841313,94.72740844120098,1,0.39659362742256343,1
5.75488571534563,11.784963397040785,36.68128164739003,70.53993351500874,126.69854172966338,0.3526328381539755,1403.6964687384614,38.51128913300584,231.5371727004205,2,0.35474423979513775,0
23.74186706572152,32.74063962180443,93.99264342729884,273.65365787888857,555.2349039693331,0.574322605803316,1218.3214921948904,51.40773132766576,286.5956273563506,1,0.7155430987056236,1
10.298230981756975,23.72681563184068,67.61637696676486,118.31421872956304,163.35167857005462,0.3371060722766596,4279.578639857415,24.827426905098257,71.48723134317184,0,0.5699512836779557,0
9.447278355794664,27.9708518164462,103.981813072492,230.24347799995098,360.66618003576997,0.3045428645593739,3824.940657593676,36.30742982676546,264.14144332320507,1,0.47336124687485337,0
5.488054381602597,5.540075908119533,2.9763750409960625,10.641738956749505,76.72030230541387,0.5825829991129212,2571.2078020223607,14.89783889457799,128.57328365546888,2,0.7238668204804443,0
3.0533249637476985,0.30670474006204085,0.0,0.0,0.0,0.4350403475861755,2685.650247070961,36.789856858025516,122.40539771538401,1,0.65267241674534,0
12.574072257110869,15.222100243293607,32.88132667738313,123.51278125695356,198.38605268330528,0.5043584588132821,3868.4885877115057,6.901908526478887,90.44806042482708,1,0.13077854190048382,0
3.7389440911856564,17.103582307742464,35.79226986264812,113.03255356800618,256.53718654267175,0.6113240335524023,492.50030596874285,39.52105729805543,99.71851846782143,1,0.5507618939703616,1
2.04035630381078,4.508261470241743,8.34585645358831,71.06300194885065,143.78238347812842,0.6018627500387065,3583.522879442097,16.352758369887543,103.907856701855,3,0.08017768928660196,0
53.380004025550406,137.44769223960924,306.3816045691063,839.1983107885873,1469.0857664761904,0.6119237459452098,2855.247498896503,49.24033992349148,257.9427824692824,0,0.37471835270453996,1
20.717058364177856,46.75209735602387,83.19201005687125,216.81857048107537,365.8943700372824,0.6191747528292366,1275.0709090314915,4.714812733886976,143.12590790512087,0,0.3681151953634739,0
1.9781759012515865,4.550448507600985,7.880460382366817,13.19638228203593,49.107960430419,0.4498183898500318,4269.36418086626,26.52763062033654,104.77023635652922,1,0.8710069433157375,1
24.955107021367773,59.67733287657597,148.35176318064313,429.9848693936517,688.1231283176646,0.36178341231233946,1717.9629915907062,10.413433212596681,19.828591418052973,1,0.36706728497155733,1
2.1904534426279727,3.6215259257827013,0.0,0.0,0.0,0.7846926674152336,2509.436469203762,7.828779763091944,349.9184073648611,1,0.7588476102436819,0
10.145801924103228,30.041651556736912,50.37269329484265,92.50464591634966,141.88860531815246,0.5905410359944444,3024.858011042544,21.090678389691075,34.53168234217436,1,0.5214724756849093,0
7.261034151835228,16.538986347563217,34.74137065006087,109.11752744259284,185.00813879742978,0.23059542393437046,244.43326755260728,4.716473372527859,291.4656828549544,0,0.5929168016669377,0
1.4310727275582569,1.6021161693954822,0.0,0.0,21.855342528385716,0.31716958360478265,2906.9728800367466,16.508105086320423,52.61416939284667,1,0.2919905291738859,1
37.099231278669826,81.55876440235572,110.22597417243139,163.9372307874113,281.57164670933946,0.4653768163803701,1033.707715293694,27.285246004699584,128.7498928681922,1,0.2489990985610864,1
5.632821817470291,21.284010252040197,44.340262733019365,61.526748330604015,68.5088326360923,0.9035457655830016,777.953613654277,4.2379175590880465,328.57514646925387,1,0.372214803870093,0
3.760507285696272,10.166741564219157,4.943806496081088,1.5707495454443663,0.0,0.6656672024987879,2048.1423549797883,46.16906973247582,251.7922481832737,0,0.8098063980472536,1
4.263687805841824,20.111417212760994,35.11164107521002,95.36638532473657,140.19992023856872,0.20123738815947878,1417.588673952377,33.43370208099078,276.95330691796477,1,0.04316316125446202,0
30.277834287552576,101.1657560232617,271.3090015958512,436.9890906631539,897.5674928682114,0.31535863615149984,528.4034583972714,13.717094596359685,199.72292610309827,2,0.2297886596953634,1
6.817538702413291,16.99016262995728,46.23895092505972,75.7395655376479,238.33974738507476,0.5923534672987001,2592.4065600391277,45.22728658169759,144.88382655142817,0,0.584580552823496,1
4.282547599793513,16.950059313306436,25.47408284596758,52.09609994166281,59.333195099867,0.4195992718718012,1496.0748645316849,41.8826152606508,339.96468253825157,1,0.5229731069585422,0
16.791104256410623,48.21103643117873,122.0769873847324,159.82825467557382,252.8884302090999,0.28317285643303824,3689.3012104827917,47.77632867278283,122.04013817663608,0,0.2596001461112878,0
22.695432022398137,55.50788370345953,156.3064705005374,292.7916946360408,454.55586300158217,0.5801377755249326,1647.2594437201712,22.30568085174946,194.15650382610053,3,0.5007064561479654,1
14.609719365346205,35.93224594548142,70.51162854179339,147.81972874192667,240.7279500766217,0.36247060214200494,364.79419127748304,23.943503684471274,91.79311446311894,0,0.33483557263795843,1
16.112917215965258,21.977480508405673,38.885030450505674,96.31151377923953,161.44927268830241,0.6790153837898489,3717.015168806358,19.685267554163698,337.1118982181121,1,0.3063791921475376,0
6.490588009281574,12.114082915567513,54.21023937834177,124.4150190341876,294.2609825887052,0.46910347926309964,3428.1605132319655,27.03776865269624,112.11697202864055,2,0.4529675055979611,1
11.784979357540255,18.704746499114215,47.88110123813769,124.40060806597812,326.28197451859165,0.592586664850122,2830.485525799476,6.695777248579607,308.3774888219929,1,0.27582213324506627,1
4.260839140056433,2.682199330799362,6.011488056098252,34.116957024007576,62.89998065123861,0.8647910464935457,2851.7297931809608,18.61107164073842,15.616710623031445,4,0.6829660287776402,1
5.46434279283002,11.182113391993294,33.35341480306866,99.10786955056892,116.81501378007152,0.2228575519651069,3550.8705358721786,27.52071286650072,59.8545857230624,0,0.41503266609320866,1
12.032615105424966,29.398877533812218,71.30105211355861,156.19109836047122,439.08717752047227,0.059099935339031046,4003.0655948765743,47.844997252637164,112.0283318732728,0,0.7464971579598467,1
33.26070135550179,70.24812404951167,159.22432698558742,401.8843153906048,608.8585202727991,0.6636420774905736,2495.3663394576447,30.927885744823797,244.4892655021482,0,0.273073852586025,1
17.48145414012403,47.51994403004303,98.12469912722796,194.78080040425257,358.9937375052172,0.5612175337560289,2223.767568820608,3.145005330194324,81.37532291963016,1,0.5546921899727081,1
11.664681754120931,37.28222501198721,80.41395795441012,242.05109137352326,436.3736830220797,0.14691749628727668,2801.1454289555495,34.27530215231466,82.3949862756038,0,0.8468347936011865,1
9.819171979736842,19.428933404296153,38.01078420826702,87.36444731986361,160.63355964480687,0.792333354289592,1625.141599055882,20.22675312504922,60.69637179327847,3,0.7933563266435285,1
7.474097381229833,31.967937399945825,67.0834747581781,152.63585730171647,297.57468815225127,0.5308803897039773,2741.6631539653517,22.93941211697755,352.5237187957875,1,0.5841467589114245,1
11.114354734740257,36.584242571910785,74.5663380554505,149.5419673756667,217.5277715200641,0.3295045058855277,849.7548666529347,23.688189370343146,70.36860096312638,1,0.27830439393478246,0
29.74032478901145,72.82960767597892,142.73962658046844,251.06333874764385,531.3994963744824,0.5757014611710851,4476.88378220291,54.49740868739292,90.5117252883068,2,0.7451567320849645,1
25.006612504818776,88.1179355190477,165.93474335113416,474.7298887928861,921.5830596225164,0.43221483978966063,1863.40992695057,9.481165713946728,120.35468110056125,2,0.6265463279904104,1
10.998946118420026,35.51311056322237,45.425433972242956,86.47747551545683,178.7085939828581,0.6534245252935958,4277.568639462554,15.09584978215336,138.87691294702248,0,0.2211878345146157,0
5.741804158930499,15.0205366163317,30.782968147980228,103.92754925873567,136.31250827681214,0.49301347825853625,1548.6206462504795,48.137484436422945,177.26806951469462,1,0.10640017457069788,1
0.9078234866231314,0.3384862619812674,0.0,11.33479905906128,11.436643675533706,0.4886640006140104,1717.4230864611511,44.66586649294475,71.88090469281946,0,0.47192011880871176,1
4.2249108220639995,6.431776024230915,22.55853967206651,68.90868595740079,85.8898403449698,0.33472563075243605,3821.134373443362,2.1773589709124903,143.66837640026407,0,0.6298209989275146,0
17.671323673828322,35.95472702191754,100.16933915594498,204.26449798119674,272.7057452109111,0.5304605814383756,3426.3445684288126,54.70740852997944,269.5719386042735,0,0.8127906012402258,1
5.817437892086738,5.5337551744947096,0.0,0.0,41.46167730947681,0.3118933596511237,646.9387822671738,0.2169659179880601,185.72003074308074,3,0.4760426805618047,0
10.164857501723887,27.026522727206586,62.55662084270005,134.6768805148444,202.00660397206502,0.5909864235054889,4361.433095067082,36.37850758487055,83.08787277337973,1,0.12071693143171988,0
6.428250395923065,16.231665725066208,17.812923035574254,37.36962870347655,34.0027358251876,0.4316053324733795,664.8707026305424,37.2210069741196,73.43820505091905,0,0.8550045287869661,1
10.148072601002486,17.55720022825087,32.96563484405611,119.1494827777649,292.6183349769746,0.4123055631477318,1562.5892067995044,42.057756424230114,39.39492544219408,1,0.22480525675314825,0
4.838076434653323,12.947362875194317,51.338086363594684,91.95211612728508,122.74910679359614,0.673135231606106,982.5895519120293,33.63910445047453,334.2103247985425,1,0.4398337627984137,1
4.51156735953693,23.50599875878141,43.53282160407765,64.97737627800572,122.96892741886523,0.5379111709532708,4018.850390802362,26.587966402053027,306.7722196404992,0,0.6572566622555924,0
14.639692035186776,28.71894642432383,23.422671196236784,63.971523640639056,120.46641155563535,0.35102334645882144,600.3387182134833,38.04547282318098,109.18254718187406,0,0.35849333141953466,0
31.37977322186238,55.720794928562846,131.11817846873438,265.5437341373741,364.337820261141,0.46002861154406766,993.4832742202627,12.101571911337402,3.3016854169451237,3,0.6121749585282227,1
25.54553809771473,38.9889911075951,108.4478716007527,314.7024684447158,639.2550356478997,0.5251081994803598,2706.635113183936,20.901063810079123,36.62723297774052,2,0.45895395503525555,1
7.450076178301628,14.067310834735446,26.587629788115354,49.07791798995552,126.65750158887377,0.48258718994913047,1657.6161112680898,46.380647279856156,347.9372197750521,2,0.13228098839408609,0
11.331879379557101,23.97696723561463,51.513458587981056,111.94106139092831,241.43169881397768,0.1965195639622753,2979.6195190740223,13.784370476115374,154.95625695154584,0,0.6182761786965505,0
16.12443638379084,29.592972953552696,60.395998859949515,161.59041140281934,306.24947112049324,0.5123333490969414,3912.691319725968,11.787895603258807,142.4875508454636,1,0.49371463846115127,0
9.029176061649993,11.233865660277274,15.23942042333097,36.83701048333119,75.34201550737268,0.48214046237397173,1154.4618072473716,31.484617130258904,61.324800965433006,1,0.2292089542972547,0
18.370586463841583,36.05306621362479,62.86400165929572,157.5486441439474,301.83939293298806,0.4600057729206488,2266.4004242868255,29.294737164745648,157.39758408989024,2,0.8074204657892403,1
1.0372207776133515,5.171621753772472,2.0514219973807055,4.223254415683357,43.77156133107078,0.33082677633371194,1466.1449409687252,33.17399102279141,117.56914260530364,1,0.1921109308780183,0
7.636363608839396,16.690231710988986,66.7579101736016,141.00495845542164,266.0691434121493,0.6957020330698961,1927.7218693312623,30.144669623157753,49.36510500421498,1,0.76275140125728,1
2.6756180335617974,1.957730582314853,0.0,21.161061835626395,38.011757289289775,0.3735947698202505,2886.226133652572,44.12497951076822,34.009113347174505,0,0.5383903336450213,0
2.3726537550606133,-3.3140287479197834,0.0,0.0,0.0,0.6590943812861267,1713.4875695807355,15.57185306837585,29.749480500396558,0,0.8166479022394699,0
17.38362944668661,49.2803042413307,112.01767719708214,306.60414639180675,603.7923660561822,0.611054799929703,4437.851492236551,24.219063753050143,351.5772547705043,2,0.2912134837751947,0
7.37780390096607,15.354381600570045,29.78082392060316,97.07113252586002,130.23499577045786,0.29618435981390523,3710.7990257228885,0.026537764741888514,180.9169872449137,5,0.7388482405216852,1
11.656854623674661,35.3851653786026,48.69404006518709,124.21911682781618,270.3736832998279,0.3016066191270564,4025.6409124199636,5.136998868332697,190.7707783628333,0,0.2397800293988178,0
10.00328088408717,23.08226863873651,41.69050789351368,67.16722747417617,27.97718981463619,0.736124373002352,3324.7180169521866,39.11749251764961,356.863911879601,1,0.6583379990001621,0
4.431137512434217,10.506768380252813,21.107456942983998,0.0,0.0,0.7102430015563336,2242.843871862322,30.280318813811316,358.65361742989927,0,0.8197972017086982,1
0.4776100351728758,3.394759569856032,10.807751453364194,0.0,0.0,0.6369978451331049,2185.5092439684227,40.369381766584546,153.72649116639806,0,0.6386450437756567,1
10.45226644674819,29.14572650730245,54.266107474425965,88.09578703444251,124.95925019888142,0.6967499025662948,3049.4875337144995,44.25385903855146,305.44222406154296,0,0.5586399898035619,0
9.281337871135916,31.41795836904736,60.19560523515268,163.45096921461075,238.2871892602113,0.5163753136643041,3075.9953450367193,4.758920625242788,74.50350893861273,0,0.4484123763199406,1
3.260171082433827,12.01593436025465,26.62851246313886,54.26407180483677,117.89780014558501,0.5623992743222291,1107.6064574340137,18.664168483507193,147.87392727721465,1,0.3535751209352192,0
22.320720518836467,42.43960148064765,68.82565055358103,69.37334917087054,107.64135248415224,0.4155810965499364,906.3171582668388,47.543909849129115,351.06528053936466,2,0.2883334844022624,1
33.66194200600728,81.65288136667533,234.91172777173202,578.6635131861639,995.3940503966024,0.5993631414957912,3592.208356357912,2.8891877831806783,98.86638405543111,2,0.4874911998735799,1
6.595002940451498,16.716718835083753,7.460455148306551,45.661621793162695,74.63952337806,0.4999908578318429,1665.5148650384172,18.25357750380044,357.4518982802568,2,0.8522045291995997,0
7.509875280570006,25.799463866124974,52.01945975256044,154.1971539788375,255.45795355712673,0.6569158717413129,3721.8249844781994,1.779919816340208,222.04733250351555,0,0.6466244180363623,0
10.902093593326809,23.417695966892992,30.492701494729157,65.18856551454637,60.52253307310332,0.20405654026486897,217.21588612126592,47.8900769537162,123.6462615536736,1,0.6135194934108197,1
20.471240671820436,66.48809593060189,248.1590613028945,558.1962049963166,987.3642683817902,0.4565067392997595,451.1877126784035,19.05181115516117,268.4324627094523,1,0.6997686168444285,1
27.687178087569233,53.116628932838296,80.799499588651,196.20982507846233,274.30450838601206,0.17482239548479708,862.2097154778401,45.65106182004479,338.51500907714393,1,0.34374142755452053,1
5.8718004924682585,10.841291484744842,21.15985836580537,25.200524032928698,54.60146927744904,0.7701531207679174,3885.8545594352163,6.894279129974902,355.12449215791787,0,0.41553039980189027,0
21.507863191296877,57.82134016735271,152.7583844273253,359.10890306532673,730.7364414886241,0.45108152465295376,1120.22473734776,26.68190490585339,192.50717618545286,1,0.3074027681630175,0
11.0572510933518,41.01471016059078,102.27673329031572,198.4854593775632,352.107064612125,0.6460814747637424,2899.9128394315826,51.73193405064589,81.32705477058029,1,0.6940830427370313,1
6.5641024232202705,26.759254325900333,34.746296329884004,75.25465468058565,61.89556506042827,0.3772295161113614,2838.127417003726,21.355990453293074,301.1318022575261,0,0.5573880828541893,0
39.314664833394325,112.59036650669624,219.24907344747902,616.310719711049,1037.2309139699323,0.7889656628466523,3836.0202033566006,12.584856235310578,89.82574759394232,2,0.4981573802855952,1
5.623154632143867,6.797768476499024,31.997160941148977,60.904492655076744,128.06355494902414,0.31986483669275884,1600.9037592772652,12.667223528680445,53.46517642123444,2,0.45624217953523716,0
4.965984422531152,6.0553112032681256,6.947873642032388,34.93885370055679,46.767511309890686,0.457542516870492,1857.1444458755768,14.853876837762966,241.8233475441906,4,0.4460173706028628,0
9.625014128912959,14.976478855656346,61.23380355445383,138.4662944880248,356.83480913116995,0.579360420441261,1034.1803296492017,4.9906860634522126,53.11318223879021,1,0.5431481085749336,0
7.740676244118319,5.829374406888676,8.953051499436695,0.0,0.0,0.5033543594586939,1894.6142455487072,42.10582815168494,7.862039645297312,1,0.520719298381315,0
12.141109161038623,24.247183896819767,73.70022443888739,156.4962205482801,254.05419435369836,0.7837978465465187,988.4944697260522,29.963886507532123,348.7628406319582,0,0.47851731127482333,0
18.855996386974844,31.210581263121252,56.23958010190515,86.0597588337908,174.6844425214752,0.15090405515374727,2050.2622919966107,48.14906468698171,73.15670982699999,0,0.30008788010973736,1
35.30364683509517,101.63407760587128,231.32041743644845,457.7998221752299,884.8148221348503,0.5436294223042671,1072.2929428562197,33.28461233319105,57.181193510863196,0,0.45909501915316975,1
9.761095809013726,15.164376438418564,22.590117835592853,45.63325719991619,37.96247240294238,0.6534432992665963,65.92197484282997,39.992877545746104,284.5594789121271,1,0.5239813542016412,0
19.388705557910843,56.27433073340719,161.65098574734967,297.61833596941364,432.9372252191304,0.6397547758533514,3960.3846175233853,20.168227915950393,204.95106291413913,0,0.6893710522162038,1
12.252867066078206,33.74531988112182,69.27271217527262,118.63807405011498,133.20852628694522,0.464317450424439,3147.643357118206,52.06320402948087,4.164127673365021,1,0.7286443222661266,1
4.301118170697311,7.671513110939627,8.021992918651783,0.0,0.0,0.25430697234173266,2555.1602865465607,22.67763235639257,57.71725151025356,1,0.028747548224259168,0
15.546849972644653,36.93522546039365,89.97177206716407,220.60982394966112,328.4977935131662,0.19875976002190593,1955.617252316474,34.63890309419295,41.34618384764587,1,0.30557175453400076,1
23.53744380718143,42.24029831871734,110.33949609182415,207.12804614208952,328.7574477315337,0.7911783134365562,3665.2111649089607,31.484391858214934,57.29084204709403,2,0.7375676534271084,1
26.041858247391875,73.82782256409193,159.983282507089,433.0579382049892,546.2050329478365,0.6218721364173098,2297.8368370267376,39.05218694203107,241.27775153584832,0,0.8466142981407739,1
10.17158577981002,12.891916642090159,24.982319484584064,57.81483486710811,65.64146429171824,0.3502835402335297,1017.758039118206,36.86451330525927,134.26205514283254,0,0.5915936705069863,1
2.964239046301147,7.448396340991091,14.58401638752635,79.3947642401501,167.36410012576394,0.8188063704188974,3498.237858603222,23.541746914225097,44.851446378738515,1,0.3760562614465547,1
12.75389216411606,41.19175087439313,112.80871688277433,195.84387011809744,291.87719528057966,0.6581064269749439,3808.2784577099014,7.503384071505603,272.1808967311225,1,0.5649257622654477,1
2.029703410230052,-6.295054892449491,5.511981686169088,13.037589704523581,50.02635949385606,0.5144546109267224,1888.730851159265,42.52313967583963,218.52756257543714,0,0.08487389471489323,1
5.420534923215495,18.117958408872195,80.36407828271643,164.47379647730153,300.13045016278573,0.39137074353694773,363.35896840122683,3.605035375030463,130.80893431632146,2,0.3631644815123009,1
12.072804667305208,25.654821487189167,51.862987769514376,90.1872232627898,158.2208431170395,0.3948730983583549,3496.285877455387,54.94295539284328,2.4375093445545915,1,0.6077923790256837,0
15.040454777048483,33.73726827704487,77.94216007577549,185.75006043606496,362.98361224430437,0.3643548785396394,3567.460014992461,18.217084212914482,162.3464781168977,0,0.13119193424483644,1
4.4957516521591305,12.708991968831665,24.082515769528637,53.849002451849756,126.16421219848024,0.6027673965066771,1519.0867599999822,3.6431325076344514,253.42917692553294,3,0.2745996908495855,0
8.847858626413203,18.362858888457776,18.99164927751767,86.50145805434973,127.408241505158,0.34936547353369574,4351.322655269478,43.74739128135061,190.5575135492627,0,0.28016042033628397,1
9.406180867204885,32.81110408258459,82.64149341492512,207.46635244159395,301.67578048546835,0.6952896060383161,3201.6508172129893,38.238078861845935,258.6354860218024,2,0.1712480183304932,1
2.3590902531282922,5.710434076632416,0.13169787239980302,20.693355608218273,2.2278487175087776,0.40067769935480574,1462.9836383457161,28.541704197306025,160.29214503084023,4,0.41753888831547925,0
4.588119853103499,10.624531559034198,23.983456589231707,94.90146107875631,154.97533460570108,0.3956891700845281,1401.0646320855374,26.400176611396365,51.47958791450604,2,0.3316567088649225,1
2.8060734326774375,-1.7542656694732646,0.0,0.0,0.0,0.0940590892953898,386.86851926283947,52.67797406260139,157.7465043710179,2,0.5010051304562197,1
11.595005783670327,37.18595682872309,113.5755974586791,294.1414979271853,434.12445573906444,0.22970491405763765,3761.004571923551,34.008669169757574,221.16645702418643,2,0.04001429917256798,1
13.5285496232415,38.920299238188264,78.01219676924163,187.80209050113433,150.23982569778036,0.6928912941608437,711.8331773456015,27.156362410987366,242.39156411010882,2,0.6316769860747601,1
33.409356830013614,110.8599461625583,179.3671768378921,439.43254819042636,883.0834324010214,0.40393454663777384,4337.463446050626,38.93785855307293,249.90239612197146,1,0.30898054886685994,1
9.344099851400948,31.86453374196614,85.11296295316222,200.2225867477825,405.13519199077064,0.29686639447675656,2176.1598604640976,4.884534457785296,315.482589549588,2,0.9039892443166554,0
12.627608399573745,25.39737409185655,53.87733092157871,117.80814732500966,257.59712684018416,0.5628894066233397,3884.9974950183996,12.079149747513057,326.01716098926823,0,0.46937106506304854,0
11.10874072459819,33.124334613944306,77.39888306707883,171.17327656093565,349.16904536409675,0.4337130323176694,538.9842164031483,19.034358790664633,212.99557728822708,1,0.4056250807571724,1
33.9588929141775,65.08339463727191,189.67650318218008,436.7081463698891,737.0447978839381,0.4984663439924163,2029.519033072832,12.156346725075023,128.59973295447188,1,0.7559280782333753,1
18.838933601106437,49.62464807492641,119.85496682284344,255.37807214018528,360.4521948194807,0.6250955410506005,904.2653798164412,0.8303396991828532,321.9333766718342,1,0.7210432436645601,1
13.323557570744054,30.136624447818157,16.429007189733163,87.19754635824324,133.48220334875762,0.3403476660370081,1310.0629350192721,31.829087889298126,75.46728400524728,1,0.19146142532650098,0
18.931975058394,56.041627225710506,83.21601607637024,203.00453595415848,414.8935727915427,0.6059826646604999,3326.5993832511554,18.697290428822086,79.15543444385143,0,0.7801737429841751,0
23.780867362988158,56.996064991368776,138.8307037784518,222.77847628721972,340.0225812828698,0.049031199026490814,4411.6120968480045,30.45234215713299,1.9591585513560483,1,0.32756286171823906,1
11.51741401922496,46.8066544209414,89.61559553052167,167.8190157970698,279.2396374436721,0.6259824295968509,1740.5290989544408,31.670525818357817,295.82343985965065,1,0.69595899424543,1
22.35009107697204,64.79078624588854,85.01092738289148,158.28470048049513,230.62344574315,0.3116757547660782,375.0373415472706,30.089887805092218,294.3668580612918,3,0.5470723499274509,1
16.770563304308283,33.91862863992364,55.119842436154904,150.62003180346522,357.4696677260096,0.4297317299185251,3470.7169319608065,12.140276441477624,45.06328393489277,0,0.15305809097138778,0
16.898018207709722,54.22170217704769,119.95770053406706,253.01172668923883,306.7434095808864,0.3131820603472894,3448.87059525309,40.61451117868942,125.72555524046311,3,0.791596737196576,1
11.06734150079616,27.863438052285783,53.78702932153777,133.94903748690658,221.9455850713255,0.5944798910333776,1808.737481302215,41.30811024700484,205.02017273119586,0,0.6114041286678253,0
5.77056596609138,24.103871492206682,62.71510993114191,182.44787154734078,260.13182630096975,0.4606815461076139,3933.390802794266,7.218608384796884,275.4827785410603,2,0.34612938977533536,1
5.568995565594719,20.89187652334899,44.33862885151202,154.47196939862602,320.94451369243285,0.21457024258802895,1586.387126087573,3.4717087474786723,63.230520650598436,0,0.645875888584911,0
11.652450299226288,17.348584750767905,43.476113833333066,110.55224198954033,232.81264717805306,0.46511342783715837,1598.3574836355965,32.47238349779251,219.57662548487548,2,0.35661277533622016,1
7.431933725690213,25.542077440057806,73.51480964122399,165.23533493082257,302.79630671982045,0.8842764639547651,3999.836221611796,10.116601114659716,54.01338224832105,0,0.10788112058223583,0
0.42900696176967995,1.6991087929553952,0.0,28.531523663686144,61.78561804887272,0.5025366281638439,196.9146474846562,38.94783056571984,65.70253427918483,1,0.2644852423199439,0
37.6863311438349,115.97939953715338,240.6480281380518,523.6772414899525,630.5732306971362,0.7071868165036743,4389.169303030335,45.99816324725972,263.95441812490526,1,0.2976031016686589,1
3.4610295260419153,15.72769411232631,68.67548297307684,131.14398558491445,242.02659409278598,0.4627506302220015,1938.4639112333718,32.058173956201514,229.15992324347417,1,0.08509883688017603,1
5.652670483757782,0.7180472087758556,0.0,0.0,0.0,0.40860424404405865,1129.6638576452933,24.892315573681937,202.96174727212448,0,0.6938510591503659,1
5.624521021183905,17.535170556433506,48.47983850766225,110.24452315190612,271.31962942260066,0.7553254752620544,2781.5810131075195,33.67344898001262,341.5929420387268,1,0.28265916244232553,1
10.508116902043632,27.79067247774726,48.35733710618254,136.8887236275513,232.83501729496192,0.5779165805446529,988.61619084403,7.7418428736,256.1296607839851,0,0.29176990018756654,0
23.323623161614364,50.6297557218636,168.40225824382102,295.49344220141876,592.2640636902072,0.38672949143210134,1750.0650735658692,10.418525744117723,219.49861671332357,0,0.4831026238873384,0
19.394838830790437,35.21755634919728,109.42585665269488,289.9879318935136,323.08525857970807,0.4258320763621624,4062.5049473531826,13.644744420720327,71.30990393162668,0,0.3249438729505325,1
9.22692180683478,20.795109270080864,45.562882566025586,150.9871021716477,140.5633312626751,0.24109464075416617,4447.307527872135,9.318064898681294,246.18733613944846,2,0.554537566708387,1
11.443310853989976,33.54844634377078,64.45880568617865,162.65003065719455,319.0864666704292,0.3288828417708379,1004.1552856994673,12.27683262520197,134.48480528732273,1,0.29966235859337964,1
32.71517868788936,78.38079485100813,202.93105196746117,595.567290054756,1106.8274437503605,0.141557837003025,2582.427736879642,53.63825266725769,64.92175044514016,0,0.68800430175623,1
5.159552518112645,16.891770133758566,10.841918855762795,0.0,0.0,0.10930888671490469,73.24207251838413,3.5103923308043647,233.52558093551087,0,0.4771910978010554,0
7.193131307691004,10.024560697552205,28.862375635797108,6.0844383385416165,6.5058927327268385,0.30613258910683655,2004.278006696899,51.30660460683602,130.26839305423536,2,0.25189333186924884,0
11.302647737049902,31.982629262624634,56.25685994145435,72.61724659244136,134.24744172396896,0.60883582888584,397.52571861776204,46.92332935927601,19.640559076620686,1,0.31729975274816474,1
10.25387069707863,17.430244008335364,18.91072940600452,68.6222542374696,64.4557987414434,0.502711480214623,1401.0143259991992,13.50989746656398,226.44366120790298,2,0.45954472569986077,0
8.60821779648216,19.520283511634172,14.274560206420933,38.38362189785809,102.72750074596959,0.45057591979105294,2570.4315441110975,26.09460579114672,301.0971526990389,1,0.20419145799233362,0
8.463847804760245,10.254241153621438,27.29593144598409,86.46395126221402,116.59565272104223,0.523291924878468,172.7331431325614,29.962962495483197,349.44055341855153,0,0.6259756206971249,0
12.818316094486363,33.86420312022646,87.24683227804653,147.91727846916342,217.2344854640725,0.5179627010576736,890.494688962008,14.285054450330795,285.9579809657037,0,0.15317327646734233,0
36.680914294077475,65.6447892885117,177.79037581341728,426.01282877710133,928.4113651117189,0.440407785954725,94.09328894819633,8.058372306655595,288.34867289918884,6,0.5384281579644307,1
10.834158803842259,24.6158887543331,50.88858483829478,88.71914612860452,152.74655895777005,0.3290476925175738,304.8813201285096,17.823239911962634,254.3860944083295,2,0.37346985659867593,0
37.41344433309384,83.87064559468377,227.68813100016357,443.44197983861164,675.0879830018712,0.37686592660044327,4388.396799786357,40.23368440789197,69.76736177387632,1,0.355884125954006,1
10.825955547707807,39.81042287156027,80.06005805607943,212.6898831936433,395.7159791115888,0.37628314151403625,1290.8283831137765,21.66099346399188,66.70147136379111,0,0.7715874172247481,0
6.0052453335049725,18.228015472491297,34.94205333554331,63.603787408002866,76.93185640515763,0.4710933445608084,2554.6380481472384,6.456596216505487,297.81997839178905,3,0.6363759954716015,0
26.385563861829258,48.96605338870015,85.56390203651523,119.70561055802558,313.91508064174667,0.18567179294207264,477.93949022478984,13.051711900135375,105.3659428805435,1,0.4292038839493005,0
4.982070126082907,13.681007450192327,25.108368682094337,11.865922879490064,3.467508320247344,0.37751083784323297,2781.9181767330074,45.58900035964314,247.06434251313976,1,0.25360208934220396,0
13.5336210109278,34.5433847018195,121.58760115951105,334.8113944710434,739.5504877397158,0.7939539845256687,4240.090671719243,53.05984848295435,199.88862414785436,1,0.7434503643018573,1
8.932036192938204,16.22383372075317,30.711945788427585,112.1129976979045,260.17556767032886,0.5441669147936483,2888.7239102500216,1.6491614988351473,8.404856518742033,2,0.9147149135432566,0
10.106219517414806,24.246479279421298,18.94352988162063,3.3783525546255646,30.953335910775255,0.20552947977898445,1341.9338736699574,7.695782046840792,280.4787571528378,1,0.7613306565866134,1
3.41045843440664,13.400672538851966,23.72188808258104,70.71157761783563,94.03454568878587,0.43401002003495476,386.7120037802086,37.86065139183631,176.16139024114474,1,0.4301407549197268,0
2.289570954385764,9.315811302338165,23.31695848961693,24.874024458665055,24.746084902283943,0.7458825596965537,2371.0625389880965,43.65941212965294,244.5009451609779,1,0.6059631591262729,0
48.91409273734985,168.38702649336406,404.0361759425755,824.0289875659499,1377.400356495186,0.7011473644546606,4098.992888844006,9.68498694319444,9.684743556244708,2,0.25435880520392873,1
9.172781706639642,20.281303245145764,38.68484852218306,92.7668367883372,197.50248036888894,0.33502921357996024,2306.899837185556,46.25558529719725,101.76438872887059,1,0.17242857723377786,0
3.892462531497007,22.716500384977543,29.954607633875053,61.89906585386246,41.67400427703849,0.44871577748942804,825.7409645654094,1.5262253266355814,163.00675196505208,0,0.4655908843344819,0
4.247093785635732,6.473913000480516,17.262162714160596,43.88571337904144,0.0,0.28196174630893955,2911.4964884594856,17.480776604367367,301.94980426714204,0,0.7597165764229493,1
0.25060268455240126,-7.088677575913951,8.47286751773454,11.390569216329716,16.59974531907535,0.27641160317710733,2200.0084821620076,46.14524606727813,160.29449190299638,0,0.5712570310857034,0
5.10853729342041,21.555107582653214,60.262883916352614,177.2648806005362,178.1532894445636,0.5574144120270937,3197.7932928081336,39.53986350204308,200.37943585819235,0,0.28779697579260255,1
2.0632288458885197,14.497533632986993,27.299946722057925,81.05220624322791,170.30051054507567,0.629471459671373,1892.6386410099365,12.894182034579696,79.80978110443287,1,0.09390905557606422,0
10.28023756641187,21.976157906114583,13.435103174269265,49.360310759531956,26.799511557416302,0.822277413742077,1839.6032395731625,44.11119030198845,184.96210952514053,0,0.39795107181154327,0
7.376784393710861,26.884831784821735,45.22368505412588,93.44982813034281,81.79579388248413,0.24945996975623852,2513.305077805705,17.033481377070903,254.50421279458408,0,0.46743115780242417,0
16.320791881416085,29.021558671989094,39.63757585747739,70.24788356715591,70.3519936364262,0.5425263237488045,3140.4592788332698,45.89892888394827,147.62467718364098,0,0.4840440141369022,0
10.306427968471082,20.698772091841878,48.81167068009045,108.58708895489248,196.3271156507775,0.5903654510018663,1698.811686204695,4.626464776692481,53.545838546508534,0,0.577574570580041,1
11.777034719534656,24.214134957194357,24.50857369267271,60.9177385323376,126.91246598823177,0.3458451937401472,3358.76451243435,38.83208799900922,199.08995155351795,1,0.8400317543102988,0
13.203992635542711,40.01494482361959,77.77761349363561,219.84418375460825,500.6372873422477,0.35289046727918777,2799.6101606375046,18.51676198266273,40.92494474459715,3,0.8971948286125495,0
43.60459326965922,75.14777811222503,154.8644726603597,380.27135311962877,870.9115862831716,0.6483026857411976,86.19801201460302,52.96328456847597,301.64667990424095,1,0.3974671112638585,1
8.59062121403895,9.27673481855167,27.042214888719826,96.46439957128779,157.76667079844293,0.48010616337005513,1976.7924178647575,28.529813645486353,232.9865936068544,2,0.12145395464295904,0
2.3511984794173237,10.929258416067746,27.38547532298744,46.30128951508576,71.39274782030206,0.5556634698636186,435.2511994039582,9.591621551432365,171.84659650984554,1,0.5867902689915783,0
4.455126032683441,8.99615008493351,1.7687405847080377,0.0,47.83692357418328,0.344211917423218,1234.7406838797224,35.479417844847646,35.63849984851716,0,0.20539263397135482,1
21.614575576400515,60.88245472854391,157.57502486852152,448.6782491959777,625.0076215355502,0.6178886141188076,565.4801437947517,33.9618051251432,172.0895414969143,1,0.5990265144417601,1
11.550380005202427,20.9982661288025,33.48747970091902,102.95409391833925,231.2481799282338,0.5789459760631838,1579.497165395018,45.77273903338062,54.60368660760913,3,0.4510045947406222,0
15.898259259778115,41.69688768690953,108.40735607450078,292.0550680975231,466.9634047843268,0.6266197202783705,260.103084660748,7.788696567607351,52.11299285390288,0,0.39444251656246876,0
13.630108635691249,38.75583143220424,75.39982666724538,152.9464982602518,264.28624360153964,0.7367388786842234,362.81706791325695,40.73742335335632,15.449818194695887,0,0.5265882930979526,1
5.35809701555039,4.8729194181700555,26.734071783118225,62.855984385495724,118.79941704784036,0.6999438221567331,2193.0364745411484,4.716436052083127,213.24156126764333,2,0.4329660890662428,1
15.660898924078474,46.369300834896805,96.84284017511223,244.43811646757197,538.4703110068102,0.2847530363978167,3423.791684944205,54.770227539570826,16.452638863426586,1,0.4144363716008446,1
19.503617086092007,56.551539212345766,126.82222138786204,298.5906608718102,477.1558248746263,0.3578587157062015,3872.612477302389,44.58501048651572,181.12915740165434,1,0.47392096164387276,1
14.099020944331683,35.0241003625365,51.4234896419577,78.35164867744152,102.96770430158888,0.5691579647476718,1159.1362991250903,2.2325391853209338,259.8757573905704,0,0.5087254482883087,0
9.326741793488091,19.95460508318621,22.08677293753604,65.1866431324104,53.856737225075754,0.41005424206367463,1814.2641123281726,34.389804627142006,72.60884397414534,1,0.5312817368302954,1
15.233067260704926,43.09313730782786,110.34792011329216,282.3016340067848,621.177047179028,0.24871019076747203,1695.7975704445803,26.08847354896802,339.7320816369192,3,0.556618905996091,1
8.487859281393067,7.58577661087535,5.004288338599366,18.927931041716594,18.2147140577798,0.4651186368010265,2385.1524323945896,47.26221801248359,6.49049047051939,3,0.8407680909124532,1
5.939258540967015,5.179339659842254,16.346627607594026,22.232830294016264,13.573255868544997,0.607254164787412,4084.1723937354104,36.517392240524345,216.58283722427453,2,0.5067536839549721,0
3.1933038778197695,8.023933652584862,0.0,7.024786687269014,0.0,0.5057270764789078,3856.626844993424,41.01240111915832,64.62708165782966,1,0.8074374597300144,0
34.27273679516644,122.00830892029155,342.46006224901623,488.4402678380526,643.5804463271159,0.5186273651861918,3968.994198210893,31.95256084106913,344.930520852314,1,0.7413632349021716,1
11.876348850739515,26.419405619417475,91.42368804770301,216.2161456787546,285.5653456912876,0.22733958084359662,2353.299194138678,38.53185833658089,270.0436335044233,2,0.6135518609310388,1
18.19656950787302,44.80114455742378,111.77321480692862,249.3856199111603,292.5693092395086,0.7624255038052191,3936.85045433632,23.29028596596187,34.670754086701834,0,0.6466930303793099,1
11.498023149115213,31.434445296854502,80.40513106978844,179.73422360014794,380.3484134908207,0.4403364433346525,4259.222537735749,4.4213321172942175,253.06341313522935,1,0.6569796213386174,0
14.613182337167766,37.51680176526645,85.28905851274229,213.14306416874166,365.19610813803746,0.2651172984871013,704.7680553511681,1.6618917966019087,42.00150954209229,1,0.6226662671231848,0
11.705211436022424,37.742405288863765,119.50248312991035,186.20516610990953,359.27938153195765,0.4363305730842835,1366.5825764935353,11.75427459538013,45.38601702198835,0,0.6888751170512679,0
4.3728000781326255,27.709983055330007,65.11492300184153,209.31669894546994,295.29563214302465,0.4550330792317447,2330.843416513942,10.98815668850493,200.53558529853774,1,0.33716666685007807,0
15.849093342874795,30.3432576708291,67.6863672562886,182.68128927671057,310.17463117565876,0.28433594364682196,1116.752324431768,3.4126170219392633,289.4289746443651,2,0.14955842874672637,0
8.438591834023715,30.272731502242834,49.08015088267048,133.79710543965012,241.8877394566566,0.6706899310529051,1881.67041716239,5.426473090761048,27.31729006767626,0,0.3986504595254546,0
24.789428609563664,38.574037444617964,136.3088307505805,359.2557297635791,568.2804981619062,0.3138101052934651,2087.5053364546498,15.021735298509022,127.35066904952383,2,0.1875895088630761,1
11.376132026098748,24.226617317486745,39.030353033873666,104.14242411251779,193.77342648347872,0.8407641896291277,1091.9867212180454,1.280048252216916,221.1240637717339,0,0.9274933866176089,0
19.616664609800875,46.15340483228132,119.9794736526132,345.70354230149616,611.0151240107976,0.3215310670722569,4076.507237277739,30.25974643599559,241.5213399828725,1,0.8938713078405657,1
4.889444554801263,16.03940792320455,53.20445364898722,94.16814491211412,187.4699311270475,0.5660879988324093,1601.5665236075615,7.834283173732891,284.0289691992266,0,0.7933630663322204,0
35.46866983028615,65.17153993692366,148.64474653264116,321.69829307018244,471.8835919687957,0.692461320109946,4151.335465642715,49.277680478506895,193.25568007174923,1,0.4535782291470055,1
13.196723113105383,28.681620312648953,46.948286292524514,65.16640333622004,86.5505297547202,0.4856616769646771,2445.442496437305,0.3655226996948313,80.3523403189335,1,0.13044434584171782,0
33.13103895554253,90.3759361428506,220.6029811745355,434.5468626201484,961.8748670119138,0.5056734163012537,3326.1761793584196,42.715819365729594,78.04738160632253,2,0.5759181001970195,0
6.614801840693254,16.419578629005606,59.810574036120144,160.14291117487159,198.33590007111425,0.7038354817550335,833.7524997387148,49.269151917380924,10.983413673782039,0,0.7681918316063295,1
2.520878517323861,4.93603683832048,0.0,0.0,58.8461165038309,0.6146840211114498,4139.67167473826,54.8774848743071,343.2405292590846,0,0.6755539050487759,0
39.43291298088036,134.76683353698309,362.9805481105106,902.9924421174065,1088.9354822526989,0.4455331989295494,3243.95525049496,49.598849740250806,191.64644809285215,0,0.8344391863090835,1
25.70179152605437,69.45764754890895,167.0947996990192,403.5435415674368,830.1666341615517,0.7149519618180216,146.07345417356416,38.09611903906024,101.23920325240839,0,0.4522337623516496,1
17.206660592207896,49.4605659658924,96.10588469592727,146.5529859126221,141.11937306181227,0.49841516687343307,845.5523330855223,50.641857925921364,38.00357632384785,2,0.40458728219974177,1
5.118303001615472,8.762305665108075,0.0,0.0,0.0,0.2935021183891007,4233.219487210648,7.43809528333634,281.91426140597724,3,0.7482804624222109,0
16.854197600831323,29.416896958449996,70.20622125942404,211.3682676678774,319.4279666868031,0.6766613974731973,1951.0868049615199,15.470034955943992,123.8994525183134,2,0.5450454167100226,1
14.506245170578357,47.43658897633074,99.14219712666738,218.38380925756258,365.98847000335553,0.14809538249032791,4106.167612904699,35.824167626463115,206.68046320523612,2,0.3836666269380769,1
16.351658964483914,64.34902639793256,145.24412392026073,260.62181788495013,398.66361182801415,0.5102806698634521,2761.3465715332313,4.8133297288737324,265.05584785360077,1,0.605028832460301,1
6.265480926588909,23.385609565792954,51.77594020371186,127.12726122346767,179.01927419282532,0.4788445142560211,2536.5437368143935,51.76171384177569,189.6618231338275,0,0.7264009623753673,0
12.444997059105278,25.167867369398863,62.105610149018005,124.54602184080167,170.8259041574176,0.4300391916779323,1859.7913798546201,10.956487709752137,157.73014519834015,0,0.21613440442248524,1
11.98384174066511,25.453571728018755,46.78213818274312,178.95463972824322,309.45055537462565,0.6803303737404309,2918.07395505802,17.047095679812728,279.36001813565855,1,0.4262405824841778,0
28.586176781967865,94.22176500854299,229.42876112479314,437.45345278714433,626.8116787604376,0.5250744668805434,506.94867134846334,29.260907004767,338.38140527986656,0,0.6175266331829319,1
7.683604526038225,19.17590487634202,32.26416172652181,103.84149806538092,157.3660502356429,0.6499471090481852,3060.6105161323876,26.570605604788746,272.6172389420783,1,0.2452361431589638,0
6.012255086575745,6.553223767168828,5.640146098716911,22.678899728825968,59.74055910875901,0.6508448852301836,1555.351410711269,16.355488814126794,22.933986152753057,1,0.7336635796821047,0
11.128723673865148,33.56607736181979,64.57118019558067,128.29009926994277,219.67314555076968,0.18737020075579006,962.597027236759,21.183855036318178,183.28479837114776,2,0.6537395723540766,1
19.1896457680998,38.46344795833835,45.10581279311138,54.54681101668407,87.79672341350708,0.5055011638477082,143.85482218607373,22.50646064433209,57.2780878220899,2,0.5436103207130244,0
6.642922455572376,25.48422314932077,43.27421241149665,89.49266306165808,145.14378560241224,0.5824857424825276,3904.447125480938,52.8732339212775,68.43896270228257,1,0.2734619117885868,1
11.61438234540031,41.261989485312256,89.1901781948528,276.98560529976726,633.070509549778,0.5161245797978006,1009.6032044768049,47.69378656538435,114.167642822095,1,0.6752640689409607,1
10.41969599263627,29.658517721993462,76.03171662404692,122.74356324634478,204.6663508172233,0.26067296504998383,439.3164348047526,35.33346839996172,138.98923846715908,1,0.35832077341504515,0
7.275590417998709,14.040671884129852,35.78306567492773,28.556675999814484,90.83301769652977,0.22154344037847779,2660.9849340978726,18.922292088011286,247.4504519708582,1,0.7278157481265839,0
9.780125365769248,36.30390853414654,78.68538541912746,122.86559520039485,160.31671648262733,0.8133550808497317,2800.7847176366745,27.125356760608497,329.73010710908045,1,0.4874578811108019,0
18.76066023667054,30.681325619553608,26.79654254834575,60.024325889357954,115.10523245642776,0.7309839960500504,2626.131569945437,14.906120731167599,131.42868168888543,1,0.3205316117359051,0
4.7606287738281585,4.107846564685932,15.973181486770592,55.97864509487016,96.0334298783789,0.35632170170328337,1847.7726744884667,0.2648172661224457,327.96107871292014,0,0.5164803631957878,0
3.9439377148311143,7.568468942589232,13.648804189048967,24.35985062965857,105.72066560101325,0.5868237226477692,3082.893098437836,44.85575068946923,323.848528255788,3,0.37167482529486406,0
8.882989214179547,11.054539718697251,0.0,0.0,0.0,0.2013323478603573,3283.267605561828,3.4188589674505785,200.56049039114097,3,0.28353858501320245,0
16.31863815550546,43.87951866339352,81.96333123840661,222.83363459965568,307.51903880279224,0.4144751545083358,2424.745629260316,53.11885565848727,78.67569564316526,2,0.4806909173946661,1
4.983777748271013,6.779308869648347,0.0,0.0,0.0,0.4219899650920372,344.4009083267049,0.4268435318643832,176.60103995473196,2,0.6924452837893027,0
20.983518306230625,33.77764812292066,79.44588697069959,168.0956040262451,213.17139551685835,0.2867042291939534,1081.8652943321945,41.96153363855734,44.47295031979975,3,0.16854023761322376,1
14.99337523334535,23.203260815520647,70.5289562813028,182.70582655136312,282.7534741165003,0.5408549529602834,1651.9867894440613,19.521692612445626,288.5765602787424,3,0.7309384487389516,1
8.300690010833419,25.04533869255051,48.172835692118454,162.58421693681146,288.82184250644997,0.4893710942609552,4015.600094934484,30.19027438475244,265.94905641328,1,0.21941447980337564,1
25.764759394380988,82.5594190038269,161.96718975036399,275.27756133418285,477.6497926779297,0.5596063445526958,2120.5375951346246,29.650587689685718,105.15501147219848,3,0.4631229100488937,1
1.6118106851085094,5.733359303212812,0.0,7.128311866652427,51.30257589332087,0.7432155192041864,2647.7024181323377,23.778276994641733,102.48440427584505,2,0.4255862732822523,1
2.7815024391262435,3.8400462147629817,0.0,33.33273977914451,79.95457029186305,0.5663779737951624,2496.0437287814925,3.3001897166840344,91.46240050828577,1,0.3560570324015554,0
43.18660183842281,135.1077436182743,310.5157750936185,867.2437029360923,1583.0611367438428,0.549039381516666,318.0561237704041,47.260471764485004,323.6213339189649,0,0.6882891545201995,1
4.585514767099022,19.65214698625516,42.64816815189215,119.40286894734969,258.19421381343506,0.38325053013943994,3047.0078556408776,8.46817727670493,104.10760993728985,0,0.3976213297218847,0
12.428679241292443,26.002413187931783,65.24241298040764,169.65101314854942,274.37014368006237,0.7888982303068175,2657.466747852269,14.900694418735394,267.29246185229107,1,0.5621805104349602,0
7.014328430575942,24.13923765614064,57.82199773933484,95.71056668060339,153.1569154422149,0.404964133406883,2798.9041102019446,28.88219650807698,190.6229341867703,1,0.4137679108682351,0
20.2681270535657,50.90847478087181,121.08594619636206,225.73734812060997,316.96997001236696,0.6763311027295119,567.061597849813,17.610547961050788,86.08647367752087,0,0.34558104801471956,0
9.513783240027841,31.626842525979647,43.843927687548174,123.65837539854644,174.15198704748585,0.603286258308914,2139.658885861281,39.52474336980511,281.947864662244,2,0.5500860158606492,1
10.508429032423425,27.355505414222367,55.5939086524447,161.8165303812585,300.7902047045085,0.7480796008763184,3286.1483429950317,14.361081570464162,148.47818126948442,1,0.3185338795637252,1
3.9582735276812766,20.005603776021808,23.4301756597237,79.47442099991889,73.46721801835673,0.2214733349189142,2310.930773752919,9.655509912755075,207.2855230697103,0,0.17285486088754412,0
10.48212622275185,15.74366137651085,12.722150512145687,59.90781410581705,113.03882017421853,0.5692804793588285,2325.1903600293376,3.792784265379016,215.81241426273343,2,0.3870925956093226,0
14.274594566364005,33.249532477445804,96.74786924924267,159.76672622334107,288.46043141325697,0.4675846819950574,3063.24596297795,10.788623076681324,205.69207989608327,1,0.5217591933059696,0
17.562838616810303,36.88319924755539,96.07752418916508,193.6415039377035,306.0956754592957,0.7448708189814742,1608.845712828652,43.349975997381634,84.22141903791125,3,0.8065720298157625,1
21.042171602160945,45.16872350467342,92.42447799656088,136.63228024502789,173.49034510424838,0.7437496449824129,3633.12598515417,1.4884279338812778,89.57534697402788,2,0.6018400898337942,0
1.9676931909511124,16.612120228845477,65.63956493268984,206.08571119656864,226.53412382062174,0.4596592231874225,842.430799278339,28.71023941967472,95.26621527772993,1,0.5905251606879719,0
10.09131100903729,29.413082618257143,64.0152605912825,142.11390165156962,227.6027240587917,0.291249152793099,1717.9390848233136,2.7606360577877025,298.58013541215377,0,0.3600342910207167,1
14.970787937065685,25.27157071726108,35.34289999824309,59.952456573454306,153.86719570550116,0.4772507603381671,963.8529591292073,32.55455327913582,134.35802474420694,3,0.5023451185762502,0
26.263231305334244,52.25826909389106,98.97324123565448,218.93696161868723,438.6946071088204,0.6217667364590332,921.8235568832005,49.510346014132594,181.41414582895342,1,0.7838397653184436,0
7.362665979042945,22.528094634080013,45.38292060356163,121.38473149969633,217.74488169586965,0.46206248829429003,913.2404601802426,53.852285488618655,68.58641338524883,3,0.5618558337704017,1
6.789385538566138,13.258920892629783,23.193527576730652,80.44032132468311,178.20537265313243,0.5384960259443284,2977.6721759186166,8.248549162456051,229.9807369941347,0,0.3716197421474382,0
13.187497858335249,47.172967466294786,118.86911007680982,256.6468243003652,588.6155211653806,0.3131035754463836,980.4153412208116,7.091081317281778,357.19057992596856,2,0.2729064686532283,1
3.3299454725597424,0.319117204274618,0.0,0.0,0.663303773687989,0.44455699492026207,4479.878775701156,28.07299637806278,230.15042156352118,1,0.5407462075112554,1
3.468043902146597,4.308252263674651,1.5312351568028557,0.0,0.0,0.29458211722269084,3202.099935378155,17.770047059854203,94.57000488887294,0,0.4156990161986863,0
6.749394203747546,18.222657831942197,52.60481510139661,138.0902712578692,179.05862015374544,0.45731038168996285,3143.0282303191016,34.98995457789615,288.19324777570375,0,0.12493617146736576,0
7.0818144561519745,9.165245380806928,17.82603927770119,41.96720875903075,66.42649587317554,0.40091586036594196,4111.249911837281,4.406891203521029,234.43512622095986,0,0.8641273869798652,0
4.02118335694223,5.921889274411832,10.45681720457513,4.042730805429173,0.0,0.25088915272651013,2070.362035646882,43.60137613039563,32.257030342953485,1,0.2947229598346672,0
20.000402065652654,52.26486917596405,133.02039631843897,295.264180270548,450.93273722011844,0.42740969112623056,3811.923752799558,51.623576986977284,326.2378700072754,5,0.2893179957362007,1
29.532574970170533,92.8277459094898,250.71913591636473,508.47610492802346,798.7864886503064,0.48121330102807786,4101.849038022873,12.881086640517212,224.67128879468757,1,0.3698629101328539,1
4.753000088141411,6.90163714143677,8.990634712845592,25.27552970605337,81.26531476358124,0.34434207318117394,968.5267673938008,26.15911525377684,275.89027493558837,1,0.7907785165759559,0
10.048925350583316,19.539911658071205,72.5840580294396,151.32773113727274,245.52405571906198,0.345343497105011,4311.2518496150615,53.21400466072628,301.2014547184473,0,0.6612937877232323,1
11.463971495380738,31.790948777352284,81.47938742250926,165.01586670978963,260.54996739348076,0.4425076409133223,4058.149867213102,37.04623049697019,130.20528861783347,1,0.5580474372730174,1
10.943269062470307,31.716762178972978,92.2276581609223,147.00114741873767,204.30092982718708,0.4364237337318448,4190.276223533991,17.949080424416984,66.26849729626724,2,0.3174238071849151,0
3.297719808761565,-3.1263341864904124,0.0,11.43756890522762,71.3561977933496,0.3106328509142079,2335.0105384773187,18.200793873813616,75.63818719756736,1,0.33251293660761955,0
3.4876875738484094,10.068965445973241,40.79686782784452,27.856807938064847,60.77146360620314,0.41284780216276284,4150.549947261552,5.90118459170725,82.24149222093654,1,0.5331699208537145,0
15.847111102742309,26.240667215915586,71.76026872008039,124.42915694273235,175.21617072400488,0.674150515216427,3588.7109970521283,37.426249087992446,126.17187840094842,0,0.531994828625136,1
11.763476238731995,25.823356383635137,59.57545163956281,105.92947553121688,197.20105556391633,0.5567020223902388,1140.315853687308,16.802245965114047,195.57958338676448,0,0.5108511139247573,0
20.900974372403176,57.24764522137803,101.89297432252602,217.62922990078616,479.5790644728607,0.4947873603545782,3240.797506663028,5.10349898514833,227.27139061483436,1,0.47516461813884797,1
6.733451310337159,17.855456878206464,50.57657340588029,63.746103919016285,139.31371225680903,0.25945178308946776,1995.3839233980564,0.6658338590971463,175.801648630216,3,0.34058883038919885,0
1.837932524971158,0.5435237046789219,6.783185795494049,20.227679650458832,29.640970245937503,0.7776062344566312,2638.760661476326,7.211808701353652,345.6225348387282,3,0.11638729299988299,0
37.721039173908075,125.03217925926614,234.05910350368094,507.31201301899296,915.8630597199696,0.5324372540705469,693.536134388382,45.44414365957453,329.3784243122135,3,0.38765057696480654,1
1.9970102654023416,14.461050579988074,27.01072907419518,26.668534531671085,19.88028151096662,0.26937610919795796,494.4664329261114,25.524523418605973,227.00883717602855,0,0.7458694732132484,0
24.360650228051295,32.90798522191322,63.913804968470366,185.0449645662876,295.11611055547667,0.58734466237231,546.2744184239559,5.495016791981219,121.0916831170043,1,0.5877044356419843,1
14.29611310844864,42.562089030808245,118.73495149595895,196.46792591090087,344.3776732663583,0.37458998259397575,3267.589137292789,37.48050714247819,204.27763949914254,1,0.44123376632571104,0
0.3228200944428056,9.945214054329947,48.68766367586183,122.61556616823101,200.25036458575082,0.7986878791603825,548.737512532717,44.046414302528966,270.42270263414855,3,0.48416071758083895,0
8.471584049140207,22.48192022646213,36.802085491643425,113.43992917019094,174.5509268956864,0.4410300852131633,3077.091334022865,20.185797481472807,228.26155716553964,0,0.7963672929430492,0
22.769538715152137,69.34180413503087,150.01692042418742,389.676202655974,797.068174412994,0.4903092618457872,4336.01291088198,19.182366217786623,280.3258415133605,2,0.5837292110138397,1
7.106378948970666,20.058580537302554,49.050874554994806,107.04273216939194,208.39845416948913,0.4405362179009227,3685.8098348895865,13.983989815831853,157.2637754851229,0,0.8330247089746405,0
18.773627805077556,32.525120546365,83.18417636700765,218.9154071532542,418.9275056791194,0.7266123570414919,1538.6472484195378,32.27932884990169,249.2976518912456,0,0.2751066467315952,0
28.46335596082455,52.5758492573391,104.391125711409,186.99375401989855,230.33249718188975,0.8365892079574636,3803.522352531964,0.521824124913694,321.93883657339865,1,0.5578989351764508,0
2.4553485592389674,-0.648501097885215,3.1811080488149504,0.0,1.901551124015997,0.752448598006644,4201.064655894853,11.171312419076536,134.43283161888024,1,0.8430473414620245,0
11.595519006071031,32.17470508837594,71.10972144784645,177.2281083395486,297.1905573385418,0.6285659293833107,3738.1845042739264,41.17809057884328,262.08273540922744,0,0.6639235796309546,1
8.695267596512858,18.01915796326194,68.26843318926299,102.82120003083948,121.44847008769582,0.4459801596324334,3468.5426626694607,45.530187529595736,105.07712906851908,2,0.5484565104713609,1
4.175536134615687,2.9849388038065934,0.0,42.022815332138066,160.33140511593714,0.28249164519942094,2823.026970628445,5.577277610026955,27.30094698649657,0,0.39383179867906926,0
3.196447637272155,12.186062749516381,29.57325440547462,66.12581797909061,67.53547727638487,0.45547950794401293,2673.777719763388,30.875345820957126,310.5491355932718,1,0.6614530104359947,0
20.740802449918892,51.78148086702023,104.08600431518573,274.70283282120346,493.8498351448692,0.21768115392395018,965.5047511393891,21.14360767961381,163.10009835197425,0,0.4869875988777472,0
9.57375725654985,27.417392765343923,46.67066399916174,44.09624605549865,86.54302194025387,0.44305710798928216,1450.7915205049271,5.438760454633963,354.2598294838296,1,0.8585999349258716,0
5.7385273795381035,21.159098832685896,37.83315327999702,112.25275140378092,143.86113707953612,0.5948582727285279,1637.2162158228898,8.234108202919522,158.4575917714539,0,0.5785441616896636,0
11.509670376530163,17.813036524912764,41.67547153336204,110.69612915678849,196.2076561148017,0.6870776274766569,839.5626305328678,6.516118346346379,231.87618248573443,2,0.3556048948553432,1
18.43647122388598,46.57236925141063,85.7715629649721,171.9780515062769,433.18396592495736,0.4841502626923978,4225.74491893262,23.227127785529827,308.13090050950797,2,0.5905576032588343,0
1.4614228456131582,10.972057510770988,26.66361469561774,31.338461192792384,20.79782452588283,0.5714909759382523,522.6045720610291,2.3195708862502378,231.98974762242995,0,0.7084157602255226,0
2.2780873416072147,5.13210479804645,27.316577319731056,56.818722852344926,40.91405360448284,0.5455848481073993,135.23655152670943,36.702345857723046,329.77738735769736,1,0.5475346882393722,1
9.728878029748769,41.90231728134134,85.86530629293235,140.04895539041365,220.8645200707224,0.5414421396047229,4389.481544,11.79470001947125,27.67305690837357,2,0.1556618525720938,1
13.771437779518385,30.346609499491233,84.1072852008338,228.43289223185678,451.1178700466448,0.4620597458130316,153.32657199225417,47.78014605616829,90.71502520382495,1,0.4742039361479984,0
3.6485372495316266,7.466022964156348,14.542063426344637,0.0,3.148238567856765,0.30756465596646376,3219.0375136539874,34.53332357025922,135.1145791949332,1,0.7592041226406854,1
17.357784481614782,56.01771414128565,148.27230566470493,196.2123884702526,381.2325067168512,0.5394205472958905,1270.3968287263351,15.559821101350707,134.97000067101595,2,0.19046994559071687,0
10.923318108261537,15.658469003257492,48.552670468929335,152.79531256754316,311.1854796463049,0.6929341025441296,1815.6050859614659,6.035291931709731,359.5743731739095,4,0.7762689761884989,0
6.9229308157566685,18.589208012099604,25.889690047090745,36.92444263428821,84.30719894054735,0.4623247469564264,3878.4647728056457,17.250777526357957,229.3556387257368,2,0.136124513405801,0
9.118895874734193,32.22020315559118,62.13716131658614,76.21386522963022,144.96958001533838,0.2821253003406255,3916.5858028852813,13.943645310336706,134.92789499646562,1,0.6166495005401501,1
3.3167941112719355,9.828489603767629,29.534339786695085,65.86977744927313,165.92811682528475,0.42606715291111713,2084.6439438144066,28.13373123403442,243.6322105939614,0,0.3744250860102348,1
4.053360601009053,2.9498348813512427,18.75280175989499,55.57795408726863,134.67685314157126,0.7710778914020678,3442.294228895281,21.807431187984633,183.09170943645842,1,0.3905799024812405,0
4.240449215214963,7.91482296338666,20.00720608003618,70.91311642949222,166.06321058608,0.2816825266672274,4366.405748641941,42.32009739444996,7.1661412242227795,0,0.5937067312802986,0
34.47492105236511,91.76508072359887,212.58604142595962,438.14673747529207,769.1407346305664,0.44382216403931446,1792.777991769599,38.32166657982658,118.93109945063374,1,0.1694649390673048,1
11.702412785017179,38.12861773662226,45.213277117839525,88.49817704665813,247.92484402733618,0.5403033794603451,2254.54818856809,33.81623506544901,281.97933030703945,1,0.34636645350671547,1
15.350403483195885,40.793165317506215,133.82819750503467,366.0172058463076,837.6601504467706,0.5403127282109825,3011.1962780102176,32.05977445562554,55.588725721169176,0,0.7808846456728955,1
10.086154777912034,22.677378489553195,78.41188078993908,225.48885717558977,391.6613356989041,0.6780389733627797,2173.375755807351,20.1551101756636,270.6939838927765,0,0.4324154560738792,1
25.387585029660638,40.98037857797896,92.75648722060528,178.17711271169,342.9939321936958,0.0711962148137704,4440.919003340173,18.256356109873288,180.1930689580137,0,0.12970741456295884,1
0.7275019480563777,1.1950211344082682,14.242357366775016,47.70472188891604,19.421274333891773,0.737660637389272,3261.712392350903,32.21465797241506,266.7838309044187,0,0.4598956521379915,0
6.9766289202443845,26.526444378407724,34.227395790872585,81.1967694853702,118.58533075859168,0.779936336428845,4181.180626320096,8.404466488888666,190.86122228031022,3,0.7382690551324322,0
0.43835304031332367,-3.163670490208442,0.0,0.0,0.0,0.439494618294424,4120.1700462659555,47.26900451983516,325.96392284340516,0,0.713775232254388,1
6.251458828303612,10.303589840567273,13.317474554967884,15.047958350768118,100.53369135720702,0.359128332590586,123.37160877646002,51.97814924356516,176.64094307885995,1,0.4530633815716946,0
28.75460398496542,81.40639991856489,186.17900146189112,353.3758666502908,647.1456086136309,0.5732909690184828,102.70396523118056,44.540422747318786,52.03642512254697,1,0.5375435319030122,1
4.815374058954662,12.200322635455313,45.134580183964516,69.77171477438837,120.56086758383393,0.5097680404314688,3364.351201485805,31.575457370493673,122.25117910898973,0,0.6080113466453334,0
5.887004898161157,7.139142100904445,25.268570744324933,12.990472653878943,0.0,0.4618304592276266,2805.215404278768,39.21163795345571,165.30389234328658,3,0.4610330809304343,1
15.993129314734553,33.13195102636174,77.27372084893051,178.53072048593287,280.01797378715423,0.4332514176266686,3353.096394989065,25.260870715310958,328.83299876210424,3,0.6090625936972688,1
1.939095023080336,0.8784763733119498,4.8838450229209736,3.7252681577862745,0.0,0.28214428327633523,3926.389918324586,20.598661952381974,68.17638439435606,0,0.31174152072983435,1
6.550107572733197,12.217731303680514,12.019120497589892,7.409992206917529,81.00905728307737,0.29183789572455116,883.8400494076044,29.07117537146337,11.115111083263663,3,0.42533359931468706,1
5.525162530830179,8.765106030647315,21.83007412328854,63.33851097208594,95.4846586789772,0.3059319647387033,2312.266921102138,25.16054789067719,118.78010054188843,1,0.762765466913286,0
7.139652341897577,18.409845882609776,66.66144626358088,145.87350907370663,248.81551898516443,0.6534466125586661,2379.057511377446,1.6815297942326985,273.3733812256112,1,0.44850072910848454,0
13.124291050141414,49.87922618983003,129.68961226738188,373.42710145033146,458.88320815104197,0.28523948424747386,1778.0603922715823,13.819542457798182,294.28142073432815,2,0.7907936412873008,1
7.422854698781198,12.450318076321706,3.7676342511238765,17.018037655789257,26.17909780954001,0.6615556356784683,1109.3184182284936,46.00884494653422,216.7403160235688,3,0.2656628645100516,1
8.866503195405473,26.473349909738566,44.42276912985024,48.816901880257305,69.08884964028724,0.6710403776350411,1863.6395323045776,27.887842066018024,4.3001210874991,0,0.6886044932029937,0
14.79371457879597,47.737342720400974,156.5026081126367,206.64427460144532,465.59084827401637,0.31529794393686406,3743.318902555664,19.429414102524564,14.880638002537601,2,0.3592919770661451,1
16.3276567490067,48.84920904714782,110.46742298863612,350.0671974268804,690.8420320668192,0.36061919433279654,3483.130096894334,9.828528549120637,207.8578063930594,0,0.9791156563916258,1
16.922411635109047,57.68730011025197,93.85858235943488,207.48008718691014,217.62691440911175,0.48039725479279904,4174.931250900988,2.2321072756971456,175.92660219656176,1,0.4067020413826911,0
13.368866823688268,52.341608263495765,86.21529073870033,173.2384697348292,323.0270015354457,0.5340939264542328,2639.1775067263934,41.55340717919345,196.4607437334113,1,0.6612160893325627,1
9.371542797174046,25.249509983085964,72.50953682611012,114.99791856935332,206.76844447770574,0.208264077598127,2437.50994522446,39.46933833109469,41.86883910608192,2,0.8015317506648466,1
15.83666437240764,49.3880402052624,98.57502419528663,215.38251150521762,539.2948920904723,0.8416785468618407,2444.729884084737,37.52535598797782,109.88958086435825,1,0.881974778677654,1
18.02225985653565,37.57467199651797,90.34333973881726,208.40898930776495,460.6367486046193,0.4139697160251841,782.9982873847365,44.421488834362364,220.84990216571205,2,0.585825278544478,1
28.293746379842425,50.113733056908096,61.29535014947979,137.79081445723313,243.80299402147062,0.47427250518862785,934.8152976614678,16.5469607227868,178.15780249082513,2,0.5060649825963155,1
43.322354710844145,71.53571421606499,168.32034325263095,461.99009105884386,777.7502789189414,0.3129008174680113,764.3289718938641,23.521551492224017,189.24292236384005,1,0.6502625588294065,1
21.335634099900684,56.75775084012854,177.98304065763938,261.037041584266,471.5393645092625,0.4184440921100613,893.1782859590562,2.492970876131783,173.24729483866597,1,0.14457870966369343,1
6.410972295259357,20.47446542278553,88.84544476279632,253.72504987253802,433.6279711025839,0.42003263411754366,899.2141208812982,29.244048232233823,10.108210549165054,2,0.19426064362086665,0
15.434788275564598,32.28931505240723,105.956008334051,269.5247157071757,402.11655843528735,0.8266084062504298,3399.1338016000886,36.52955195304216,338.4912174346502,0,0.1239535834047009,1
10.805151976020419,7.275533860045634,31.862370712773693,77.02742385340703,137.7132225588899,0.6390165625462952,1579.2441731716694,15.987638418647101,101.16300309893262,1,0.7803761805427177,0
7.731822663111041,12.234253440492903,13.672754691125606,31.69526602878412,0.0,0.6854553787526296,253.26746174811655,37.01358495303327,326.93552199329514,1,0.19250762512565858,0
6.968854525576803,26.197384980735297,75.8854602082534,65.08161709183645,131.24881435931928,0.4995202867601992,4240.083275132835,10.743336401300214,85.18867918627963,2,0.5673572424121514,0
5.425508013410795,4.706199146973352,21.82206118308568,18.346282793364765,0.0,0.45428987656799735,1992.2829802244564,11.465471671907817,289.0614434448574,1,0.5920920936693385,0
4.953693683644969,11.060079387753616,52.46154242972715,140.57220758403622,302.8965906538812,0.4694890328154133,1708.2185886779814,39.071546372554266,318.14599782498425,2,0.42339830962452674,0
8.599102241756183,29.316874658670194,55.6525259847307,137.4080149175374,178.103296616845,0.5859719506027795,1921.8956476588105,44.35354709011986,314.74764322275126,2,0.7415764310018835,0
10.837103272789081,32.676492524372584,56.118480516999256,130.24404709801587,221.91386227818907,0.5294663798973541,4129.7899610640525,31.2675683115976,190.77798938835315,1,0.2895194455533279,0
5.845802162631584,19.460218289840878,63.2876888561981,119.0300594424769,124.29432277816372,0.31977365490561915,4250.9239337361605,6.518429255368766,52.58525722599012,2,0.5462084172314362,0
13.168022812074407,38.30701558249155,93.61651826445869,139.41116892079188,220.11016628732497,0.35722983062926766,4190.503543238516,26.34079932934935,237.45370018885606,3,0.621190310950963,0
5.640880327406105,21.121228423514424,51.87657603677139,177.12423674794633,227.68111586049235,0.47434782350354227,797.6764312764434,7.325622274452519,216.2640020522225,0,0.657145887264006,0
15.616422337999595,27.078092778589294,66.19912489366229,237.11374792706374,286.618555014018,0.9071815250612258,2794.352956304956,46.42020241923011,35.665557663694536,2,0.4306121985957845,1
3.1958337434533526,14.037911250259889,70.19452035219163,137.17396094202044,223.86219208814384,0.603780510474302,2260.744818609478,0.44987733907967953,195.18804785944238,2,0.6535999884587684,0
6.6977830478266585,30.698107868476324,95.11257277091465,219.76474069089113,262.82307646946816,0.3534190581518742,2856.057126252093,19.1919374415816,81.04581540048929,0,0.7038249560356812,1
26.32457677669469,51.43059706776616,71.91946387844061,132.2374344778527,255.05591748755256,0.6445445278777869,722.688728560496,4.311389940141749,342.8728059541512,0,0.27822254217710196,0
11.85562231955077,27.298064677384765,30.486471630390163,59.58380198405693,147.49638742921252,0.22395703087722912,1996.8825789008147,18.54901669700318,166.66774073668722,1,0.6505634956764403,1
13.46878871082308,17.633689828778845,48.8370366695849,129.6882890121834,183.16867320156126,0.48908918486301045,3653.6373211273994,9.17706077605858,127.45762214347924,1,0.4619896274273682,1
2.4013524329083937,13.356360857951747,17.963037489965693,0.0,0.0,0.4724524097703846,759.3076384981139,45.34936914729283,194.97292810620309,0,0.4100094042960745,0
12.087588545645806,44.432956551901974,79.68748632615818,133.86419865991598,232.65226666162408,0.19868370514941622,520.2819641474118,18.093995280316108,69.28087925288074,0,0.7204370959837582,1
5.971154973703648,15.855103078648707,34.23897576513388,77.90240521588498,79.74815341173894,0.4249306133715533,3828.1891515315347,22.014377067777687,346.138454784821,0,0.8108185743392532,0
6.881706561676051,23.8151713648992,64.84950003738787,115.82491722574714,190.43426943035647,0.6345522911441119,1866.2265220294553,37.8449852758061,127.02426888712448,4,0.4570049227025051,1
44.604690943444936,132.12278796513206,354.31212176081243,564.6689725413315,1127.9243563393125,0.6717255697076374,1933.3118390777486,43.683161929013075,102.83262862277485,1,0.7113594061062858,1
1.4382587082865512,-0.7655721910341873,1.662864778642566,0.0,22.934424974893247,0.3647004477777715,4260.37226944021,4.990146684027443,206.23623100862105,4,0.5347484570115297,0
8.986808953120955,13.695366860381368,28.032118227948033,50.34836012106528,69.79526892691962,0.5482458855259771,3105.829419605158,4.477163962949152,305.4266948622741,3,0.18034878842619229,0
15.046896609063042,18.571639434126894,35.41403372529066,69.73747422735221,128.14576756658968,0.3167235276562558,3708.636759097246,17.014697869823284,220.84878801569994,5,0.8087998945972118,0
2.731708449052779,14.701927950913566,10.488017102860379,29.900167100084754,54.47515455956609,0.6948235170755268,1544.2677033954349,17.267609342711957,350.30815479578376,0,0.8662674019604186,1
13.208491140857111,26.411386684345633,73.4644056644917,242.26867796765202,485.04339229591744,0.5492705916030279,3392.7602438261947,45.81493016775594,270.38912748470307,0,0.3048793317148492,1
0.11241957708491099,-1.8823377150379086,0.0,6.521109628532311,0.0,0.43039055077465105,834.6448927174941,9.183345540680866,336.0921914324729,0,0.4624172788778833,0
9.867664994881682,25.718831572576857,49.0770063345251,105.90996412018322,94.87094224395234,0.4639524021141442,2198.539993375859,37.69101333826573,75.68548775676707,1,0.49159802979418293,1
7.9698429956199766,15.635459321902443,38.50611522080763,33.8590265494848,66.25609235575347,0.6749943398324624,3934.64656071012,14.227275643018139,50.20392802282882,2,0.7322361580346237,0
14.995982435726203,30.51538269883483,54.21383767514752,98.4152336761014,224.98585622668077,0.5905511802419235,625.878013725466,48.866142463850764,132.9480082719926,1,0.14744162285066695,0
8.664648783690437,17.634047015360544,53.31690806610591,108.13845274677871,194.33197777809485,0.5657405675659762,190.5779540943465,25.764098623499667,208.33131681106366,2,0.29386282779626083,0
13.053163795959081,44.86583186017698,71.79696982360979,141.40636241947766,182.83690637371473,0.229480563285294,3644.457025800962,2.886803597576804,172.37229563195638,3,0.4511252433127707,0
17.03453494943961,38.25389442463901,94.07559957465128,268.39812088493596,500.1789553273734,0.5257043049620308,186.7380412407223,3.5936204925039483,303.39965886743704,0,0.8519725308207613,0
6.542549150466994,11.380029132557322,26.808090747608112,38.32894950798478,31.53811391207119,0.792108840024465,2544.710702923605,36.49553215264454,267.49828125190237,1,0.6377024801796454,1
4.991549900273841,-1.2206199503675759,21.830819919704908,21.52895986100299,12.111009743957695,0.25874083869357917,3571.034156798969,17.368954048143433,73.99498347535956,1,0.4632877011532783,0
13.744914521570601,40.515785290084,99.86306511469611,184.9617261124676,405.51454874126057,0.4374930987372864,4089.09709908231,2.6983067011029096,15.384541167554513,0,0.946272853940201,0
16.8133937772595,47.4116441501448,57.35385352915175,99.0203732412593,201.64828394286184,0.39673107835564014,3145.8377315666576,54.40631866901704,187.11112108985705,0,0.7710375326673575,0
12.250481483008167,34.20418507146071,71.64018008707981,116.83639302101916,136.71158490397227,0.38803241059157784,1262.1665535326244,26.842475463699074,112.73542274291057,0,0.36583951317899227,0
4.676535189303423,13.269854377820325,37.21301407162442,51.85517647024924,146.05300676703865,0.5802974596453212,1902.3867828580617,45.38070177892682,73.35644566035326,1,0.8554467613108341,0
25.180655727152285,67.72015798630154,114.48015305834983,274.5146553941496,475.1694739344189,0.21580566456634676,3872.5355865105175,21.806500861373795,49.14973653486814,1,0.8278757708519968,1
7.297818880811908,15.50944485077942,35.71219267641893,116.33684211376854,248.98975961459982,0.5323069579970957,3954.3614538788934,50.907739248944345,183.22407909396185,0,0.6377803143978986,0
13.124103065979327,37.75930985031317,62.2027454027329,139.92473758993802,311.68659878335626,0.40369204429829186,4302.637752745125,3.2855520902949005,141.93182228725874,0,0.3864283951331412,1
7.042724773811999,23.008416625743383,46.72787904288527,122.36016345339742,191.4538821775032,0.7146548833881274,457.04461196176175,44.044068348838,175.10677813156914,0,0.7276420871866834,1
26.31766382961862,44.77857700814456,83.48963222069082,275.0203993187796,556.1381492703337,0.4003414946379167,3941.5878765992493,28.708536673615892,92.11114823972977,0,0.624408169712088,1
20.24238436012465,37.360215928010774,90.1583527387312,185.11944479801983,287.6533674206387,0.6050473232203629,1199.7267596036663,34.13203923281023,333.62699901026576,0,0.5393065294323981,1
9.38601821438592,33.40698052989774,93.41405800306882,210.7706107460683,431.022802929113,0.3561381784278279,3882.9637240116163,16.339703335658342,42.28672544776035,0,0.29890763922902447,0
48.22858544314449,130.76226093501745,331.9308560701692,690.0702022993953,1203.2396092507374,0.7318334959933064,3003.0827795089012,47.86327514820402,269.8014029880974,1,0.6257671256886019,1
1.3319256424999955,2.942699979618847,3.686785284812612,47.13528643738398,38.245190452397765,0.2890897329365686,2062.5925850931926,10.151280716653,107.22855666195653,2,0.45105028573565675,0
21.7447007308616,55.27998291434133,136.01028439626864,290.5598355236746,724.3712230584154,0.5457530034183594,3750.550296485159,31.62561266887421,285.3766179657634,1,0.09704954257211951,1
13.835210910459793,29.581220137994173,65.15580958812718,132.42533876064348,214.43338593260535,0.6882374183814504,1531.9530946520397,12.378255166843724,221.52952339231288,2,0.4048940485248492,1
12.3842917170869,27.561894584433773,62.36884666866974,149.16798045557087,221.24172563943753,0.18412390052967287,1531.1300569648122,31.58310430818056,224.24071227956708,2,0.1766709315888272,1
11.199610606969012,22.017212793028037,84.14589613295286,230.4477503076982,302.3066102176933,0.4918580142696377,1201.5273070401288,15.064242215995964,78.51452812490658,1,0.32578346410816694,1
7.832605244164904,22.705540798423115,70.56296103080477,135.70118532587458,202.2145546277978,0.20061488503994193,1231.8719757371814,38.27391643045355,34.805446142167966,2,0.766241672135234,1
17.66928469804659,58.148333031992635,159.58996880549878,460.77947592009616,608.7806971528533,0.34697182325740505,1108.107264204167,43.344811323985354,342.44791178381956,0,0.9221639903827699,1
17.994487601532597,63.56020374077462,131.18117770367869,269.4676597482381,452.09817126343114,0.36683315833200314,3583.386711886583,53.44979012580236,259.9649974764603,2,0.38394800718880473,1
1.689025162717577,-6.344451511103782,0.0,9.788639994700501,0.0,0.8021480008310766,2923.504693436043,8.912858746554987,78.56292999652324,0,0.4151526444046715,0
46.598113979960765,95.54236904311834,198.91145632991157,461.8702953858532,956.2161025020926,0.8651585684061684,2928.3266188069697,17.847226308452893,254.89576860236113,1,0.8489464608276641,1
3.1214316385170857,8.957986388415966,12.170095810087123,67.36100431347046,149.67180258155838,0.3802584909257088,341.206882950972,11.37068264946316,185.01709433351002,5,0.7741357665216584,0
17.506713832784637,43.189831723129124,65.58531280564003,73.69109347985238,165.5504221800725,0.3764769498825001,1258.0241017882438,45.01978541100271,179.76708332658185,1,0.717515673194463,1
17.65447210024647,53.2577449186214,91.40112497732456,163.07284204136323,306.3990539118397,0.5155446594158368,1175.851169494049,12.519840107969031,126.37929704688405,2,0.9286381233730758,0
7.094646720590815,16.44462792794202,40.62851910617228,77.5056890675291,102.71277719102726,0.5151002660957056,4399.6533617568675,0.23030367139939223,242.58487032222155,2,0.8855027563435021,1
20.9890872421694,51.03656749236847,139.5398425038058,439.96401105799293,673.7359060705676,0.47549607915954517,3928.6746400620127,45.31407100006423,82.87190983272518,0,0.3390997721578488,1
6.376013692387969,24.194830196752374,70.63280827214777,164.35394184578888,252.9158845360584,0.3563686824361487,1777.0695121662511,31.372452474449634,266.8444259283954,3,0.4124226945064933,1
9.681960349268454,29.83892476605864,51.6607602827798,109.33185357184556,206.8805583010661,0.37666049317572947,1768.8117883462364,47.948043724548405,171.68339039430043,0,0.3500061715308621,1
41.23219665302916,108.59735556595953,228.50688665917403,574.8721943100845,1240.6609355695168,0.7171862353751101,1938.6648084449196,18.445010471195427,51.47595602633871,2,0.5895841271824895,1
9.748462158049083,28.761691958087646,73.36035077049273,171.13073118240612,351.85051280222604,0.4932597678648827,4275.752962681766,49.60511990214711,215.96944982523218,4,0.13953468767381866,1
40.04428065523288,93.50973870364328,240.0087542059503,610.0619047487775,1106.7297209376345,0.8698134130187625,2393.7442685376463,41.947049408528606,188.80958817518476,0,0.588171282479135,1
6.921005829922374,8.367016524014273,18.067726572612955,74.28664716818744,173.29599921597878,0.46676565887515703,1824.5341274138937,1.6452426123795831,138.7029730142759,1,0.7133210654174771,0
13.87913628977086,38.90411808974275,64.53780805132315,117.47263944646271,145.80259153886496,0.18348279081422142,4314.269283221509,25.82408125612478,238.4179313840067,0,0.4250120169852766,0
13.983609202097005,38.3005907885436,75.93956713924621,128.35244961669034,196.7942585638924,0.39297756982828924,3550.1183110738834,14.4704860243383,347.4192530252191,1,0.8383834454050199,0
26.719219465397824,54.860740941496694,111.592348090593,197.53884414272704,454.0495520581513,0.14586726603464334,3661.1603138092482,32.74462656375035,2.8158915095282966,1,0.5053114819714749,1
14.734777640608906,33.77746953414204,80.29997408833027,155.34535116085254,233.48292387554267,0.6420661432812467,2488.7410973783485,19.151978157903518,341.9038583087213,1,0.47946353669712066,0
4.671415942100995,11.41922747384401,51.808611306045975,111.2965572046107,177.1138604112706,0.3999398576222802,3865.286654676528,21.019410186166617,80.77811722558822,2,0.5155996840882457,1
6.759430454281742,18.803697212746954,37.16338690219859,84.55388167632393,110.07585759076723,0.48363311457699676,3734.8227106904405,47.38908906219189,132.73915025916114,3,0.29725364198108245,1
8.825323017448904,26.429051451821028,27.240148218771907,54.382558122956986,42.601195664852355,0.7770355241840627,1751.4899213253186,29.295680959578554,126.99643881395993,0,0.26454644329716936,0
1.6989355831685806,0.4666106020826932,15.7043515366063,18.173294671707755,46.7670880873048,0.21065943311866586,304.6701651502324,30.445871492646877,206.89740085034026,1,0.7124007734674098,1
13.658265005491758,36.58870502538976,93.916141383391,247.94289888004602,537.1469455392066,0.6911176180045941,3766.132678976028,30.241663005784766,27.705945806965993,4,0.5864794990245943,1
9.0575905336267,13.829331916098004,28.215982489671415,86.0843893409075,188.51281406288967,0.44537479598740976,1455.5001557388362,29.383988217662115,163.4763608056753,1,0.6881582126369756,0
32.358461032009224,80.1339059952398,171.77967299083468,396.5053508825069,760.4082617447596,0.7200120252552026,3125.5204591805787,2.1134895968593828,358.8528771790339,0,0.6212081393752567,1
7.095858023659028,11.492316291155932,32.56310588706472,63.211600984476526,28.80745550974421,0.31738257736947756,1743.9749021591413,7.488548587937355,108.88975467788767,0,0.7258967974938333,0
8.241419173798395,14.422336293567303,15.887126261703827,33.24304341284194,0.7198759491608371,0.3140303489572901,113.58776357467181,49.617926899133195,341.82078402904983,2,0.21893647182692094,1
7.182179967905306,23.66281733749441,78.5409334933918,199.2156896126593,364.0164506611086,0.7435399675321175,240.2827079448099,6.189884580595637,281.0058151206568,1,0.6196572303990538,1
13.755834356708036,15.778574156596711,50.42919975337354,47.84590627142331,98.9792668938889,0.39410500495554274,3951.157635776485,13.638221836765034,21.6172072931943,1,0.34159142418748817,1
2.985712921503632,16.131113979917757,46.98310555012341,100.32245973074556,156.1169136727458,0.5962564622491828,1490.0475666688926,8.094852592545486,255.1419289294016,1,0.5363299050399177,0
15.49207226493486,40.11338918679709,113.28075464337032,344.3050223879989,744.6390812211785,0.5009655867180618,4168.870304981907,41.30116493173905,114.538855312074,0,0.5106523978357453,1
7.5767420073396465,18.527072710280017,22.214162928810797,39.91350799065002,110.11086662628475,0.2925216115074476,4171.7532829953625,6.32116530155041,202.1078883819789,0,0.24269010592845106,0
31.784162019454445,80.43017015142907,265.24494402556024,592.8080314723311,998.4785780980088,0.6417170005864269,3863.10503789414,35.8858125422668,308.70495965662025,4,0.6938268467916886,1
22.01378207041221,67.88159936521838,214.01740694564324,504.4722926174922,905.9723029566279,0.1861995258920449,2754.0930941515994,32.736211096901016,342.6871650971059,1,0.6973044578459673,1
6.043117508065496,11.525229801607015,27.91414107324356,57.307931914368424,48.47156735219572,0.4658838684284657,400.2044619383155,21.85822322393284,158.07048352663068,2,0.7386218591656153,0
8.565263052746154,18.251218323750756,53.48167422247338,82.32956544070515,143.2029931960032,0.5796238241113006,1160.2790439241273,24.835260058971546,280.68770162698104,1,0.42716483209726147,0
16.018771407611673,47.98861130744094,95.12849174183613,232.7942472269698,394.7675083769562,0.5631251871746688,2421.9715318984936,32.28183489582434,233.18442733263103,0,0.6957642887653627,0
9.965141290553824,19.507120172079638,34.510212881769284,124.87704698654673,295.79907375280203,0.40667876166792516,1064.6634242877935,11.549617287732895,109.66919896433845,0,0.6931342423410116,1
9.673242293636658,18.299471386038146,59.06807832375732,131.60940886115768,213.1639531671401,0.6043176278236595,3360.684463420577,18.024517623027986,331.2066145924957,0,0.7048153611942918,0
5.148291637633574,15.322383765797312,20.400078974627696,27.7604979018569,105.41714571020603,0.8411430301492377,950.5306025446274,48.92508865521029,280.1532470296062,1,0.5566974348063387,0
25.83680257869924,86.6809951491859,231.35857942764733,459.26257502742743,532.5027118399042,0.2379023137589543,3722.012694599006,34.285966406895966,325.257012675807,3,0.11081202797090543,1
4.660576561573533,10.779283027666015,12.589596786675493,37.22121906638213,95.11323020233274,0.6057255647356038,1381.0454935589519,9.476791336582634,205.00949534001285,1,0.5060105614679219,0
3.538744673594235,0.3189293439530294,0.0,9.015303343055297,9.702321186625223,0.6272479287204834,566.9602670454027,25.7332795515973,263.181900825013,1,0.48597751380526466,1
48.53101509883605,139.5559328684885,270.41650463989447,542.3130045352085,625.5142829561826,0.7958688754421459,2419.022626223467,52.50831069777582,250.20253629615016,1,0.6221357884536534,1
9.945745910948862,11.901325315943916,36.17887467334228,123.58372408299122,248.30663217866834,0.2754548583226887,2732.8070577751905,40.06981417620321,257.7648811925265,2,0.1800679132198985,0
9.537231436692029,28.33835622437813,39.56005802341622,70.61066269877236,116.02731696131093,0.7404623732300109,4394.779383194072,50.524829288978715,237.97374550605178,0,0.25536546102876473,1
24.451669819934637,47.86196559426774,89.80518413813988,172.92340230409383,374.4254330522236,0.34493169735803925,4146.536710456521,8.493270547471358,359.2992807716224,0,0.7398813237092422,0
12.027079926913688,39.8555742141044,51.96913418176502,101.74677294061004,171.21637593068763,0.21160503982517403,2885.750259272443,16.203097413853953,305.69324322424757,1,0.5350382387505127,0
6.046540922212807,20.401816990534773,52.19673133944715,83.20202301220499,232.14750146992532,0.23458105153903555,4302.664517753634,14.362018855403063,157.22562473608167,2,0.2346404303619089,0
12.171344335174018,42.97923329326973,123.99839390118015,377.034606170913,574.4831980720335,0.5595775825394907,1116.447654577686,39.2022532151937,96.57828220763855,1,0.2967604436774881,1
9.987773194267156,25.487715519503293,65.6319675868493,230.48500928580498,247.0580372867518,0.6861920120504907,3460.047951046275,9.538840296679956,291.1233298368784,1,0.2539887102656794,1
11.966065347876354,17.29032774540549,27.46153467716078,37.584689735343645,54.93578869492251,0.3373532469667962,1796.916163142673,14.947152059888147,134.2697334326187,0,0.7570805762356526,0
2.8134184148422374,7.210732418607099,24.181827895659005,110.85902469861813,194.3432443914429,0.5002149743369206,1939.7782802560646,12.053103295024316,60.48544490569557,3,0.5789121680155259,0
35.96175082199541,133.73595649242185,263.0250848363319,588.5939543289187,1138.4124047378273,0.3477877061799395,4129.6350412283655,45.1163964143446,344.5319000648752,1,0.40208567082425345,1
9.983527936677207,27.61688682242359,86.01862251686221,213.2779814986758,355.6015813667375,0.05967327645741383,1756.0544067918358,0.7854684978679499,65.58133722618652,1,0.48289219707827574,1
44.16103582120601,79.84668110023279,185.15615680888624,428.2714679329306,785.4263387971716,0.5951839358824226,4118.151843350282,24.870393689102812,184.96090075343463,0,0.694599312945357,1
7.101529680314864,31.4393695754274,50.352596513463105,141.41589017808795,170.99748408822393,0.4189898928814447,1504.7049288553976,23.485778340694843,328.24685359028274,0,0.31453020268985055,0
24.362046826620492,68.050071751111,185.58034048244352,485.8966288760723,770.8206133206373,0.6025293296840339,1907.0409214106135,34.157625518198216,199.03957278666056,2,0.5678385221264712,1
17.11434901220937,54.06922748169886,153.62012970303186,418.4853324637178,625.2672054999202,0.614466936719747,4234.57922944866,37.98149603309906,320.7460958258324,0,0.5777271334871542,1
9.207639624567102,36.895255155290975,45.941142587350456,78.4182164343616,229.51258852842534,0.6773683942855407,1821.3681587758997,52.257422041543435,171.79974453193265,0,0.6045869094194751,1
7.78903121483464,30.34309165227263,42.752899303885805,61.6758593810691,104.97286448558124,0.5079776068513125,3823.377363522859,23.2951570783662,338.0147961219312,1,0.4064016025195457,0
8.961908930568919,20.994675255957684,54.788720944148785,110.59381080758045,110.70597620095904,0.6943418170432999,2737.736068139598,36.95892965375874,187.18830241774882,0,0.8194198303851657,1
18.044933823554956,43.30688661251489,142.81162539063783,324.87316388384033,478.0144844416745,0.8022732947948942,2248.3842440114217,49.443601116538424,182.55820425049774,0,0.8752812340035436,1
10.746462631058531,24.32323720176648,43.567347048199665,60.46010529434095,96.57622280953817,0.4813914520298884,1353.5166183752833,5.431804835352503,78.9162782006612,1,0.6730175676663375,0
15.036473804180625,34.93239173492451,99.11438392617785,245.06048837485167,358.77882314860045,0.7310385408795237,2980.1541927926255,5.632804781311293,160.13778248301037,1,0.9455680731900733,1
10.745299323989776,39.7506028464058,102.88066114294172,160.1751207344435,334.12034077837967,0.43092788342085236,2015.8446057725146,13.271381432414794,136.44304551294448,0,0.663992198513525,0
29.886929132868886,54.95733643339634,102.08382288387743,297.7959572264277,465.11927161870784,0.3655557281398087,3968.3747089072926,4.477509624026003,11.760579369451118,1,0.628953042841502,0
7.177073547729914,14.428191413365619,71.86998271910363,152.62158740358137,326.3325172500436,0.4893818007288675,4319.850226302967,34.62005171202746,90.98508746190825,0,0.7027380500066015,1
2.7884581622976103,4.315642010954587,6.630803269264347,0.0,0.0,0.4452848112175106,1354.8157141110016,18.309921627993244,2.8037727283987657,2,0.33203342903162186,0
19.509030053851223,39.33572238188211,113.06637863520338,296.0505488755666,399.99535709522274,0.3917865323919049,3825.815575809242,51.75178980076065,130.18012215165825,2,0.5432552380317104,1
5.491207060433381,17.46111199733293,30.72409726357264,67.49049884336016,82.19587143826735,0.2809207149607605,1630.1430580783253,18.17826618308953,55.86365067111873,1,0.4870066508342192,0
5.166987406236992,15.149557811168286,6.062256658325509,43.65119972084284,119.99701105333558,0.5594281329452372,2670.6297669468654,1.6681335022911243,286.78859756923225,2,0.34834901876129304,0
20.14590031233117,42.669427230938,89.01465877029321,149.0530538756945,325.18457589440374,0.7863200688334449,4214.487579880851,23.2219612483502,344.44783545401447,0,0.4059221757363983,0
13.123912060966884,36.032359491250006,74.89126110626228,94.44331292497962,169.71653272796559,0.3799463771733003,2706.599428300708,42.390611503019954,326.9094072317947,1,0.48094154027782693,1
32.73442362182041,86.9247338722943,130.95698073387345,229.5283549340959,410.1504171326096,0.4471101809347278,3999.2932791475173,18.71826290536357,289.87386973869275,1,0.6170074934688344,1
3.643690076206154,20.746489960696167,60.453278593999535,145.56017695639764,248.5247241836651,0.30209561613179503,1489.6536911909775,4.439114828635918,166.8826085571318,0,0.5248927080658893,1
2.5916883400965016,4.56053968975692,0.0,29.724484852920074,63.41349150556728,0.47718569206598654,2997.1508871126252,29.35094935868269,266.75166917876146,2,0.47200244118184803,0
13.74710245024762,37.44839813740708,66.39419271040708,113.71917009263983,198.52944482122538,0.5617320609419225,4481.266663915855,27.520041001725634,175.25792868044527,0,0.3917659491984721,0
8.989642310243612,23.46224697599671,52.404927655232314,103.84645439036834,187.93031615956676,0.5315794631897544,810.4677422778851,42.09944595239652,16.61112012088111,1,0.9087524667245088,1
6.2869522433195675,16.404845109424084,54.99346629301291,155.91918047852295,351.19276069000125,0.3721903762854839,644.0692221182634,28.71601288004652,276.4688216127223,2,0.5711139646610573,1
3.6663823368536854,17.52186674002042,2.6488915478125925,35.93621914011685,16.924474945850356,0.3810535841782338,3373.721799332003,20.076093506963296,247.17975326231974,1,0.388019327976228,0
29.71346924905034,85.61228985959949,211.28377617371243,458.12648887753835,857.0021689665974,0.28706750839813655,1736.0745932336488,41.184516612198145,272.0046872440257,1,0.5424283088230559,1
7.612242072896779,10.198226618613031,15.430536471275172,27.601859106970586,70.7366478238052,0.5454634354694611,1708.4270979653566,53.19499550833925,67.64414116350879,1,0.5683669883489496,1
19.69922559315712,42.56505192458429,50.26281813511734,71.34320686157685,1.1828323766595616,0.5128502882664165,1956.1237106391711,21.2235025402219,225.16435369259068,2,0.376579119512567,1
11.225032824482765,17.539246516479835,64.07518260112428,95.45267057162381,153.44817799142967,0.3287051907387441,2840.2804714886997,37.68676203623396,344.9336830802856,1,0.3417945746331174,0
15.25274085789437,21.071117872869486,40.941957618675815,136.12168758980505,321.5497970235808,0.3846467257288873,1958.9404739084657,24.918622328545837,57.24074398564622,1,0.567946630783746,0
7.802791375008982,13.673155712817437,30.648740204702055,66.78481650853237,207.38385237315345,0.8089509363568704,2610.026499075117,4.841051773410382,359.7570069987726,1,0.5603967336859785,0
6.2152434016816525,21.67650630726634,77.15909621407314,122.3493125559732,209.04462098307215,0.5539530247402699,2301.0480001301194,1.7160495766674477,195.2175884605938,0,0.47982709224514014,0
3.014798278763124,7.801175656293433,0.0,0.0,0.0,0.5951645192803486,2315.3131730037367,4.845836891605733,159.0520210374974,1,0.7643997261371298,0
9.5870302990152,26.516863773564026,67.2125113075067,143.31943033630608,222.7315540821572,0.5033740177721708,3009.71419631744,40.090287961333956,182.42704276178958,1,0.2280713449575817,0
4.608107239525909,1.7500886098798745,17.295773401128464,60.07983068174306,83.90501373858078,0.2772046250387705,3870.4059270088046,41.9425906279775,131.27547481200244,1,0.5941791338776987,0
43.658134391510494,111.40650011907559,321.94598358367773,821.4333517104321,1520.8873360672917,0.30468268785182334,3133.0772620829225,18.343042411877835,67.59425098430872,2,0.3015559354339339,1
5.797717085673583,8.09870746174738,27.80932159970108,44.896168155807786,81.85874390193295,0.6284303923975687,2791.961581480591,52.067090518961,67.37429841458574,1,0.6086451538362602,1
18.004537988455333,40.02441611002028,118.54729401728724,274.2495457450053,413.93233075582316,0.46566274544357816,1913.1102710449654,22.262721847435802,51.18690869504633,1,0.4885102233513906,1
17.13869062061526,31.538303375177023,93.62322452651466,160.3359872177944,250.09297425402883,0.31554420556569357,864.1429498303816,1.0799003696467557,96.45467686394821,0,0.33550337737815006,0
8.8522384528834,20.449766562683738,20.988688091213696,61.53940581556861,132.0576608583023,0.7230123425185404,1260.2511249655925,38.718555551350484,18.733885032940396,1,0.7500991092502104,0
3.9096402078761825,13.559336696158386,9.3411933134054,0.0,0.0,0.21708632533509042,2850.5879756897875,31.282926451599945,49.60773022836638,1,0.4539224291115466,0
7.586292770851658,12.9005527339297,22.3435806943434,81.20395620335992,100.15268484111861,0.42775691696352613,1315.1903133590895,21.785633084472888,327.0842634048974,1,0.541328603621498,0
10.769553515210449,25.19328308250285,59.87765750737422,168.79669699101257,187.03185725975055,0.18532810045000356,2801.553026200758,37.67944689089613,283.8337041175057,2,0.46816742920301685,1
1.8771042219346132,11.543462269238201,40.92489867195361,92.38412661839683,224.434893338038,0.803333543009026,1872.4307977377746,2.857108973066127,252.58773605707813,2,0.4391486463420356,1
8.554050424304421,11.320473960609133,0.0,0.0,0.0,0.3670134779426301,224.48162951241122,43.239481195025036,59.48510566958277,1,0.8858448812085892,0
7.243893276828643,25.077768706807934,55.72465773281817,104.68152452978039,128.59912776314232,0.42006447132400565,3921.975408636638,25.54069992699826,110.17089686394915,3,0.45019622936815795,1
11.131799567132873,16.1845347946721,47.76846652453131,36.40071358180394,67.7673331172351,0.7187590873068368,257.40184118100285,31.01525603070489,191.20074303545564,1,0.5140250714794576,0
3.9786395202844806,6.822334671627014,17.336070833915368,45.61754677295809,117.368434117599,0.6830424520062656,3767.3786755863207,40.986576290717494,213.51057340240902,2,0.46116818618499855,0
1.9695750897977349,-1.6487251449982407,23.94929863409984,2.0526110420316144,0.0,0.40852812232616365,2271.589766830125,31.183030620278355,185.60166377302815,0,0.5319991304245654,0
13.392106952431456,39.43319528170216,88.17865834100955,174.12102567267863,258.7429907114335,0.5803140719263364,1018.6254397104627,35.13726381090105,13.010004460519934,2,0.5393532489701762,1
37.31946974428021,100.43423262537601,304.610767006779,647.2739452743153,1275.4088509254034,0.5844660655066457,1372.6781049526398,27.099355031090486,350.2069805515425,2,0.6931475853354191,1
5.376724167600408,9.80231815808057,22.299763414095978,13.428852018798953,23.74745667786342,0.6437190819218043,2425.4654146105745,26.018261200846588,44.94060203414263,1,0.6078262559799275,1
38.682719838474014,116.38009291916084,244.49163149219848,618.8293376242708,1101.6507141033323,0.40841757511377963,384.7415112136697,43.80394745764454,20.948454898327952,3,0.6673950713877097,1
4.867707303142805,21.13713455607991,14.54424298151623,33.12241202107663,53.31155882213761,0.7578553591008664,1075.6420561862174,37.290275551145534,169.03144113651044,0,0.8317088802472594,0
9.419341252413204,33.23204233119381,67.83817350062031,191.37311173741864,229.69923461006746,0.2941234358401312,1840.7245401065,14.911153053039659,174.93393802228195,0,0.5976058603909188,0
3.846589766939872,16.66892545266932,53.83431532945614,150.39144110245897,368.9043191593406,0.35299689566976766,821.915713041102,9.534143980756818,117.16971744992289,4,0.5657374663618867,0
4.034520953098002,5.335660733985137,20.328966381273773,8.83092380224618,0.0,0.28418350302062545,1988.1479010693795,5.316085871963495,48.2258779709323,0,0.3274783980714245,0
13.943121625537433,29.291832139100347,78.94540734623179,106.24911862849518,219.77983560055858,0.47545691449851013,2772.6999194308087,49.07508058345212,61.08300285653482,2,0.4825797245732535,1
21.947428702673033,57.452389131796934,84.45992164947992,103.76542369301892,219.2907918719405,0.49862777732172714,4185.884778231557,50.90440387498831,349.71677833366385,1,0.6849954907898453,1
25.382344759716343,82.85442204983795,229.00093303731663,642.123208567977,1196.7442230642723,0.4344841365812963,4019.534536865291,16.605895623706466,325.36950010482764,2,0.6453802591438232,1
8.660715403871828,13.904638424142284,12.576068526296748,69.09805615285714,116.49459725041294,0.28376563214750333,2658.5684631329545,35.73275656678043,108.14202638035641,1,0.27584965309144743,1
4.351004017702519,10.694599278434165,25.74246582743862,49.48924099808966,111.76207777996875,0.4237286690255273,1387.9564872277788,2.6533161011912885,111.6050519502139,2,0.42863661463399155,0
26.287169186068464,84.6784909124372,133.73457396468032,247.47541609238607,447.438229262253,0.546046624043044,2957.3427208102235,8.694030123040495,286.3595321933808,0,0.33865989410982594,0
15.221860291248833,35.032097279100945,81.19869241911955,216.4687159909457,304.82374432749003,0.5330454473137226,4424.922389912009,14.56765100768739,279.7553916206344,3,0.5074376567747593,1
5.693832292693026,18.976176374606847,30.495979051982307,30.689373887464622,27.93653248357398,0.2645247227206762,3980.099833425723,51.73427558231353,214.5033233825679,1,0.41991587796862373,1
19.56527284379888,37.24259605832003,89.7619482362108,211.53552804680817,412.4485786039267,0.5889187316019342,4441.172354671993,26.038978566390067,229.483062663038,1,0.8819258320156023,0
24.39089077978825,41.028013932241294,134.99887334931424,242.84174115708646,327.9056891855028,0.5100229377389373,2761.3302011167298,46.23221923690802,70.5954528393314,3,0.1353606385582564,1
12.295883675571693,19.720095725092403,54.76684070423566,86.71862189990317,158.11557677910406,0.4672472166810467,4267.872224648756,43.03995094910185,125.8047537560446,1,0.4609470463137266,0
27.629489333143532,38.85338178217437,127.43105816061359,184.70594903666108,375.78624980873735,0.6031876175543988,3187.3615900942145,1.140242658228821,289.15793078166286,0,0.4440127613332487,0
2.0494144117180726,4.096906698049926,0.0,18.515447240105015,80.7408976933583,0.4764330174959551,436.08868791260517,50.17511400079911,204.39928859966335,3,0.6315419005274204,0
5.772131911313807,9.697613445903826,16.59497932245839,84.0690503010187,121.17903014332661,0.176211915235986,4230.739501552788,7.12734268434939,169.2400705318641,1,0.5372755793307358,0
1.5251298128819302,4.151503799585127,0.0,3.685281928473985,46.65694757212499,0.8008235103600121,3898.3192969084857,7.494861129619627,101.27215261117612,1,0.5204766122547532,0
7.279528157516752,22.89804141655983,65.64439274780382,230.15335311543106,244.49276320389654,0.5663369646323946,2510.1541832665903,32.68635879103875,193.60300184712796,0,0.405005311829224,1
17.81779837677234,40.687981189172966,50.59767238158441,141.9249725812401,203.81693278724836,0.7946526262344068,2720.36753845638,52.61438786589706,75.13840064198466,0,0.6505851839255886,0
3.3765753568540973,6.334665383202145,0.0,0.0,37.647521301666025,0.5333885519121621,3831.870748447417,27.294610302603246,256.972886316482,2,0.812938986571709,0
7.519117941390224,22.28103634200386,48.49070160090022,100.87663930021789,160.4010139437946,0.6060944458962122,2991.7218441993045,28.03790632214468,317.4211861963441,0,0.8058118996495386,1
17.34871872672549,35.397038668463985,102.48389663490035,257.0077700798114,348.3167483586469,0.654396493204318,488.57346543531725,13.258137991904066,136.5416866310199,1,0.3038166235034712,1
0.32521636714443763,-0.8964843573376801,15.328483463169887,0.0,25.140369932763956,0.49021550531344693,653.339398232484,11.721810172622627,310.2965623935839,0,0.3939606355418414,0
38.559301806008605,67.10065597283504,150.92183673642612,230.3764622744616,373.76154017801764,0.7401166733924361,2893.5826606064834,35.73937498120729,131.45248215670293,0,0.37721629207435986,1
12.221872631099533,32.585437657057696,21.876596886479835,35.564123474354766,12.051944036165821,0.5482105343017681,2123.4069091730707,3.7222232783200635,65.75621072621117,1,0.44569416910174675,0
43.611983824812306,103.69195590858642,296.4141261082129,808.4232891891135,992.4397015997521,0.3740023694457471,4195.606372052726,18.31234469655673,116.67367195493601,0,0.623307590993361,1
2.0407730111346045,2.637812791579538,0.0,8.860471219356555,0.0,0.5544572875113915,4455.868281924087,22.123003562204204,127.86293381153985,2,0.32665323249904,0
13.016005620090224,36.73176404816103,81.64626899516983,166.61818009584755,174.8244321237093,0.21750806687213461,4025.032498620001,15.194711472549637,107.40265936736716,2,0.27583647147336077,0
12.606359968389656,41.799418021952654,70.62189254908473,245.35936999942632,542.605308542027,0.13462833238033456,948.6327258641194,24.451962323087947,256.4285279445645,0,0.18583212975575708,1
7.9134841880354045,29.015803476865486,47.16545522578897,72.41321544867107,163.12548498954084,0.5580095460196839,1327.1848599561024,2.3570105848651366,67.75352555930361,2,0.6192873871623018,0
22.10499486589419,40.535063682043955,53.07160276800585,58.677696069188535,87.41699431684027,0.7107022036974404,3566.6227033145165,29.877153876590704,84.96425931705237,0,0.6674816582934238,1
10.005264155714475,16.76487224733947,47.787652442735116,145.78303496159657,246.51293806183736,0.6219996205808076,3264.3152831036327,43.43543440400851,119.551426489441,3,0.3126386298084973,1
32.04182239590472,73.9104908081872,151.63314625812308,420.83564045644005,657.3689251493804,0.4226078536634542,1663.362700026318,13.403792159582267,356.42563766809866,2,0.4251406721947632,1
17.330612689160183,33.86625075144123,55.56064855282194,109.39710914777581,174.33238648788978,0.559439074365347,880.3356329243713,27.101537232358858,48.178412989114946,0,0.19788320446378446,1
7.2739975512220605,13.718889673863528,16.134387837931254,60.146716798114426,97.93830750860286,0.5632417010334018,348.00338232223714,13.392658302976747,249.6831063053241,2,0.4046646318959986,0
15.8377830738955,17.658784926863795,33.727943289098945,90.66791892559449,177.489150855942,0.6265338010099709,196.95656931373847,41.74407438796396,69.6494389136143,1,0.673843180903205,1
15.455953791030227,35.38070917865636,60.52906892403903,87.19307869987058,157.40946200906114,0.3767586506104809,478.5494110180645,20.14807492871951,48.4044229267469,1,0.06349116724196975,1
2.9661474128707166,8.5852822946852,52.6580275105322,122.34454402578815,311.58325802314033,0.517314866471568,2009.9759815454734,45.6169985366348,99.48597010903005,1,0.3366936390000055,1
1.7145264271257399,-4.287576505574858,0.0,0.0,36.66738861998071,0.4194811459936766,1711.1426311814912,19.883375292606278,53.35506406597395,1,0.769238551100356,1
11.269012517287912,18.77957006851379,11.037792593415578,30.894019223544035,97.68131217478293,0.35474056906248086,2233.839215138429,25.37835167952216,84.63125675774303,5,0.6932266593298011,1
11.391690004536857,28.886838221936177,79.69980921907069,212.2479817240101,406.4898033170851,0.6082294777210218,1115.4442213731961,3.1362818032217077,97.74632368604036,1,0.8030965307521227,1
5.455680137961276,5.6344043192042195,23.931802522451484,90.64946754185563,99.82838609009934,0.1489014107441395,1576.6770678273715,37.58612963677503,57.10442202470594,3,0.2710629620875033,1
14.868677969563988,17.50474368302145,31.373467902826988,68.75469212422777,23.505259943908143,0.824391987183637,3120.873154146368,9.890620983201444,276.4097201638838,0,0.5434070572059644,1
2.93343089401445,10.872115146136604,27.365165901442083,53.94939075394433,98.90757278437128,0.6298164097819289,3976.3317344541965,38.61416132988543,30.440559163092967,1,0.5359947422879016,1
7.278614691097946,6.331119468444395,31.017779332911044,35.3254254394436,50.07897595081443,0.5695083568469257,2278.617545449003,11.964430388845217,79.66594507021277,0,0.5049723156232129,1
8.490128073381596,27.62073221478567,51.52310923014534,121.18012318087328,312.77282579742337,0.5447994221551807,4288.768926952489,46.683075798507886,285.2217454263145,3,0.3027105512968682,1
5.925876315212943,13.028948848234963,0.0,0.0,63.5991448122708,0.38101126068622104,702.9806131126237,1.4019295564224028,75.62237049070397,1,0.6141029726739892,0
12.023939588971594,23.891499604086533,21.452766804018054,30.74958393394395,5.300912478129334,0.7481021263014173,3283.389345099399,8.563169473537522,188.09964514506783,0,0.428679252930101,0
4.781546408517542,7.202007516497431,19.782792639205105,34.68906512978527,27.62165070145724,0.6456691953600773,3154.7410499519674,31.95985823118499,152.24361191406848,3,0.06288685379103691,1
0.7502236567513815,-4.766460373187115,0.0,0.0,41.52712390828823,0.5617279843665867,3611.168597958559,9.994368115974684,228.23557015099587,1,0.6959238432626949,0
4.379775587356917,7.127903175620709,15.378581714593416,33.60290049242085,61.2180993313848,0.5124334176187595,1652.8986683683252,30.554506097347407,200.79987577477056,1,0.4315077846599437,0
4.452940653856524,14.620184535389686,19.453340725973344,30.421141792355908,3.3403059834444804,0.24863716801267527,310.24296419558743,42.562595455278355,182.37908344706938,0,0.4409340376303641,0
8.774747488971055,24.769249753630348,63.687639912702,139.65478084214362,261.8219293875722,0.5985027186394694,1350.681870616341,29.88094468607248,172.51152382849483,0,0.5550140827596155,1
6.486835376584139,9.654279628804467,28.737108913219238,90.09939552710306,196.17069742257036,0.8205382686234334,3002.195280469221,8.48037094184849,340.6105766689837,0,0.16630711612960797,0
20.129890957189854,58.37590754802668,130.89495149577334,154.02213341600412,310.6445783885006,0.5401592508341029,1047.2903701135742,23.398014008453963,91.07153322542584,4,0.6564826134441231,1
2.3140022071512516,4.076303074409838,8.94860472530973,36.96451410119415,85.66808398321935,0.583713837504369,2711.8241460667946,8.995925964190633,109.35458628981239,0,0.630113483256525,0
19.597172370995885,30.96269245275786,101.82010752803697,337.46646078355167,742.2210904182647,0.8145077878947942,1663.395881754477,4.771662564694521,215.8222244414697,1,0.17570349895904847,1
8.835834277699334,33.3728816903466,65.98118317642219,197.61205751097575,222.49310396962346,0.6233984365061493,825.0761148243889,53.48241584105683,259.32444295271887,3,0.32480420509096347,1
1.239761604165983,-3.6442464880893093,0.0,0.0,0.0,0.9763570756114304,1266.6649757489693,12.115578129899657,113.25418877216521,1,0.8517457643194436,1
0.6052252216167778,-2.228862650096797,0.0,0.0,57.52722112693494,0.7144173649604479,1513.4052877385593,39.217137008988,63.5479523170523,0,0.34133307762880716,0
14.233833571648503,44.943394224613876,96.13281282877983,200.77713259442575,464.3019286681996,0.3463103341277934,936.3779934760736,37.347904563659725,206.83710686803093,0,0.6145847524229628,0
11.437140981682735,20.238102245022304,29.8268244594919,63.984080913877186,76.94725922261665,0.2856804768476093,2567.849627344303,26.6270667155084,96.58182669325328,0,0.36009189404946623,0
15.931478016644995,27.650326225299455,50.40928908507841,44.52654727273106,49.96836398980969,0.5918456570985616,1424.4390555982297,22.926674656665078,297.32856104584596,0,0.6352025418277202,0
23.84852874923775,54.9935968386715,123.33512075588,275.1419799233986,471.54525551445613,0.3662560786971701,1456.2592402276666,38.15473455995886,287.36754919246096,2,0.4829355724239226,1
29.173513264667232,48.86473496464445,143.31644318957294,272.9774051413448,587.5554101825561,0.46302714212975665,2975.0983612658006,37.89621928392588,142.80848119973768,1,0.5166549145040797,1
35.43274062221389,84.52557120686119,127.10161182378974,136.20166267528793,272.63751859214415,0.34345662733491633,868.0869892283699,52.330493238609776,267.66481874841725,2,0.8343756322587256,1
5.101815469316856,16.542701850099686,33.097413019384646,98.63095546956873,179.49054053888835,0.4506760223347864,2079.4752947495654,32.91794064486545,249.00985005057007,0,0.44213755648304137,1
9.063012607964739,24.31067280939179,76.43161478130543,141.35242722298904,347.6569955846149,0.3925770916959987,153.06511499680119,20.769399497863652,338.7086934823869,2,0.42313048766060773,1
14.925883224764343,17.54343994405216,29.026103006084814,52.966014565280574,81.46327598010787,0.4873987097234817,1093.2747096980345,49.77099916361669,78.71129309195733,3,0.7232079830682645,0
13.263623871916211,25.54630967414167,80.15401696342313,231.24701387291609,536.7799581494332,0.3406521129597568,254.01029679834755,49.148856990069405,195.20991356606172,2,0.5261472853113087,1
28.998136699236635,87.11342314954477,218.27776794651462,592.7938933770299,1019.8876671825507,0.6859766469795334,2521.421846330879,37.2780835027855,15.741165259107763,2,0.40438840682119365,1
13.947576838376767,18.124691191979778,50.38411810575792,143.60911529339143,68.49339262481986,0.4807157481641939,3953.3300380242486,10.339115406992256,225.37503599578397,1,0.10735057081035096,0
2.520940752257127,2.4979154931778247,25.991263567138365,53.425441401123756,69.77224904886648,0.1889855934678879,4315.556897078295,30.768320417938682,236.7844133776338,1,0.09927559036944644,0
13.028488349200874,26.932019460836422,53.90779703226716,103.42161480769417,191.74818256630806,0.17010255288788087,1108.8967016949164,20.5456131185448,95.01956767415675,0,0.7810095355045152,0
19.33111188795673,54.832796411524214,152.78720163962956,358.3499910697967,474.43356929506325,0.39360807240162815,333.4555699050714,9.909106543767205,169.88833601835324,1,0.33113636567766,0
8.014907495612166,25.362051734049903,60.29723178852217,100.00816047020449,164.20458956640135,0.5353638395094705,2356.0994096755117,0.9490158420887401,293.78799210256324,1,0.48958584650292625,1
4.445344862279583,9.802957849908424,30.997497822301213,34.41246409234228,23.471137147201155,0.8467299463932839,625.0305005247138,46.81602074647213,262.21563920663084,0,0.7303954517294347,1
9.745191038256513,15.214319675799636,62.335962697650594,192.12796961635127,343.50385395156536,0.30302045148928025,2020.851357682928,9.9211006977615,195.18215189825884,0,0.49429817696322365,1
9.14743002938453,32.165206954591994,70.35312310620401,159.98724322500834,232.33707229589695,0.41206586798761274,1455.2436217708985,42.318622355173815,358.6222795979845,1,0.3742851089654537,0
5.174975013634165,22.247717914633526,31.392376302937862,81.56090596123481,120.14294804466246,0.38095672401576197,763.4759820660032,11.593095071573508,147.32248516674449,1,0.2652828708978663,0
2.473734141423958,18.068864711872763,12.702634457219295,19.910246279821358,17.85716327247352,0.4326329887146248,117.11766819172368,52.49883738767444,183.93071879447362,1,0.9370462630751271,0
13.107751701310583,43.35458094382414,111.90090386200444,214.11274917922174,332.5986168254141,0.5181449686406215,3995.8809088443327,5.951610568237406,345.45816091750515,2,0.13611701707180318,0
3.419829032980664,11.531400612052664,16.891210807961155,11.594582445015977,0.0,0.3284607000353755,3262.6843582199695,29.32288892937757,70.1663154024589,0,0.4562864810704944,0
7.070823497742368,13.566833868815932,51.48888043371747,109.78217259324927,140.65610738741861,0.6168391858165267,2346.6808524152516,38.40577654841582,324.12765385537176,0,0.37115882135203715,1
20.52310878249527,47.19756191182828,135.23659993987394,283.9515868608662,544.1662528072509,0.7418137530092398,3881.799307972413,51.21147387304775,300.1259337104161,1,0.15547397001743385,1
2.0901789733408167,13.586393735302646,35.04258131088366,76.73302372299433,122.885719592401,0.37913892961286555,3277.573011983473,15.197682047864259,288.0284368818813,0,0.5118084576299771,1
2.3785804061608373,2.7295704780133825,0.0,6.355718880177946,48.17237388852919,0.6765220754750058,2132.3411850715393,15.082831655119774,246.40331883818124,2,0.7487408581007138,0
11.171763197017658,32.699715386286286,76.67238189044673,156.13638385884892,235.3389370489492,0.3520153365227392,1559.724398655032,45.75328555664893,187.27699118212217,0,0.7635684102254697,1
6.3205893740921315,16.58626780151292,40.66029096131275,103.74102121241187,181.09362049547428,0.7268602159011358,1920.6493188187947,12.575920361706176,320.5777158068872,1,0.3353221196500383,1
4.968675256303056,14.440418814677068,27.715604299030975,44.47047764614099,101.8058342013378,0.4451290136328135,2093.528023917919,44.13708908643877,270.22872193614734,0,0.2613888896082961,0
16.814405883509796,24.826406830055486,62.38976127116249,116.38393162132367,268.00139940137063,0.7648172956516262,903.0388967196228,0.3572240490787748,146.05916273281014,3,0.37355969771519004,1
1.8073759915451775,6.368671526696516,39.562135476427265,94.80104840695805,167.50444564258453,0.39395265284701547,4181.307756855259,39.07468340977136,152.2028169962433,0,0.8917063875675466,0
8.520076083907009,25.00134528252128,67.88053733445318,181.16813166075855,338.75236666274475,0.45741412701647843,4053.279050758652,17.068622628961315,46.35441687379152,0,0.7933530248799485,0
4.9741042078502415,12.599470417722495,32.466088938551955,41.322447092681884,79.32514429336223,0.6241529016409983,804.5947207816345,2.6257202886117637,330.23526765425987,4,0.4933800606602018,1
10.056195498096388,30.94244919932565,42.19087796762109,126.6624935660748,221.20464613245468,0.7021734615962648,2509.218655676589,33.738186163130294,324.0789705127339,2,0.30040793923552767,1
12.508617100772682,45.54993359474376,54.605140824466446,147.47343781344514,195.9004457187676,0.6827485218176788,3887.6002647107243,46.14323660630378,283.9514510965814,1,0.4274872574038068,1
23.83241012271168,57.35629012310496,150.81417895048085,334.73226425042805,676.4122978729939,0.7601433577167739,1227.2590596425748,20.250590564145458,150.38237651189442,2,0.48360816203850543,1
2.299030547906064,11.40068088829803,13.297194929496595,59.0292448645735,86.90499984016505,0.500414539565431,4354.2032355504,1.688733368236695,174.51257613198243,0,0.7841573309889444,0
12.762616113996126,43.078326509701974,93.50724966425656,172.143467099225,279.7029495900444,0.352625069496495,80.10889164348279,22.885548760017834,18.584220191879854,2,0.43135288782921277,1
18.994802160981628,38.13135033261117,57.7731553733347,107.27605686263963,255.50252631280063,0.19787196762511242,3144.7524928754897,36.47309087793096,236.70268769897817,0,0.35470560274658913,0
9.19865928764128,12.448465516889875,27.07785726845651,64.32790945918015,152.71039784111713,0.4955786198208053,3954.418962458964,24.37119899726466,82.62062994953615,0,0.6348840827811298,0
41.27049866415574,98.3451385434648,268.4452128091773,633.3382859353221,799.5906870899207,0.4949822887116212,4018.202823129777,12.85344994226556,99.90528389225116,3,0.3643198731380665,1
6.369032082539787,1.6812192551188012,0.0,7.593811875792884,53.983563054502014,0.18268914739535422,1962.9137271879465,54.686766595045654,265.51892803711434,2,0.1741453879913695,0
1.4001061528227956,7.631048147993052,3.301967834357148,0.0,2.8342847283869017,0.42581249775018487,1252.7511489138149,20.857463021942124,243.97792692295448,2,0.20712768440261256,0
16.444106004217723,26.212233637532663,55.35509026006411,76.27712490262289,143.64015658441366,0.5439831564885499,2624.5965662527856,22.8166283720631,249.4770884863947,1,0.8686597242680698,0
5.595828200282812,14.217154409283054,28.63491248359932,44.35962055851415,68.64220893082117,0.31968318564673387,2302.1941092575134,39.234027904127544,302.1674609554215,2,0.5484385756193045,0
7.684202667138798,24.223098826724534,53.929211427623315,108.52456881327768,126.22810865993388,0.6525792229703541,128.00375020231377,13.755464793116005,345.2226900034557,1,0.1654382442876675,0
24.101542109655174,63.73125340736044,177.7117869088323,324.3497430630193,626.4494216424108,0.35834147082298073,3706.2151880354595,31.69110175720163,355.93689323038484,1,0.33996937983805475,1
7.344301191209854,21.366216588012367,54.888621939299895,137.7245531621149,215.00661368849796,0.7786047714849813,4119.081111130003,42.964476380599734,339.93907436283143,2,0.45290526778107804,1
8.665710574728985,32.19619982801544,55.91728973433482,88.25750784379511,151.6170182360416,0.12497626210047096,1944.1051226132208,18.431755295846408,61.089828808850676,1,0.5673821941149056,0
9.52363594098276,25.952432098869057,4.610381645159741,4.226011904204375,2.1967319527190865,0.22657333640091332,1761.4123617510063,43.751893299061145,53.96710166342335,2,0.7355663522198091,0
7.300788424195219,10.298950776701794,32.91011601122087,88.76515918665154,249.77906690093425,0.32961728386653705,1316.7589962285024,29.66702217075289,119.2852326953215,0,0.7195266718303699,0
19.832498226570674,60.90432093529131,213.86379760022453,411.0322043232076,657.7739338726651,0.6226579221472188,1119.8541691148657,17.469749043937796,76.64053326647122,2,0.30606029573761273,1
6.824816285824583,11.570969047548887,15.809500182693895,19.592787416738453,20.02943719865869,0.4739954656038046,2547.4585511354144,42.07389107538979,346.4037144897523,0,0.3236770112444087,0
33.68315737305631,83.31508599904657,156.49269132689906,271.5958790977024,516.9680408843268,0.13531401026532505,1556.940646153752,9.055361300882202,8.306238397706913,2,0.4817400909521995,1
13.397502936003956,36.23692385994045,114.09354302255488,306.37084119761835,489.63677699405366,0.49941808410691985,69.68160694036415,13.988405792455671,258.64980989667896,2,0.11661966908930811,1
5.269179235015091,21.61691178173712,47.62458877593849,146.51204621242385,232.50003331103744,0.6803944695816541,4204.310849531409,22.873905910674107,160.30145627398156,2,0.6042096269304311,1
1.739015595460971,0.403930919861339,0.0,1.1964099424756365,0.0,0.7804211526993824,82.88147676996192,48.65967999557153,283.9457381810581,2,0.3528121902587696,1
12.562284246285783,16.966851840884374,44.90217229252269,76.90641330836736,152.3200766674314,0.46020440653766664,4034.9545361274145,54.25287214190224,262.1262884955744,1,0.44712752533441424,0
21.05373827843443,60.25880297597108,130.48470159233418,217.1366396829947,390.0246199651825,0.3078365919835769,3078.3281850632234,8.640657008702274,211.20099505568982,2,0.43867841664474916,1
15.823252472612689,48.79455009182179,138.82892712563878,349.98833070738283,675.8999113348608,0.12954531509243666,3366.2372066287912,19.538861244470056,291.4891312164502,1,0.6560686192161602,0
4.72334586931264,8.415910888747415,11.573440666090082,40.42298876332926,97.81409067032442,0.4018180753488853,3997.8591211327616,16.50206463404561,131.25361833236866,1,0.4768278683699363,0
5.522145294748842,4.38188032209087,0.0,19.107238553705834,58.52207754882302,0.9020383014173101,4420.2234604398245,36.821646357427305,220.75127956435733,2,0.496214984160029,1
8.861083358654364,33.057500745962564,109.39791497586204,197.50757255967082,415.53615065071534,0.27395369152148935,3857.9789479736537,53.83922115384545,270.1031431143359,3,0.6981111834928149,1
2.5523870782588736,5.100305525657992,2.1443391965961247,0.0,41.85140525516286,0.6788714893156734,3997.6645031838693,31.138029915716093,13.685968382804269,0,0.5834348438586852,0
7.262637400305699,25.501855872751378,77.88820999085061,96.41529899551992,240.14138053563494,0.5717342606775072,1328.0509089138877,35.99538950921135,60.99815839714113,0,0.8073701483327025,1
27.112229129425522,42.952472710779766,89.57458533129227,230.54300770930612,481.3227973774708,0.5342788538855976,2503.722367891644,1.5011503472737115,335.1622191251309,0,0.5825144828355462,1
33.410747589126515,54.66881146625415,81.348095805482,196.45824327898407,279.5480604869754,0.45201495174267403,2166.2648073526116,15.770847876782794,111.2301692149187,2,0.6426883596448535,1
10.301463551704618,44.287455202722086,54.83893042905717,136.8936640476217,302.4225402516818,0.6248197423941689,3790.722595587298,43.42004534725269,100.43755247696365,2,0.3382637447028648,0
10.707331588490225,24.861877572261665,53.10231114654931,163.5220806839537,316.4620186561431,0.7317497052691916,3879.8459635820427,44.413306745794564,359.42357196926827,0,0.5722592608600778,1
13.82659435919575,34.16930152745547,61.16403216541819,88.68489609578616,123.52770478279668,0.6190664678876657,250.41852984457097,32.954351190424234,120.94399961825889,2,0.22221753185851625,1
8.527253032770945,14.207903997540596,31.100283274187397,65.5721210084532,70.84789001582381,0.5017140145579164,1634.1587086805598,23.99558590748853,203.4318584403144,1,0.3669672737025218,0
30.8934954603543,97.28064977819493,125.908231170693,317.85850851214616,660.6546975102178,0.5106142322980604,3616.8153471733785,50.45164164756438,200.83650585172904,0,0.1475921762892876,1
4.9896767442299375,6.413678568506663,21.4932237387384,28.94452898213385,1.5212004110576984,0.482210363547409,4131.857326894444,40.465201822764584,189.05076938653642,0,0.6256160948457055,1
10.346066317410983,22.723975854447247,78.71420557548261,203.54455530132105,444.73219161394223,0.6372572474376893,3695.5477240040946,13.547690052362444,305.3905896754486,1,0.921516886884391,0
3.612135417879228,1.655350953402741,0.9752643211985612,13.267948099831788,0.0,0.6734380085104463,899.9161465745417,51.867380933412115,121.82786944642014,1,0.8020816787698405,1
32.89305380892631,99.54462627082434,280.64726070832955,543.5814463058605,841.2122734974593,0.43401244759076724,2913.059307768379,9.539486624061997,67.11867811044797,1,0.5381706560437012,1
12.920967537961554,28.709592197720774,41.12244056960327,55.060592535631244,76.22271441161556,0.4375581726089984,111.273993615947,46.319122914264305,13.405021291661484,3,0.4582227212970905,1
24.0866526733889,55.58955022491659,84.8677207997893,164.9158361194351,269.791210714747,0.3391904081561697,4056.1893021368046,2.9621267670058753,144.43355084427984,2,0.7396826561778004,0
14.166827655107635,17.885003068982527,38.40277610386178,130.20937862460133,262.03328447142377,0.3643019665396358,4073.3997389315887,31.882459458557147,325.14033590312977,1,0.2906753503290321,0
22.591157727761242,31.016332122414045,51.074114244541114,125.86344011555514,228.77657075459885,0.39738811046787403,2215.8626261239247,13.99781991281193,124.12741702015556,1,0.3539417768917869,0
21.66703601785169,86.35590997096175,151.21950803432486,409.5154749663509,700.0267610550446,0.3046695065886521,958.3162896414195,53.4498588883552,180.67782756122108,3,0.8667356398821343,1
15.29716411569234,23.405592939132582,84.82042448558806,217.3548723280411,299.7081733493088,0.3949023739899126,51.73906475154788,50.143786163949,93.81145268062653,0,0.5808116243871315,1
26.907891844897776,57.144022035787486,74.77179906416465,117.21562700905939,214.53123656333466,0.47114109267520704,2986.6983411001147,0.2081579739811873,321.1896292190603,1,0.3927310177771581,0
0.791767547469158,5.167588278397932,0.0,0.0,0.0,0.15806502720772608,4386.738216887913,10.044907659440279,43.99642993899094,3,0.7622546193414609,0
9.457454636831162,34.30839056754273,22.11153385771228,68.21377942518463,169.1487231362889,0.4395661769399739,3196.9890515898524,44.721366273356324,346.9912967827184,3,0.4005615912362928,1
10.377921715291183,13.698466171053516,14.878992796528312,17.538529025412323,20.88858106635052,0.5080491188767732,1813.1651982750946,16.04967212692278,221.57207089466095,2,0.04563193429291726,0
4.59095367036364,9.987735731053625,19.906105712444145,18.716948145063345,52.25044571969821,0.15906418002016703,3912.028716316115,23.4314748442335,279.3219256126406,5,0.23739251409626194,1
32.02701765129769,57.9796054256416,94.93927686983497,238.3162274643035,532.2444137357521,0.6621106438985825,2224.95430462209,11.09035895835291,274.36661603747376,1,0.443939843625471,0
29.87142451109722,100.782196493338,211.4713185761779,345.351235369594,650.5864002474816,0.28214943783756735,665.0254532326566,6.157606983473135,160.69669572721145,0,0.5472687122109264,1
15.287928880765042,42.149379794113784,57.02792030339748,145.01636186997592,306.163526650233,0.6404191318499687,2544.8827269015505,26.992608771818666,250.2417997741486,2,0.2956673264339704,0
6.637602848692346,7.71047215401825,0.0,0.0,0.0,0.7098189120651205,2783.6346451245317,30.053900401882004,266.47946861351306,1,0.5220411195162751,0
12.534969306464438,30.37479674776915,72.33747483134029,96.91750106026457,206.09352568607915,0.5656259390338384,3123.611129909969,0.29279446431251244,246.37577340707458,1,0.37049382076814336,0
2.8248025759707387,7.026782771370847,26.689462132430318,77.86233049059507,164.31986746033263,0.4353200174092733,2760.1597210370446,11.306236104437374,281.5753235273909,2,0.20197226393381124,1
10.490174653116242,28.179661169191967,54.21355932544289,139.56356895265495,204.53360446017163,0.40887213642031933,2362.3452701940532,6.857767625165693,84.40858421316702,0,0.45631711596958746,0
14.967341593206369,32.7865896183301,67.35588171035768,196.61799156192194,234.45104093284345,0.36378585277449643,1961.773297501464,37.76532471957014,235.73419391540196,0,0.3666062031442295,0
2.735852136091282,13.5235739839163,66.15961519754315,141.3185879547456,166.6216890870474,0.5010052747340874,3970.1738230109518,22.542622232137287,326.5260164832717,1,0.5491706279240129,0
8.336671332228686,19.527355442257935,42.55939213132316,38.266647228880835,73.44190009644467,0.38408263794973435,2913.386687553086,34.190560005751216,337.3254000474678,2,0.6988939751483465,1
7.2835487527069604,16.99520398525567,22.91766614063184,102.33230535280862,207.89516871722088,0.2808933682516822,906.5011496693401,23.252447316450407,296.0588052613818,1,0.562781768197975,0
21.90150117549995,33.825060040546454,104.55876618311558,307.85155030785245,464.41438448576224,0.13658050049909143,1059.7924807309928,14.242269077201755,0.15838042250581275,0,0.7296564303272254,1
9.335371598273664,32.91761421324057,67.85273892936117,120.5428268714125,281.63067414484294,0.2571004625926786,4371.632073616404,54.92001612054203,344.5267043532791,1,0.6566587005055071,0
17.877110378972358,55.46939552915171,62.688338391364816,99.80035019489468,134.96345676496236,0.4507875109671264,4449.390405935575,27.73075193783237,265.4692970866133,1,0.657927047757044,0
4.598791634679655,11.25336724593413,4.717338220725974,0.0,9.392952519077468,0.3220156003220936,674.781600505255,22.949278925641764,357.04671444899947,0,0.7305256972279681,0
13.631532292822762,38.830217890437744,75.37804580259373,223.17886428045887,451.84223313133515,0.32497834074939486,1895.3106720966593,21.122751383337867,332.9151649278528,0,0.7624578342327756,1
16.212449600120237,50.42480793567859,124.26838814404957,286.2094427857677,441.61951041228156,0.6635378219799761,4242.428678770551,0.8976721568944146,224.52348232589222,2,0.3895080056209355,1
2.4452685600305095,8.769272790389428,35.48380213917005,74.87534454162768,102.57005502019781,0.6903982616232078,3021.673194643746,36.636612186598995,163.28633760354586,2,0.6643888875902916,1
9.305739989397397,33.19755585849399,66.74264877016492,83.57607998188126,150.18594367122398,0.6698711400611144,1917.127934187323,32.965484003498716,354.6724019845278,0,0.13278246960530768,0
8.21301493586277,19.696025015511836,33.62026302341485,57.94814160699392,147.50414631037432,0.6520032300590298,1780.3359369450618,26.05930339675731,332.72715636339854,1,0.798690199549258,0
11.830052382331953,28.68506758736904,60.52498347230352,86.11033715027561,122.79523313950243,0.801741379697131,1230.6891004096708,8.032944105542553,162.2471232229361,0,0.7664157119613517,1
8.97086889981589,10.786333421252069,6.560413798717935,42.51037050496432,75.28231863155162,0.5355781591013731,777.829328564732,49.22258717701476,153.15013534317666,4,0.5099743234175473,1
1.8555758534914588,8.020223802918416,36.703858090377395,46.762604219211774,151.85901917553116,0.7465821780710394,458.10195432874286,38.886987313972334,191.48546855342377,5,0.3437976243421437,1
1.8094215816824142,5.679012439541383,17.988253113853023,39.916522572799856,105.71925485082396,0.6541072815435508,2725.1359080489515,8.528005759280363,60.54567745207888,4,0.3071085449492058,1
6.051938590458687,8.477389184903348,2.238676247276807,0.0,0.0,0.8060240486268607,2849.7389375222174,52.427624273408725,312.9658710000513,0,0.45570805958064264,0
3.1837141791164014,2.9726418225707008,11.324462372032936,0.0,0.0,0.5289409863077378,2210.118939221812,39.49826449304274,10.380806558531459,0,0.8374777398194153,0
30.856327201115047,105.3210507580314,247.99569198882082,584.5297534725563,1175.0040496195427,0.20721221526070643,2984.791064947142,36.01725905440921,24.254571897305894,2,0.6976848281017988,1
1.2032626896801493,-0.23727022661448594,3.6690509204256236,43.55582307946788,88.8170286693439,0.36828522927534363,3626.0178010314353,18.884125557524182,262.79154672767856,0,0.8015489713366852,0
7.869906796014207,22.20454842388297,37.54647106609005,26.187260922558096,66.23863340562536,0.45874392120436097,3183.4300187953945,46.909224644636616,288.4177602823508,2,0.5641152757468625,1
3.1851428144219907,7.1502754424196455,3.7481438620846816,35.09287352947512,141.81961305884954,0.3188402729438991,3934.9408888383864,22.786364884384533,117.56335735285487,3,0.4568055676854044,0
4.036185112909483,10.561092802557074,41.259882063171545,103.37118691004568,133.5352580326626,0.5337620515806587,993.1553978024336,48.213341635067216,196.62565005181526,0,0.5371387478423574,1
6.66580771732976,22.628124773714255,42.8405212380475,104.03366600839627,264.33475464162984,0.8014212042721274,2512.9004521489414,8.525770991228043,338.6666831589157,0,0.13705237062945239,0
5.313680380662375,14.759020590449776,29.556303256287407,70.37743610965148,106.8502862438809,0.25338528435974644,2680.2433157942,51.71165100740512,8.91935898732974,0,0.5291276499474293,1
16.518965399290426,42.69463848158818,95.18860391774257,178.35229670324506,324.9565718476394,0.4769809535629144,52.02545669987234,36.02256647478594,86.89068093800212,0,0.8209844118198075,1
13.428444693004264,33.60928897146285,78.55173872614897,101.98169427793329,181.519807496634,0.4727206655398789,3345.3027981347855,20.788807074584533,120.2838107057323,3,0.293232313626669,1
8.250312300084193,14.675923386676217,18.798326975166262,36.94574380774364,20.038285640027553,0.3238283087207046,3083.8993155369794,46.788236279849514,199.17093842176595,2,0.15465193987438403,1
12.739454029224337,43.07366864178977,69.57795721576386,176.4803995467159,233.59892962866306,0.5800165153944999,2142.8115684243003,6.1473195431005765,161.10689366163888,1,0.35763446278767147,0
17.680821348578675,43.5945664146724,84.40392291640694,183.65810120778553,241.45175288379036,0.3959447733743562,745.0575551429476,52.89365531893101,273.64656589262074,2,0.12300722313956768,0
0.7944426963892735,4.141529228024451,3.4430124371065602,6.926888139398547,0.0,0.5182330513791475,3216.7454671609507,22.15821592804364,94.62521318530314,0,0.5015132375518054,0
9.88097974396626,16.84941548396146,50.08363291424317,66.51556996183604,169.69101828986464,0.15533593143544944,2911.9219711534574,2.7607701165086236,278.0276929335956,1,0.40402546333240136,0
3.452913959881983,6.422849172077407,12.534555483969156,0.0,5.575438619674763,0.6213570144017571,923.8897437609762,4.316096336271066,158.719624661637,1,0.6080613943592755,0
9.769865895902768,14.891089823554198,0.0,7.638891445742724,0.0,0.412206746770343,3358.6795496231193,16.671529435687503,268.54661475925474,1,0.8046482425539088,0
9.569443554320461,24.229797761849603,38.07242640061581,61.21811124875798,144.48075938853626,0.591134123343649,3399.960283755412,24.529440620221607,356.57910502177566,1,0.6823369889516903,0
14.103538118295907,39.91042653147473,120.79777211175265,215.2905590688432,328.7654505859093,0.4457763137352611,3837.506717430562,32.44743677405518,89.72421802155432,0,0.5443029662564735,1
8.964721679371902,21.012743516006484,47.020968265697874,54.589963207648836,113.17432727655415,0.46948043001412404,2740.141415526856,10.628523697256968,100.8093315521128,2,0.5081158518105964,0
34.46402650051943,107.32627967319215,194.06288235023652,607.9957301650832,1067.7587699664425,0.27708432590896537,4017.0444721951126,48.525782169832716,15.797152857984681,0,0.13084931361324248,1
25.116161013460186,81.82521336524952,241.84734877649987,436.7437606016216,651.1146131588996,0.43411362526783254,4385.807898878388,28.793113890273286,329.4474980145832,0,0.35282045369724774,1
5.869708566480721,12.60878444464062,0.0,22.850801335535635,27.48763587347411,0.4917091475427814,2246.656541478933,12.29712664042671,323.6069410403727,2,0.5788049993903012,0
3.099736253660211,8.33230405766103,19.213430154371665,21.589994488812486,23.224867274391944,0.7887533412663831,1131.982493939647,6.775040312964472,347.81689634423907,0,0.2890348352068956,0
13.651437576847378,25.87118559158137,62.75946983350924,145.58704483244475,258.818117613101,0.6345817214713657,623.7409034419426,30.717232972465297,321.13245614697905,2,0.2875077554088685,1
13.85373865630259,37.10380585153118,50.53571976298291,130.68754500610095,215.11394059724037,0.12345097692719996,3282.802416753503,7.313638422217772,70.62491196083985,2,0.1481828924331343,1
79.2136120468045,251.04295682380035,502.59827594059726,1077.508363506233,2036.3681325277162,0.5155612656374949,1260.0474799398828,36.98291710059686,186.16669414321882,2,0.1553296589823483,1
18.392195616820832,52.06310082353218,170.41680281421156,295.48516364429287,527.1163841914704,0.22577574147894294,3709.840523829047,27.561902595198607,107.32319726900111,0,0.3234084492903601,1
10.490673054812406,46.914090086024274,66.41202839046645,134.40230689952398,293.0380807617904,0.6444955591188407,1871.1527744741793,41.75112458228119,209.03717864327348,0,0.5062131797673705,0
3.6900148962491013,14.709378043124456,35.360055666592515,32.80912176511177,49.21879239987617,0.7013753647420287,1203.6146997754036,4.277265714533593,220.46992990302036,0,0.38025164626901503,0
9.276311137425914,31.466591406654118,87.64592983625303,143.53078035009702,213.142162683171,0.5426162200081432,4425.531405152557,4.050454463033464,157.5943844353847,2,0.7074530052101589,0
8.37807917809468,12.452806200091846,55.20136087015922,87.54345407971333,118.2332724070993,0.9081245635563794,1227.291098876706,23.15096052358824,337.20179557450376,0,0.24572734520545328,0
4.622227170326312,20.463866019194413,55.9366676359469,117.52283864712187,146.01499535300462,0.49530235695543634,3982.14831705945,1.1071513605206984,78.17338927358387,2,0.3549246000752982,0
26.81892596125051,76.88251530936148,111.21424402836463,214.02150354951542,367.4675962931426,0.46867595528632683,751.8988336351362,46.067828342794876,302.9699402495151,1,0.14120095758411377,1
2.6388255517894197,3.3798741578430116,0.0,0.0,17.141773198005893,0.6406912789968094,2802.250223196906,15.935749913811778,95.32736713121939,0,0.9145240934733272,0
24.20565196138196,72.30608366081368,226.99708225244314,339.42058489300626,530.0027863877947,0.7134610603184237,1906.382856493099,14.714254760941312,109.02049161705385,1,0.37350142664352526,1
9.411011538799336,9.206314312015998,12.408804604872868,48.40659339534279,65.07878125128214,0.34428841568995017,1977.2257659636855,10.502028733990882,130.58104940876723,1,0.22152138196296028,0
13.453059000408025,18.400243611993243,76.94037388604859,192.52217164104655,245.92803962153414,0.6587806318486371,3941.4140091838735,12.757024688955548,128.69228408279957,2,0.6868290163365459,1
6.47446439984573,13.306753617441572,18.892746674276925,29.250526806049024,86.33175623630632,0.6083354394598554,3012.201961720108,25.074551421121235,321.4818358421856,1,0.4744184637613772,0
15.813723160848548,24.895685551104172,35.56960888594419,87.64017759343538,216.59981383318387,0.7682585575945226,3365.415820565639,49.53719466074979,42.213904181519744,3,0.8210033160439596,0
20.64823716315171,56.04917102354437,135.3930495923533,326.3702835421249,636.8440776947356,0.7045309146785228,642.7534165611214,26.391497671028553,261.9913474460774,0,0.23505498509849848,0
12.642548248312876,19.56641302137675,45.33442646959028,100.12975777589598,51.50587141594896,0.5948392474776855,2451.7599615164863,17.97338551751498,48.835527912101014,0,0.7348928058394767,0
4.551791050934067,16.878077715894182,24.256854557026223,6.619427267812576,67.85359064758993,0.4444391054922348,1409.9843134958119,10.31549753442551,156.58804344408162,1,0.2668093476022326,1
16.446177891790867,29.50708837807778,42.96708470714158,65.39570528190666,152.7284537929617,0.5816243777472255,81.24101278828782,11.525462740692548,260.48713711113487,1,0.48058403744168043,0
19.49634364212585,52.21594419793105,130.3859181676548,255.45583196292884,544.9304892008568,0.39756046597652045,4253.392560263192,43.68207462876332,277.11550348542295,0,0.5021488002562127,1
2.1850736834356566,5.020363266297272,0.0,0.0,31.971077042274047,0.6373955470205966,4083.980777314313,19.543907520518488,338.9523577957678,0,0.4948176979217584,0
10.225678721822836,14.899531088595857,40.053152838047865,102.66376356552745,207.98511278402583,0.6531885531844943,2790.569321746669,29.12561432992957,36.46622104589276,1,0.6062301993991089,0
2.2384428178481817,2.6382538751593434,10.921830883966871,15.970695065428842,28.25880754587179,0.8538524794704416,592.141011360251,30.521684718374903,327.27336295905786,2,0.5298427675962586,1
3.7457646078844844,20.2509515546683,58.96482202168644,93.98771933774337,220.61892025043304,0.19763408088520798,4317.974610294697,32.815507559012964,233.45491587508593,3,0.6606019692773061,1
7.767016660919756,18.696250160852852,41.169954487241654,91.99402233817274,153.1928144376143,0.41050655421282223,1811.3224632026502,21.049363481275428,207.85498771325112,2,0.3122533408107798,0
28.23505194435316,46.38183411140831,64.95686620394389,176.8737125172065,325.67385872425166,0.7104339707834497,2554.050566890892,42.21204933594974,88.81468068425515,2,0.2514080239289153,1
0.5535800671094085,-0.4613311676717369,0.0,0.0,60.08370309413757,0.558247361437828,3051.895938512563,46.0893020497785,80.46617277851486,1,0.3509109272724912,0
22.813150030979717,67.54036500988335,198.1337937314621,391.60351739369133,729.3438819727656,0.3589501665874554,802.670887198141,0.366156809823851,87.28245730246479,0,0.5940710517966928,1
5.859337097324424,16.87573080964789,61.928910112096496,145.36647218873404,174.9895178001858,0.45027725870255786,3767.1844885258515,1.4079829531109123,127.13901523455887,1,0.6768037070054047,0
10.964939961267449,30.935761417518407,44.32027949508334,100.36697035103562,204.58306065459885,0.4645549972296602,201.4382513096328,0.30204910253400774,77.76085979662433,1,0.470220219188627,1
9.528532062229424,14.908551580622925,49.67890665792695,144.46912692255478,312.4903126229532,0.48224139400289406,3676.569401209439,3.1822119954924553,53.82518224522321,0,0.7991612016959007,1
7.595849623964976,23.801424036130346,56.65746978475188,146.11993967871422,150.3249991187613,0.4840428135223915,3583.682860380279,5.307887244064186,349.02792100383675,0,0.6270228493195582,1
14.236574197087313,46.53221682860244,103.59600815349876,195.6586822840218,275.83995416087316,0.34701833730737763,2546.4897571260926,46.688308795490805,277.34328190455415,1,0.8139987264636808,1
8.091315578015855,24.825118916088407,61.39279260013913,122.67590719965915,249.29783991535618,0.7593520922782757,2241.7520361591996,2.1709945617928454,293.6816099064469,4,0.35109616599977156,1
5.693530506460379,13.50273519469003,52.2741270911573,149.2380097420393,203.40012762734182,0.6534594680385395,3795.9133611538086,48.430500599967054,194.77167552758317,0,0.44490139776473403,1
41.077013783149575,137.53671986479694,276.5331299079125,582.8662824168536,1012.0098513735481,0.7883639082378979,3637.161792407509,10.741860989613572,11.801072165487758,0,0.12591903729526224,1
3.2863734766574058,13.895467767943178,13.598700132338859,57.80128414079804,97.7099907956638,0.13257898088834147,716.2567291834624,25.80315066332204,94.01869782249301,3,0.5907688231588284,1
16.385211235743274,50.2193685861831,129.65966497890486,248.38461799932074,429.7295919308997,0.4087092897092695,950.3595615168687,36.55428681399689,205.7966217730646,1,0.3702809833294638,1
14.019719604282539,31.993615354847805,92.47210793927589,268.30423977543717,398.88006037951976,0.43005924566953446,2592.9140542429845,49.848331189871175,345.32757139540246,3,0.3673224879772225,1
13.257114219412907,29.208823351364618,86.29054020571272,125.48085712048061,194.75216671345314,0.4358038521667334,1127.8462317832386,20.218992395797347,196.2096639232194,1,0.8695822974828302,1
9.975632181111258,23.375063834345532,54.77853782419686,72.47421054258493,183.23293634003727,0.6321480014891799,1213.3668289284117,4.467377721977642,222.7835220506869,0,0.4896265988092339,0
3.008403682858585,2.0075347602537033,12.370384772793862,56.439648800598235,33.627803879816526,0.5122837476750847,3201.1509336146873,13.471270166752987,240.5059929936562,2,0.48333799671903194,0
7.898203162124059,17.57746112740982,19.19150874171516,26.589409063917483,88.41274015631883,0.553387428895999,920.457688924973,34.810781780174956,273.9101815953611,2,0.5284130499226808,1
5.599436702160301,10.699230451546109,23.378004847396863,47.69512943727288,135.43762484468306,0.4454435682564332,2080.0020824256435,1.1464319470456523,78.16880010424192,0,0.3314841179580709,0
0.7350374870664126,2.6687048536410725,13.606335978359184,47.077177168166344,54.201742992580435,0.6107778183408502,3078.3608789977397,35.88380619684653,175.93973989720882,1,0.6459474540216993,1
12.262184864040986,19.39509631928036,43.46589086716357,92.8458150575378,154.30411493818912,0.5008860299683637,1065.5026115294722,16.32306854570239,338.1866229040352,1,0.6286081292979101,0
19.153757038579812,49.40525294520691,146.2954609207293,309.27131053660605,432.8303741994325,0.2560328361390658,3344.4243916651976,27.3106685318413,60.81586300245003,1,0.63350987675712,1
3.8644101903744406,-1.3333901432859587,0.0,3.511329412809884,37.02731294532146,0.5419895929907267,3414.549406601448,44.96461846816316,102.76249882759926,1,0.357037137377024,1
18.101951285950946,61.827755309169035,102.25433288070255,256.2413325362119,454.53746025339876,0.18011662356131852,712.9740553199953,20.844584857304167,357.01467235997114,1,0.4469473799665714,0
4.499075613938229,0.891603552067691,0.0,0.0,0.0,0.7217036715225558,1176.6322189802836,11.379623005596734,291.49390845004126,1,0.3027160910768219,0
14.038933992093527,34.43099273069586,97.16680532926536,248.80085028384084,402.98364005687364,0.5195931418392626,1002.5312542667813,47.874514921204,244.52118747701974,1,0.24010960777848253,1
4.553409682319596,8.597739932448214,2.4496527683250804,19.928065024192044,29.769331064820456,0.4644330923401352,1950.7874217209542,27.47304977425189,241.31514173296796,2,0.5950034906739107,0
2.562325320325885,4.207394273076848,0.0,0.0,0.0,0.6301693179054377,3766.884769248934,42.43000888443712,308.1362734754597,0,0.6174820369286894,1
1.304206532838263,4.841507427197104,27.359589987485684,103.77975211490218,292.61211334804295,0.5060907168723233,1918.9369428245793,46.87048350639325,276.99338381992305,1,0.5000839278424076,1
16.443357376013182,34.77878662211984,93.68044522827198,179.2261900167143,208.6142189007811,0.6598629720765593,2450.0776598310235,50.28577089809849,179.41901422604565,5,0.6952740405539382,1
1.6001157543141973,0.2755998127542685,0.0,0.0,0.0,0.33690459311185794,581.6003564755116,8.868739408414699,265.77785060579873,1,0.5239307356764109,0
2.6282018365620776,7.538496532148841,0.0,0.0,0.0,0.35402250417932596,4482.308001288203,4.676091646366984,37.522974439360134,1,0.7245492726237386,0
5.6049743879496505,15.418687403271294,35.71628863519619,21.91027700600049,65.13094490986111,0.5194437474864853,2362.6340814759224,17.05509427279707,166.61638256936897,0,0.35787900359220726,0
4.664653914240382,16.761165739604166,63.14331433887983,107.22798417816233,181.76309466947518,0.4025600800150062,3365.5710918829745,32.64256754907454,169.58288476920248,0,0.5269926704898266,1
5.668728033531406,17.070931161292098,33.705163840759326,55.444725062447496,88.5542897888516,0.19902401644259904,471.12467401914347,35.628038413545575,198.45219798563568,2,0.7576583388617861,1
22.371236643646935,55.25576950669939,131.16084612186842,233.28103657220748,476.11570936734233,0.7645219561815483,2796.1198143242787,19.028586009215427,218.70067895016203,0,0.45184830811795895,1
38.45375537578622,89.39150963799663,129.69350232966787,209.2976890629844,486.8297990092506,0.6489211925361172,4124.5377152963265,5.569007336475522,124.38332477108973,0,0.5095111077459956,1
7.6906080423897665,14.566310164695608,45.821867894333764,46.26626699790239,103.95229047023011,0.4472655562138177,1734.7691260189724,47.63698206455833,262.9591473755722,1,0.33241957714548265,1
19.585305210011285,53.14943805336942,96.34954097251612,153.70191711124195,248.25955921289312,0.6356347913727984,1353.0549284091003,28.101686926447265,83.62880009905035,0,0.3455247766929586,1
15.668530911069249,57.22551011188354,130.21931231818562,222.78596803992676,483.2076579771531,0.25997625984907713,2875.543685626822,36.6206105128675,152.7153923722924,0,0.7477233221765665,1
42.4565047384654,119.62307309482858,337.9452348370753,761.4601202569704,1811.7433958964175,0.5634108917138819,3879.40017457126,4.374680273665391,226.11035135183758,2,0.2736111589768267,1
51.906078653000314,151.9825759118053,394.3428505691848,691.0205202458768,1049.6797020999393,0.5923371447447949,105.46653493554129,48.41451801700226,169.68859424524365,1,0.38662684616938886,1
26.61986839513808,78.46534556604335,250.2249179415104,648.3694094789931,1357.2430348113503,0.8053880697701226,3609.5583585226123,38.36233631082522,122.72653434937699,1,0.5478535731316989,1
9.454125844384258,19.599414269642303,31.68098969027865,149.53607785428318,229.3945240995693,0.398052366740574,1038.3558462692938,23.542686855417863,224.60997935200973,0,0.6547140849538717,0
4.706263898337455,14.304860507042328,50.580691172055595,164.52411988803675,200.1885530859801,0.49007462013613967,2098.909978958386,7.0790766626472585,54.33668466015522,2,0.7243275070850832,0
3.8476145148852714,15.5585919949907,31.925746198747795,56.27557743859556,77.5860085863406,0.4093001270936312,1823.8437061055156,9.899630119337944,304.6844102233403,0,0.3360675507900031,0
11.035737282506378,39.16130421055802,89.36359720645791,176.97190173332487,209.0352207310402,0.4401466039125938,737.1557849179483,10.844039651051188,317.8668187994051,2,0.3008441884520408,1
6.086942418962638,24.753559150058226,47.88318518219829,133.44170005221758,254.91024394338376,0.3271103802848559,4176.755907873215,25.526082237685124,142.41993813454664,3,0.5454444785376412,1
2.095702807971161,12.005725326931788,17.867336941699698,78.2093837578564,179.4936673356673,0.17744529009106355,1225.3560180876739,39.768071517544016,327.0737715052958,0,0.6361269824656514,1
6.510152052432041,21.859054310371167,57.5936678140753,182.0210564764895,374.276757011121,0.3282731635395543,1990.0113950154675,12.34935742975205,106.34131970004273,2,0.5147659084414478,0
4.292257788307062,0.15676184592380427,0.0,16.32038455756314,7.080070762683636,0.6454529392554269,3036.4896069417546,16.06517934212298,315.8811808420258,0,0.388001250321397,0
3.8607664485759994,4.328093705246069,39.087649418921565,103.84832285174105,156.59403953277368,0.1912300036242561,2668.425008906201,39.215622054274185,115.87602311874029,2,0.6781413176604556,0
1.7690105242274734,2.337797547971199,0.0,17.041701418657045,17.728141108126714,0.22460266572233598,3509.1683310543463,6.7154423519764785,347.2121799190326,2,0.7437239768169319,0
15.354471251150855,47.37066034438453,118.95336730774888,228.57649039646114,319.2843818803204,0.6718097570014832,4412.831703441465,4.5199827499941705,27.328829034837355,2,0.49222145934314915,0
16.788580549451957,38.61792248529567,101.73460183070102,319.8998368235041,580.7578525572892,0.17799509034242678,2989.3915729600776,23.25792750372526,278.6562277334399,1,0.5040659705038482,1
13.940709117565055,30.105564718124583,90.15152160026437,115.57079612081445,150.10598038682278,0.8595016264601245,2772.430307264991,38.654631644765225,164.44228961690206,2,0.6502911263728477,1
10.885272664550012,32.96157394857876,85.81595779300628,197.9100327331722,278.3008133785309,0.28217730983720285,669.7674900238417,12.919836014192242,169.31561633400318,1,0.6191708027035935,1
21.10532497346276,65.09210295586517,202.74101339951545,468.14081007613083,1088.0844181994285,0.44249689394263236,4429.904973472201,43.985462003712406,36.987573185779425,3,0.11348346317892793,1
2.2141430250349234,9.31950272764804,29.109129107211402,74.03520622136637,148.00146861146715,0.1837815819766893,1044.2489733368575,11.149246312529092,270.44652377520504,3,0.5640946888744732,0
1.3747665081959464,4.129113143634556,41.539156807834104,98.40574701809496,151.10178113457874,0.5442374587094037,2358.38794419682,35.84943088093304,258.5843850595543,0,0.5502412957059282,0
16.729124482883655,35.63692440743657,86.72023061557242,180.18154101279205,226.9242222873571,0.3141794684073955,2747.9886287080844,47.01538268615248,331.5941866944403,0,0.6536473729523821,1
31.447361421945615,107.53953358072809,157.55425647429922,351.1842173569735,494.29728774544157,0.33736162627436234,2972.421990528473,37.01036689079575,91.81200449166349,0,0.8303001574858734,1
19.146015589346966,37.73944915833729,96.05643475980074,241.8168022923941,538.9628818821404,0.3356290045377159,515.1856352482905,53.056949003312525,173.5131880988466,1,0.4966132897792192,1
11.054350414501513,20.348949396866278,53.653213041981886,83.1338274348004,169.39431895188477,0.5090513931331542,1152.2164842288178,42.497222997066025,24.93024264091533,0,0.25041586145057343,0
6.486325274486716,21.498311177822924,31.36696921154207,43.535225584533364,16.292036853170984,0.6012820565994562,409.3023752856127,38.70635675886543,192.76583728641856,0,0.6641253127283804,0
21.54829123728129,49.46636873411204,44.55989949650484,87.53462723449675,245.93968276563055,0.3531406940008211,1715.7581843668595,43.4990074086544,357.07559211657014,1,0.6791520232522217,1
35.87263969617673,61.37838600519775,94.28266216709633,217.7573231647623,266.6326540772843,0.6542177798935497,1361.595212054335,54.981962332857144,297.2165357325205,1,0.4991549221444532,1
9.295604860618484,28.971769096541344,47.2832564486671,34.88810015362027,110.29286132427038,0.7627772596027119,1714.8577567492523,11.58717962591608,269.9205903436651,0,0.6169567801303004,0
5.185044123425955,7.050987424359294,32.86340435790514,118.65286747841185,134.25626685761964,0.2867160273701909,3570.065435902977,18.49196948012499,353.5486333701498,2,0.6893075296391747,0
7.052682598387441,23.778014608524288,44.99833540257291,95.44873485658036,194.52196172356204,0.7934672435433764,3347.008379323717,5.814714395271786,164.98289715600507,0,0.5500081117857584,1
21.413998085762014,59.454165276162286,122.38855971571894,308.54901022344967,634.6379511334195,0.6102123468334504,3173.826644053614,43.24184125577413,136.15568655696177,2,0.5906043588347472,1
10.868607446601871,32.623226778050395,51.589249235268205,125.12105840193396,185.94746643230667,0.21084901145154897,1813.9472241524286,36.049391190073486,353.3938354292249,2,0.5144330321460894,1
4.42045466815904,5.798583093740461,35.6585684624767,48.332248500452124,20.23181718246905,0.5823014961759367,1614.8654986821155,11.53520454763819,99.21383811828818,0,0.7242395690580329,0
5.8332849132336975,17.33568900107665,13.984673878821837,37.10273180286637,74.15860696396439,0.4612600176522894,280.84792426523876,34.05212146239626,350.55392565808233,1,0.4923936281916592,1
0.8646827114689388,2.069252147179486,0.0,0.0,6.674986645605708,0.5271129644759558,3013.5515748260664,32.99515412539862,137.37100782998576,0,0.3422346483393677,0
12.98018235387253,26.8383971709844,53.654905518179326,152.80662919973042,227.5254628639467,0.6730816878571365,1920.6839462785572,19.797115859751422,8.492096285769675,0,0.5219396536377131,1
13.670409467205547,35.78440046953271,66.7508608945459,163.76643810445302,305.19234898268365,0.5737990164612079,3675.150246887391,12.390807756424525,108.32034963430067,0,0.5623053061008972,0
5.643775622604294,12.665352499039953,30.436556153977158,90.18057519654494,117.8224632598922,0.6598014579696652,4336.052330757936,26.472323758874694,4.778951831602782,1,0.5939524861148152,0
4.435170960146595,7.334900613330376,1.6009394963101506,50.70595200057702,24.009928393217237,0.3493494976867996,4400.120008795753,26.63537246303216,48.22041725961393,0,0.7242139837197414,1
10.071692974837061,18.26065191037974,50.01582980008553,49.22108923920121,133.28765950200346,0.307170198764062,3753.5092883819307,18.07649867387978,6.657221461990472,1,0.6318001787467644,0
6.213617500196979,2.277989337546291,0.0,6.5580644428247235,0.0,0.4600233858117764,2800.3521238975077,12.266017290732488,293.22649553193395,0,0.3749425127863455,0
36.586438899210215,66.28002911226002,179.07529301185585,466.8989618470466,674.023792310656,0.6999588308449096,3124.90300442814,22.59457168805544,2.0560948260262313,0,0.744483847481428,1
12.29556159043776,20.206145874924065,31.089751623270004,63.1732471223807,139.4300361588034,0.06992567327777723,3417.543554248307,43.76666560849331,321.4880756836879,1,0.5808989153495965,1
10.901608684461342,31.86017631536428,72.47447341102342,201.44824794878227,332.9196084618994,0.5045681499996028,235.96980538930023,10.146770211085173,82.57004067395604,1,0.3587285720728785,1
5.598567824701091,16.428124772574577,37.81670475612984,51.363495458370835,69.53481084953462,0.4708016387028457,439.2261426818002,0.902350501608204,280.9582072644215,1,0.1698635335521985,0
21.065451560388002,68.83283188960107,184.367879910279,465.4099568617321,918.1251161993064,0.43095665363792635,2048.9846220077957,49.098138008369155,228.38905779742598,1,0.46409225669928716,1
6.411709369143643,15.807980273932984,3.3956928435169544,4.908775136461749,10.473815447591672,0.40775812865811506,2123.5878269760815,15.304775187270463,188.62171422149723,1,0.6240752515199576,0
10.829118587785217,24.62320995254057,40.10259718237076,119.14487286303796,257.21064884180936,0.22547346545651945,3025.3812882798406,36.89060723417952,229.49713472711767,1,0.1169717954606874,1
6.307840208411493,14.38663114167426,58.323410091274624,168.08399844061037,225.04906829285898,0.33374895456518133,4083.7823839644316,36.02807502085307,2.4683886341690675,0,0.3234502355046033,0
11.648768942578984,38.67804517088054,98.16195005862731,277.0487803424847,381.7704250524682,0.5248435149136604,1847.625886167316,41.93865943368584,349.46131083143763,2,0.10560546480132815,1
7.054651554412609,13.253231395221636,38.40146970949087,86.81981603437832,193.52263359370286,0.3807428514640971,3954.3172879645035,54.03836399037016,13.595093508582291,1,0.3150694753265395,1
8.678150734752569,20.809824540863495,32.45594356527785,80.55959125460834,119.409677331672,0.3852557929175813,3351.7845293414643,44.50112865941499,351.37410638617257,2,0.6422771625324086,0
11.863656532222972,24.900114790300915,34.341925309439645,62.2261590458768,72.1233686150043,0.6929451507149724,2309.137196885628,13.636730131878615,19.82926008369691,1,0.8744143576413702,0
13.20158069710304,19.754772664885813,27.38035257158939,65.63866734155896,54.00586176046227,0.47629639912746974,3754.72323573372,15.129294853414489,252.5154333589662,1,0.2996878056875226,0
8.545290045236841,20.06433046761112,54.78666470204489,83.20673614225088,142.3841683368917,0.4149710270378474,1792.1002300173898,11.938841348178578,141.16104445212605,1,0.7181613092544351,0
15.623737585324632,19.231902358742765,56.378499581908514,130.51855125506827,145.5926619810304,0.5293769659339193,2983.405592891915,49.43254664287381,329.2152170084804,0,0.3168949848412489,1
3.2724647154591993,0.8891496744755365,0.0,0.6057899402752162,38.91209876105033,0.45059334086942066,4134.753491095967,22.287435882842672,264.1212784823545,1,0.6140172177751634,0
26.926891169528286,92.08790147833761,145.64761941668957,244.48769418007387,524.5971759886194,0.6331230720430701,4134.090192589734,16.06296954607903,338.8416950003892,2,0.48850803187057357,0
1.8799008160217678,4.7318264453344625,8.037953665217355,47.99990523798408,0.0,0.3705370833832284,2805.220949342685,42.328944644862496,87.34077066480745,3,0.48134746259012623,1
3.8914326610891488,6.408677966812128,23.552237405790216,75.37425930173214,123.11654495791848,0.36122654242178415,2355.1705221713446,16.195564164833208,179.11155278001652,1,0.5358597286282848,0
20.27185781879194,24.733563115033284,27.548780613921263,76.12940730541611,42.234988538718596,0.60697473643039,2520.6980594913043,53.2265159688912,347.49818159029405,1,0.2574206528185399,1
2.7833120362492134,4.669564575904737,25.342324269180107,1.2179832054540114,59.09216981923861,0.33511917862270857,1463.7833929549272,53.324518577171816,92.37527344301516,0,0.6008836980245812,1
16.30162315468572,41.39540230340474,109.59684534364366,360.5068556385335,723.2120928416947,0.2018734385609958,1368.55309099526,11.548468357398715,160.8681747008027,1,0.3726606357078828,1
10.712879267249786,30.716981606864884,69.98379097114216,210.8511228884426,426.8778284620713,0.7987023638028993,3364.8162131592576,2.349389143339959,75.47619572662528,2,0.5626422807575095,1
30.684607472671885,95.1000462550366,160.84661775245587,376.77903140582373,517.0235764768895,0.1694990287126468,2859.0841390545424,4.037399252908125,88.06537670949531,2,0.195512025978526,1
37.50502793942285,100.56486325672275,248.32641215746403,458.91238177933434,536.3981334318516,0.5615919097336325,501.1935643943083,38.103488855488415,246.25542605367315,2,0.3454134731334133,1
11.986668477749147,25.91078888606281,90.99234319550195,223.49358986709024,412.3493936476798,0.26619320415274755,2857.3680434820067,7.3473914728707115,312.1959871469768,3,0.5091544606797189,1
23.297744502792572,73.74125171443661,119.71896176223525,221.68321248288984,488.1426765315683,0.8445864969150475,507.740137998711,51.62436859879461,346.011000979031,0,0.15286908819068798,0
1.3826904298834994,-1.9928425442083584,5.678630847564027,21.84152868147349,17.508403150802014,0.6857335321719811,3970.738190607378,13.814773524772935,178.6717019646834,1,0.3376132375777112,0
5.064804194483526,17.673386246907548,33.7700480130887,55.395442902778115,93.39560936646166,0.46306421931681213,2884.6880423250514,29.1629292514628,268.2050962772909,0,0.6925041123102635,1
7.287161769976458,23.463606988111284,61.02981929300498,103.43354739332257,167.79587160809024,0.1353820212901885,73.07392197867338,45.16297216650365,314.79269246098636,2,0.7733134088431912,0
12.462934978732834,32.66316244747683,60.50626485438283,171.38179378729063,322.8970233618033,0.38043641968991565,1004.2983055446667,12.823765003099677,48.97770293986271,2,0.5184506191384899,0
14.28478962170923,23.403269407124824,60.35903402674118,143.5020743823049,270.82821958559543,0.36509179251555124,3663.788225773011,0.28681396741027265,208.07650366934016,0,0.6765380111257665,0
15.996891303558042,29.931241169829494,85.2671046589057,164.78001259447916,358.7983849617514,0.6142758048433855,467.12020077628335,51.129328372386624,204.25421680160795,1,0.2027352571159634,1
2.5739942602015335,10.117117921063446,8.639567372161661,27.074579771169148,0.0,0.07350762257192522,1830.6709752519155,19.152185010140816,264.4151893463048,1,0.2617361476438536,0
2.1135367848974522,3.7159057561625994,7.554467362557463,0.0,0.0,0.8829160449054768,2434.538267430208,47.393971061995416,155.48898047031986,1,0.5860829267931138,0
7.854217603359624,16.982412222353886,36.42894467722378,89.9992420568878,91.8823922499366,0.7795208851422986,4364.564434895055,32.84357232041772,332.41978901287797,0,0.7013557524917186,1
25.97859633517329,86.38511531213933,283.4618361968268,457.32392892531095,886.0369466117604,0.4393017763994845,646.9418113777309,24.264710464759123,31.715888316227876,1,0.47323113974013487,1
12.586354806936278,29.538380519880924,57.27929250438596,103.19020805017227,126.8720515296538,0.21001804966895568,2954.024324898531,17.52767020476627,43.68849195280813,1,0.6827010233522219,0
4.3118733236647335,20.559085641790958,62.32464379642873,185.02647672108884,296.6684880740663,0.5057677028853022,2953.118367194737,46.40824951921628,71.0988729244223,0,0.1811631289169002,1
5.7146300809503074,21.38944434166887,30.235711363922384,80.28016775028792,121.76506771943464,0.7536284877201568,1548.8017538913048,51.55260995315142,344.79716050507596,1,0.38318089207201494,1
22.67169634204743,69.77809401236303,132.57843067687415,239.98153227252146,360.37291299819304,0.6978207744434779,889.8301982820982,47.75233787712614,283.5839163215188,1,0.33715646450569814,0
10.824092777110495,32.68956428435113,66.90285812328469,200.22922790689327,307.1310211936849,0.5081967006268214,2861.8938007798874,8.899250842174297,213.52526635497813,2,0.8402213499488912,0
5.302759759965149,20.454946238353795,32.05661996002494,110.56825476804457,194.36207666395146,0.4507002453027638,1030.2672785724858,43.161100204525326,225.6378591762433,1,0.9454848776406217,1
42.4602599876306,96.40109165815925,218.6796860054027,457.0873118899002,759.7416321109613,0.6126728873637662,3737.5159844161653,0.831320481691537,291.47220324104603,1,0.28173533063032696,1
7.426084860417874,17.586648311926147,16.75854390590343,40.1091743141042,57.92922990174333,0.13672955133167675,3717.1138137849207,29.285599210912068,322.8992249107323,3,0.5043735474892118,0
16.317402567909518,45.64676364396437,77.48811164603437,117.07760117223953,240.5330760311471,0.5165518371364832,746.7162490594563,48.77636467792216,276.4507153061395,3,0.27927038763584944,1
23.20768718125326,84.54234234913493,197.10855013837417,317.57574088936764,659.819945586843,0.744565267215794,2257.623376318645,53.84278176025896,267.2536040583695,4,0.30816782887459326,1
18.673699937306537,27.77498513572379,90.07602323356193,155.56817183785117,240.88309650335052,0.3710517356032315,2688.2494220773374,4.357363547940098,229.66724162518918,0,0.6477329170192475,0
6.822695346048132,5.375655426873602,22.05625410494533,25.527605194248604,70.81153567510808,0.5428062944207019,2662.3673693224196,30.29443634433781,39.45958394552616,2,0.3334573144149441,0
2.389412761684642,8.138811233747944,12.732987761290438,9.829706557890326,0.0,0.610704740890559,1840.8318873511375,3.3660021560747797,341.6591238168288,1,0.3569649399264885,0
3.649930033019081,4.1415058024371065,0.0,0.0,13.740142092019045,0.7844450014454063,437.09338877390036,23.49780202749185,257.88780329464635,2,0.7725574613821315,0
5.759335944406139,21.05942495219218,69.00861189645906,181.4186507799579,227.37109781179666,0.7635238350935256,3195.610460440547,20.123943952382703,202.03077654659694,1,0.7343509720171546,0
12.190898920919684,19.929461353918025,28.332463452620537,0.0,0.0,0.6245420929675393,1550.3174678584246,47.893098104059305,89.63850357983738,0,0.20050402638167378,0
9.936949545216864,32.305256426014026,92.3933627392091,299.9006150012277,493.07083316329323,0.25917836947244677,385.84389371861437,11.97584549995446,129.29635064568933,0,0.43127751259067715,0
12.845907847281536,40.25561528383824,91.7203764788955,185.43432546519,345.5951379193369,0.4043410950013508,167.78850304290188,11.210310253756507,307.54427154933245,2,0.39425137812344546,1
18.082014061784488,50.41919320124287,93.17657349080093,261.82152080608023,540.1406967944813,0.5368316742660759,2452.9680929134365,52.065458374396876,200.47815830541276,1,0.4327201015707277,1
18.01513531008531,47.805649502421296,83.14843144460058,238.4217114400567,562.1971777562883,0.635422934101209,853.9388844118076,29.938120652433323,357.62585909427105,2,0.8154062641813767,1
3.718367992977289,-1.6873333732164015,0.0,0.0,58.45746607725388,0.7523417495100082,4405.03445045553,34.398370517788585,278.36687126433617,2,0.2995006605790433,0
7.304181207807592,11.571935704796491,17.8752421145107,83.63411501937823,184.7034569154028,0.5296585761143267,1595.4882037649081,35.6663431786432,274.0378395999787,0,0.48970194413001467,1
15.34308177160898,21.95637060272231,46.64551234543501,135.67105522030138,203.69621108335357,0.502968998602483,2162.3456235864073,20.363663209401416,206.67339542036902,1,0.30570518691119375,0
2.0126827566579926,-1.0165584292407628,11.756603233784066,47.46179055980013,78.65556132613959,0.6098966866839896,1613.379946879124,30.676478702338983,357.91772701075246,0,0.4948486208257219,1
21.96546560071152,73.62624695363559,140.59568817803506,412.0047456175934,517.9112364391273,0.23511113711493914,3811.7308226200944,42.93840900520277,193.33715656982167,0,0.3300214935028445,1
31.048017722577075,100.40453458929633,168.3534369022627,387.98998340782276,594.8861546051987,0.3089780111749633,1332.3618022655269,40.255938154775635,311.89361750706564,0,0.7625708273157588,1
18.080905475450226,32.01197618250273,26.407548844655352,49.630494826004224,147.12244247905082,0.5303816617994541,2372.748501203161,29.760181444283386,92.9694173151422,1,0.621382251708004,0
7.97444184431319,31.262665152340468,52.221033935048325,127.3880103859129,241.74007273426352,0.9116908957388771,4147.049704250861,4.0823318623643114,263.0086139406362,1,0.33471841074292363,0
0.765431012567634,7.8690173043921385,47.12936691871862,83.10787908160748,154.63919708271186,0.5521319125607448,2766.468583491002,27.16407030388126,353.74353469815424,2,0.6754595226014245,0
7.7255057026251075,22.24749948520975,37.61469216479495,42.780363658350396,73.08687106553114,0.33771624365343444,2275.133311913293,40.98863044852556,29.29598691510295,3,0.5675148625483295,1
11.361840908916193,16.49529891834918,34.96253733454503,4.312709011644031,0.0,0.6370163559402051,3135.3634018975968,45.890048133652094,153.1130807316366,0,0.19149282671257634,0
27.4657149602291,44.0335649944042,95.94124462191192,276.70189114440143,507.9049984815695,0.4139857674099475,4230.186463235289,21.325747956201827,337.0744259811521,1,0.4386329232722932,0
6.776683039817572,22.059345512051276,65.2352565084506,138.70629053711713,212.6679088949469,0.2793797407887185,1101.211115112523,27.05177672456637,220.38127474716038,3,0.5647140862838468,1
1.0295935134183416,-2.2918449260242575,0.0,0.0,62.492892431259065,0.7123510954707034,4274.16882085482,51.20977433571895,180.372389005513,0,0.2722365207547895,0
30.84841683069731,81.44259504010392,203.2167810515936,349.6735768784367,772.4728421585882,0.34180556291615427,2879.256244050683,48.94930235785352,332.6341117037454,2,0.49665463334863874,1
9.015481273778562,14.53318367612431,15.601591406099297,0.0,0.0,0.45428017698365813,2396.7938796199833,41.18292043343721,92.08246179288686,0,0.5217846678003704,0
27.269947997261976,83.91277060719511,152.08930025338316,272.89838368495754,478.6777604320451,0.43169541873274603,1376.1904160001925,39.90365101969608,332.73715082673095,2,0.6704620759897314,1
3.0192606247449754,6.965715613226884,38.687563910051,63.277131374847244,106.75029064665658,0.3555955998497203,111.9559148344849,11.148897122872024,86.66783910924208,0,0.33373904635896834,0
14.449788372766852,46.29531001928075,131.46124007706362,327.80936268279584,471.11151352276505,0.47712345003144707,3325.950920950062,5.5639193214275515,118.55586026537344,2,0.40888447789606297,0
25.407723371325257,67.38968955962339,210.87269323267745,364.6017193137501,751.9591758656644,0.463558790716476,719.9692528238995,6.222087832323227,196.32377326615497,1,0.20295022731811874,0
11.787097594972108,23.030917810975023,52.54659295476807,122.9827689270436,185.78694016567997,0.8254341344596399,1481.898091569123,25.104211132840554,24.806366315755326,2,0.2887904741610982,1
12.684166174875317,47.53704790900623,135.0430996407171,251.77618301430786,365.8891798125615,0.5050357947285242,807.077065408202,14.410330200903262,175.80733127219375,0,0.20459041795046218,0
16.04034592847169,38.53030289017477,120.90927829420127,322.69285908079814,436.14565131598374,0.4191949628156003,2294.51718289635,20.77080760645969,213.8548134573668,0,0.3353645833537954,0
37.23974461855485,94.95963736742112,199.72197957095034,557.8954928640873,1081.0182764853894,0.5728477306121863,4491.409314441864,4.462732990678272,200.62160888707652,1,0.3140089451234619,1
9.445710215767887,31.240789115386516,31.8937051551923,81.30905270904834,240.01455758145426,0.451263173942743,3832.759721551376,22.97124299778791,203.77570810665512,2,0.4254456971848174,1
29.300305717266113,64.033734113973,134.81783227558145,227.5278141655041,245.49299963500243,0.4652894951550748,2123.1109069328313,20.672103159858757,158.84418494536115,2,0.8085730662576909,1
4.395642269966926,15.98236625480708,41.13091115285101,112.60992716404395,159.6455936398314,0.2678435398486269,2412.220563515486,15.57205027756825,299.57254969589803,3,0.2977055201192409,1
8.609077532445317,19.97118737049488,10.52834218901328,0.0,26.65965038491734,0.7160294232810478,4225.161444543481,10.520477888704068,82.25794274097967,2,0.5798258286996907,0
9.199212316023628,23.942948111999495,31.008460803807438,60.41828492875339,120.52973249584663,0.3965349168170577,2911.0700163775446,35.513549541295305,345.5974369669577,0,0.8606415874289148,1
13.955152770410324,32.00664963981242,46.29294548335843,87.27434290114233,214.64540606887726,0.6669290079424824,3457.0650149387043,1.1111632120215253,41.91012548826832,0,0.7522499504767667,1
11.886723152892783,24.901771273032686,62.31217014800717,153.2338118749377,305.9958330675582,0.5215344227181942,612.5126652040801,3.7650090708929627,13.605515129793861,1,0.5296316883559032,0
11.256436945787748,23.889483676806787,32.157224630573154,120.06402269399813,231.512447962371,0.40922945029596147,1188.04312633494,5.656108134929587,288.21372330048126,2,0.7518601812535416,0
2.669642800275981,0.17113387326546192,0.0,15.970110417316008,92.50270303591688,0.4945604857524977,277.8722909608171,46.81977349294632,65.33368751138957,3,0.45727139765101377,0
8.92530677948221,24.375161306610373,54.0719600033238,75.84078436769886,145.94577786849285,0.2614065878595014,4178.037178337692,41.991261064839236,241.6413377930402,2,0.19414187024583165,1
21.558957079810103,53.72096195093847,139.06753804498467,312.7075064543449,489.75463782916614,0.8723189076995648,1380.9036150308764,13.223784312820126,286.15746119834876,0,0.46726141615477906,1
4.309943244134874,10.548729618552734,27.253037956917197,35.325839618220044,31.78071139704244,0.13875971431527798,2566.336082703558,4.910277634630588,41.58621645675158,0,0.38720933010415837,0
22.287778923801675,46.82376453968521,76.43879447038219,119.84626474765012,267.8329179953687,0.16160864348900278,521.6367343852057,23.708667800921756,136.24420675705383,1,0.6737761326847408,0
5.803755368193507,11.06592044410421,30.22096368965729,62.79600742426377,84.51801986658985,0.5541790318428295,3898.1432108963622,3.395863943624599,262.81292887941805,0,0.3168669357998144,0
1.9442657013953095,19.124519410196406,44.01841498871981,41.50439583766537,49.32200268309357,0.5856521746939208,3384.3985603278647,1.853583478345423,187.8665005855833,0,0.6305671741030193,0
4.645522755315664,18.87070310178235,27.45017376406946,33.179103670693706,45.24923123950598,0.41773036089071375,3021.550518939463,26.80745136970417,65.48396169694493,3,0.33318108675201036,1
12.51161999256474,28.451811508176,46.374489853029935,142.43125333161328,152.85011979758937,0.4335510801687264,472.83305026145723,6.534237612463814,128.66856816218146,0,0.5227136284073214,0
37.77241706155898,58.323403143700396,135.7757193306513,227.95743855093517,510.18072508857944,0.8463507811990003,1205.3812671991875,53.73815074080701,33.09788742982946,1,0.6640049545068513,1
12.586411501423832,35.10637348222279,89.11725836891839,253.94731356202567,346.15025223249836,0.5257129098651588,3495.5597083039875,3.4761917189453317,72.45270691999865,1,0.6159537868094946,0
14.580470977182136,39.61118368103568,88.81627579551527,188.17445797560953,320.8167090694693,0.7081906764674213,3165.8685569606337,15.342832846329546,309.5584855464918,3,0.6158803751590848,1
7.067839835242116,16.575889031275622,31.10986121423373,51.83690903607131,68.67284935699902,0.4296909700210591,542.3610041896272,6.62620873291424,77.19034991563603,0,0.3845438012899957,0
8.720778966821953,13.830054998072717,11.10788096155606,23.58685985626279,15.509289925441031,0.5171176088178028,4489.554217329039,33.725952970400755,143.43737400281185,0,0.4443659352561405,1
1.5884991877666477,5.615951379966091,4.0796189718628035,0.0,0.0,0.7590231694915308,3712.138569740363,9.371694733484853,209.60903884295422,2,0.829687784546427,0
7.903948285679136,5.488972355372765,11.652649918700295,3.789436263304779,3.1200623129494733,0.3759322372394087,2285.7641474628635,24.256714725080347,305.8252973057806,0,0.8265930310396723,0
2.81054879650801,15.061521818600596,22.11432179132894,49.14821676496778,0.0,0.3876812696763245,3991.554442495258,11.389496227957405,104.44343800532526,3,0.30137222235662137,0
8.795683908507442,27.918763172914023,66.213218017776,90.07578298354842,157.6339513786662,0.5882313334106998,92.64512786119873,32.886637891020335,271.96074365602925,2,0.4761132703081492,1
4.177185614577457,10.015022067896602,48.55149761222999,78.23652925988627,137.08891187530222,0.4171530750405389,3682.804620015032,9.070050282748097,340.0746713795672,2,0.42039183248521134,0
1.5629700827280213,12.871680662951789,39.10494272145324,60.50259182844927,72.63936202780764,0.14031160529401948,2123.473689366485,34.780336824298175,129.15612710141826,1,0.2501431573833509,1
10.177748052586903,31.12164805740044,69.84894358096219,179.54617896972817,401.73820036552075,0.34926696218009345,1453.705896331499,7.305560737219091,67.76099633518695,0,0.648292988783988,0
18.474624036975065,42.01616884378751,138.1756352758719,357.8359257193888,576.4621252353076,0.3895941444053161,841.1133653801041,1.0468825707470852,121.03579359939836,1,0.446967164006525,0
14.062608270118835,25.191041793212328,50.332429390697285,95.91199719198309,153.71094647054267,0.5498705733526638,3191.7697259707315,16.665103594501105,148.2008578371482,3,0.5013520576587571,0
5.8422604770928475,15.697206366628908,31.73717543365561,46.7331129398138,116.0465800915214,0.5805161614872112,2447.088365186708,2.4585835723630685,59.858122906238044,1,0.7135852266045121,0
22.83243172511023,53.941709529882836,121.15214726485823,252.9882007274593,384.08165179443097,0.7332001108347443,2372.9155845506493,33.482851150708335,54.435223273517536,3,0.38539458127499715,1
3.047795731478595,11.867785213372246,35.0868299115886,145.95384808369323,250.85975752457122,0.2739493201269402,831.5157196525141,22.58590514906054,314.11993013578444,1,0.2607586198777897,0
17.440859727297724,47.29100203602423,93.30247232768004,226.88051401743724,414.787397314642,0.6826584688507926,2457.11775244994,5.571370054983344,148.2791325111613,1,0.2467523616331655,0
14.933659605896128,40.190229294063734,72.3922291173395,219.43491163823114,356.9275385452984,0.9187386583463761,3978.3128316754237,6.103265147097578,125.45949011994108,0,0.44453620887439876,0
9.917259041816841,32.76507393675003,73.82621914767417,221.80007441272292,394.6599893406738,0.537164337558861,725.7403122928237,3.7296483375037734,74.46949336142508,1,0.4706712735179355,0
14.94010798243242,39.20789283070504,106.81995084685448,275.8421583501753,537.1653270950206,0.36689388083241825,3511.5229769661823,34.31738630586575,258.70018398533745,1,0.879906154118819,1
12.428896763502102,28.11295735206731,35.049954451978955,99.8247783291169,179.79110581103436,0.7115489747342593,91.50235263567626,7.370769450190253,51.4477801205111,1,0.3680975506115037,0
8.885701022352126,20.72646396205246,0.0,0.0,0.0,0.35976970365661826,1439.5988687408396,37.078919130753015,182.64699491845644,1,0.30685031427257053,0
9.882334920961574,18.935875518784215,83.54952375607843,149.69990282402037,254.72996795493918,0.5254565469976141,1573.9963786274802,44.659241725341346,182.97888830270503,0,0.30468457850805963,1
12.40008877846053,47.54038098391662,133.48729765345388,240.49764438008026,405.89415595470894,0.6778353466573612,3905.9306063444183,21.652785293568893,274.5755190786686,1,0.6077626533794018,0
4.75128854174865,3.819240967055835,0.0,8.32036267311395,27.12283553033265,0.2820729257141232,3350.9385080071447,23.12200175663848,67.51544590090933,0,0.7102673409613388,0
25.36312293765582,62.332703988397924,150.4849134411182,267.79395857799375,354.04040443554186,0.3467318828465343,961.3451219256049,43.509262698484115,304.72394463178165,2,0.6354321816414373,1
1.5001842368863259,17.300353545242274,46.905304459028386,104.06343662705227,135.56826914610755,0.4168938689393168,4189.682714836882,31.068804245679107,275.6143757688823,0,0.4417128813288684,0
0.19638860671421768,0.2213978573307069,1.8048004662350254,17.991796753443428,22.849736259663718,0.5574482885553821,334.3637905609096,45.62479903992164,7.559071271276001,0,0.36890100870789766,0
10.46015533338751,17.322635526796706,72.23972072036122,63.48439396917172,88.5915717103374,0.503865330424901,3594.5872634917087,40.58419283469718,167.48647893363494,0,0.28506150956100673,1
3.6624138971014153,-0.638904861871719,0.0,7.28186357553534,0.0,0.38349141052728597,169.7111993833926,40.42051627172031,56.1473940761735,0,0.5879482855612477,0
17.978750440978338,48.93410137058506,110.38226611329851,256.304717677619,489.59433868205326,0.5295457057545162,3978.2384731074344,48.033009519744844,113.4961076280425,1,0.805494571184294,0
7.967355244192467,21.23801710329926,46.63613007783051,41.49209281660563,93.9199485606247,0.656090865920732,4395.621841403419,54.750243075495426,267.15882180008856,2,0.6618939618937971,1
12.596686557273959,27.775340722232507,81.20773736421577,251.90032875460113,416.2112274313422,0.4141605398182855,3834.0837932678082,52.48976358074601,345.98233346271496,3,0.845866659180527,1
1.3572383882297332,3.655106775943337,24.845833983819986,73.2270829398925,131.11240465102932,0.3484336689116678,309.3975737365868,39.54142649259161,344.54768771652687,3,0.3950292102321834,1
5.78445086672409,-0.9815201145581174,0.0,0.0,105.72109375642407,0.4551528756860118,1294.0355951146944,52.78780306162706,59.14875200700719,2,0.393300317495463,0
15.33327466714779,29.716240758019072,48.24958594862545,82.57767533382211,101.2322758002752,0.2503798428309654,1867.8885859099069,2.75998210591905,347.86599842519854,1,0.7733745739322728,0
6.655823819163676,13.798141645233862,52.658159982314515,22.240241002852528,0.0,0.23366464435424633,4027.2114658499445,44.1847523394601,242.78083975160723,0,0.5616936564044595,1
8.305492793001212,19.51473795203841,44.88690881261661,87.83415701605237,153.35019810697824,0.6580766187458233,3457.775168896333,4.832900834497096,218.3494268944347,0,0.4962774881587794,0
8.122200619119871,20.95337188778351,43.60472219927801,130.52508865064988,253.70007553600607,0.31942460154832847,497.4843010005619,49.55419144128871,220.05096984085182,1,0.31374908682010194,1
1.8594405590999592,6.250674815638664,30.45936574027776,43.01213273577509,28.962000083010714,0.9336355392344268,1541.91329757497,52.85697973147045,333.1347872872563,0,0.3225787767455512,1
15.043943993705609,30.644245984863804,86.96231248908387,132.55897302178101,160.98922516494136,0.5632443300820721,3576.1178985863507,31.591120474572968,306.0444454164708,3,0.5151439406984294,1
3.6510422148005035,11.264898795216812,26.807437036797573,70.99794647808226,129.05072658399862,0.2757271102134187,2330.344030380495,13.621980838337835,221.2911920395886,1,0.5602242935537552,1
34.114919051620056,60.90031475851585,209.58744350528897,567.8608794705574,942.6943288575258,0.16199095583626885,2134.4658348996995,35.49110024487775,82.99561742378981,1,0.6518441044123762,1
31.87508229304121,59.21554426925185,137.70373564390985,267.59537807840377,354.20920731999996,0.42950513095421855,2318.0678713012585,32.31712055412557,96.0241718383534,2,0.6739716848140052,1
2.3106838351265013,-2.218418025094909,0.0,0.0,14.552576546712508,0.3055587618555583,3694.1312496492314,20.152742072056558,311.0134630512392,2,0.21690160113670529,0
10.670700970145338,30.115684286147754,78.97972736638836,202.0241931198985,391.5819815121525,0.4047729945175958,2419.286982519562,16.424768756647357,308.74681106959474,0,0.5765230450201267,1
7.912380006818796,25.44669263987442,58.4698113390072,163.30263695047327,424.40060675630366,0.644160563317887,3502.3104024756863,9.918696556558752,101.86245245879189,2,0.35495269520458417,0
16.91457937209133,24.583283458412573,43.5022289544121,119.31199578108209,198.96511790685787,0.5091818456496934,604.382209302231,19.075476836824706,120.10824596952223,3,0.6089838269798632,0
19.27874348447172,45.71352906048823,107.11045476450593,306.12032193507383,375.034905867142,0.2190609838375594,2002.8344065018412,44.95186926389251,311.1345486726054,0,0.7083976763557892,0
17.50029096730716,48.61671113247043,65.61620444427386,138.54698153112216,271.11358731630946,0.9748942541267805,3297.139902468452,3.888822547130582,318.82628438767,3,0.37218742609513356,0
2.4896248172263507,6.755697452596427,10.92344196473157,46.00781664028723,65.70130514173536,0.7478751575549265,251.63357964718628,21.236120634734878,346.82308044732076,3,0.25945780085925674,0
8.302419649997962,29.9902706672662,64.1750843194018,145.2925172944892,299.02535220998374,0.5923094629062492,1304.9951073756747,48.88143602988583,32.43589171761241,0,0.3649964896441964,1
7.9729098537496785,12.6948811321742,7.186898982815251,0.0,16.846856897562464,0.28681469130118514,4000.8746226423623,17.633194170482486,170.93830878303592,0,0.2881494624866757,0
8.569679090426378,20.889176451898948,44.15725114136021,116.34956877793513,283.4015425093841,0.1364834989127935,3636.2758790469857,45.976953840153435,3.2925182042536116,2,0.2508008576993651,0
5.338152070319284,16.81816581928649,29.904230979610933,84.43356493497973,155.2358054944582,0.4180396783863656,1574.9645105696918,28.993579601024468,5.799442334677427,2,0.513962586797764,0
10.073201608217044,11.426883468153736,24.818334503332036,38.89790421793019,87.57460956254373,0.3940021329502018,3318.126360972261,30.877802674301357,281.7851718975742,1,0.6572817165459479,1
5.801803390609827,3.422142199453676,0.0,0.0,12.506595645000667,0.5533670844280885,1755.0564599806482,11.281010844540617,183.32299953875693,0,0.4250803857178984,0
4.281226293052026,20.11281886937108,29.93426792697595,74.28584603965717,147.0846231791926,0.41694702374453974,512.4863841287654,18.579531699706948,242.01278507525677,0,0.5522140352713966,0
6.247355294703746,19.539917901878905,54.33324967064605,108.08875557800917,197.7280522611484,0.5480192463343635,2006.2868277124824,29.573639501008405,43.96469299662789,0,0.6675164043834025,1
3.026181659781113,12.362041977718613,43.18652657835456,84.22924140429949,88.14330830144459,0.37181388242051633,1321.6962328186419,35.84613772279377,11.835814413516461,0,0.5148277538642188,1
28.244097898816083,39.622067930313314,129.08579645285363,293.0344350078682,345.70052176728757,0.2745902460910231,3151.0039373330615,42.101993119234145,332.3088115926251,1,0.8463977165358535,0
6.637941643726794,15.932550545656756,60.27350528067571,152.21634777859367,179.8766896192373,0.3612180874798388,1205.1239271658642,15.572268154953695,143.35534190600896,5,0.3394344859582488,1
3.1752811488176778,5.635544762481842,24.489359007636445,57.16050149694846,151.91611033627112,0.7410580745822692,959.3617568508755,6.101917478643834,112.3790151430899,1,0.2534722568386593,0
27.719663375911978,64.83508468051643,146.70586409715742,414.2905254495831,866.6671949490818,0.7287202484140963,4213.227648643968,49.141775550928,349.6962148197512,0,0.48030893033747324,1
13.641450789338723,32.75425515581748,41.00890759129847,79.92720872366085,150.77828767624828,0.21617185110777878,707.2586991759429,23.632441747114875,56.15855246145842,0,0.5078413357405503,0
4.040630565875946,9.256327223111303,15.19841172031838,0.0,0.0,0.4434707227372595,969.1834447337769,42.33466816421331,81.6537109002073,1,0.3652566869474593,0
2.897387997010938,7.626385498475596,8.667427151978618,0.9289363732856195,15.715241501760183,0.44205895620427277,2156.7887494948773,50.732179361155616,334.0840242722282,1,0.45956613686330633,0
4.6343583260512835,11.450911679923454,31.3351626129528,66.18810390778711,162.965509008744,0.7270801463476442,512.1280413597519,16.97458940473617,127.50764375813831,0,0.2571704149579586,0
10.971504936178189,29.79312597805525,53.87268529951706,101.2263437606402,140.5476259196351,0.5571466212682332,1569.1202759107214,26.37276126030277,89.12034868003892,2,0.19025266477630356,1
12.884502071809665,31.337278312760738,84.27257814553907,246.16878221882888,399.3881367922539,0.4028812917767905,742.8279750776051,50.03582732512566,148.77240433696036,1,0.5348297352376064,0
8.57165925686879,23.960036996432958,35.29294132103507,26.790073782735448,62.03464074928465,0.5621276783288398,2529.6011972033743,3.9416507879285345,333.96191088447694,1,0.3361174491457504,0
2.0052795711633675,6.887619449889099,15.932259489713829,67.8747173351545,142.5884674259483,0.6065114767741795,769.3640364838709,1.252142179771687,175.19578301804637,0,0.8784205100636298,0
3.0228772106164548,2.4116535365151117,0.0,0.0,0.0,0.5509346544573183,1187.4333963847498,36.42905684784265,358.35886307736644,1,0.5558584821452748,1
12.08997124593017,25.635064046066525,51.9991852851299,100.06527060929133,218.67436721410638,0.4773230250105716,3573.88900352477,0.501377151689335,24.235831935571646,3,0.2625411466374259,1
2.1820231642269095,1.4912304899883706,3.6694550718184717,16.893424176100865,45.78941764288414,0.7774736387370896,821.0853514845531,30.224655872494502,225.35485382221296,0,0.37962456991558835,1
11.773420254815564,30.84879487557173,62.04407868118649,81.18008170746818,196.10256983990885,0.6443860278522265,2963.5865126955982,19.905113866577302,200.39160976312573,0,0.30525675052339507,1
17.884819699453725,36.270691747331625,95.86644178964411,229.24043999844835,395.164479221694,0.20605095300512133,1846.4883787200063,12.517296344553454,135.58527409636625,2,0.7004529102787772,1
13.154108257967808,38.032863136163684,105.30628318755839,227.8336683585307,245.7420193679616,0.39713194948277475,337.4556457305387,19.264630113961154,134.17307405265794,2,0.7639323279802944,1
10.50678103911036,21.174193831834984,77.72843419729016,149.5930471651582,161.5443776830948,0.6285199685826881,3983.28433279495,19.568000974178947,355.53383308251426,1,0.22101959396065152,1
6.423263397886638,13.061116188966613,22.07474379399512,64.898136866887,88.51025198586464,0.6093625388315492,367.09259061623976,11.55339191485497,78.44138013239477,4,0.4246122812773914,1
11.51491693969225,24.901355469825987,48.09820994651913,47.33612787563099,111.77737348253497,0.3883399087763358,713.3798770244554,24.277786242139346,55.7818384686663,0,0.6623395265565116,1
10.16611177425299,30.65181169010915,84.78442897591418,188.11464435348432,210.96755145828837,0.36640941386013437,4242.537925021968,0.39197423647873875,41.6825915740464,1,0.5333991449335065,0
5.92175501535956,-0.6436364074119645,0.0,0.0,16.409490299824693,0.3099291486404835,3510.077925308082,43.64153118578664,347.65928400157804,4,0.508051163694996,1
9.841874833463699,35.617834252872896,55.15676968764074,101.90129583510432,91.10854566422019,0.8515513951844685,3856.98632374471,38.180218290246344,73.2288709481024,0,0.5676071750959304,0
20.151140163532787,60.229839810427855,127.45268863459134,318.25553061560663,522.843959073694,0.49597216946869505,4227.39320732633,15.818856604331456,102.63110832308955,2,0.24897536429586875,0
7.532834983018703,24.350749102750925,45.42633660144031,91.37251048395183,149.28998267518452,0.2726380976778718,1137.76583185418,49.21341414852725,104.40381258994972,0,0.3797955294461658,1
37.71475694949571,112.23053675330648,181.39906829437882,368.42788443561994,606.4145893536084,0.693844493374489,3078.4962320150344,12.117065899361881,209.9406078036858,2,0.8596954638043262,1
16.787241656585987,36.79965866640393,114.33448922832375,200.8697840071088,333.7529383743833,0.7708699844622148,2711.8046755158293,49.377125198519174,172.1157086111757,1,0.4019655657211997,1
8.78210352449963,15.188564287599979,62.41611173818378,149.91298049207026,329.71388375704436,0.48690754162766164,1802.2571027118802,2.3487050400705023,295.27428396998505,0,0.40606358096764844,0
8.96050950353871,30.655810549558915,78.68614642209344,143.66477864329013,136.29452833311817,0.6864547177349591,3212.9061664055184,44.02923235860807,242.55866634079135,2,0.54605394681881,1
7.498541049281861,11.069740744590579,14.657659773812737,30.59428814846527,62.027311342181136,0.37016902263938334,671.10538872447,42.848757921178034,349.7007315355222,1,0.538274019979327,0
8.884794968664197,31.26793958071244,68.623285884874,160.91564346358982,325.95490457766965,0.5547232675291242,3202.5866120550354,29.215576248385613,58.350611656389546,1,0.5238697475776724,0
3.9499049622693576,14.447063725446704,31.03064620185841,44.233234950581895,78.94082890483031,0.7812820833313838,1796.994237587627,3.3339238315650217,9.123983341086092,1,0.45690108334056834,0
7.252579784374547,0.14050157107315542,18.205034183362457,20.71437596310558,17.557484538714625,0.6955132488366034,3263.3840997725215,48.11004360579152,164.25336268433105,3,0.7402089359261257,1
4.7710371609124,6.6490107749876275,12.375715718330838,43.84039221395247,167.87178770324692,0.21536226185412086,585.4815718980774,52.63243672110731,347.96265564751735,1,0.36245421990259435,0
9.389655586091878,16.666516195368267,40.33165653140355,47.72320971151855,84.97547618852958,0.3112082478437638,1143.6554107689356,26.132128751309004,162.91769622022915,0,0.5255165264088257,0
4.620501671655784,8.953988993836138,32.64794323654153,54.292554528250356,103.30905871042678,0.33551973089335957,749.6194594308605,27.998409130296828,12.288561060500186,1,0.17906490464024977,0
15.187096935146803,37.92290244843891,103.5103439483681,220.52505068575138,472.3751841186019,0.7286402466712004,1610.2939155107954,53.66252666074097,323.7760644378129,1,0.8671139131195316,1
22.32251649561582,58.251259978060965,133.6957775235355,406.3927004042266,551.4448972237215,0.09038649972265753,1669.3774129395215,19.93796139457663,290.24883229703346,2,0.6362665374130597,1
7.775231253556063,22.029707182519346,30.37295982472598,75.14873538086965,79.22908092796006,0.5022224952861885,4030.647247918849,28.73712464862619,272.93967266694847,2,0.3607328453707853,0
4.9250663345112535,15.385469279073828,53.2202164155088,174.03489053221188,333.5699153935393,0.8295564848490005,4148.169942664063,37.12155387817689,152.52968712540874,1,0.6322349135618902,0
3.7274055020100074,10.644254256827901,30.836253733176523,77.77769188394016,168.46758530659358,0.455938488955965,4384.873979242859,29.889223347948402,43.90493712768295,1,0.44948884426672925,0
7.5302536775603715,14.615296433601493,0.0,0.0,0.0,0.25696029928533315,3951.421466270837,37.11098708816994,124.0426172305599,1,0.6362497257824042,0
1.9966017538148868,6.182410937475477,29.864704110014138,73.88230472078577,167.9558666487272,0.27336585045500594,1417.4325137047397,7.157878903092685,68.22299895251577,3,0.4854802895241573,0
9.769048800597377,26.383195788181276,72.8157760052564,209.16482781456588,409.25915104665825,0.6366667072290548,1048.4540045556955,53.910996578063816,117.66897653138736,2,0.28063392525266245,0
2.226780520816858,6.4795329336305105,15.089863871039276,51.89421841785239,56.666610282577935,0.4599483411933363,2035.1189026524366,33.32732459897263,321.10810301727093,0,0.2213492660552661,0
6.165661159658771,17.55755485231282,25.202965015811472,61.27373220229392,99.58802823809302,0.304343966166557,2656.9264005360596,31.094018662908177,334.02981391573394,1,0.4810101691977932,1
31.608064537658347,52.53768161716741,100.99247880990686,220.89961195568264,314.01347040787596,0.5867805623050861,3264.172249623715,37.01258460544694,164.15810702557323,0,0.39892175861465323,0
72.43522265943717,124.28829383423701,268.02328457605023,478.62559496325844,852.3703704715211,0.3212623643133849,2324.0944221893988,41.63981535438759,226.63016095705632,2,0.8364648193704458,1
9.90353199464263,21.818234658632196,42.77802892180897,43.73823520723575,137.01066324732568,0.5790574327529892,3364.8244645281343,10.167151203643547,32.774660916760084,1,0.8566604545312153,1
3.2256697147726783,8.462087857327663,4.498971578141541,0.0,0.0,0.45321251278474106,2367.7882308116955,21.276040374516015,124.52453757281981,0,0.3858298654694232,0
10.196016355947803,22.898015894752106,34.52971180120451,126.11243743106006,172.24649488445766,0.5357525560582083,3088.4725024814834,27.918070216587683,334.5421331106267,2,0.841302458191677,0
1.3612626082740493,3.8484640442950937,28.796762264073756,38.82926811429322,79.22087365555551,0.2790080629756475,3437.367290268391,14.569247466017355,195.25932264065676,1,0.48338888217328896,0
13.996434838359168,22.720003920718817,40.98309488912994,38.020799103851296,51.741499096661826,0.22251344663652117,2343.562532874656,0.8751624008864917,222.03252959765132,1,0.3208526056828819,0
4.26348003824837,6.307536299304587,24.796533151699364,53.17830417099875,73.41896701429003,0.27344706899599674,3928.300020001504,27.21894659133928,71.38280181626955,2,0.24376540353550644,0
5.088028015684413,11.808923348269488,48.48418880436408,67.55354977304661,140.17562413444406,0.18410803219603705,2252.9270267813263,12.46915029803586,131.4234428414762,1,0.4079971646351231,0
1.5646977389823824,4.36170931912828,5.164618483521813,0.0,0.0,0.6419462809736304,1306.3293344715082,42.10470928838775,107.65366534500143,1,0.25470381828434946,1
15.39871698539995,30.955760523994154,49.09954840395256,140.452646015041,290.5237551129766,0.5833442903746234,4204.539679549657,25.023347815637493,268.2362806618849,1,0.3357434379924265,1
12.00692512840724,27.82605924970572,38.89336209312729,49.29981668998661,125.87517625143656,0.5159888651898055,3183.39344289745,10.463880208816967,306.76722660985126,1,0.5118855474904176,1
20.58824054657807,51.00933770364856,69.60084839227665,134.05052275265848,181.06764566114612,0.4645183035863951,3921.680037532445,8.194879920200579,49.92684191801792,2,0.1057418386658982,0
14.097090597007014,19.91268039540138,44.468184107211485,88.11719376564265,128.42787126442516,0.14595755727747906,2195.4106575416567,5.698472789277767,325.3888829397584,1,0.40917812021251565,1
10.362026782797239,15.646085737051592,24.214946361133276,90.24019027506634,173.7422987861479,0.8486635140683306,129.24692053727253,20.596175622464056,329.78381784916866,0,0.212744785842613,1
25.149201962869956,42.97817483455159,72.51504648123853,155.10907198034897,243.85324761599978,0.37777331915360757,1127.879753029458,36.956822497349,111.53992127680627,0,0.3327398057007467,0
21.02698801388001,66.4483373393587,182.3157222852465,331.9610423483477,450.7675972639417,0.5953395441365783,2312.259181279429,35.34595265162735,110.03334913040173,0,0.4381322353826045,1
12.690886807730168,36.19578524171068,91.68632997090391,215.75472386485762,327.8090088812858,0.3871992481334911,2411.023964939895,30.567455081087907,2.768101110517507,1,0.3302523083026635,1
9.943627417141377,21.754993734939365,49.19985273496804,138.90199665287656,256.20869316111515,0.6130400138633585,1279.7178975013353,52.545163287452965,302.7562208799204,2,0.25070293245511277,1
6.461188526966594,26.155838598443303,36.62631269044648,142.95448968690906,217.69389536033444,0.45173762488570524,1082.5131879324272,11.008124425071575,168.39968987988578,1,0.21201743036233897,0
14.052303758841855,48.97750857997191,123.07579821560475,335.61290104797763,352.7908700570539,0.3022405659524938,2423.7246655503923,34.941752264690884,235.9707562601328,1,0.7525884364706441,1
18.013825744265315,29.908498453176463,79.30438441737822,187.73767184743963,313.39007636990146,0.23771637172009688,4381.522070023444,38.26320766878602,66.07912658881108,0,0.23632513705572739,1
12.185247583474826,32.882833894333366,47.74808489951314,98.71220380962824,167.11782840599002,0.7667576283779338,447.3039957403632,0.8433669369601354,101.91385540717988,0,0.6778145940434082,0
15.731460365708594,38.318086600513986,62.548738497182654,182.89125859525421,374.1581504189519,0.6976242342063954,3511.7505234620244,5.221355377552312,96.88745319819864,2,0.24016323295477138,0
11.840062868840517,24.60614839847495,62.53111352442555,156.6644821867733,212.14328170837894,0.25808530914029615,1147.4928858484786,52.17392643215451,318.84999866324205,0,0.7503012694872941,1
9.780962404611868,24.19765645407729,51.922794977966575,121.53597516895846,235.02394302751387,0.42827968854842796,2063.7706422265223,5.098874003188078,229.91354628665897,0,0.5284560353641797,0
9.554621530017561,24.778778970277397,65.57520008285826,125.57926526371693,212.95796190579608,0.4635435821650494,2248.829363098138,28.920535664655926,173.77109426447655,5,0.46394200765609106,1
5.871389411927895,8.840870801619978,20.58068819524831,53.554015926274346,128.63152673800175,0.33936167735178496,462.61150656358797,42.50155935291956,333.6151424252291,2,0.43054570243139845,0
4.533390449661242,8.367100163595284,29.425502907653556,63.05581815103297,79.58064268063126,0.6392751012153365,903.1540009627058,44.54666965750538,53.45900153857145,1,0.7508456698424419,1
17.027042349205598,20.184071910367283,32.31718663360539,67.14739605531634,101.92653808531556,0.30884816327932296,3319.855617508425,10.686349029777887,97.82598020307833,2,0.837205145003889,0
8.27438997643713,14.049709047857496,17.24035227391625,67.8503046268185,126.58828569483903,0.7806666993484427,4152.115529503162,6.729808789965647,228.4428458215604,2,0.38007395495890944,0
7.090809232626806,6.078178634057286,0.0,0.0,16.956842357819507,0.6043405236564472,3960.5444901363303,17.52654703794212,265.17667271025533,2,0.5332662260755642,0
8.363017760025139,33.152840039919866,52.277374364949765,124.5453691240389,254.3334895092869,0.4149787449554851,2961.474340675363,30.723323211521727,334.38078132431,1,0.5426473116634865,0
0.5369747127583796,-0.09353341008463545,0.0,0.0,13.491958292423243,0.5707912238252869,2448.94823440343,28.6366206623989,257.61651902247394,1,0.4546613374415937,0
4.644971740158338,2.9357648132549254,14.534100872162039,0.0,9.850151727757908,0.7913082558436083,805.8869511716706,36.68076981355198,15.893082489924772,2,0.4934577049760599,1
23.478061372841374,70.34020701866187,186.27661265029266,486.244015871043,792.2851854186187,0.5581223048175479,1592.9165393453045,21.247286222497127,73.69099750790778,0,0.22916365717946405,0
8.26716327050417,19.05766763915816,40.93029123617007,71.88256892651816,181.04800968576396,0.6186104039058479,802.2520897032374,0.44252641161001305,315.96192863906543,1,0.3274129599592479,0
7.062068530312083,17.54565333860012,45.20912298223009,101.86793184358663,119.67642736716127,0.699737613284381,4410.324409458835,11.730889551653775,26.815283256993073,0,0.3907619259676265,1
11.791722416026328,25.99267370583137,63.46744937494404,159.53288009618305,172.33262186465657,0.42223250615907276,3037.765073014145,2.2111991897958667,154.76053449477814,2,0.4433546536662791,1
4.374297078430541,7.927407227526611,24.530208122264128,58.5916987012136,131.97698545305997,0.6888642538491998,3704.377268116613,16.02121024656,231.92901054686757,2,0.38610542920694785,0
7.585461240376782,25.84959855311824,100.94757134740206,240.1495972645025,549.4635648592168,0.7376308138662635,1872.9480600613838,11.802118775411147,71.64216929696644,2,0.7268325302844932,1
1.0871166269306658,12.064659777281467,34.960662618679976,95.23170046459575,274.04778995235756,0.8298006056794003,3486.671879328425,13.962827941350922,343.515560668085,1,0.29950071946064316,0
3.765306460110392,7.201763537517911,18.70977663047213,40.86747862073754,78.41721582896388,0.5524737263783579,2242.4786373150955,7.521512387543287,48.51456657880671,1,0.29895914654614053,0
4.362727000951081,15.787105487966656,63.07304011750477,133.4059289150262,182.94148851041498,0.6528137652204282,4126.265092735749,18.818560294535892,99.56098255194004,1,0.08834313080962819,0
13.3814911713881,48.81357671514547,96.96483605539575,251.4301226112828,502.9970301497999,0.22177863656030855,4270.92020915022,7.42160054498703,135.7003992166957,0,0.5369165579643159,0
15.265148351297572,38.313505313835776,48.66885231825957,132.62681299833218,161.69484696261836,0.7666887093966316,3879.956674581111,53.04529788120006,214.00355024792137,1,0.7593984865177713,1
10.562305536364104,20.00327330759183,62.36731703977754,71.53920433241603,121.95606169178062,0.24687203202842906,2958.3426656320758,37.06252226440438,79.20230617901474,1,0.7147298955946442,0
1.2478995200122276,-2.9265560939285815,6.230881213841211,17.918971030006965,16.70498661813779,0.6528806166357587,2309.8241030418653,12.57617247492945,270.6418873897173,0,0.6755706849586723,1
3.6385410612443843,9.749584020460388,0.0,9.7619102552297,0.0,0.5679572531583356,707.5889893538754,31.20944280012808,344.48826129146624,0,0.4993186891193753,0
19.08535712237173,49.215048929469496,113.38850207530986,225.37817963214255,208.1677791544923,0.43005913453643463,572.0824131420931,25.106891530967463,230.8655296042803,0,0.20450042456937903,1
10.676144869118101,16.571317610501097,16.331799130136396,0.0,0.0,0.22627929749912454,1991.7531933019416,52.19739376592354,13.58098802992815,1,0.3695722822060093,0
8.292650816830344,19.463780348398934,36.07748701627742,82.70171895425418,74.62663395897776,0.29798277096427567,4336.821613044966,4.598747941464939,265.5037221351807,1,0.31605354990144485,0
14.68964071703675,33.058252146920914,80.82494545424225,225.9035777142347,481.62831528268896,0.39532150912266933,2361.0056380493384,30.957090391095765,54.98074998970773,1,0.6962704831598961,1
12.23993993322991,23.997983206975277,51.80404591939256,128.9981994582343,267.7307163368091,0.3019305190801837,271.43687001122873,2.161928432264395,171.1488807768114,0,0.4300106537559665,1
24.265474503122572,59.68209157457659,80.91355213021896,162.39317272330698,340.4606199137225,0.3713852360785591,2847.3283301874403,25.24755365399425,190.8665501408236,1,0.623604766906559,0
10.203869328482268,26.222711054788427,80.32049495960445,186.8448236152972,276.38378650660934,0.7608155257971093,4094.8574105195794,39.25453210721375,84.96746004474342,0,0.1282287373430886,0
11.718109586603395,35.94017072195066,70.55867399985414,188.09857283453897,344.31358399166317,0.15293077520579734,3939.827027755545,50.56198076956212,4.543575590878666,1,0.8477332380590348,1
5.574836577421312,9.031771755594795,0.0,0.0,29.83244364316263,0.6114978740757316,2373.1404105801043,14.959113129747022,213.79341123822772,2,0.3056650778586857,1
7.918285933786298,23.303005004910478,52.57212710496716,154.26319003294057,158.1822068204603,0.5748852410943442,3747.0753252566024,17.945374703147138,324.2420315621511,2,0.6589743246290436,0
17.75715950368092,30.72769875859589,107.16855088777163,293.3084128432915,654.8309908046328,0.6499676032186303,842.4603439494922,14.45911816280392,313.14704090691157,2,0.28878270617404644,1
9.02010441954566,25.121963445090778,70.68694726171664,113.41131786620383,151.58853149155163,0.30250108354370603,1738.7829492729918,33.195677586672986,357.06963980140614,2,0.5217768370128276,0
35.91329236710336,69.85730346952109,173.58285956855366,442.1255956007472,978.769781610827,0.7147245108217495,1931.159850046295,18.547962270917218,172.57443211805833,2,0.6550867095055813,1
24.236913963848945,83.3208888158452,145.7425062192578,302.93674544729424,493.4906535237703,0.29889738880465283,3272.30880854769,26.46827563829528,293.35045869934623,1,0.5537494307251736,1
17.01438877655616,48.514074483095285,95.77939297254089,136.6799580895026,232.47433172857174,0.2844358834258137,2511.2752590214604,40.30845391480522,189.0671074503926,0,0.559028935415646,1
0.8323172425109797,2.0201590407631738,18.398310584917073,42.06621544298336,19.525626475383902,0.34627976844305974,1349.2512918684617,10.162452998690512,321.2912420637537,2,0.272637294534074,0
30.967465815931163,103.48460350267821,284.2676117582751,792.4961069642134,1445.7416175307485,0.6747081380413472,2427.2947800019424,37.09058017539956,142.30067599198014,2,0.5943737335679897,1
15.247504613973325,34.70783332417309,74.83543931105423,173.55118411889492,294.7923923796541,0.40458084291738167,733.492905053496,2.183930824354997,295.8429503262807,1,0.5783946074830064,0
10.845986833251686,31.038112375571465,74.30474074321299,152.82646463547945,340.549853533849,0.4941271582412656,109.60568496217783,40.357596604953244,147.30070652405382,2,0.7953735446776925,1
10.656362965531338,24.844322517642468,55.886224326417945,148.88706938744352,185.83841163285857,0.5838341304475791,340.7264502331239,51.90693687107191,11.752990120002519,0,0.3577499212150212,1
5.782140873407339,9.881374325160527,0.0,0.0,0.0,0.363871793366416,976.8119290842991,49.61234579765456,121.30853490228154,0,0.3674923641651794,1
19.749319402407508,47.11854740634852,95.23661931803058,287.3280326817509,594.219618546635,0.6467962298272519,1606.2770683015694,46.94810851215718,105.06118583944925,2,0.5778637731912093,1
2.946284354636926,10.390417583252814,47.702404331122516,82.02683647389155,154.85542143014834,0.41154323236617535,3804.1344223856395,18.59890251461666,353.33094400188685,0,0.23554915602561677,0
2.386060043530621,12.75179483104789,0.0,14.609435860590011,31.732504720016827,0.5301727649651798,1566.644701167369,31.320169741542514,6.035982094096655,3,0.5391345442904881,0
4.110551400164227,14.93799634357759,25.96772900676443,95.19090137535873,169.5846425418621,0.6609183055495634,72.28102952045964,28.028940340770387,88.39107328431363,1,0.4551221660571021,1
16.099523103944705,47.28688889770389,72.02020391579828,211.85578230922582,353.47992285289513,0.2011770580427176,3199.723425097047,41.12293916088155,61.57506579080444,0,0.2770148170107933,1
2.6827699288028692,5.060193497488509,7.631886890795544,42.06465142170455,119.15629983668941,0.8764972682402538,3963.8505543796327,20.585117304366392,49.293899070986605,2,0.6326569903833332,1
21.59629142494,58.946304544234145,127.83464577924548,271.78453139170756,605.1153118736432,0.3826054873894081,2965.604340022606,26.265539951433027,294.91806519978917,3,0.4036312852611895,1
8.890176850332775,18.854108338664556,16.05453963964062,31.598416758079836,59.578075098872965,0.49065667506454186,3677.92632694873,5.429404197814705,238.4067369856641,1,0.5852121994644315,0
15.097227273122465,37.641111359140304,112.14971397111738,293.40227603669865,617.3348101604473,0.6655509175734399,1648.1981071475532,1.3366144941374736,326.506314492768,2,0.1483331481721976,1
10.518125189163216,25.22227200283399,74.13872621206156,229.26528135049264,339.2091304211827,0.5904685834496858,1941.4174468733222,15.45603427006855,97.56494841322304,0,0.35518155365765275,0
13.04943842855638,37.65460250918852,87.51707432812371,148.94802656551474,263.1101604645471,0.5000555309162141,684.9892980320708,22.973506943185086,326.916143991108,0,0.5622712990206513,1
4.612858189766086,17.79562260728015,56.12798862596797,143.9664409455296,202.2667507136736,0.43417999535538954,904.3999053353448,50.419158301223334,156.31333662884452,1,0.4909175750957374,1
11.244267967484102,29.203798691116447,44.78985290865924,61.90175266304176,43.44905504417659,0.3824799906378082,1040.3071280747868,31.89586857171962,148.3952136005453,2,0.6661608708495985,0
10.889054975650975,13.288449394102948,37.64359758906488,119.47108107807118,126.59454292037756,0.7718057418199749,2810.6573613450687,12.03928518803281,34.29218228623814,0,0.4359664255476488,0
16.002553039021787,30.91540126180769,57.634723332412854,116.85984450199575,244.37723124606606,0.5682160419760999,291.84475675196364,39.98780906217633,316.5843698936183,1,0.47030972376141045,0
26.484218024292147,89.0183425571975,181.64035145385176,422.4383361377209,617.7179464116768,0.8510373926780004,2527.534440548934,2.943700033620465,353.1730644528508,3,0.2612024335295344,1
4.9068553555829455,10.053209531741217,11.7290402236723,30.303900662659025,50.94895907177854,0.608750445817483,2889.581254176944,41.95337492168234,17.397116056038282,1,0.3285111299197735,1
4.343188808423345,7.614182838084189,32.410737617251606,92.17911740353952,208.22519836642545,0.6180196247724079,1418.3479700433463,45.21348254242732,348.77648694717817,0,0.6654186464694717,1
45.14106273469325,92.06323383802342,242.35238900550092,491.3835935743913,837.3811176349504,0.5319094215000693,245.37164870238098,2.0553140262573697,268.295093779075,0,0.45864525681878027,0
10.825977940153379,46.100095878520555,104.13027628059396,192.60579880996144,288.4042516084442,0.6539387560886676,4190.6780635707155,33.53795111669207,198.4852806665721,1,0.8843940153328232,1
7.104049919406824,16.719638347073982,34.3968023788516,114.69251754870828,196.81202436567867,0.789219166283853,588.9145002164295,15.709759787667345,214.4009173993754,1,0.3956241908583197,0
21.937756621510875,53.78273351749972,90.71073443515941,189.4344359727542,245.219013982364,0.09704969912265601,1475.3616345447788,13.656273182689953,243.90812509860118,0,0.556609995911584,0
26.473591037073973,38.487835704087736,47.08965959257725,118.44628422192976,153.03345154261723,0.8442423573387786,2317.2085913870314,54.44434481841761,42.716602674522036,1,0.4610333766362251,0
2.9375406391890087,11.461417814302985,28.835162557262155,46.34028264091583,139.14792250500653,0.4529969213289453,1180.9845032754808,35.67627248098053,64.06952473685708,1,0.5551911279440842,1
20.615165873477835,70.5010743621339,111.99531688356112,300.9029696306013,445.6528072676854,0.4996720535116644,3682.7190544466926,21.28355024380064,60.34186810268967,0,0.7633361034928917,1
20.120760553971042,28.28674368188471,70.25356821527342,161.07775261578018,323.4037991596213,0.6879062973697327,1182.1169923041891,28.323032372532147,157.60745925122595,2,0.5889188219117638,0
27.564504551882546,78.79152532679296,133.43180210346952,324.3110203017445,801.240652747689,0.8490846232560905,2178.8044412458894,35.74894836568574,108.18726563706582,0,0.4571276698895882,1
28.400110837161826,55.25989827987626,91.48871763267063,240.48245315413982,299.84736007700843,0.6148216061009995,2682.755251904322,31.308880778342477,146.64742502161323,1,0.120640249952609,1
14.303968475799014,29.507323809832467,40.51840132602367,144.59236905294017,224.38719901932404,0.5520578177598863,1882.8915868346642,35.49514526679742,286.71510320501227,1,0.35647323124066105,0
20.594927793247606,57.21265720058002,115.92532228787215,154.74766390531596,339.6358177718147,0.15019520382585316,3912.471728778127,1.880312591035268,306.60986032746627,1,0.48933703619453695,1
16.692931542428113,36.78656205728358,35.045992354226044,0.0,0.0,0.37057292735041825,1672.4114163537415,1.740908230007883,266.9338853946376,1,0.6847801230817487,0
1.6130231425100954,4.539344830546122,2.019371755576799,12.405932540869802,0.0,0.8104178359268636,2888.0450010460454,8.833268948593028,307.0213549189499,0,0.1931375230488614,0
1.7951415829964286,3.683161238447454,7.474786734873041,5.56044427682617,0.0,0.33992138198931393,133.7512476967929,13.830257528721646,266.4184400501782,2,0.5712164808408313,0
10.090987953564454,28.46054363919033,50.06448812811214,101.05489092780348,227.3037747708442,0.6746030604401062,3037.586755503691,38.42683414707825,281.132413321582,0,0.79010397473359,0
10.50266285421934,14.470060246710002,9.542794506307704,32.184242742185475,93.09236046719153,0.4959823406773658,2536.084891543241,33.94638003232151,13.350078974112897,1,0.5825344957083803,1
11.893970977197538,36.89860734410676,117.12077919213189,216.39401009721837,430.31023763378687,0.2068771686710527,654.2372859059896,5.533703472707555,352.25664076030773,2,0.5741087039275758,0
15.805637220495226,45.7980068102453,99.92950590899878,215.61868913290405,439.40686560306773,0.8334348894949836,1002.7479600649438,32.75089597523907,97.9965868141332,1,0.329768605545901,0
3.2056223425673824,6.292132312609266,23.71392949553568,42.86482813212693,41.63810416288638,0.6166884072491378,3451.2140436262803,32.29123341534726,336.3563053808264,3,0.9139910449809101,1
6.0552698612889,10.984802239315325,55.86708692249761,189.9829244640652,388.2583003827653,0.6134030335099437,1825.7264838068347,1.4817611458991804,290.2275824045857,1,0.05416037055660954,0
49.30610520890042,149.4492953503722,324.54947185797346,679.224040361236,1365.6512952479102,0.49861436578668655,540.4883650141414,23.095207050840006,291.1695535513884,1,0.5112005789348713,1
22.189814450751573,54.3442251909845,75.09187430500447,224.73007456550172,392.7261453673326,0.6725703643782958,1675.343315475682,4.89004660681771,52.74642171473652,2,0.08702797097252327,0
37.512784188969526,71.64441836628853,149.3334455353754,233.4281792082628,515.2030223678179,0.43129862903414035,343.99449538668745,40.64120904774376,7.924424606194638,0,0.5431936116885296,0
2.6056068631017384,12.1336970810226,11.530065151406035,35.774802693983276,81.96832530877731,0.491607422606592,3752.6618329044422,5.645513653712456,297.3949593588508,1,0.24486907913343112,0
38.24461980471819,128.39926151013805,305.72521812175347,797.8474503160317,1054.2627406145143,0.31577403676278876,3257.846015845995,51.94329652239075,218.99608300398884,1,0.34310888872981193,1
15.996827149498053,32.97091501017252,72.22101038763786,222.28753709557924,435.29949406816837,0.4726464045528702,3035.828687556859,12.608852344799386,190.96241701064042,0,0.8206133318924692,0
21.382044214021757,50.3011887490626,81.9293190786428,218.45387697498256,470.7715956525157,0.3501878212495539,2666.6776033318024,19.56365128983734,41.605947039505956,1,0.22751937071468567,0
29.042176198000693,90.55599667259132,273.92880601151876,805.5676201790554,1495.3746675434547,0.6288168874052552,3729.380605671253,1.129998249869018,208.31980494700235,5,0.8149420154505903,1
3.913305240079125,2.623608963921665,0.0,27.68867273842342,72.16568946664714,0.6552410915169405,567.7719692733172,34.27955473121407,82.08394289862731,2,0.819386478680245,0
13.374862049870488,30.87480605344706,67.28715910971466,221.58526402784557,350.8249002587624,0.8764591015419092,369.0705588519495,49.19748546208685,94.55561011432869,2,0.34923789825462564,1
6.497874208033737,30.336995253530223,101.31099558407305,240.65213902163492,292.37747316631834,0.7731610577008625,4012.677008108763,24.04044545368513,79.42996267541548,1,0.2681937237489423,0
21.404166227494297,62.59395810219258,132.4785324575729,321.726440414282,629.271970133907,0.7832091755882327,4461.451803426782,9.067504606713102,164.15647389569733,1,0.5223321869787417,1
2.1691234540137794,10.279908798857198,30.92799779357706,87.77452545643904,108.82964510207606,0.22447519441451252,1812.3341283596844,47.19538677094517,259.3144506028714,2,0.5889587049619851,0
14.030058804858689,48.14800212256678,112.5548120767569,267.8033260809652,371.3286258366498,0.42963045850580067,860.4476740444101,22.8853039290325,245.431125635684,1,0.34954323574393054,1
10.025351260126225,31.561972227158158,47.636983190549905,136.69191505240585,235.73578485723073,0.5722691770505386,2638.3535521242698,18.46287854402973,128.47539031156612,1,0.25021154492838343,0
6.873714873460914,12.238783619126105,13.022884161630207,0.0,0.0,0.5661474302919575,2550.4653171070954,3.9095295787842876,310.15417950772314,2,0.3671044115120076,0
17.893176171896595,61.62947446458461,114.49868437690101,194.3356385684467,382.32570568610095,0.9775242490004515,2642.9390828425385,4.63444568798664,342.4590110061566,3,0.4189011527371712,0
20.785728385975258,49.483350904848365,123.22383143977521,259.0719405469828,512.6650416376708,0.6215106376015251,3158.2417644374896,17.54845438359403,162.15308629849207,0,0.37558615335425133,1
18.43960093278673,54.10407539439541,154.52266168158218,354.648203275064,597.2511323023424,0.5934674802631781,3926.2488703205886,14.468317834767538,84.06839221214256,2,0.6334771595471624,1
5.123293711328097,8.108820459145278,40.67580343518714,124.53094407723057,135.93384663994033,0.6157085633653694,782.1680308111762,13.150680361494583,3.3256260949471272,1,0.9348202010675234,0
22.9060785317344,50.74908261377264,69.18285146314335,176.6985347954825,303.6646853685263,0.4250688131376789,2677.1872571512413,2.8400989334432474,213.7414212396483,1,0.567525324759189,1
3.334648418125023,10.795005520796419,9.531008522466454,0.0,13.895168533717282,0.16730946487345955,3474.470335476445,46.719966977240254,225.65407974196413,2,0.8588674144038119,0
44.262474800227196,121.42116817681998,195.2105372191865,314.82434118922873,697.8692409352007,0.6249649387768034,4083.6285440477827,22.367536219107087,153.41017393371965,3,0.5671328690899516,1
24.152897060695118,78.447041634273,157.36592185399113,396.9174989513883,831.4296075295756,0.5535561451415606,2875.4954924929643,19.520542003243293,315.073633714885,0,0.47175155771441046,1
14.302967829403045,33.38641762180055,79.80435751116529,147.12346077892028,231.61944960012758,0.46957223111731666,379.20913465052564,5.174068298823132,78.18521985579127,3,0.250021564325138,1
11.836089528524827,17.648922176244533,23.85497477253216,67.00538161199923,196.32435676197065,0.536919424701973,1325.0211239351231,7.717192623803523,243.8420726491739,0,0.42385927824507125,0
19.274080789581348,29.317691787480328,45.87232713229609,46.355231334699,41.186602769777416,0.3507039363977454,2258.1487778172086,43.540739758246914,344.2288555046376,1,0.6781527452967866,1
1.1178198206855519,-4.717794022742712,0.0,0.0,43.83254373870798,0.5716894450796588,697.9127514483284,6.298216370146249,208.87258971036903,1,0.7926116990612092,1
14.25300846406904,35.00059339563433,44.95755066367706,109.60332380004428,143.89906530419705,0.6050218676473995,1342.3359945325737,53.104343817305846,215.38888875390916,1,0.5006264459773407,0
14.993446166609273,41.554281331006905,67.9395928324663,171.15742626727814,294.10667570417604,0.2815311330311102,3371.131667178509,41.470310330931255,12.779661054133857,1,0.3630210122577879,0
10.724969743001067,21.859889606572967,23.46971113381356,63.78405542465733,74.3014868608937,0.49756771268187555,493.94590613407905,15.979044247186822,183.20967037329237,4,0.5121099804870657,0
15.869348413027526,39.261718452921535,70.27749044844128,72.80495949941502,131.59061517886676,0.27790333140838364,52.4213352148801,12.652310103873203,200.29161162870605,0,0.5659449578789597,0
20.085516049941646,44.12486947306499,87.2284240407528,185.18779628378618,302.63868305221615,0.8079805415220438,4010.3026604432257,7.226213734948021,164.77753592164785,1,0.18371596341708912,1
9.353440529707227,31.366713041661068,29.748811888923512,73.17575282310594,119.14414097673452,0.5191041956825537,2041.1689141543482,26.45251214647709,8.422750377248477,0,0.6423633297097022,0
13.334782859910844,32.27412682998171,89.23428087329926,146.093599544344,215.30920687431916,0.4322750693376599,1501.6424575984352,6.31938732826214,259.274795103735,1,0.7721097296033361,1
3.017641270833154,15.206475873998546,36.73872472203422,29.99647661725629,111.4711584382843,0.8212640188080124,2331.7083115836344,7.097726556771602,329.38488355058166,2,0.4982049839961514,0
3.0265697071329707,20.614523329308305,53.41685837586496,139.2395395935016,261.9507312254614,0.3060715281688268,2019.6321542647283,13.717302550393379,347.22622915607303,2,0.6116608071283098,0
6.482835861158412,14.965438959294902,18.491287001211266,27.951035883940996,55.99562010656477,0.6126311968002409,3204.4834700428646,33.45938335301877,126.19853456624112,1,0.6316417726058626,1
11.939916675039642,45.95304181200245,81.24839588178456,151.0753088266426,294.5209250863665,0.13012473303568378,2352.518531745481,27.435915361153366,344.25766110729467,0,0.34377109760128294,1
16.593626454841054,50.64553454764314,137.52892287413158,205.3390659752853,414.2906403109459,0.4588501839570936,1246.9681124009137,44.474670413990815,113.07080956704638,1,0.2321003133247303,1
14.939076129940355,48.09227075022561,120.36067896767447,366.1629310855687,683.8089735555399,0.38696607894853136,2094.595666083319,43.9917469110816,285.4420687073864,2,0.5167251270377613,1
7.955993794266111,24.50601541325162,75.85283077476304,171.00763593392247,229.05852233769434,0.459674149343979,2907.7859975954093,52.7644698667757,329.09795692122697,0,0.2297506744721159,0
1.950574413446641,-2.3882529542814908,13.691651471990927,21.33649091078942,79.24564118235742,0.4504347866127744,2234.4539926284,16.75819426320528,40.49159896092833,1,0.4485635322511558,0
14.043266067455923,44.37424920188903,128.94754667490966,300.2868016189119,617.1413210302192,0.24156882980596148,3557.009015666848,42.601002140888,261.87174668319346,1,0.7240088047679386,1
5.862420609486968,8.289981375595811,29.72671033829739,96.93520862279155,192.1880323047627,0.5114013047756519,1177.3528454509872,48.10909537913942,110.42750377033465,1,0.6343777305187275,1
7.943259157384036,27.402101720008602,55.28211811700167,102.39767816055188,219.51267199127847,0.5048228952119058,3477.6229260444734,36.54306089353021,30.20743227519513,2,0.4050261120070164,1
29.256766433865195,86.20346668363554,246.9295267968535,507.8871613521688,614.3482247005094,0.2505822362707198,2485.556965481019,0.641610277783034,198.4121018469788,2,0.1518770767174783,1
